step,train/sparsity,train/target_sparsity,train/grad_norm,train/loss,train/ntp_loss,train/onpolicy_kd_loss,train/aux_loss,train/lr,onpolicy/kl_loss,onpolicy/overlap_ratio_top100,onpolicy/entropy_gap,onpolicy/student_entropy,onpolicy/teacher_entropy,onpolicy/gen_tokens,pgd/kl_at_full_pgd,pgd/kl_at_k_actual,pgd/kl_budget,pgd/k_actual,pgd/post_sparsity,pgd/prunings,pgd/revivals,pgd/turnover,pgd/net_growth,pgd/n_prune_cand,pgd/n_revive_cand
1,0,0.0013662975971344914,2.578125,0.5461880639195442,1.6551152765750885,0,0,3.90625e-07,0,1,0,1.6382315084338188,1.6382315084338188,512,,,,,,,,,,,
2,0,0.0027308161611910853,1.9609375,0.3582522701472044,1.0856129005551338,0,0,7.8125e-07,0,1,0,0.663851872086525,0.663851872086525,512,,,,,,,,,,,
3,0,0.0040935568511486055,2.15625,0.4085337705910206,1.2376543432474136,0.000346312152032624,0.0003267390566179529,1.1718750000000001e-06,0.000346312152032624,0.9898901283740997,-0.00011268630623817444,0.5503779761493206,0.5504906624555588,512,,,,,,,,,,,
4,0,0.005454520825986419,1.9609375,0.3309682495892048,1.0026423260569572,0.000380765584850451,0.000291717686195625,1.5625e-06,0.000380765584850451,0.9875170662999153,0.00037135183811187744,0.8059861660003662,0.8056148141622543,512,,,,,,,,,,,
5,0,0.006813709244684052,2.09375,0.3476284481585026,1.0530994907021523,0.0003553264141373802,0.00031999266502680257,1.953125e-06,0.0003553264141373802,0.9899584800004959,0.0048070065677165985,1.2876424007117748,1.2828353941440582,512,,,,,,,,,,,
6,0,0.008171123266220092,1.8671875,0.30664885975420475,0.9289154633879662,0.00037816039912286215,0.0003234696305298712,2.3437500000000002e-06,0.00037816039912286215,0.9894945919513702,0.007850682362914085,0.9669480044394732,0.9590973220765591,512,,,,,,,,,,,
7,0,0.009526764049574065,2.078125,0.41936563327908516,1.270379476249218,0.000415047281421721,0.00042543361269054003,2.734375e-06,0.000415047281421721,0.9886743053793907,0.02223682776093483,1.6923436634242535,1.6701068356633186,512,,,,,,,,,,,
8,0.7000039589181435,0.010880632753725493,1.9375,0.4954350274056196,1.5007732808589935,0.0007658059839741327,0.0005449445707199629,3.125e-06,0.0007658059839741327,0.9859863072633743,0.05405735597014427,1.958239834755659,1.9041824787855148,512,5.809269428253174,5.809269428253174,0.02,2543335472.0,0.7000039589181435,2543335472.0,0,2543335472.0,2543335472.0,2543335472.0,0
9,0.7000039589181435,0.012232730537652968,225,4.545816898345947,8.775167524814606,5.272219717502594,5.000034868717194,3.5156250000000003e-06,5.272219717502594,0.23076659627258778,6.089898455888033,7.080945909023285,0.991047453135252,512,,,,,,,,,,,
10,0.7000039589181435,0.013583058560336014,178,4.657881021499634,8.958723425865173,5.45309317111969,5.156067073345184,3.90625e-06,5.45309317111969,0.22457030601799488,6.251070700585842,6.921420931816101,0.6703502312302589,512,,,,,,,,,,,
11,0.7000039589181435,0.014931617980753997,178,4.488858878612518,9.075945734977722,4.632230758666992,4.526656299829483,4.296875e-06,4.632230758666992,0.26443358324468136,5.017248190939426,6.200107157230377,1.1828589662909508,512,,,,,,,,,,,
12,0.7000039589181435,0.01627840995788574,115.5,4.3607184290885925,8.717191815376282,5.115089774131775,4.4971060156822205,4.6875000000000004e-06,5.115089774131775,0.2338232360780239,6.327293299138546,7.393363118171692,1.066069819033146,512,,,,,,,,,,,
13,0.7000039589181435,0.017623435650710617,121,4.357859522104263,8.38676917552948,5.10290864109993,4.818865120410919,5.078125000000001e-06,5.10290864109993,0.22883299551904202,5.813598267734051,7.160346269607544,1.3467480018734932,512,,,,,,,,,,,
14,0.7000039589181435,0.018966696218208144,86,4.2080190777778625,8.036519825458527,5.122908025979996,4.715052783489227,5.46875e-06,5.122908025979996,0.23374022543430328,6.800224483013153,8.318888008594513,1.5186635255813599,512,,,,,,,,,,,
15,0.7000039589181435,0.02030819281935692,84,4.1615289747715,7.79093199968338,4.933211028575897,4.819761693477631,5.859375e-06,4.933211028575897,0.259328605607152,7.307405479252338,8.523293912410736,1.2158884331583977,512,,,,,,,,,,,
16,0.7000039589181435,0.021647926613136536,97,4.213671237230301,7.81938362121582,5.015421003103256,4.9493162631988525,6.25e-06,5.015421003103256,0.25898436829447746,7.278598703444004,8.700579643249512,1.4219809398055077,512,0.0006999976467341185,0.0006999976467341185,0.02,13,0.7000039589181435,13,13,26,0,13,14372
17,0.7000039589181435,0.022985898758526288,94.5,4.1579174399375916,7.3652501702308655,5.283563613891602,5.234499275684357,6.6406250000000005e-06,5.283563613891602,0.2347558531910181,7.782433249056339,9.04275119304657,1.2603179439902306,512,,,,,,,,,,,
18,0.7000039589181435,0.024322110414505004,153,3.9705416560173035,7.605152606964111,5.472132205963135,4.4267913699150085,7.031250000000001e-06,5.472132205963135,0.22977538593113422,8.27994641289115,9.00376284122467,0.7238164283335209,512,,,,,,,,,,,
19,0.7000039589181435,0.025656562740052125,109,4.009084910154343,7.29399299621582,5.546694815158844,4.854748964309692,7.421875e-06,5.546694815158844,0.24575195275247097,8.754736091941595,9.35759425163269,0.6028581596910954,512,,,,,,,,,,,
20,0.7000039589181435,0.026989256894147017,75.5,4.03929540514946,7.378504753112793,5.423870146274567,4.8617837727069855,7.8125e-06,5.423870146274567,0.23384765163064003,8.102183789014816,9.256161093711853,1.1539773046970367,512,,,,,,,,,,,
21,0.7000039589181435,0.028320194035768506,103,3.9451923966407776,6.939229369163513,5.002208977937698,5.015898644924164,8.203125000000001e-06,5.002208977937698,0.26481445133686066,8.107537314295769,9.468065440654755,1.360528126358986,512,,,,,,,,,,,
22,0.7000039589181435,0.029649375323895964,99.5,3.9046531915664673,6.678937315940857,4.670362889766693,5.153344452381134,8.59375e-06,4.670362889766693,0.2790576107800007,7.874781413003802,9.534229159355164,1.6594477463513613,512,,,,,,,,,,,
23,0.7000039589181435,0.03097680191750883,88.5,3.837318569421768,6.975103080272675,5.145078361034393,4.65313446521759,8.984375e-06,5.145078361034393,0.2566650379449129,8.41251415759325,9.031849145889282,0.619334988296032,512,,,,,,,,,,,
24,0.7000039589181435,0.032302474975585936,97.5,3.7284063696861267,6.446785867214203,5.202191472053528,4.851414710283279,9.375000000000001e-06,5.202191472053528,0.26353270187973976,8.57773583382368,9.236603021621704,0.6588671877980232,512,0.0009437144035473466,0.0009437144035473466,0.02,107,0.7000039589181435,107,107,214,0,107,14487
25,0.7000039589181435,0.03362639565710664,97.5,3.554863393306732,6.072124361991882,4.670910954475403,4.700188398361206,9.765625e-06,4.670910954475403,0.2808935511857271,7.33695500344038,8.211166203022003,0.8742111995816231,512,,,,,,,,,,,
26,0.7000039589181435,0.03494856512105032,82,3.561833471059799,6.480786323547363,4.257318049669266,4.3126480877399445,1.0156250000000001e-05,4.257318049669266,0.306950680911541,7.471980359405279,8.85180139541626,1.3798210360109806,512,,,,,,,,,,,
27,0.7000039589181435,0.03626898452639579,55,3.5650044679641724,6.255311965942383,4.1865895092487335,4.547731578350067,1.0546875e-05,4.1865895092487335,0.3008813336491585,6.723451316356659,7.514343440532684,0.7908921241760254,512,,,,,,,,,,,
28,0.7000039589181435,0.03758765503212251,65,3.440764397382736,6.807416021823883,3.9381463825702667,3.6191423535346985,1.09375e-05,3.9381463825702667,0.3068798743188381,6.10437449067831,6.791264533996582,0.6868900433182716,512,,,,,,,,,,,
29,0.7000039589181435,0.038904577797209836,53.75,3.3970369398593903,6.546273410320282,3.7864096760749817,3.7477771937847137,1.1328125000000001e-05,3.7864096760749817,0.2970336861908436,5.307891584932804,6.475688695907593,1.1677971109747887,512,,,,,,,,,,,
30,0.7000039589181435,0.0402197539806366,65,3.3566267490386963,6.412020027637482,3.830216407775879,3.7595757246017456,1.171875e-05,3.830216407775879,0.30302733555436134,4.719203323125839,5.774729371070862,1.0555260479450226,512,,,,,,,,,,,
31,0.7000039589181435,0.04153318474138215,45,3.224736452102661,5.866475611925125,3.499263882637024,3.9054527282714844,1.2109375000000001e-05,3.499263882637024,0.3068554550409317,4.9743098467588425,6.106394648551941,1.1320848017930984,512,,,,,,,,,,,
32,0.7000039591933742,0.04284487123842596,79,3.1766107976436615,6.265780329704285,3.412632793188095,3.360312670469284,1.25e-05,3.412632793188095,0.3252807445824146,3.0880609080195427,4.215856969356537,1.1277960613369942,512,0.0010692918440327048,0.0010692918440327048,0.02,407,0.7000039591933742,407,407,814,0,407,14790
33,0.7000039591933742,0.04415481463074684,168,2.9936378598213196,5.474233627319336,2.7625607550144196,3.5973958373069763,1.2890625e-05,2.7625607550144196,0.35909178107976913,3.966357782483101,5.479696810245514,1.513339027762413,512,,,,,,,,,,,
34,0.7000039591933742,0.045463016077324156,48,3.057784616947174,5.768155097961426,2.97524693608284,3.4978585839271545,1.3281250000000001e-05,2.97524693608284,0.34510253369808197,4.135886609554291,5.797120004892349,1.6612333953380585,512,,,,,,,,,,,
35,0.7000039591933742,0.04676947673713728,85,3.210797607898712,6.6792091727256775,3.166522741317749,3.0504800975322723,1.3671875e-05,3.166522741317749,0.3305688351392746,5.2225460186600685,6.415980756282806,1.1934347376227379,512,,,,,,,,,,,
36,0.7000039591933742,0.048074197769165036,71.5,2.949309527873993,5.487927198410034,2.8515155911445618,3.449374109506607,1.4062500000000001e-05,2.8515155911445618,0.3607788011431694,4.7822079211473465,5.9159324169158936,1.133724495768547,512,,,,,,,,,,,
37,0.7000039591933742,0.04937718033238687,42.75,2.764001250267029,4.990797758102417,2.442426096647978,3.3849633634090424,1.4453125e-05,2.442426096647978,0.3814355358481407,3.8163285441696644,6.74733167886734,2.9310031346976757,512,,,,,,,,,,,
38,0.7000039591933742,0.050678425585782144,81.5,2.881262958049774,5.6172807812690735,2.779361665248871,3.1138190627098083,1.484375e-05,2.779361665248871,0.3637475408613682,4.672912955284119,5.318460941314697,0.6455479860305786,512,,,,,,,,,,,
39,0.7000039591933742,0.051977934688329695,49,2.572625994682312,4.718724966049194,2.7093736231327057,3.077111095190048,1.5234375000000001e-05,2.7093736231327057,0.36189208179712296,2.6560189612209797,3.385038375854492,0.7290194146335125,512,,,,,,,,,,,
40,0.7000039591933742,0.05327570879900888,58,2.669351428747177,5.2478721141815186,2.7790659368038177,2.8410713374614716,1.5625e-05,2.7790659368038177,0.3729809373617172,1.5946802720427513,3.0306783467531204,1.435998074710369,512,0.0012462538434192538,0.0012462538434192538,0.02,752,0.7000039591933742,752,752,1504,0,752,15131
41,0.7000039591933742,0.054571749076799146,90.5,2.7517548501491547,5.683310776948929,2.631857067346573,2.655339926481247,1.6015625e-05,2.631857067346573,0.37458495050668716,2.1497160494327545,4.197874933481216,2.048158884048462,512,,,,,,,,,,,
42,0.7000039591933742,0.055866056680679316,49.75,2.388903170824051,4.408888667821884,2.3301717340946198,2.8302115201950073,1.6406250000000002e-05,2.3301717340946198,0.38465818762779236,1.9300968684256077,3.2394819855690002,1.3093851171433926,512,,,,,,,,,,,
43,0.7000039591933742,0.057158632769628764,38.5,2.6455305218696594,5.148976415395737,2.223873019218445,2.867782473564148,1.6796875e-05,2.223873019218445,0.3978857286274433,2.2140321619808674,4.205987423658371,1.9919552616775036,512,,,,,,,,,,,
44,0.7000039591933742,0.058449478502626856,33.5,2.5104799270629883,4.947941571474075,1.9062854647636414,2.6595730781555176,1.71875e-05,1.9062854647636414,0.41487792506814003,2.6225907653570175,4.0094684064388275,1.38687764108181,512,,,,,,,,,,,
45,0.7000039591933742,0.05973859503865241,41.5,2.158316969871521,3.903574287891388,2.058037757873535,2.6367799639701843,1.7578125000000002e-05,2.058037757873535,0.3896557502448559,3.061468493193388,3.73148912191391,0.6700206287205219,512,,,,,,,,,,,
46,0.7000039591933742,0.06102598353668489,26.75,2.087510794401169,3.7863332331180573,2.0646276772022247,2.5394568741321564,1.796875e-05,2.0646276772022247,0.4050952084362507,2.794880084693432,4.51933354139328,1.7244534566998482,512,,,,,,,,,,,
47,0.7000039591933742,0.062311645155703636,44.25,2.242366313934326,4.434135407209396,1.7930517792701721,2.360913723707199,1.8359375e-05,1.7930517792701721,0.4219921790063381,2.213024813681841,4.039734989404678,1.8267101757228374,512,,,,,,,,,,,
48,0.7000039589181435,0.0635955810546875,32.75,2.166472375392914,4.3335393369197845,1.606233574450016,2.2315283715724945,1.8750000000000002e-05,1.606233574450016,0.4480224438011646,1.5644618794322014,3.480955809354782,1.9164939299225807,512,0.0028762747533619404,0.0028762747533619404,0.02,1586,0.7000039589181435,1586,1587,3173,-1,1586,15967
49,0.7000039589181435,0.06487779239261583,32.75,1.8479356169700623,3.463988095521927,1.8277965784072876,2.1358165740966797,1.9140625e-05,1.8277965784072876,0.42591307684779167,1.626096710562706,3.1377426832914352,1.5116459727287292,512,,,,,,,,,,,
50,0.7000039589181435,0.06615828032846807,23,2.4708271920681,5.087172240018845,1.4652682542800903,2.400182545185089,1.953125e-05,1.4652682542800903,0.44425536319613457,1.413415651768446,2.679778963327408,1.2663633115589619,512,,,,,,,,,,,
51,0.7000039589181435,0.06743704602122307,190,2.5120281279087067,5.263992160558701,1.5596269816160202,2.3482139259576797,1.9921875e-05,1.5596269816160202,0.4516943246126175,1.8843687176704407,3.086728036403656,1.2023593187332153,512,,,,,,,,,,,
52,0.7000039589181435,0.06871409062986017,19,1.6483070701360703,2.9771832823753357,1.582108199596405,2.0176864117383957,2.0312500000000002e-05,1.582108199596405,0.46400389820337296,1.7490934953093529,3.469205677509308,1.720112182199955,512,,,,,,,,,,,
53,0.7000039589181435,0.06998941531335874,16.75,2.082020878791809,4.189259767532349,1.4533109962940216,2.1198942065238953,2.0703125e-05,1.4533109962940216,0.46888426318764687,1.5108999088406563,2.386182814836502,0.8752829059958458,512,,,,,,,,,,,
54,0.7000039589181435,0.07126302123069762,18.75,2.261365756392479,4.805617928504944,1.2422614097595215,2.0470052659511566,2.109375e-05,1.2422614097595215,0.4650268442928791,1.7192608192563057,3.5599747002124786,1.840713880956173,512,,,,,,,,,,,
55,0.7000039589181435,0.07253490954085626,27.25,1.880225047469139,3.877617597579956,1.3462306410074234,1.8200339078903198,2.1484375000000002e-05,1.3462306410074234,0.47252683714032173,1.516359731554985,2.6247163265943527,1.1083565950393677,512,,,,,,,,,,,
56,0.7000039586429128,0.073805081402814,24,1.631016105413437,3.3400758802890778,1.1203249096870422,1.6023968607187271,2.1875e-05,1.1203249096870422,0.45952390134334564,1.1274843588471413,2.1735880970954895,1.0461037382483482,512,0.0017692599212750793,0.0017692599212750793,0.02,3387,0.7000039586429128,3387,3388,6775,-1,3387,17767
57,0.7000039586429128,0.07507353797554969,17.25,1.9214127361774445,4.103756934404373,1.3364792615175247,1.7187056243419647,2.2265625e-05,1.3364792615175247,0.45488523691892624,1.4478018023073673,2.6632027477025986,1.2154009453952312,512,,,,,,,,,,,
58,0.7000039586429128,0.0763402804180427,13.3125,1.6744621098041534,3.472573608160019,1.317942127585411,1.6015537530183792,2.2656250000000002e-05,1.317942127585411,0.4858325161039829,1.6942678317427635,3.2050982862710953,1.5108304545283318,512,,,,,,,,,,,
59,0.7000039586429128,0.07760530988927244,15.0625,1.739299476146698,3.5437464118003845,1.3479276150465012,1.7268579304218292,2.3046875e-05,1.3479276150465012,0.47664305567741394,1.8845491036772728,3.2179481834173203,1.3333990797400475,512,,,,,,,,,,,
60,0.7000039586429128,0.07886862754821777,25.625,1.5827211737632751,3.37099689245224,1.256552368402481,1.4251276701688766,2.34375e-05,1.256552368402481,0.49379637092351913,1.6397052928805351,2.629509598016739,0.9898043051362038,512,,,,,,,,,,,
61,0.7000039586429128,0.08013023455385804,15.1875,1.6402813643217087,3.53621044754982,1.1594162806868553,1.4343389123678207,2.3828125e-05,1.1594162806868553,0.5133227333426476,1.1438661590218544,2.0092015713453293,0.8653354123234749,512,,,,,,,,,,,
62,0.7000039586429128,0.08139013206517264,10.1875,1.4889848232269287,3.128680318593979,0.8425009623169899,1.3833946585655212,2.4218750000000003e-05,0.8425009623169899,0.5061547681689262,0.7804034035652876,2.707869067788124,1.9274656642228365,512,,,,,,,,,,,
63,0.7000039586429128,0.08264832124114035,11,1.3511928617954254,2.8016070127487183,0.9631482884287834,1.2929166555404663,2.4609375e-05,0.9631482884287834,0.5040234178304672,1.208779901266098,2.817137584090233,1.6083576828241348,512,,,,,,,,,,,
64,0.7000039668998332,0.08390480324074068,11.4375,1.5305116027593613,3.2254998683929443,0.9672215580940247,1.4124137908220291,2.5e-05,0.9672215580940247,0.5244286917150021,1.1333070993423462,3.2700234204530716,2.1367163211107254,512,0.0020039607770740986,0.0020039607770740986,0.02,6776,0.7000039668998332,6776,6776,13552,0,6776,21185
65,0.7000039668998332,0.08515957922295293,11.6875,1.1117661520838737,2.2525100708007812,1.0431635528802872,1.1164781302213669,2.5390625000000002e-05,1.0431635528802872,0.5117162950336933,1.0793134532868862,2.8965465426445007,1.8172330893576145,512,,,,,,,,,,,
66,0.7000039668998332,0.08641265034675598,11.875,1.2859369814395905,2.7759405970573425,0.8784752935171127,1.120838038623333,2.578125e-05,0.8784752935171127,0.514313954859972,0.6976770833134651,1.8687590807676315,1.1710819974541664,512,,,,,,,,,,,
67,0.7000039668998332,0.08766401777112916,9.125,1.3340914770960808,2.7937607914209366,0.8480082973837852,1.2489405199885368,2.6171875e-05,0.8480082973837852,0.5235961712896824,0.7624255418777466,1.9030207097530365,1.14059516787529,512,,,,,,,,,,,
68,0.7000039668998332,0.08891368265505194,18.5,1.3357142731547356,2.8923147469758987,0.8133116364479065,1.155304029583931,2.6562500000000002e-05,0.8133116364479065,0.5235253870487213,0.6846958845853806,2.094557784497738,1.4098618999123573,512,,,,,,,,,,,
69,0.7000039668998332,0.09016164615750312,6.1875,1.621935397386551,3.5774769335985184,0.754806250333786,1.3374786078929901,2.6953125000000003e-05,0.754806250333786,0.5524657890200615,0.8372989632189274,1.697474330663681,0.8601753674447536,512,,,,,,,,,,,
70,0.7000039668998332,0.09140790943746209,10.875,1.086148165166378,2.3022591322660446,0.8237740583717823,0.9890987947583199,2.734375e-05,0.8237740583717823,0.5349023342132568,1.0434012450277805,1.972428023815155,0.9290267787873745,512,,,,,,,,,,,
71,0.7000039668998332,0.09265247365390822,7.9375,1.4918654337525368,3.374557450413704,0.8662435412406921,1.1462465226650238,2.7734375e-05,0.8662435412406921,0.5387817174196243,0.5581309981644154,1.9964271485805511,1.4382961504161358,512,,,,,,,,,,,
72,0.7000039668998332,0.09389533996582031,5.6875,1.3431516885757446,3.0031737089157104,0.6647622101008892,1.0669828280806541,2.8125000000000003e-05,0.6647622101008892,0.5618847459554672,0.8831728883087635,2.1280588656663895,1.244885977357626,512,0.0015051052905619144,0.0015051052905619144,0.02,6299,0.7000039668998332,6299,6299,12598,0,6299,20708
73,0.7000039668998332,0.09513650953217782,41,1.4868931770324707,3.361616775393486,0.7945384904742241,1.1441200003027916,2.8515625e-05,0.7945384904742241,0.5587573200464249,0.7929465845227242,2.076941803097725,1.2839952185750008,512,,,,,,,,,,,
74,0.7000039668998332,0.09637598351196013,6.59375,1.1261773258447647,2.5439049005508423,0.6400505416095257,0.8687534257769585,2.890625e-05,0.6400505416095257,0.5714575052261353,0.5145637802779675,1.6552896797657013,1.1407258994877338,512,,,,,,,,,,,
75,0.7000039668998332,0.09761376306414604,14.6875,1.487991064786911,3.3880238234996796,0.626709096133709,1.1210399121046066,2.9296875000000002e-05,0.626709096133709,0.5647778064012527,0.8053970336914062,1.9586516916751862,1.15325465798378,512,,,,,,,,,,,
76,0.7000039668998332,0.09884984934771493,4.84375,0.9052582532167435,1.993595913052559,0.6068873219192028,0.7496107965707779,2.96875e-05,0.6068873219192028,0.5776220634579659,0.9535833448171616,2.867988020181656,1.9144046753644943,512,,,,,,,,,,,
77,0.7000039668998332,0.10008424352164624,1136,1.0751818716526031,2.4418357014656067,0.6833912208676338,0.8162910044193268,3.0078125e-05,0.6833912208676338,0.5654028132557869,0.6545295566320419,1.8251813352108002,1.1706517785787582,512,,,,,,,,,,,
78,0.7000039668998332,0.10131694674491881,20.75,1.347007617354393,3.0795698910951614,0.6490068025887012,1.0022712051868439,3.0468750000000002e-05,0.6490068025887012,0.5944604575634003,0.6160754039883614,1.5916607230901718,0.9755853191018105,512,,,,,,,,,,,
79,0.7000039668998332,0.102547960176512,4.5625,1.0144635513424873,2.335169032216072,0.7135026752948761,0.738962784409523,3.0859375e-05,0.7135026752948761,0.5570556409657001,1.1128437630832195,2.6926906257867813,1.5798468627035618,512,,,,,,,,,,,
80,0.7000039668998332,0.10377728497540517,5.03125,0.8610453754663467,1.9538202583789825,0.5647389963269234,0.6554080471396446,3.125e-05,0.5647389963269234,0.5904028117656708,0.15152763575315475,1.889961153268814,1.7384335175156593,512,0.0013236405793577433,0.0013236405793577433,0.02,3363,0.7000039668998332,3363,3363,6726,0,3363,17770
81,0.7000039668998332,0.10500492230057716,3.3125,0.6350718885660172,1.3715399354696274,0.6885404996573925,0.5529202818870544,3.1640625e-05,0.6885404996573925,0.5768969431519508,0.7219231426715851,1.7568484097719193,1.0349252671003342,512,,,,,,,,,,,
82,0.7000039668998332,0.10623087331100739,3.21875,0.861759178340435,1.8927940726280212,0.528063278645277,0.7185972444713116,3.203125e-05,0.528063278645277,0.5978051647543907,0.617739163339138,1.3448264002799988,0.7270872369408607,512,,,,,,,,,,,
83,0.7000039668998332,0.10745513916567526,3.671875,1.0732542648911476,2.4280292242765427,0.6515951789915562,0.8242563307285309,3.2421875e-05,0.6515951789915562,0.5895922780036926,0.33944034576416016,1.8094920963048935,1.4700517505407333,512,,,,,,,,,,,
84,0.7000039668998332,0.10867772102355956,3,0.8210463747382164,1.8563450574874878,0.5399398058652878,0.6316741928458214,3.2812500000000005e-05,0.5399398058652878,0.591811515390873,0.6879631727933884,1.820119470357895,1.1321562975645065,512,,,,,,,,,,,
85,0.7000039668998332,0.10989862004363969,6.78125,1.0969317927956581,2.6257394105196,0.5363247282803059,0.6982961557805538,3.3203125e-05,0.5363247282803059,0.5923608168959618,0.502339456230402,1.6686199307441711,1.1662804745137691,512,,,,,,,,,,,
86,0.7000039668998332,0.11111783738489507,4.34375,1.0476438477635384,2.4912385046482086,0.4672022834420204,0.6834396757185459,3.359375e-05,0.4672022834420204,0.5898266434669495,0.5560627020895481,1.388310544192791,0.8322478421032429,512,,,,,,,,,,,
87,0.7000039668998332,0.11233537420630454,2.84375,0.9126706644892693,2.0821864753961563,0.462478656321764,0.6834820695221424,3.3984375000000004e-05,0.462478656321764,0.6176000908017159,0.6678439155220985,2.180219851434231,1.5123759359121323,512,,,,,,,,,,,
88,0.7000039668998332,0.11355123166684747,4.21875,0.960457518696785,2.251062825322151,0.5487714670598507,0.6594143994152546,3.4375e-05,0.5487714670598507,0.5981860160827637,0.7854994125664234,2.135521575808525,1.3500221632421017,512,0.0014857775531709194,0.0014857775531709194,0.02,6814,0.7000039668998332,6814,6814,13628,0,6814,21217
89,0.7000039668998332,0.11476541092550321,4.875,0.7986593991518021,1.8526151329278946,0.49514901265501976,0.5675648041069508,3.4765625e-05,0.49514901265501976,0.5994921550154686,0.9589221253991127,2.1715064644813538,1.212584339082241,512,,,,,,,,,,,
90,0.7000039668998332,0.1159779131412506,2.921875,0.836929127573967,1.904285877943039,0.5669091381132603,0.6318628713488579,3.5156250000000004e-05,0.5669091381132603,0.6135156080126762,0.5090455636382103,1.6601951941847801,1.1511496305465698,512,,,,,,,,,,,
91,0.7000039668998332,0.11718873947306908,2.921875,0.7160674706101418,1.5555893182754517,0.49597126618027687,0.6143119931221008,3.5546875e-05,0.49597126618027687,0.6087231263518333,0.4308598227798939,1.23272355645895,0.8018637336790562,512,,,,,,,,,,,
92,0.7000039668998332,0.11839789107993802,6.40625,0.906449444591999,2.135500580072403,0.4835285097360611,0.6113158389925957,3.59375e-05,0.4835285097360611,0.5904687456786633,0.49736377596855164,1.7941290065646172,1.2967652305960655,512,,,,,,,,,,,
93,0.7000039668998332,0.11960536912083625,2.453125,0.7682303413748741,1.7867910712957382,0.4076541028916836,0.5411796346306801,3.6328125000000004e-05,0.4076541028916836,0.6182348430156708,0.4488299712538719,1.1825824901461601,0.7337525188922882,512,,,,,,,,,,,
94,0.7000039668998332,0.12081117475474312,2.78125,1.189484290778637,2.766616202890873,0.4672936610877514,0.8378814794123173,3.671875e-05,0.4672936610877514,0.6076830923557281,0.5584648102521896,1.492479644715786,0.9340148344635963,512,,,,,,,,,,,
95,0.7000039668998332,0.1220153091406381,2.625,0.8400139808654785,1.937635824084282,0.3073514234274626,0.60786097869277,3.7109375e-05,0.3073514234274626,0.6170043870806694,0.3135238252580166,1.8993800804018974,1.5858562551438808,512,,,,,,,,,,,
96,0.700003978459522,0.1232177734375,2.75,0.7803103476762772,1.7954423129558563,0.49758077040314674,0.5691344030201435,3.7500000000000003e-05,0.49758077040314674,0.6010741963982582,0.7851752899587154,2.0735777467489243,1.2884024567902088,512,0.0012840316630899906,0.0012840316630899906,0.02,5972,0.700003978459522,5972,5972,11944,0,5972,20417
97,0.700003978459522,0.12441856880430817,2.234375,0.7018829025328159,1.6330979764461517,0.5008388794958591,0.49381979182362556,3.7890625e-05,0.5008388794958591,0.6008593589067459,0.5192701257765293,1.8252909258008003,1.306020800024271,512,,,,,,,,,,,
98,0.700003978459522,0.12561769640004203,5.1875,0.8427421078085899,2.0253088623285294,0.42682251892983913,0.5284549780189991,3.828125e-05,0.42682251892983913,0.6067358367145061,0.1703066062182188,0.8352041523903608,0.664897546172142,512,,,,,,,,,,,
99,0.700003978459522,0.12681515738368035,3.71875,0.7673058956861496,1.8208643943071365,0.5735259279608727,0.5043049082159996,3.8671875e-05,0.5735259279608727,0.6185180470347404,0.13570746034383774,2.2755019515752792,2.1397944912314415,512,,,,,,,,,,,
100,0.700003978459522,0.12801095291420259,3.28125,0.48661933839321136,1.101808711886406,0.4596613198518753,0.3727952800691128,3.90625e-05,0.4596613198518753,0.5967333912849426,0.9632426165044308,2.7063116654753685,1.7430690489709377,512,,,,,,,,,,,
101,0.700003978459522,0.12920508415058812,1.75,0.6276936009526253,1.4579076766967773,0.4085907153785229,0.4441940560936928,3.9453125000000005e-05,0.4085907153785229,0.622868649661541,0.44115637615323067,1.291606180369854,0.8504498042166233,512,,,,,,,,,,,
102,0.700003978459522,0.1303975522518158,3.078125,0.9425968527793884,2.2708006650209427,0.39615028724074364,0.5855532996356487,3.984375e-05,0.39615028724074364,0.6289941221475601,0.6893927529454231,1.905455768108368,1.2160630151629448,512,,,,,,,,,,,
103,0.700003978459522,0.13158835837686494,6.90625,1.2906227707862854,3.0967489182949066,0.516617301851511,0.8142290413379669,4.0234375e-05,0.516617301851511,0.6009106412529945,0.11909875273704529,1.749684788286686,1.6305860355496407,512,,,,,,,,,,,
104,0.700003978459522,0.13277750368471503,2.296875,0.8103545010089874,1.9019615352153778,0.44923993572592735,0.5536580942571163,4.0625000000000005e-05,0.44923993572592735,0.6220190301537514,0.5448058992624283,2.3597430735826492,1.814937174320221,512,0.0012223427183926105,0.0012223427183926105,0.02,4514,0.700003978459522,4514,4514,9028,0,4514,18966
105,0.700003978459522,0.13396498933434486,1.6171875,0.6652275137603283,1.583834558725357,0.3660070952028036,0.4320063181221485,4.1015625e-05,0.3660070952028036,0.6347533985972404,0.35924243554472923,1.3123858198523521,0.9531433843076229,512,,,,,,,,,,,
106,0.700003978459522,0.13515081648473382,2.171875,0.8922739960253239,2.122296914458275,0.3811243511736393,0.5815636403858662,4.140625e-05,0.3811243511736393,0.6396850645542145,0.3057129606604576,1.939295157790184,1.6335821971297264,512,,,,,,,,,,,
107,0.700003978459522,0.13633498629486127,4.03125,0.735689103603363,1.739355407655239,0.36974792182445526,0.49000540748238564,4.1796875000000005e-05,0.36974792182445526,0.6379247903823853,0.37098176404833794,1.5816607102751732,1.2106789462268353,512,,,,,,,,,,,
108,0.700003978459522,0.13751749992370604,4.4375,0.7561855837702751,1.8257857859134674,0.5839991606771946,0.46568555757403374,4.21875e-05,0.5839991606771946,0.5968823134899139,0.6972077637910843,2.391974501311779,1.6947667375206947,512,,,,,,,,,,,
109,0.700003978459522,0.1386983585302476,2.25,0.82579280808568,1.982718050479889,0.4009909573942423,0.5196842588484287,4.2578125e-05,0.4009909573942423,0.628354474902153,0.37632671371102333,1.2506189867854118,0.8742922730743885,512,,,,,,,,,,,
110,0.700003978459522,0.13987756327346523,2.421875,0.8102303557097912,1.9505774900317192,0.35216188430786133,0.5046658702194691,4.2968750000000004e-05,0.35216188430786133,0.6284081861376762,0.40610405057668686,1.3793455362319946,0.9732414856553078,512,,,,,,,,,,,
111,0.700003978459522,0.14105511531233786,1.9296875,0.6945591196417809,1.6675186976790428,0.36216868460178375,0.43720582500100136,4.3359375e-05,0.36216868460178375,0.6279980167746544,0.2638859897851944,1.3548316955566406,1.0909457057714462,512,,,,,,,,,,,
112,0.700003978459522,0.1422310158058448,2.125,0.886043805629015,2.0960100665688515,0.41906313225626945,0.5889710299670696,4.375e-05,0.41906313225626945,0.6366308480501175,0.5756599865853786,2.2375907450914383,1.6619307585060596,512,0.0014582175062969327,0.0014582175062969327,0.02,6223,0.700003978459522,6223,6223,12446,0,6223,20668
113,0.700003978459522,0.1434052659129655,2.484375,0.8561567701399326,2.0549269914627075,0.4693068005144596,0.5394873879849911,4.4140625000000004e-05,0.4693068005144596,0.6280981227755547,0.43259890377521515,1.5888118743896484,1.1562129706144333,512,,,,,,,,,,,
114,0.700003978459522,0.1445778667926788,2.265625,0.7750069126486778,1.8719913363456726,0.4885137118399143,0.47651440277695656,4.453125e-05,0.4885137118399143,0.6210107207298279,0.44564592838287354,2.797491744160652,2.3518458157777786,512,,,,,,,,,,,
115,0.700003978459522,0.14574881960396407,2.34375,0.9108826480805874,2.1953607499599457,0.38692111149430275,0.564889557659626,4.4921875e-05,0.38692111149430275,0.6222118958830833,0.11434408277273178,1.7370067462325096,1.6226626634597778,512,,,,,,,,,,,
116,0.700003978459522,0.1469181255058007,1.828125,0.5983418226242065,1.4338848069310188,0.376727856695652,0.3792721889913082,4.5312500000000004e-05,0.376727856695652,0.6350732296705246,0.30893930420279503,1.2305348068475723,0.9215955026447773,512,,,,,,,,,,,
117,0.700003978459522,0.14808578565716743,2.09375,0.6145155765116215,1.4822871536016464,0.40204684622585773,0.379881177097559,4.5703125e-05,0.40204684622585773,0.6331738233566284,0.6123076975345612,1.4372062161564827,0.8248985186219215,512,,,,,,,,,,,
118,0.700003978459522,0.14925180121704376,1.5859375,0.8371641635894775,2.0456761568784714,0.36420223861932755,0.4911848343908787,4.609375e-05,0.36420223861932755,0.6323779225349426,0.4675263613462448,1.7822941988706589,1.314767837524414,512,,,,,,,,,,,
119,0.700003978459522,0.15041617334440907,1.765625,0.6838319003582001,1.6422977894544601,0.3431886322796345,0.4299200288951397,4.6484375e-05,0.3431886322796345,0.6237963661551476,0.33043163269758224,1.012592326849699,0.6821606941521168,512,,,,,,,,,,,
120,0.700003978459522,0.1515789031982422,1.6796875,0.5488741397857666,1.309250257909298,0.4534227419644594,0.3540046475827694,4.6875e-05,0.4534227419644594,0.6169384643435478,0.5624985806643963,1.9027149602770805,1.3402163796126842,512,0.0011462890543043613,0.0011462890543043613,0.02,5457,0.700003978459522,5457,5457,10914,0,5457,19905
121,0.700003978459522,0.15273999193752244,1.734375,0.9665990620851517,2.3823856711387634,0.37435782328248024,0.546702291816473,4.7265625000000005e-05,0.37435782328248024,0.6199902221560478,0.4756656363606453,1.4399969726800919,0.9643313363194466,512,,,,,,,,,,,
122,0.700003978459522,0.1538994407212293,2.046875,0.7276022993028164,1.7625402808189392,0.39247033558785915,0.44231506809592247,4.765625e-05,0.39247033558785915,0.6364648267626762,0.21203843504190445,2.960002399981022,2.7479639649391174,512,,,,,,,,,,,
123,0.700003978459522,0.1550572507083416,1.78125,0.6399361975491047,1.5489873737096786,0.34155344031751156,0.39021317660808563,4.8046875e-05,0.34155344031751156,0.6455395445227623,0.48911385983228683,1.880694918334484,1.3915810585021973,512,,,,,,,,,,,
124,0.700003978459522,0.15621342305783867,2.5625,0.8352028727531433,2.028025560081005,0.427057221531868,0.5028921142220497,4.8437500000000005e-05,0.427057221531868,0.6266821473836899,0.8451383337378502,2.6145316660404205,1.7693933323025703,512,,,,,,,,,,,
125,0.700003978459522,0.15736795892869992,5.21875,0.7936798632144928,1.9393896535038948,0.36662663519382477,0.46570073813199997,4.8828125e-05,0.36662663519382477,0.6379882618784904,0.3566995784640312,1.302667386829853,0.9459678083658218,512,,,,,,,,,,,
126,0.700003978459522,0.15852085947990416,2.71875,0.6353827975690365,1.5330060422420502,0.3131836373358965,0.3923962637782097,4.921875e-05,0.3131836373358965,0.6426733061671257,0.23227925971150398,0.8607288599014282,0.6284496001899242,512,,,,,,,,,,,
127,0.700003978459522,0.15967212587043084,1.9921875,0.8576642721891403,2.09388779848814,0.35578375309705734,0.5050947852432728,4.9609375000000005e-05,0.35578375309705734,0.6325610280036926,0.27057237550616264,1.6036690399050713,1.3330966643989086,512,,,,,,,,,,,
128,0.7000040073587437,0.16082175925925932,1.7421875,0.7871883735060692,1.9145919680595398,0.3462917171418667,0.47082727029919624,5e-05,0.3462917171418667,0.6372338607907295,0.45170772820711136,1.1454506888985634,0.693742960691452,512,0.001022840035147965,0.001022840035147965,0.02,6129,0.7000040073587437,6129,6129,12258,0,6129,20679
129,0.7000040073587437,0.1619697608053684,2.203125,0.5980044789612293,1.428111121058464,0.3596567455679178,0.3840235807001591,5.0390625e-05,0.3596567455679178,0.6300829946994781,0.601593367755413,1.3112464770674706,0.7096531093120575,512,,,,,,,,,,,
130,0.7000040073587437,0.1631161316677375,1.953125,0.6230682395398617,1.491453006863594,0.3902292847633362,0.39663252606987953,5.0781250000000004e-05,0.3902292847633362,0.6598779335618019,0.1007823571562767,1.9877397119998932,1.8869573548436165,512,,,,,,,,,,,
131,0.7000040073587437,0.16426087300534603,1.5625,0.6236709281802177,1.5153066590428352,0.3088552951812744,0.37460521794855595,5.1171875e-05,0.3088552951812744,0.6592626795172691,0.33802909404039383,1.7133756838738918,1.375346589833498,512,,,,,,,,,,,
132,0.7000040073587437,0.16540398597717285,1.9296875,0.8279669210314751,2.013642206788063,0.386185597628355,0.49534838274121284,5.15625e-05,0.386185597628355,0.6336181610822678,0.6014159992337227,2.772915206849575,2.1714992076158524,512,,,,,,,,,,,
133,0.7000040073587437,0.16654547174219728,3.6875,0.8348407968878746,2.026041492819786,0.39654913917183876,0.5037789773195982,5.1953125000000004e-05,0.39654913917183876,0.6305297911167145,0.18641187623143196,1.0896225646138191,0.9032106883823872,512,,,,,,,,,,,
134,0.7000040073587437,0.1676853314593987,1.7578125,0.9919123239815235,2.3939345702528954,0.3955112211406231,0.6118601486086845,5.234375e-05,0.3955112211406231,0.6280151382088661,0.34935014322400093,1.2847915440797806,0.9354414008557796,512,,,,,,,,,,,
135,0.7000040073587437,0.16882356628775597,8.9375,0.7314033135771751,1.781634047627449,0.6305268481373787,0.4347395580261946,5.2734375e-05,0.6305268481373787,0.5722582805901766,1.0024981126189232,2.760896384716034,1.7583982720971107,448.125,,,,,,,,,,,
136,0.7000040073587437,0.16996017738624847,1.46875,0.6997356526553631,1.703162930905819,0.3080966901034117,0.41724807769060135,5.3125000000000004e-05,0.3080966901034117,0.6453246921300888,0.3770047686994076,1.2685643434524536,0.891559574753046,512,0.0011280887993052602,0.0011280887993052602,0.02,6766,0.7000040073587437,6766,6766,13532,0,6766,21297
137,0.7000040073587437,0.17109516591385565,1.578125,0.817588072270155,2.0052905827760696,0.31855013966560364,0.47224899753928185,5.3515625e-05,0.31855013966560364,0.6495483443140984,0.5480001717805862,1.620851993560791,1.0728518217802048,512,,,,,,,,,,,
138,0.7000040073587437,0.17222853302955626,1.515625,0.5264145918190479,1.279110610485077,0.3450468685477972,0.31608510948717594,5.3906250000000006e-05,0.3450468685477972,0.6395068317651749,0.49354130029678345,1.3814159482717514,0.887874647974968,512,,,,,,,,,,,
139,0.7000040073587437,0.17336027989232972,2.203125,0.5898915864527225,1.4144208505749702,0.4482242688536644,0.3731293585151434,5.4296875000000004e-05,0.4482242688536644,0.629450686275959,0.14654558897018433,1.6864091381430626,1.5398635491728783,512,,,,,,,,,,,
140,0.7000040073587437,0.17449040766115545,1.5546875,0.7824600711464882,1.9470533654093742,0.3041632007807493,0.4240376427769661,5.46875e-05,0.3041632007807493,0.6617358401417732,0.20836535096168518,1.5233836024999619,1.3150182515382767,512,,,,,,,,,,,
141,0.7000040073587437,0.17561891749501227,1.640625,0.6531173288822174,1.5856937319040298,0.3315465711057186,0.3934496399015188,5.5078125000000006e-05,0.3315465711057186,0.648684062063694,0.3659573532640934,1.6245074272155762,1.2585500739514828,512,,,,,,,,,,,
142,0.7000040073587437,0.17674581055287958,1.5078125,0.7186706848442554,1.7964596450328827,0.3013478070497513,0.3813302516937256,5.546875e-05,0.3013478070497513,0.6697827056050301,0.19477907940745354,1.3096491992473602,1.1148701198399067,512,,,,,,,,,,,
143,0.7000040073587437,0.1778710879937367,1.5390625,0.4846883490681648,1.1639360040426254,0.3824886605143547,0.3048165366053581,5.5859375e-05,0.3824886605143547,0.6365112066268921,0.4233873561024666,1.2706701830029488,0.8472828269004822,512,,,,,,,,,,,
144,0.7000040073587437,0.17899475097656248,1.7109375,0.6516895443201065,1.578968457877636,0.35219175554811954,0.3958482351154089,5.6250000000000005e-05,0.35219175554811954,0.6484277322888374,0.6491275429725647,2.3093573302030563,1.6602297872304916,512,0.0011498836101964116,0.0011498836101964116,0.02,6488,0.7000040073587437,6488,6488,12976,0,6488,21035
145,0.7000040073587437,0.1801168006603364,1.640625,0.7116897888481617,1.7126687616109848,0.32871737517416477,0.44396693632006645,5.6640625e-05,0.32871737517416477,0.6472607031464577,0.3854449689388275,2.761361241340637,2.3759162724018097,512,,,,,,,,,,,
146,0.7000040073587437,0.18123723820403775,3.375,0.6713003814220428,1.6363653466105461,0.2834141403436661,0.39787810668349266,5.703125e-05,0.2834141403436661,0.6549316197633743,0.5325439721345901,2.5988058745861053,2.066261902451515,512,,,,,,,,,,,
147,0.7000040073587437,0.18235606476664543,3,0.880366612225771,2.186869628727436,0.3349226303398609,0.4809078983962536,5.7421875000000005e-05,0.3349226303398609,0.6447265520691872,0.3614564314484596,1.1408088132739067,0.7793523818254471,512,,,,,,,,,,,
148,0.7000040073587437,0.18347328150713876,14.25,0.6216893382370472,1.5061052441596985,0.7981784548610449,0.3778018206357956,5.78125e-05,0.7981784548610449,0.5743383718654513,0.9219766557216644,2.6315214782953262,1.7095448225736618,448.125,,,,,,,,,,,
149,0.7000040073587437,0.1845888895844972,1.7890625,0.4824430011212826,1.1757496297359467,0.3534535691142082,0.28619877807796,5.8203125e-05,0.3534535691142082,0.6404858231544495,0.2607445791363716,1.7129269242286682,1.4521823450922966,512,,,,,,,,,,,
150,0.7000040073587437,0.18570289015769958,1.4921875,0.710256777703762,1.7525605708360672,0.3334181774407625,0.3997325822710991,5.8593750000000005e-05,0.3334181774407625,0.6499755755066872,0.30796319991350174,1.020726963877678,0.7127637639641762,512,,,,,,,,,,,
151,0.7000040073587437,0.18681528438572526,1.5546875,0.8059290014207363,2.0226233154535294,0.40536934323608875,0.4195856675505638,5.8984375e-05,0.40536934323608875,0.6361327916383743,0.4491400979459286,1.465034767985344,1.0158946700394154,512,,,,,,,,,,,
152,0.7000040073587437,0.1879260734275536,1.75,0.8234812617301941,2.0319072604179382,0.29948470182716846,0.4634903594851494,5.9375e-05,0.29948470182716846,0.6684936434030533,0.36247478425502777,1.7084637731313705,1.3459889888763428,512,0.0009986530058085918,0.0009986530058085918,0.02,8191,0.7000040073587437,8191,8191,16382,0,8191,22729
153,0.7000040073587437,0.18903525844216346,1.75,0.4847068414092064,1.150181457400322,0.32484688609838486,0.31862709671258926,5.9765625000000004e-05,0.32484688609838486,0.6485131829977036,0.4211432449519634,1.5024319291114807,1.0812886841595173,512,,,,,,,,,,,
154,0.7000040073587437,0.19014284058853426,1.640625,0.5618192367255688,1.4019595831632614,0.3538590781390667,0.30052289366722107,6.015625e-05,0.3538590781390667,0.654665507376194,0.2995024397969246,1.6100508868694305,1.310548447072506,512,,,,,,,,,,,
155,0.7000040073587437,0.19124882102564533,1.8828125,0.637993760406971,1.5935137271881104,0.3123692646622658,0.33980059809982777,6.0546875e-05,0.3123692646622658,0.6583080813288689,0.2047913633286953,1.2217623516917229,1.0169709883630276,512,,,,,,,,,,,
156,0.7000040073587437,0.19235320091247557,2.171875,0.7787805311381817,1.9444605633616447,0.2681368514895439,0.4154803156852722,6.0937500000000004e-05,0.2681368514895439,0.6627758592367172,0.16057142615318298,2.518713779747486,2.358142353594303,512,,,,,,,,,,,
157,0.7000040073587437,0.1934559814080043,1.3828125,0.6869367100298405,1.6865433752536774,0.3111978378146887,0.39508294127881527,6.132812500000001e-05,0.3111978378146887,0.6470190286636353,0.31412795931100845,1.0194578096270561,0.7053298503160477,512,,,,,,,,,,,
158,0.7000040073587437,0.19455716367121098,1.9921875,0.5440813936293125,1.322387047111988,0.4898660220205784,0.3263443950563669,6.171875e-05,0.4898660220205784,0.6360742151737213,0.8506363704800606,2.4624274596571922,1.6117910891771317,512,,,,,,,,,,,
159,0.7000040073587437,0.19565674886107443,1.640625,0.6553457789123058,1.5975696966052055,0.2636328339576721,0.3883265554904938,6.2109375e-05,0.2636328339576721,0.6438378915190697,0.35293712839484215,0.9596751630306244,0.6067380346357822,512,,,,,,,,,,,
160,0.7000040420378097,0.19675473813657401,1.1328125,0.5301216915249825,1.2831160500645638,0.23140126653015614,0.32331325486302376,6.25e-05,0.23140126653015614,0.6613769307732582,0.21684762462973595,1.359352007508278,1.142504382878542,512,0.0007720853318460286,0.0007720853318460286,0.02,7306,0.7000040420378097,7306,7306,14612,0,7306,21968
161,0.7000040420378097,0.19785113265668913,25.625,0.8313179202377796,2.059722922742367,0.3071243166923523,0.45942217111587524,6.2890625e-05,0.3071243166923523,0.6748852431774139,0.33046235144138336,2.0920622274279594,1.761599875986576,512,,,,,,,,,,,
162,0.7000040420378097,0.19894593358039855,3.421875,0.7384798899292946,1.859309010207653,0.29949117079377174,0.3785087391734123,6.328125e-05,0.29949117079377174,0.6599242985248566,-0.11926780641078949,1.5580460950732231,1.6773139014840126,512,,,,,,,,,,,
163,0.7000040420378097,0.20003914206668175,2.21875,0.7040683068335056,1.7494380846619606,0.2577641122043133,0.38410219363868237,6.367187500000001e-05,0.2577641122043133,0.6667968705296516,0.11683669686317444,1.0011827386915684,0.8843460418283939,512,,,,,,,,,,,
164,0.7000040420378097,0.2011307592745181,1.3125,0.5996542163193226,1.4699853658676147,0.29447796382009983,0.3471485637128353,6.40625e-05,0.29447796382009983,0.659296840429306,0.27530015259981155,1.3713551238179207,1.0960549712181091,512,,,,,,,,,,,
165,0.7000040420378097,0.20222078636288643,2.078125,0.45715614780783653,1.087967425584793,0.35121504589915276,0.29735417291522026,6.4453125e-05,0.35121504589915276,0.6430517435073853,0.48525356873869896,1.5164592787623405,1.0312057100236416,512,,,,,,,,,,,
166,0.7000040420378097,0.20330922449076608,2.09375,0.7894876785576344,1.9219568744301796,0.29075884632766247,0.470429889857769,6.484375e-05,0.29075884632766247,0.6635205075144768,0.6580282486975193,1.896297127008438,1.2382688783109188,512,,,,,,,,,,,
167,0.7000040420378097,0.2043960748171365,4.875,0.4699140600860119,1.134537823498249,0.35267056711018085,0.28944411873817444,6.5234375e-05,0.35267056711018085,0.6359497010707855,0.8159802556037903,1.730416975915432,0.9144367203116417,512,,,,,,,,,,,
168,0.7000040420378097,0.20548133850097655,1.2890625,0.8381757438182831,2.074191026389599,0.31923283636569977,0.46573542058467865,6.562500000000001e-05,0.31923283636569977,0.6388744935393333,0.278732031583786,1.7051308155059814,1.4263987839221954,512,0.0007877310854382813,0.0007877310854382813,0.02,7998,0.7000040420378097,7998,7998,15996,0,7998,22676
169,0.7000040420378097,0.20656501670126556,1.6484375,0.9871007017791271,2.51445322483778,0.33253781497478485,0.4767608940601349,6.601562500000001e-05,0.33253781497478485,0.6514037922024727,0.29733987152576447,1.4683908075094223,1.1710509359836578,512,,,,,,,,,,,
170,0.7000040420378097,0.20764711057698293,1.3046875,0.7100140266120434,1.7889986112713814,0.2883244529366493,0.3625589292496443,6.640625e-05,0.2883244529366493,0.6698974221944809,0.24164354801177979,1.5997790545225143,1.3581355065107346,512,,,,,,,,,,,
171,0.7000040420378097,0.20872762128710745,1.0859375,0.6163914985954762,1.5160207450389862,0.25049028918147087,0.3518322389572859,6.6796875e-05,0.25049028918147087,0.663073718547821,0.1802072376012802,1.661720298230648,1.4815130606293678,512,,,,,,,,,,,
172,0.7000040420378097,0.2098065499906186,1.5703125,0.702921200543642,1.726202666759491,0.2312924899160862,0.40386147424578667,6.71875e-05,0.2312924899160862,0.6480175629258156,0.28722839057445526,0.7876406088471413,0.500412218272686,512,,,,,,,,,,,
173,0.7000040420378097,0.21088389784649572,2.046875,0.8347483389079571,2.0811725109815598,0.3106864597648382,0.44836779683828354,6.7578125e-05,0.3106864597648382,0.6651122942566872,0.3929881490767002,1.42207433283329,1.02908618375659,512,,,,,,,,,,,
174,0.7000040420378097,0.21195966601371763,1.2578125,0.7192797809839249,1.781210571527481,0.2394077554345131,0.39842503890395164,6.796875000000001e-05,0.2394077554345131,0.6512524336576462,0.28017135336995125,0.8466112911701202,0.566439937800169,512,,,,,,,,,,,
175,0.7000040420378097,0.21303385565126373,1.2578125,1.0587796233594418,2.680484503507614,0.30186692625284195,0.5279384944587946,6.8359375e-05,0.30186692625284195,0.6552709862589836,0.24625258892774582,1.3680543005466461,1.1218017116189003,512,,,,,,,,,,,
176,0.7000040420378097,0.21410646791811344,19.125,0.6833283230662346,1.6754632517695427,0.30897328816354275,0.3952285684645176,6.875e-05,0.30897328816354275,0.6519286930561066,0.006227333098649979,1.8476592749357224,1.8414319418370724,512,0.0006180192576721311,0.0006180192576721311,0.02,13018,0.7000040420378097,13018,13018,26036,0,13018,27700
177,0.7000040420378097,0.21517750397324562,1.8203125,0.5311864390969276,1.331828512251377,0.2854651156812906,0.27782731875777245,6.9140625e-05,0.2854651156812906,0.6505956798791885,0.20188062638044357,1.2559502869844437,1.054069660604,512,,,,,,,,,,,
178,0.7000040420378097,0.21624696497563958,1.328125,0.6260334551334381,1.5447992980480194,0.30356793850660324,0.35227172262966633,6.953125e-05,0.30356793850660324,0.6591747775673866,0.31932947784662247,1.1369259655475616,0.8175964877009392,512,,,,,,,,,,,
179,0.7000040420378097,0.21731485208427473,1.171875,0.5761786699295044,1.4226076379418373,0.2370703835040331,0.3233882635831833,6.9921875e-05,0.2370703835040331,0.6617700085043907,0.2590215280652046,0.9177322536706924,0.6587107256054878,512,,,,,,,,,,,
180,0.7000040420378097,0.21838116645812988,1.8203125,0.7063117548823357,1.745109461247921,0.316652849316597,0.39522913843393326,7.031250000000001e-05,0.316652849316597,0.6673193052411079,0.6311417110264301,2.244715094566345,1.613573383539915,512,,,,,,,,,,,
181,0.7000040420378097,0.21944590925618446,1.3203125,0.7048011347651482,1.7510338947176933,0.28038516361266375,0.3847270403057337,7.0703125e-05,0.28038516361266375,0.6670507714152336,0.35007261484861374,1.0872372090816498,0.737164594233036,512,,,,,,,,,,,
182,0.7000040420378097,0.22050908163741786,1.6484375,0.6504605412483215,1.618859812617302,0.31175180710852146,0.3522327020764351,7.109375e-05,0.31175180710852146,0.6615380793809891,0.2456282153725624,2.092020496726036,1.8463922813534737,512,,,,,,,,,,,
183,0.7000040420378097,0.22157068476080893,1.203125,0.9173259846866131,2.3069527745246887,0.22801040299236774,0.4728228785097599,7.1484375e-05,0.22801040299236774,0.6702343598008156,0.22889921069145203,1.0926061011850834,0.8637068904936314,512,,,,,,,,,,,
184,0.7000040423130405,0.222630719785337,1.2265625,0.6867477335035801,1.6762036010622978,0.33347473852336407,0.4048500098288059,7.1875e-05,0.33347473852336407,0.6455737203359604,0.37016836553812027,1.5327275320887566,1.1625591665506363,512,0.0005753340665251017,0.0005753340665251017,0.02,8956,0.7000040423130405,8956,8955,17911,1,8956,23636
185,0.7000040423130405,0.22368918786998152,1.546875,0.693430919200182,1.6905924007296562,0.3206964135169983,0.41071330569684505,7.226562500000001e-05,0.3206964135169983,0.6607934460043907,0.19017616659402847,2.0578522235155106,1.867676056921482,512,,,,,,,,,,,
186,0.7000040423130405,0.2247460901737213,1.453125,0.8467906005680561,2.0851348862051964,0.29910360276699066,0.480897206813097,7.265625000000001e-05,0.29910360276699066,0.6440698206424713,0.3357243612408638,1.2317646890878677,0.8960403278470039,512,,,,,,,,,,,
187,0.7000040423130405,0.22580142785553572,1.9296875,0.4889623150229454,1.188072681427002,0.25201009400188923,0.2936312463134527,7.3046875e-05,0.25201009400188923,0.6533813327550888,0.26469602435827255,1.197554923593998,0.9328588992357254,512,,,,,,,,,,,
188,0.7000040423130405,0.22685520207440418,1.359375,0.819065373390913,2.049906477332115,0.281653406098485,0.4321097210049629,7.34375e-05,0.281653406098485,0.6603393405675888,0.32241736352443695,1.8039060309529305,1.4814886674284935,512,,,,,,,,,,,
189,0.7000040423130405,0.22790741398930547,1.578125,0.6786455772817135,1.6434714645147324,0.3286253586411476,0.4130301922559738,7.3828125e-05,0.3286253586411476,0.6454907134175301,0.3462752215564251,1.0441799387335777,0.6979047171771526,512,,,,,,,,,,,
190,0.7000040423130405,0.22895806475921907,1.5390625,0.7968101613223553,2.0366710796952248,0.24716133810579777,0.3779051098972559,7.421875e-05,0.24716133810579777,0.669985331594944,0.30492260307073593,1.4844066575169563,1.1794840544462204,512,,,,,,,,,,,
191,0.7000040423130405,0.2300071555431243,1.3515625,0.8578307293355465,2.1456429064273834,0.28906611911952496,0.4538440424948931,7.460937500000001e-05,0.28906611911952496,0.6420556530356407,0.28474748134613037,1.0302065461874008,0.7454590648412704,512,,,,,,,,,,,
192,0.700004086900411,0.2310546875,1.578125,0.7821730226278305,1.9737767279148102,0.2528465772047639,0.39644444920122623,7.500000000000001e-05,0.2528465772047639,0.6601537838578224,0.041753143072128296,2.105105474591255,2.063352331519127,512,0.0008323053480125964,0.0008323053480125964,0.02,10466,0.700004086900411,10466,10465,20931,1,10466,25297
193,0.700004086900411,0.23210066178882552,1.890625,0.6893721632659435,1.6476380601525307,0.2553958538919687,0.44136842899024487,7.5390625e-05,0.2553958538919687,0.6683764755725861,0.29053450003266335,0.9242307841777802,0.6336962841451168,512,,,,,,,,,,,
194,0.700004086900411,0.23314507956858035,1.4453125,0.923887986689806,2.3174728080630302,0.32680255360901356,0.4821876212954521,7.578125e-05,0.32680255360901356,0.6592675596475601,0.4281195215880871,2.150916911661625,1.7227973900735378,512,,,,,,,,,,,
195,0.700004086900411,0.2341879419982433,1.375,0.879845567047596,2.2248034924268723,0.27386994287371635,0.4413950592279434,7.6171875e-05,0.27386994287371635,0.6464330852031708,0.46091341972351074,1.7567222863435745,1.2958088666200638,512,,,,,,,,,,,
196,0.700004086900411,0.23522925023679375,1.8203125,0.6183109544217587,1.5499505922198296,0.29913488775491714,0.323718897998333,7.65625e-05,0.29913488775491714,0.6616967618465424,0.18100238591432571,1.5598524436354637,1.378850057721138,512,,,,,,,,,,,
197,0.700004086900411,0.23626900544321103,1.25,0.5609142258763313,1.3839469105005264,0.34381112083792686,0.3157931175082922,7.695312500000001e-05,0.34381112083792686,0.6395239308476448,0.3826356530189514,2.0539188757538795,1.6712832227349281,512,,,,,,,,,,,
198,0.700004086900411,0.237307208776474,1.265625,0.7273739092051983,1.811652809381485,0.27812303602695465,0.39251039922237396,7.734375e-05,0.27812303602695465,0.6706347540020943,0.4014831632375717,1.7935174703598022,1.3920343071222305,512,,,,,,,,,,,
199,0.700004086900411,0.23834386139556205,1.5,0.4189862944185734,1.0080364644527435,0.2644259463995695,0.2616189308464527,7.7734375e-05,0.2644259463995695,0.6627514362335205,0.3814465366303921,1.6752700209617615,1.2938234843313694,512,,,,,,,,,,,
200,0.700004086900411,0.2393789644594546,2.171875,0.931738767772913,2.2873516231775284,0.3487147409468889,0.536099024116993,7.8125e-05,0.3487147409468889,0.6526952981948853,0.13884175941348076,1.474942110478878,1.3361003510653973,512,0.0010501433862373233,0.0010501433862373233,0.02,11222,0.700004086900411,11222,11222,22444,0,11222,26025
201,0.700004086900411,0.2404125191271305,1.5703125,0.7778556272387505,1.9321428760886192,0.24145945347845554,0.42499526031315327,7.8515625e-05,0.24145945347845554,0.6810522228479385,0.17459255456924438,0.8611246198415756,0.6865320652723312,512,,,,,,,,,,,
202,0.700004086900411,0.24144452655756904,1.6953125,0.7061968930065632,1.7694317772984505,0.2720646280795336,0.37055872566998005,7.890625000000001e-05,0.2720646280795336,0.6729589700698853,0.21578117087483406,0.8903412148356438,0.6745600439608097,512,,,,,,,,,,,
203,0.700004086900411,0.24247498790974972,1.5859375,0.9973263666033745,2.521386928856373,0.2906058803200722,0.5008140988647938,7.929687500000001e-05,0.2906058803200722,0.665087878704071,0.5075424946844578,1.728026993572712,1.2204844988882542,512,,,,,,,,,,,
204,0.700004086900411,0.24350390434265134,1.7265625,0.5949588119983673,1.4671353697776794,0.35167344845831394,0.33577001839876175,7.96875e-05,0.35167344845831394,0.6350122019648552,0.6603144109249115,1.5812141373753548,0.9208997264504433,512,,,,,,,,,,,
205,0.700004086900411,0.2445312770152533,1.21875,0.7707553505897522,1.921151652932167,0.3202558346092701,0.41447053104639053,8.0078125e-05,0.3202558346092701,0.6578564271330833,0.31392236426472664,1.6521151661872864,1.3381928019225597,512,,,,,,,,,,,
206,0.700004086900411,0.24555710708653491,1.53125,0.6305810585618019,1.5856672301888466,0.25856188870966434,0.3251843582838774,8.046875e-05,0.25856188870966434,0.6752221658825874,0.10395066067576408,1.4023359939455986,1.2983853332698345,512,,,,,,,,,,,
207,0.700004086900411,0.24658139571547508,1.25,0.6057207174599171,1.5172844380140305,0.30312314815819263,0.3182328213006258,8.0859375e-05,0.30312314815819263,0.6685327142477036,0.18844463676214218,1.5294883698225021,1.34104373306036,512,,,,,,,,,,,
208,0.700004086900411,0.24760414406105316,1.421875,0.5522513315081596,1.3713959753513336,0.2895189803093672,0.3020928483456373,8.125000000000001e-05,0.2895189803093672,0.6705200001597404,0.1621180847287178,3.4777147322893143,3.3155966475605965,512,0.0009730841848067939,0.0009730841848067939,0.02,12296,0.700004086900411,12296,12296,24592,0,12296,27132
209,0.700004086900411,0.24862535328224858,1.25,0.6494438871741295,1.6176128759980202,0.3146544974297285,0.3503988329321146,8.164062500000001e-05,0.3146544974297285,0.6618285924196243,0.2659946531057358,1.160383939743042,0.8943892866373062,512,,,,,,,,,,,
210,0.700004086900411,0.24964502453804013,1.1328125,0.5518272705376148,1.3776482492685318,0.2386461403220892,0.294555539265275,8.203125e-05,0.2386461403220892,0.6658324971795082,0.172844760119915,1.420089229941368,1.247244469821453,512,,,,,,,,,,,
211,0.700004086900411,0.2506631589874072,1.53125,0.881856881082058,2.2542095482349396,0.3476790152490139,0.41808389127254486,8.2421875e-05,0.3476790152490139,0.6649438291788101,0.22228240966796875,1.6356019005179405,1.4133194908499718,512,,,,,,,,,,,
212,0.700004086900411,0.2516797577893293,1.375,0.5589044988155365,1.3991505205631256,0.25215082988142967,0.2944994457066059,8.28125e-05,0.25215082988142967,0.6653686240315437,0.14408500865101814,1.1722667664289474,1.0281817577779293,512,,,,,,,,,,,
213,0.700004086900411,0.2526948221027851,1.1875,0.6934864372014999,1.6760853305459023,0.23071222100406885,0.42538866959512234,8.3203125e-05,0.23071222100406885,0.663576640188694,0.3199639320373535,1.7278849184513092,1.4079209864139557,512,,,,,,,,,,,
214,0.700004086900411,0.2537083530867541,1.8515625,0.6047943085432053,1.458201788365841,0.32192528061568737,0.37450817972421646,8.359375000000001e-05,0.32192528061568737,0.6692236289381981,0.8847385607659817,2.393500581383705,1.5087620206177235,512,,,,,,,,,,,
215,0.700004086900411,0.2547203519002156,1.484375,0.47473838925361633,1.1659489199519157,0.3378299828618765,0.2726521994918585,8.398437500000001e-05,0.3378299828618765,0.6709936484694481,0.611975833773613,1.966062918305397,1.354087084531784,512,,,,,,,,,,,
216,0.7000040866251803,0.25573081970214845,1.75,0.7930504605174065,2.0213736444711685,0.2990899011492729,0.3818094711750746,8.4375e-05,0.2990899011492729,0.6665185391902924,0.3003724478185177,2.012501683086157,1.7121292352676392,512,0.0008797849295660853,0.0008797849295660853,0.02,12607,0.7000040866251803,12607,12608,25215,-1,12607,27444
217,0.7000040866251803,0.25673975765153206,1.5,0.6256155893206596,1.5605755299329758,0.30666298419237137,0.33522925339639187,8.4765625e-05,0.30666298419237137,0.6590966582298279,0.4021472781896591,1.2892671525478363,0.8871198743581772,512,,,,,,,,,,,
218,0.7000040866251803,0.25774716690734584,1.4609375,0.47861915081739426,1.1946250647306442,0.27421699836850166,0.2557359132915735,8.515625e-05,0.27421699836850166,0.6583300530910492,0.1778666190803051,1.2839388251304626,1.1060722060501575,512,,,,,,,,,,,
219,0.7000040866251803,0.2587530486285686,3.828125,0.6379504948854446,1.5754868164658546,0.32375526521354914,0.35769643262028694,8.5546875e-05,0.32375526521354914,0.6434496939182281,0.38892781361937523,2.1439707316458225,1.7550429180264473,512,,,,,,,,,,,
220,0.7000040866251803,0.2597574039741798,1.9375,0.6667916513979435,1.6663393378257751,0.29278194159269333,0.35424133390188217,8.593750000000001e-05,0.29278194159269333,0.6474194228649139,0.4345228560268879,2.4280015602707863,1.9934787042438984,512,,,,,,,,,,,
221,0.7000040866251803,0.2607602341031587,12.625,0.545933198183775,1.3258476257324219,0.22607417963445187,0.32849529944360256,8.6328125e-05,0.22607417963445187,0.6706274375319481,0.2679561488330364,1.3272967115044594,1.059340562671423,512,,,,,,,,,,,
222,0.7000040866251803,0.2617615401744842,1.296875,0.43309126049280167,1.054245486855507,0.2916983403265476,0.25815222039818764,8.671875e-05,0.2916983403265476,0.6570898145437241,0.39839325472712517,1.0841889902949333,0.6857957355678082,512,,,,,,,,,,,
223,0.7000040866251803,0.26276132334713576,1.4296875,0.8073142394423485,2.0273368060588837,0.3004017937928438,0.4190698955208063,8.7109375e-05,0.3004017937928438,0.6636620983481407,0.23603692278265953,0.9783069789409637,0.7422700561583042,512,,,,,,,,,,,
224,0.7000041413960862,0.26375958478009265,1.5703125,0.6186448968946934,1.5673926025629044,0.276974581182003,0.30728878639638424,8.75e-05,0.276974581182003,0.6696508526802063,0.05017182230949402,1.2915080711245537,1.2413362488150597,512,0.0009912080131471157,0.0009912080131471157,0.02,12524,0.7000041413960862,12524,12524,25048,0,12524,27548
225,0.7000041413960862,0.26475632563233376,1.46875,0.6660641543567181,1.6724370568990707,0.327875355258584,0.3459390886127949,8.789062500000001e-05,0.327875355258584,0.6606127768754959,0.25196100771427155,1.1998408809304237,0.9478798732161522,512,,,,,,,,,,,
226,0.7000041413960862,0.26575154706283843,1.4609375,0.5764587186276913,1.4013128504157066,0.2112733032554388,0.3455316834151745,8.828125000000001e-05,0.2112733032554388,0.6630444079637527,0.25599039904773235,0.8326993025839329,0.5767089035362005,512,,,,,,,,,,,
227,0.7000041413960862,0.26674525023058615,1.6015625,0.8361485674977303,2.0765684619545937,0.21342742070555687,0.45721497014164925,8.8671875e-05,0.21342742070555687,0.6693969517946243,0.287244264036417,1.2085739076137543,0.9213296435773373,512,,,,,,,,,,,
228,0.7000041413960862,0.26773743629455565,1.390625,0.6583591587841511,1.636177234351635,0.31053237058222294,0.3588503785431385,8.90625e-05,0.31053237058222294,0.671088844537735,0.37186945602297783,1.5298514068126678,1.15798195078969,512,,,,,,,,,,,
229,0.7000041413960862,0.26872810641372635,1.578125,0.561626248061657,1.4030084311962128,0.31207497604191303,0.29888920299708843,8.9453125e-05,0.31207497604191303,0.6663720533251762,0.24404974654316902,1.4512303695082664,1.2071806229650974,512,,,,,,,,,,,
230,0.7000041413960862,0.26971726174707766,2.125,0.6960687972605228,1.7521700412034988,0.4240455813705921,0.3571292832493782,8.984375e-05,0.4240455813705921,0.6421166881918907,0.1356520727276802,2.071470223367214,1.935818150639534,512,,,,,,,,,,,
231,0.7000041413960862,0.27070490345358844,1.8515625,0.486236535012722,1.2030658274888992,0.29268249217420816,0.2703781835734844,9.023437500000001e-05,0.29268249217420816,0.6667309775948524,0.3556762933731079,2.119293212890625,1.763616919517517,512,,,,,,,,,,,
232,0.7000041422217783,0.2716910326922381,1.5859375,0.3982316479086876,0.9411236494779587,0.24093790724873543,0.26563889160752296,9.062500000000001e-05,0.24093790724873543,0.6558959931135178,0.4040074422955513,1.0952391661703587,0.6912317238748074,512,0.000861514185089618,0.000861514185089618,0.02,14253,0.7000041422217783,14253,14250,28503,3,14253,29290
233,0.7000041422217783,0.2726756506220059,1.34375,0.6789534576237202,1.7034206911921501,0.220266567543149,0.35401393473148346,9.1015625e-05,0.220266567543149,0.6657250747084618,0.32137731835246086,1.3585467636585236,1.0371694453060627,512,,,,,,,,,,,
234,0.7000041422217783,0.2736587584018707,1.09375,0.5010508373379707,1.2508835345506668,0.2819936703890562,0.267452297732234,9.140625e-05,0.2819936703890562,0.650571271777153,0.5093487277626991,1.788382425904274,1.2790336981415749,512,,,,,,,,,,,
235,0.7000041422217783,0.274640357190812,1.2734375,0.6062878780066967,1.516371838748455,0.2990984320640564,0.3208640906959772,9.1796875e-05,0.2990984320640564,0.6593090668320656,0.41875993087887764,1.542329054325819,1.1235691234469414,512,,,,,,,,,,,
236,0.7000041422217783,0.2756204481478091,2.15625,0.7321669012308121,1.8303880840539932,0.2627338767051697,0.3882994372397661,9.21875e-05,0.2627338767051697,0.6794116050004959,0.06798501312732697,0.791835643351078,0.7238506302237511,512,,,,,,,,,,,
237,0.7000041422217783,0.27659903243184086,1.546875,0.8669430539011955,2.244124121963978,0.29578086361289024,0.3829759079962969,9.257812500000001e-05,0.29578086361289024,0.6585668921470642,0.13984932750463486,0.8447359204292297,0.7048865929245949,512,,,,,,,,,,,
238,0.7000041422217783,0.2775761112018867,1.2265625,0.6002401560544968,1.4788640812039375,0.3170463293790817,0.34004539996385574,9.296875e-05,0.3170463293790817,0.6750268489122391,0.08330672979354858,1.5704408138990402,1.4871340841054916,512,,,,,,,,,,,
239,0.7000041422217783,0.27855168561692595,1.4921875,0.5771026350557804,1.4073286727070808,0.24725721217691898,0.34146712720394135,9.3359375e-05,0.24725721217691898,0.6725048497319221,0.3988713249564171,1.554201878607273,1.155330553650856,512,,,,,,,,,,,
240,0.7000041422217783,0.2795257568359375,1.40625,0.663046408444643,1.6457911357283592,0.25162160210311413,0.36344030126929283,9.375e-05,0.25162160210311413,0.6466625779867172,0.4707004576921463,1.1276874765753746,0.6569870188832283,512,0.0008543187868781388,0.0008543187868781388,0.02,12580,0.7000041422217783,12580,12580,25160,0,12580,27622
241,0.7000041422217783,0.2804983260179007,1.1484375,0.544154342263937,1.3768815025687218,0.2990539390593767,0.27207099087536335,9.4140625e-05,0.2990539390593767,0.6643334701657295,0.41504357010126114,1.865073747932911,1.4500301778316498,512,,,,,,,,,,,
242,0.7000041422217783,0.2814693943217949,1.4375,0.5777830295264721,1.4647477120161057,0.2578128520399332,0.28610992804169655,9.453125000000001e-05,0.2578128520399332,0.666069321334362,0.24788141623139381,0.9667945578694344,0.7189131416380405,512,,,,,,,,,,,
243,0.7000041422217783,0.28243896290659903,1.3359375,0.41899121552705765,1.0591198801994324,0.3351955059915781,0.2105504386126995,9.492187500000001e-05,0.3351955059915781,0.6612670943140984,0.25761882215738297,1.5513549745082855,1.2937361523509026,512,,,,,,,,,,,
244,0.7000041422217783,0.28340703293129244,1.671875,0.9312504231929779,2.372116521000862,0.2538538072258234,0.4498543404042721,9.53125e-05,0.2538538072258234,0.6741235256195068,0.24837731942534447,1.462383322417736,1.2140060029923916,512,,,,,,,,,,,
245,0.7000041422217783,0.28437360555485447,1.3203125,0.9219707809388638,2.322407551109791,0.21631877683103085,0.471443235874176,9.5703125e-05,0.21631877683103085,0.6861669719219208,0.3208461031317711,1.2834655493497849,0.9626194462180138,512,,,,,,,,,,,
246,0.7000041422217783,0.285338681936264,1.359375,0.5526791252195835,1.3416910767555237,0.27249918319284916,0.3330940790474415,9.609375e-05,0.27249918319284916,0.6632519513368607,0.2862155959010124,1.6279051825404167,1.3416895866394043,512,,,,,,,,,,,
247,0.7000041422217783,0.2863022632345004,1.1953125,0.6736108548939228,1.6819246113300323,0.24453632906079292,0.35932036489248276,9.6484375e-05,0.24453632906079292,0.6735375970602036,0.22863579168915749,0.8969992622733116,0.6683634705841541,512,,,,,,,,,,,
248,0.7000041422217783,0.2872643506085431,1.90625,0.7842923179268837,2.012368328869343,0.2540603205561638,0.3642749544233084,9.687500000000001e-05,0.2540603205561638,0.6888549625873566,-0.01514214277267456,1.9554197415709496,1.9705618843436241,512,0.000936039665248245,0.000936039665248245,0.02,16032,0.7000041422217783,16032,16032,32064,0,16032,31057
249,0.7000041422217783,0.28822494521737096,1.1875,0.9330957531929016,2.382855035364628,0.23915212787687778,0.4447077140212059,9.726562500000001e-05,0.23915212787687778,0.6871386542916298,0.19851379841566086,1.0775587856769562,0.8790449872612953,512,,,,,,,,,,,
250,0.7000041422217783,0.2891840482199633,1.1640625,0.5342120043933392,1.3128079921007156,0.27969138510525227,0.30601617880165577,9.765625e-05,0.27969138510525227,0.6832275390625,0.414150632917881,2.0176607966423035,1.6035101637244225,512,,,,,,,,,,,
251,0.7000041422217783,0.2901416607752995,1.4921875,0.7476778328418732,1.8598728105425835,0.2510918192565441,0.40581751242280006,9.8046875e-05,0.2510918192565441,0.675532229244709,0.4064265340566635,1.7028833851218224,1.2964568510651588,512,,,,,,,,,,,
252,0.7000041422217783,0.29109778404235837,1.1796875,0.7733789719641209,1.9473687186837196,0.2777894362807274,0.39620380476117134,9.84375e-05,0.2777894362807274,0.6611205711960793,0.339137913659215,1.669845774769783,1.330707861110568,512,,,,,,,,,,,
253,0.7000041422217783,0.29205241918011937,1.203125,0.6619514711201191,1.6789306476712227,0.2344980649650097,0.326982818543911,9.8828125e-05,0.2344980649650097,0.6652026250958443,0.18937993794679642,1.024500448256731,0.8351205103099346,512,,,,,,,,,,,
254,0.7000041422217783,0.2930055673475619,1.78125,0.830019760876894,2.1107917726039886,0.21495305933058262,0.4044195134192705,9.921875000000001e-05,0.21495305933058262,0.6627343520522118,0.26517586037516594,0.8497068993747234,0.5845310389995575,512,,,,,,,,,,,
255,0.7000041422217783,0.2939572297036648,1.671875,0.5277951955795288,1.3278817906975746,0.3378508035093546,0.2714975085109472,9.960937500000001e-05,0.3378508035093546,0.6567285060882568,0.4801216125488281,1.8721447959542274,1.3920231834053993,512,,,,,,,,,,,
256,0.7000042035982206,0.2949074074074073,1.5390625,0.7959899008274078,1.9826394617557526,0.337770676240325,0.4294511042535305,0.0001,0.337770676240325,0.6582006737589836,0.346810519695282,1.7321267202496529,1.3853162005543709,512,0.0005624921177513897,0.0005624921177513897,0.02,17062,0.7000042035982206,17062,17061,34123,1,17062,32313
257,0.7000042035982206,0.295856101617769,1.2578125,0.6593239530920982,1.61957249045372,0.23524152487516403,0.3783788625150919,9.999992316419739e-05,0.23524152487516403,0.684985339641571,0.024520236998796463,1.371232233941555,1.3467119969427586,512,,,,,,,,,,,
258,0.7000042035982206,0.2968033134937286,1.34375,0.6716155633330345,1.6960275694727898,0.2800863943994045,0.3391710352152586,9.99996926570257e-05,0.2800863943994045,0.678647443652153,0.38512901961803436,1.6467669680714607,1.2616379484534264,512,,,,,,,,,,,
259,0.7000042035982206,0.29774904419426557,1.21875,0.6826222874224186,1.720132865011692,0.2900987360626459,0.34841945208609104,9.99993084791934e-05,0.2900987360626459,0.6759325936436653,0.1940269134938717,1.1865602433681488,0.9925333298742771,512,,,,,,,,,,,
260,0.7000042035982206,0.2986932948783593,1.484375,0.4825635924935341,1.1834766864776611,0.30259066075086594,0.27883716858923435,9.999877063188124e-05,0.30259066075086594,0.6605493277311325,0.2623399384319782,1.238436497747898,0.9760965593159199,512,,,,,,,,,,,
261,0.7000042035982206,0.29963606670498844,1.078125,0.7388733103871346,1.8580538630485535,0.2569960579276085,0.3809561114758253,9.999807911674221e-05,0.2569960579276085,0.6617773398756981,0.2879047654569149,1.4780626520514488,1.190157886594534,512,,,,,,,,,,,
262,0.7000042035982206,0.30057736083313263,1.671875,0.5780348256230354,1.4480834230780602,0.2528566485270858,0.3035371620208025,9.999723393590168e-05,0.2528566485270858,0.6734008640050888,0.3577106408774853,1.5338350497186184,1.1761244088411331,512,,,,,,,,,,,
263,0.7000042035982206,0.3015171784217711,1.3125,0.654696449637413,1.6361310556530952,0.2876761592924595,0.34779753535985947,9.999623509195724e-05,0.2876761592924595,0.6672949120402336,0.4732448682188988,1.6567866131663322,1.1835417449474335,512,,,,,,,,,,,
264,0.7000042035982206,0.3024555206298828,1.1015625,0.6277303174138069,1.5809366926550865,0.2488548345863819,0.3212763275951147,9.999508258797877e-05,0.2488548345863819,0.6543237194418907,0.28063539415597916,1.5864903628826141,1.305854968726635,512,0.0005478508537635207,0.0005478508537635207,0.02,16908,0.7000042035982206,16908,16908,33816,0,16908,32134
265,0.7000042035982206,0.30339238861644696,1.1953125,0.7671654857695103,1.9314441829919815,0.3297289740294218,0.39329962246119976,9.999377642750839e-05,0.3297289740294218,0.6718920841813087,0.1611522063612938,1.5295752137899399,1.368423007428646,512,,,,,,,,,,,
266,0.7000042035982206,0.30432778354044315,1.1640625,0.6425813250243664,1.6187451630830765,0.3088176641613245,0.3284709118306637,9.999231661456054e-05,0.3088176641613245,0.657663568854332,0.3089124858379364,1.1674324423074722,0.8585199564695358,512,,,,,,,,,,,
267,0.7000042035982206,0.3052617065608501,1.625,0.8204585537314415,2.08812752366066,0.2521095033735037,0.39811040461063385,9.999070315362182e-05,0.2521095033735037,0.6664965525269508,0.39391908794641495,1.2063822820782661,0.8124631941318512,512,,,,,,,,,,,
268,0.7000042035982206,0.30619415883664725,1.1640625,0.5964313969016075,1.4780974015593529,0.24046933092176914,0.32927035354077816,9.998893604965111e-05,0.24046933092176914,0.6736938431859016,0.2186986245214939,1.5434532389044762,1.3247546143829823,512,,,,,,,,,,,
269,0.7000042035982206,0.3071251415268139,1.078125,0.657852903008461,1.6764102205634117,0.2716332785785198,0.3170833755284548,9.998701530807949e-05,0.2716332785785198,0.6695898249745369,0.34982815757393837,1.1239994689822197,0.7741713114082813,512,,,,,,,,,,,
270,0.7000042035982206,0.308054655790329,1.15625,0.9835025407373905,2.4894475117325783,0.23603363521397114,0.49086297675967216,9.998494093481021e-05,0.23603363521397114,0.6709814444184303,0.31428687274456024,1.219386599957943,0.9050997272133827,512,,,,,,,,,,,
271,0.7000042035982206,0.3089827027861718,1.4296875,0.6034248247742653,1.522045522928238,0.31436581909656525,0.3065145034343004,9.998271293621873e-05,0.31436581909656525,0.6754003763198853,0.251531645655632,1.4516906216740608,1.2001589760184288,512,,,,,,,,,,,
272,0.70000420332299,0.3099092836733218,1.2734375,0.7683146260678768,1.912568375468254,0.2621055096387863,0.41565770097076893,9.998033131915266e-05,0.2621055096387863,0.665114738047123,0.27889081463217735,0.8803209438920021,0.6014301292598248,512,0.0006499523296952248,0.0006499523296952248,0.02,21319,0.70000420332299,21319,21320,42639,-1,21319,36577
273,0.70000420332299,0.3108343996107578,1.140625,0.5130861476063728,1.267774559557438,0.25900428369641304,0.28703190200030804,9.99777960909317e-05,0.25900428369641304,0.6626513600349426,0.4361848197877407,1.3249799609184265,0.8887951411306858,512,,,,,,,,,,,
274,0.70000420332299,0.3117580517574592,1.1640625,0.6688016094267368,1.7199825048446655,0.32102471590042114,0.3066889736801386,9.997510725934773e-05,0.32102471590042114,0.6595629826188087,0.24095168709754944,1.7297217324376106,1.4887700453400612,512,,,,,,,,,,,
275,0.70000420332299,0.31268024127240535,1.1953125,0.55082031711936,1.3806769028306007,0.2512052785605192,0.2884755488485098,9.997226483266471e-05,0.2512052785605192,0.6713110059499741,0.26597999036312103,0.9763367250561714,0.7103567346930504,512,,,,,,,,,,,
276,0.70000420332299,0.31360096931457515,1.1796875,0.8231628388166428,2.101334348320961,0.25418937020003796,0.3930984064936638,9.996926881961862e-05,0.25418937020003796,0.6769995167851448,0.23683548718690872,1.343381829559803,1.1065463423728943,512,,,,,,,,,,,
277,0.70000420332299,0.314520237042948,1.203125,0.5861602835357189,1.4730034321546555,0.30092315934598446,0.3032397869974375,9.996611922941747e-05,0.30092315934598446,0.6610839739441872,0.19344594329595566,1.4670254364609718,1.2735794931650162,512,,,,,,,,,,,
278,0.70000420332299,0.3154380456165032,4.125,0.5911392122507095,1.480379119515419,0.4293627291917801,0.3109517805278301,9.996281607174138e-05,0.4293627291917801,0.6427270397543907,1.1210570856928825,1.9771158993244171,0.8560588136315346,512,,,,,,,,,,,
279,0.70000420332299,0.31635439619421957,1.234375,0.6909800097346306,1.7340788841247559,0.2671312242746353,0.3597998209297657,9.995935935674234e-05,0.2671312242746353,0.6672656089067459,0.37320736795663834,1.6012876108288765,1.2280802428722382,512,,,,,,,,,,,
280,0.70000420332299,0.3172692899350766,1.390625,0.5292958170175552,1.2520877048373222,0.32311665639281273,0.35183897614479065,9.995574909504435e-05,0.32311665639281273,0.6642040908336639,0.3630784973502159,1.8516170531511307,1.4885385558009148,512,0.0007087183184921741,0.0007087183184921741,0.02,28402,0.70000420332299,28402,28402,56804,0,28402,43674
281,0.70000420332299,0.31818272799805364,1.265625,0.5378439463675022,1.3308461979031563,0.25826639495790005,0.29898387007415295,9.995198529774328e-05,0.25826639495790005,0.671157218515873,0.2146664410829544,1.0031504705548286,0.7884840294718742,512,,,,,,,,,,,
282,0.70000420332299,0.3190947115421295,1.2578125,0.42221031337976456,1.047076091170311,0.30710880644619465,0.23234905488789082,9.994806797640692e-05,0.30710880644619465,0.6402783021330833,0.06488039717078209,1.2009747996926308,1.1360944025218487,512,,,,,,,,,,,
283,0.70000420332299,0.3200052417262836,1.25,0.6675836406648159,1.678229384124279,0.24083491787314415,0.34475127421319485,9.99439971430749e-05,0.24083491787314415,0.6791015490889549,0.29764118790626526,0.9741651862859726,0.6765239983797073,512,,,,,,,,,,,
284,0.70000420332299,0.3209143197094953,1.34375,0.7572736889123917,1.857674665749073,0.21752754598855972,0.43709393963217735,9.993977281025862e-05,0.21752754598855972,0.6721484214067459,0.24040982499718666,1.0350099876523018,0.7946001626551151,512,,,,,,,,,,,
285,0.70000420332299,0.3218219466507435,0.90234375,0.7861695662140846,1.9783572033047676,0.2219848958775401,0.4039747640490532,9.99353949909413e-05,0.2219848958775401,0.696281723678112,0.18946637958288193,1.4348145797848701,1.2453482002019882,512,,,,,,,,,,,
286,0.70000420332299,0.3227281237090075,1.03125,0.6473641097545624,1.6477406919002533,0.30294291861355305,0.31396864354610443,9.99308636985779e-05,0.30294291861355305,0.6701293885707855,0.25275763124227524,2.557587794959545,2.30483016371727,512,,,,,,,,,,,
287,0.70000420332299,0.3236328520432667,2.6875,0.6510296501219273,1.6712745651602745,0.27922521717846394,0.3015424218028784,9.992617894709497e-05,0.27922521717846394,0.665336899459362,0.25041674822568893,1.4074261710047722,1.1570094227790833,512,,,,,,,,,,,
288,0.7000042721306606,0.3245361328125,1.1171875,0.7960370779037476,1.9929779320955276,0.27354357577860355,0.41925553791224957,9.992134075089084e-05,0.27354357577860355,0.6808251887559891,0.2997780293226242,1.1762770786881447,0.8764990493655205,512,0.0009641639771871269,0.0009641639771871269,0.02,17272,0.7000042721306606,17272,17272,34544,0,17272,32782
289,0.7000042721306606,0.32543796717568674,1.1171875,0.48176945000886917,1.2040034234523773,0.24604583904147148,0.2559039108455181,9.991634912483533e-05,0.24604583904147148,0.6887939423322678,0.22153214365243912,1.4771274700760841,1.255595326423645,512,,,,,,,,,,,
290,0.7000042721306606,0.3263383562918063,1.1484375,0.7036341093480587,1.7556383535265923,0.26323542930185795,0.376586114987731,9.991120408426991e-05,0.26323542930185795,0.6884472295641899,0.4292897619307041,1.5729606598615646,1.1436708979308605,512,,,,,,,,,,,
291,0.7000042721306606,0.3272373013198375,1.15625,0.880088672041893,2.2159695997834206,0.2535130064934492,0.45096558704972267,9.990590564500746e-05,0.2535130064934492,0.6785400286316872,0.30343909561634064,1.4688807800412178,1.1654416844248772,512,,,,,,,,,,,
292,0.7000042721306606,0.32813480341875984,1.1796875,0.4253484532237053,1.0320287719368935,0.22445815056562424,0.2569058761000633,9.990045382333242e-05,0.22445815056562424,0.6873046904802322,0.16007628291845322,0.9071976095438004,0.7471213266253471,512,,,,,,,,,,,
293,0.7000042721306606,0.3290308637475526,0.98828125,0.6969241909682751,1.7528967559337616,0.24947002157568932,0.35899464413523674,9.989484863600057e-05,0.24947002157568932,0.6643383502960205,0.17216818779706955,0.9893423989415169,0.8171742111444473,512,,,,,,,,,,,
294,0.7000042721306606,0.3299254834651947,0.984375,0.5003918968141079,1.2463585659861565,0.24572334624826908,0.26998044177889824,9.988909010023908e-05,0.24572334624826908,0.6772167906165123,0.2756308540701866,1.2750808149576187,0.9994499608874321,512,,,,,,,,,,,
295,0.7000042721306606,0.33081866373066543,2.421875,0.6893162317574024,1.725615680217743,0.2260064072906971,0.36322132870554924,9.988317823374643e-05,0.2260064072906971,0.6922973543405533,0.43375633656978607,1.5262633934617043,1.0925070568919182,512,,,,,,,,,,,
296,0.7000042721306606,0.33171040570294424,1.1328125,0.6914061717689037,1.7425879761576653,0.2623363398015499,0.3525820914655924,9.987711305469231e-05,0.2623363398015499,0.674692377448082,0.3327294960618019,1.951459914445877,1.6187304183840752,512,0.0008519911207258701,0.0008519911207258701,0.02,19502,0.7000042721306606,19502,19502,39004,0,19502,35013
297,0.7000042721306606,0.33260071054100987,1.078125,0.43920742720365524,1.0886769890785217,0.22931363806128502,0.24225454591214657,9.987089458171765e-05,0.22931363806128502,0.6812451109290123,0.36987585574388504,1.116556040942669,0.7466801851987839,512,,,,,,,,,,,
298,0.7000042721306606,0.33348957940384183,1.2109375,0.8732551001012325,2.190289832651615,0.3021449111402035,0.4559375997632742,9.986452283393452e-05,0.3021449111402035,0.6599853411316872,0.3255547992885113,1.6281081587076187,1.3025533594191074,512,,,,,,,,,,,
299,0.7000042721306606,0.3343770134504195,1.25,0.6692329905927181,1.6952625140547752,0.24391460977494717,0.33271612226963043,9.985799783092603e-05,0.24391460977494717,0.6825634688138962,0.17218409478664398,0.823087178170681,0.650903083384037,512,,,,,,,,,,,
300,0.7000042721306606,0.3352630138397217,1.3046875,0.7549276500940323,1.9250718504190445,0.3134670630097389,0.3625875748693943,9.985131959274637e-05,0.3134670630097389,0.6695947200059891,0.15924383699893951,2.584708482027054,2.4254646450281143,512,,,,,,,,,,,
301,0.7000042721306606,0.3361475817307278,2.5625,0.6458420529961586,1.6160559803247452,0.3143906220793724,0.3410411197692156,9.98444881399206e-05,0.3143906220793724,0.658901359885931,-0.13644219562411308,1.8485375456511974,1.9849797412753105,512,,,,,,,,,,,
302,0.7000042721306606,0.33703071828241704,1.171875,0.8250112012028694,2.0682646110653877,0.27436086907982826,0.43176926486194134,9.983750349344476e-05,0.27436086907982826,0.6596484258770943,0.387569360435009,2.0296885669231415,1.6421192064881325,512,,,,,,,,,,,
303,0.7000042721306606,0.33791242465376853,1.1015625,0.48920557647943497,1.219366304576397,0.23721305467188358,0.26307476684451103,9.983036567478567e-05,0.23721305467188358,0.6969555467367172,0.3216094374656677,1.9419558197259903,1.6203463822603226,512,,,,,,,,,,,
304,0.7000042721306606,0.3387927020037615,1.1484375,0.8910970017313957,2.2785283103585243,0.2585868928581476,0.42176550067961216,9.982307470588098e-05,0.2585868928581476,0.6689037978649139,0.3534509763121605,3.005636766552925,2.6521857902407646,512,0.0007668217294849455,0.0007668217294849455,0.02,20147,0.7000042721306606,20147,20147,40294,0,20147,35647
305,0.7000042721306606,0.3396715514913753,1.203125,0.6951384246349335,1.7599791064858437,0.23580059595406055,0.34650086238980293,9.98156306091389e-05,0.23580059595406055,0.6704101487994194,0.26630278676748276,0.8947670497000217,0.628464262932539,512,,,,,,,,,,,
306,0.7000042721306606,0.34054897427558894,1.078125,0.9223222061991692,2.3319809436798096,0.21954793483018875,0.4629348237067461,9.980803340743843e-05,0.21954793483018875,0.6855834946036339,0.1619229018688202,1.0635625571012497,0.9016396552324295,512,,,,,,,,,,,
307,0.7000042721306606,0.3414249715153817,1.0234375,0.6270580627024174,1.5830310359597206,0.28651401959359646,0.3171448316425085,9.980028312412904e-05,0.28651401959359646,0.668076179921627,0.35556136816740036,1.1982770785689354,0.842715710401535,512,,,,,,,,,,,
308,0.7000042721306606,0.3422995443697329,2.34375,0.6069100871682167,1.4894176721572876,0.29189482145011425,0.34970371797680855,9.979237978303066e-05,0.29189482145011425,0.6731591820716858,0.5688188709318638,2.052693907171488,1.483875036239624,512,,,,,,,,,,,
309,0.7000042721306606,0.3431726939976215,1.0234375,0.5841906145215034,1.4761898517608643,0.2436394039541483,0.2940846346318722,9.978432340843372e-05,0.2436394039541483,0.6836718544363976,0.22529689222574234,1.3599462434649467,1.1346493512392044,512,,,,,,,,,,,
310,0.7000042721306606,0.3440444215580269,0.98828125,0.5381296686828136,1.3649145737290382,0.2677803002297878,0.26578134298324585,9.977611402509892e-05,0.2677803002297878,0.6801757663488388,0.24542467296123505,1.1544567719101906,0.9090320989489555,512,,,,,,,,,,,
311,0.7000042721306606,0.34491472820992825,0.91015625,0.5849304012954235,1.471658542752266,0.18269758578389883,0.30085776187479496,9.976775165825725e-05,0.18269758578389883,0.6943090707063675,0.15710749849677086,1.427597500383854,1.270490001887083,512,,,,,,,,,,,
312,0.7000042724058914,0.34578361511230465,1.1171875,0.8844275586307049,2.25203987210989,0.24973783642053604,0.4280435536056757,9.975923633360985e-05,0.24973783642053604,0.6723778992891312,0.2725025415420532,1.0632583126425743,0.7907557711005211,512,0.0010469938861206174,0.0010469938861206174,0.02,17927,0.7000042724058914,17927,17926,35853,1,17927,33422
313,0.7000042724058914,0.3466510834241354,1.0390625,0.5984376668930054,1.5143947675824165,0.21862071193754673,0.29905265755951405,9.975056807732802e-05,0.21862071193754673,0.6815966591238976,0.19440552219748497,1.183789111673832,0.989383589476347,512,,,,,,,,,,,
314,0.7000042724058914,0.34751713430439984,0.96875,0.6645271703600883,1.6609794795513153,0.1970217488706112,0.35273914225399494,9.974174691605305e-05,0.1970217488706112,0.6793334782123566,0.18170784786343575,0.7802096307277679,0.5985017828643322,512,,,,,,,,,,,
315,0.7000042724058914,0.34838176891207695,1.0625,0.6060372404754162,1.507422886788845,0.2635718770325184,0.3290535658597946,9.973277287689618e-05,0.2635718770325184,0.6730688288807869,0.28264135122299194,1.1583559401333332,0.8757145889103413,512,,,,,,,,,,,
316,0.7000042724058914,0.34924498840614593,1.109375,0.7474012412130833,1.8968759775161743,0.2746795676648617,0.36797620356082916,9.97236459874385e-05,0.2746795676648617,0.6737841442227364,0.22093206644058228,1.639591559767723,1.4186594933271408,512,,,,,,,,,,,
317,0.7000042724058914,0.3501067939455863,0.98828125,0.5005752705037594,1.2498159408569336,0.27192511409521103,0.2670787386596203,9.971436627573092e-05,0.27192511409521103,0.6796826347708702,0.1777261607348919,1.7834972888231277,1.6057711280882359,512,,,,,,,,,,,
318,0.7000042724058914,0.3509671866893768,1.171875,0.5599759742617607,1.3525448888540268,0.23393580690026283,0.34435190819203854,9.970493377029396e-05,0.23393580690026283,0.6746874824166298,0.2047526314854622,1.255729041993618,1.0509764105081558,512,,,,,,,,,,,
319,0.7000042724058914,0.35182616779649695,1.25,0.6844218298792839,1.7327548936009407,0.255886260420084,0.34125055000185966,9.969534850011782e-05,0.255886260420084,0.6709399297833443,0.27474795281887054,1.0479159280657768,0.7731679752469063,512,,,,,,,,,,,
320,0.7000043670852463,0.35268373842592593,1.234375,0.8626885935664177,2.2048544883728027,0.18534036166965961,0.4093533232808113,9.968561049466214e-05,0.18534036166965961,0.6924658194184303,0.07506027817726135,1.4458499103784561,1.3707896322011948,512,0.0008499478572048247,0.0008499478572048247,0.02,19649,0.7000043670852463,19649,19650,39299,-1,19649,35499
321,0.7000043670852463,0.3535398997366428,5.53125,0.722042877227068,1.8487604185938835,0.45360109210014343,0.3392482325434685,9.967571978385604e-05,0.45360109210014343,0.6478076055645943,0.049681030213832855,1.766600340604782,1.7169193103909492,512,,,,,,,,,,,
322,0.7000043670852463,0.3543946528876269,1.09375,0.5647622533142567,1.4200316071510315,0.24208391271531582,0.2913690861314535,9.966567639809795e-05,0.24208391271531582,0.6763183549046516,0.36887917667627335,1.3746339082717896,1.0057547315955162,512,,,,,,,,,,,
323,0.7000043670852463,0.3552479990378574,1.6875,0.684504110366106,1.7292748466134071,0.26843541488051414,0.3449799958616495,9.965548036825554e-05,0.26843541488051414,0.6816039904952049,0.23051155358552933,1.7012989968061447,1.4707874432206154,512,,,,,,,,,,,
324,0.7000043670852463,0.35609993934631345,1.0390625,0.8363864570856094,2.138602837920189,0.2987603638321161,0.39590152353048325,9.964513172566561e-05,0.2987603638321161,0.6726806536316872,0.3871881030499935,1.8441906347870827,1.4570025317370892,512,,,,,,,,,,,
325,0.7000043670852463,0.35695047497197424,0.96484375,0.6279978528618813,1.594601683318615,0.24814323708415031,0.3084220886230469,9.9634630502134e-05,0.24814323708415031,0.6818701028823853,0.383106030523777,1.5913069918751717,1.2082009613513947,512,,,,,,,,,,,
326,0.7000043670852463,0.35779960707381925,0.9609375,0.8817128129303455,2.241104692220688,0.28331491351127625,0.43075224570930004,9.96239767299355e-05,0.28331491351127625,0.6799706816673279,0.23498303443193436,1.6663257107138634,1.431342676281929,512,,,,,,,,,,,
327,0.7000043670852463,0.3586473368108272,0.97265625,0.6229453645646572,1.5880749821662903,0.23885675333440304,0.2996381502598524,9.96131704418138e-05,0.23885675333440304,0.6855712905526161,0.24639056622982025,1.598217897117138,1.3518273308873177,512,,,,,,,,,,,
328,0.7000043668100157,0.3594936653419777,0.92578125,0.62405876070261,1.5526165440678596,0.2629009075462818,0.3384705036878586,9.960221167098124e-05,0.2629009075462818,0.6671557426452637,0.2574160620570183,1.320097852498293,1.0626817904412746,512,0.0006870348588563502,0.0006870348588563502,0.02,20221,0.7000043668100157,20221,20222,40443,-1,20221,36041
329,0.7000043668100157,0.36033859382624983,15.5625,0.762150626629591,1.9384959042072296,0.23817456886172295,0.3710513189435005,9.959110045111887e-05,0.23817456886172295,0.678969718515873,0.03955162689089775,1.4736161530017853,1.4340645261108875,512,,,,,,,,,,,
330,0.7000043668100157,0.3611821234226227,1.1484375,0.4551954846829176,1.158751867711544,0.23384235613048077,0.2206283137202263,9.957983681637631e-05,0.23384235613048077,0.6835815235972404,0.18842455744743347,1.2774971798062325,1.089072622358799,512,,,,,,,,,,,
331,0.7000043668100157,0.36202425529007554,4.125,0.6850413866341114,1.7129037827253342,0.4893767237663269,0.36297917552292347,9.956842080137154e-05,0.4893767237663269,0.6538085676729679,0.11120007187128067,1.3470437750220299,1.2358437031507492,512,,,,,,,,,,,
332,0.7000043668100157,0.3628649905875877,1.203125,0.9297549203038216,2.331496797502041,0.20611506327986717,0.4859422370791435,9.955685244119091e-05,0.20611506327986717,0.6874707117676735,0.34568600356578827,1.207782693207264,0.8620966896414757,512,,,,,,,,,,,
333,0.7000043668100157,0.36370433047413825,2.453125,0.5471677668392658,1.375950537621975,0.34568071365356445,0.2821335196495056,9.9545131771389e-05,0.34568071365356445,0.640510231256485,0.9633700773119926,1.9168677106499672,0.9534976333379745,512,,,,,,,,,,,
334,0.7000043668100157,0.3645422761087064,1.109375,0.6564663909375668,1.6777517944574356,0.2183068599551916,0.31154022738337517,9.95332588279885e-05,0.2183068599551916,0.6929003745317459,0.0577516183257103,1.6160092204809189,1.5582576021552086,512,,,,,,,,,,,
335,0.7000043668100157,0.3653788286502715,1.03125,0.49404311552643776,1.2442636340856552,0.28205855935811996,0.2528366707265377,9.952123364748005e-05,0.28205855935811996,0.6841674521565437,0.2724371924996376,2.160231277346611,1.8877940848469734,512,,,,,,,,,,,
336,0.7000043668100157,0.36621398925781246,0.9609375,0.686919093132019,1.7668191641569138,0.22834018804132938,0.3147537726908922,9.950905626682228e-05,0.22834018804132938,0.6851879730820656,0.2529704123735428,1.0564469322562218,0.803476519882679,512,0.0008512508356943727,0.0008512508356943727,0.02,23840,0.7000043668100157,23840,23840,47680,0,23840,39685
337,0.7000043668100157,0.36704775909030873,1.0390625,0.44316503405570984,1.0852293819189072,0.2065578307956457,0.25769490748643875,9.949672672344153e-05,0.2065578307956457,0.6970043554902077,0.2196338027715683,1.0043026730418205,0.7846688702702522,512,,,,,,,,,,,
338,0.7000043668100157,0.3678801393067395,1.125,0.8551318906247616,2.1730875596404076,0.21385885775089264,0.41822111792862415,9.948424505523179e-05,0.21385885775089264,0.693374015390873,-0.011051837354898453,1.4296085461974144,1.4406603835523129,512,,,,,,,,,,,
339,0.7000043668100157,0.3687111310660839,1.0859375,0.784128051251173,2.006549023091793,0.2819648701697588,0.3695965074002743,9.947161130055463e-05,0.2819648701697588,0.679868146777153,0.23814310133457184,2.3322573751211166,2.094114273786545,512,,,,,,,,,,,
340,0.7000043668100157,0.3695407355273211,1.15625,0.4562760256230831,1.1275473684072495,0.26572096161544323,0.2551071923226118,9.945882549823906e-05,0.26572096161544323,0.6776318103075027,0.4670550599694252,1.7852449268102646,1.3181898668408394,512,,,,,,,,,,,
341,0.7000043668100157,0.3703689538494304,1.1484375,0.5002619586884975,1.2589619420468807,0.2764296066015959,0.25698330253362656,9.944588768758134e-05,0.2764296066015959,0.6842089742422104,0.11308319866657257,1.2389611527323723,1.1258779540657997,512,,,,,,,,,,,
342,0.7000043668100157,0.37119578719139096,2.625,0.45431846007704735,1.1476913914084435,0.3392317797988653,0.22903116419911385,9.943279790834499e-05,0.3392317797988653,0.6641454994678497,-0.18061160296201706,1.683369129896164,1.863980732858181,512,,,,,,,,,,,
343,0.7000043668100157,0.3720212367121819,1.0625,0.6580946072936058,1.6529547572135925,0.1928337700664997,0.3412711936980486,9.941955620076052e-05,0.1928337700664997,0.6893212795257568,0.29967519640922546,1.2582126781344414,0.9585374817252159,512,,,,,,,,,,,
344,0.7000043668100157,0.3728453035707827,1.0234375,0.6963645555078983,1.8026939779520035,0.2388344258069992,0.30750158801674843,9.940616260552544e-05,0.2388344258069992,0.6811718717217445,0.3734400309622288,1.621994972229004,1.2485549412667751,512,0.0008120228303596377,0.0008120228303596377,0.02,19613,0.7000043668100157,19613,19613,39226,0,19613,35419
345,0.7000043668100157,0.37366798892617226,1.125,0.5028573535382748,1.2695565149188042,0.23443451523780823,0.2542536072432995,9.939261716380406e-05,0.23443451523780823,0.677299790084362,0.14516104012727737,1.248827040195465,1.1036660000681877,512,,,,,,,,,,,
346,0.7000043668100157,0.3744892939373299,1.4453125,0.903873972594738,2.2795604318380356,0.3038595411926508,0.45945148915052414,9.937891991722736e-05,0.3038595411926508,0.6814379766583443,0.42467326670885086,1.8182303160429,1.3935570493340492,512,,,,,,,,,,,
347,0.7000043668100157,0.37530921976323484,1.0859375,0.5949754267930984,1.509043350815773,0.24948435463011265,0.29391240514814854,9.936507090789293e-05,0.24948435463011265,0.6830810382962227,0.3839889355003834,1.4921134561300278,1.1081245206296444,512,,,,,,,,,,,
348,0.7000043668100157,0.3761277675628662,0.9765625,0.5394081436097622,1.3598652929067612,0.27703310921788216,0.2747047729790211,9.935107017836471e-05,0.27703310921788216,0.6825732216238976,0.31149663031101227,1.5248170420527458,1.2133204117417336,512,,,,,,,,,,,
349,0.7000043668100157,0.3769449384952032,1.1484375,0.4062567353248596,1.026024453341961,0.22010652162134647,0.20505651831626892,9.933691777167302e-05,0.22010652162134647,0.6926733255386353,0.09962840378284454,0.8151297047734261,0.7155013009905815,512,,,,,,,,,,,
350,0.7000043668100157,0.37776073371922525,1.015625,0.714141096919775,1.8353090435266495,0.21252895332872868,0.32875476963818073,9.932261373131433e-05,0.21252895332872868,0.6851269379258156,0.21257468312978745,1.2137256488204002,1.0011509656906128,512,,,,,,,,,,,
351,0.7000043668100157,0.3785751543939113,1.125,0.7380472123622894,1.8751381859183311,0.24462583288550377,0.361368453130126,9.930815810125113e-05,0.24462583288550377,0.6869360208511353,0.2967686727643013,1.317925825715065,1.0211571529507637,512,,,,,,,,,,,
352,0.7000044669939842,0.37938820167824067,0.98046875,0.5369722731411457,1.3583757877349854,0.27161202020943165,0.26881283707916737,9.92935509259118e-05,0.27161202020943165,0.6876440122723579,0.0731498971581459,1.5273705944418907,1.4542206972837448,512,0.000525664770975709,0.000525664770975709,0.02,17627,0.7000044669939842,17627,17627,35254,0,17627,33780
353,0.7000044669939842,0.38019987673119265,0.9921875,0.48600251972675323,1.2118498012423515,0.27561366744339466,0.26088506542146206,9.927879225019052e-05,0.27561366744339466,0.6769262701272964,0.3251347877085209,1.1611854657530785,0.8360506780445576,512,,,,,,,,,,,
354,0.7000044669939842,0.3810101807117462,1.0390625,0.5115493983030319,1.3059902265667915,0.26003593020141125,0.24415943957865238,9.926388211944706e-05,0.26003593020141125,0.6811572015285492,0.32556336373090744,2.0742292404174805,1.748665876686573,512,,,,,,,,,,,
355,0.7000044669939842,0.3818191147788807,1.0625,0.800113208591938,2.020069368183613,0.31452222168445587,0.4045160450041294,9.924882057950672e-05,0.31452222168445587,0.6709179729223251,0.2807442471385002,2.8825206980109215,2.6017764508724213,512,,,,,,,,,,,
356,0.7000044669939842,0.38262668009157536,1.203125,0.850684680044651,2.1503743529319763,0.2843016739934683,0.42745788395404816,9.923360767666011e-05,0.2843016739934683,0.6745678558945656,0.39387165755033493,2.4204646348953247,2.0265929773449898,512,,,,,,,,,,,
357,0.7000044669939842,0.38343287780880925,1.0703125,0.5754489302635193,1.4594283029437065,0.2760505676269531,0.28435625322163105,9.921824345766304e-05,0.2760505676269531,0.6836620941758156,0.4131302572786808,1.730549395084381,1.3174191378057003,512,,,,,,,,,,,
358,0.7000044669939842,0.3842377090895617,0.984375,0.6137029342353344,1.572488397359848,0.22197421826422215,0.287217378616333,9.920272796973642e-05,0.22197421826422215,0.6770727559924126,0.2825057618319988,1.1153649911284447,0.8328592292964458,512,,,,,,,,,,,
359,0.7000044669939842,0.38504117509281194,0.953125,0.4865836799144745,1.2214524075388908,0.2112641353160143,0.2530435398221016,9.918706126056602e-05,0.2112641353160143,0.6926537975668907,0.3033919036388397,1.8388643711805344,1.5354724675416946,512,,,,,,,,,,,
360,0.7000044669939842,0.38584327697753906,1.0546875,0.7917856648564339,1.9980586990714073,0.23664873279631138,0.4012916646897793,9.917124337830243e-05,0.23664873279631138,0.6731933504343033,0.26865120977163315,1.8205685764551163,1.5519173666834831,512,0.0007890271372161806,0.0007890271372161806,0.02,22252,0.7000044669939842,22252,22252,44504,0,22252,38447
361,0.7000044669939842,0.38664401590272224,1.03125,0.6485478617250919,1.635735735297203,0.2661839947104454,0.32956076972186565,9.915527437156083e-05,0.2661839947104454,0.6866454929113388,0.18773232772946358,1.1212326139211655,0.9335002861917019,512,,,,,,,,,,,
362,0.7000044669939842,0.387443393027341,1.0703125,0.6642115972936153,1.6853207871317863,0.29071336425840855,0.32744152657687664,9.913915428942087e-05,0.29071336425840855,0.6881787031888962,0.17266478016972542,2.1976837664842606,2.025018986314535,512,,,,,,,,,,,
363,0.7000044669939842,0.38824140951037406,1.5234375,0.44957106187939644,1.1303341686725616,0.2966152671724558,0.23200234398245811,9.912288318142653e-05,0.2966152671724558,0.6644116044044495,-0.2866162657737732,1.6381172090768814,1.9247334748506546,512,,,,,,,,,,,
364,0.7000044669939842,0.3890380665108009,1.1640625,0.7249523028731346,1.839670591056347,0.2224967312067747,0.35715443082153797,9.910646109758596e-05,0.2224967312067747,0.6895507872104645,0.2625785507261753,1.0472216978669167,0.7846431471407413,512,,,,,,,,,,,
365,0.7000044669939842,0.3898333651876008,1.484375,0.7675745375454426,1.9500450566411018,0.21704433858394623,0.37593827582895756,9.908988808837132e-05,0.21704433858394623,0.6911987215280533,0.31095806136727333,1.228411503136158,0.9174534417688847,512,,,,,,,,,,,
366,0.7000044669939842,0.39062730669975276,1.1484375,0.8913688585162163,2.2552738934755325,0.24911578744649887,0.44584375992417336,9.907316420471863e-05,0.24911578744649887,0.6859204098582268,0.3057742863893509,1.161631591618061,0.8558573052287102,512,,,,,,,,,,,
367,0.7000044669939842,0.39141989220623613,1,0.661299142986536,1.678861677646637,0.21335368789732456,0.32507502660155296,9.905628949802761e-05,0.21335368789732456,0.6827172636985779,0.20867624878883362,0.9001929610967636,0.69151671230793,512,,,,,,,,,,,
368,0.7000044669939842,0.3922111228660301,1.1875,0.5201146453619003,1.3364141434431076,0.23615806736052036,0.23969076946377754,9.903926402016153e-05,0.23615806736052036,0.6759399175643921,0.2143934965133667,1.4956863969564438,1.281292900443077,512,0.0007974685286171734,0.0007974685286171734,0.02,20280,0.7000044669939842,20280,20280,40560,0,20280,36475
369,0.7000044669939842,0.39300099983811376,1.3984375,0.44742700085043907,1.1228479966521263,0.2630889881402254,0.23299135267734528,9.902208782344702e-05,0.2630889881402254,0.6909423843026161,0.49221525341272354,2.0561598315835,1.5639445781707764,512,,,,,,,,,,,
370,0.7000044669939842,0.39378952428146635,1.546875,0.8003536053001881,1.9959027841687202,0.23381087556481361,0.4294110704213381,9.900476096067398e-05,0.23381087556481361,0.6871191412210464,0.2923845201730728,1.276774175465107,0.9843896552920341,512,,,,,,,,,,,
371,0.7000044669939842,0.39457669735506734,1.09375,0.6019782274961472,1.4744877368211746,0.3046921342611313,0.3496886510401964,9.898728348509534e-05,0.3046921342611313,0.6616674587130547,0.3328281007707119,1.811754696071148,1.478926595300436,512,,,,,,,,,,,
372,0.7000044669939842,0.3953625202178955,1.046875,0.5368702635169029,1.337085835635662,0.26559162698686123,0.2897936888039112,9.89696554504269e-05,0.26559162698686123,0.6777099370956421,0.3242291435599327,2.2534282878041267,1.929199144244194,512,,,,,,,,,,,
373,0.7000044669939842,0.3961469940289303,1.1328125,0.6490560173988342,1.6622808277606964,0.23646556958556175,0.3045555055141449,9.89518769108473e-05,0.23646556958556175,0.6918896287679672,0.18887760490179062,0.8907633200287819,0.7018857151269913,512,,,,,,,,,,,
374,0.7000044669939842,0.39693011994715094,1.234375,0.5894625373184681,1.5035702511668205,0.23135171830654144,0.28267980739474297,9.893394792099762e-05,0.23135171830654144,0.6984985172748566,0.16004883497953415,0.9685090482234955,0.8084602132439613,512,,,,,,,,,,,
375,0.7000044669939842,0.3977118991315365,0.9140625,0.4934919886291027,1.2402820214629173,0.21117388736456633,0.25514818355441093,9.891586853598139e-05,0.21117388736456633,0.6985912919044495,0.2675666958093643,1.5070902071893215,1.2395235113799572,512,,,,,,,,,,,
376,0.7000044669939842,0.3984923327410662,1.046875,0.6386915817856789,1.5864441320300102,0.2262784969061613,0.34898485988378525,9.889763881136439e-05,0.2262784969061613,0.7037402093410492,0.2655545622110367,1.4099273681640625,1.1443728059530258,512,0.000728523067664355,0.000728523067664355,0.02,20763,0.7000044669939842,20763,20763,41526,0,20763,36968
377,0.7000044669939842,0.39927142193471943,1.671875,0.6267406232655048,1.5645961090922356,0.23077710159122944,0.33461785688996315,9.887925880317443e-05,0.23077710159122944,0.6826244965195656,0.4239068627357483,1.8501811772584915,1.4262743145227432,512,,,,,,,,,,,
378,0.7000044669939842,0.4000491678714752,1.0234375,0.6108727529644966,1.540372297167778,0.2631580922752619,0.3107571639120579,9.886072856790125e-05,0.2631580922752619,0.6705590710043907,0.369557972997427,1.3934316784143448,1.0238737054169178,512,,,,,,,,,,,
379,0.7000044669939842,0.40082557171031274,1.4609375,0.5254810601472855,1.3244406878948212,0.31784194335341454,0.2679261025041342,9.884204816249622e-05,0.31784194335341454,0.6747524440288544,0.31585195660591125,1.7241230383515358,1.4082710817456245,511.625,,,,,,,,,,,
380,0.7000044669939842,0.40160063461021145,1.0859375,0.7658461555838585,1.9678260684013367,0.21546918526291847,0.35291972756385803,9.882321764437234e-05,0.21546918526291847,0.6972631737589836,0.17511464282870293,0.9065723866224289,0.731457743793726,512,,,,,,,,,,,
381,0.7000044669939842,0.4023743577301502,1.1328125,0.7362798787653446,1.8764496818184853,0.2507221829146147,0.35470137000083923,9.880423707140391e-05,0.2507221829146147,0.7004467621445656,0.052438147366046906,1.7052942886948586,1.6528561413288116,512,,,,,,,,,,,
382,0.7000044669939842,0.4031467422291084,0.859375,0.7444885112345219,1.9081423431634903,0.22420766577124596,0.34788339398801327,9.878510650192643e-05,0.22420766577124596,0.6898974627256393,0.1742224022746086,1.7172378227114677,1.5430154204368591,512,,,,,,,,,,,
383,0.7000044669939842,0.4039177892660653,1.1328125,0.5493075996637344,1.3578897416591644,0.2223829235881567,0.3066786974668503,9.876582599473642e-05,0.2223829235881567,0.6783618181943893,0.2892330065369606,1.2415147721767426,0.952281765639782,512,,,,,,,,,,,
384,0.7000045823156403,0.4046875,1.0625,0.5759326480329037,1.4671608656644821,0.2495069745928049,0.2780895195901394,9.874639560909117e-05,0.2495069745928049,0.6729125902056694,0.2937176749110222,1.370106190443039,1.0763885155320168,512,0.0008302141795866191,0.0008302141795866191,0.02,22902,0.7000045823156403,22902,22900,45802,2,22902,39521
385,0.7000045823156403,0.4054558755898917,1.1875,0.4796151965856552,1.1990616470575333,0.2599856723099947,0.2543176729232073,9.872681540470872e-05,0.2599856723099947,0.6820239052176476,0.3505208417773247,1.3671842813491821,1.0166634395718575,512,,,,,,,,,,,
386,0.7000045823156403,0.4062229171947195,1.0546875,0.3628976307809353,0.9158571064472198,0.2746312525123358,0.18383263237774372,9.870708544176745e-05,0.2746312525123358,0.686101071536541,0.2457754798233509,1.8333192467689514,1.5875437669456005,512,,,,,,,,,,,
387,0.7000045823156403,0.406988625973463,1.046875,0.7812529951334,2.006145678460598,0.2598825506865978,0.3612875174731016,9.868720578090605e-05,0.2598825506865978,0.6836279258131981,0.1346086487174034,1.2470824643969536,1.1124738156795502,512,,,,,,,,,,,
388,0.7000045823156403,0.40775300308510115,1.2734375,0.5172613374888897,1.3014344051480293,0.2824894990772009,0.26602414064109325,9.866717648322335e-05,0.2824894990772009,0.6862817257642746,0.4755788557231426,1.7115323841571808,1.2359535284340382,512,,,,,,,,,,,
389,0.7000045823156403,0.4085160496886129,1.3828125,0.5797968246042728,1.4463055282831192,0.23034300655126572,0.3106544725596905,9.864699761027801e-05,0.23034300655126572,0.6642968729138374,0.19258959963917732,1.4898539930582047,1.2972643934190273,512,,,,,,,,,,,
390,0.7000045823156403,0.4092777669429779,0.98828125,0.6232563555240631,1.5850747004151344,0.1978354025632143,0.30358087457716465,9.862666922408843e-05,0.1978354025632143,0.6867236122488976,0.2553730905056,0.908487431704998,0.653114341199398,512,,,,,,,,,,,
391,0.7000045823156403,0.4100381560071752,1.375,0.6148527897894382,1.5587631836533546,0.24274125695228577,0.3044269736856222,9.860619138713254e-05,0.24274125695228577,0.6829321309924126,0.20720601826906204,1.0710284113883972,0.8638223931193352,512,,,,,,,,,,,
392,0.7000045823156403,0.41079721804018365,1,0.8118285872042179,2.0908023715019226,0.29572276026010513,0.36928420700132847,9.858556416234755e-05,0.29572276026010513,0.6816967725753784,0.10220467299222946,1.536798432469368,1.4345937594771385,512,0.0006998049793764949,0.0006998049793764949,0.02,31573,0.7000045823156403,31573,31573,63146,0,31573,48211
393,0.7000045823156403,0.41155495420098304,0.86328125,0.7487840540707111,1.9250937849283218,0.21189132891595364,0.3439487498253584,9.856478761312987e-05,0.21189132891595364,0.683420404791832,0.1638873554766178,0.9516153298318386,0.7877279743552208,512,,,,,,,,,,,
394,0.7000045823156403,0.41231136564855225,2.140625,0.6297137215733528,1.593846134841442,0.19640612322837114,0.31437716633081436,9.854386180333479e-05,0.19640612322837114,0.6952343583106995,0.253919031471014,1.0951280817389488,0.8412090502679348,512,,,,,,,,,,,
395,0.7000045823156403,0.4130664535418703,0.91796875,0.43134618550539017,1.0824474915862083,0.23004956543445587,0.22466211579740047,9.852278679727635e-05,0.23004956543445587,0.6909472495317459,0.21907296776771545,1.5489664673805237,1.3298934996128082,512,,,,,,,,,,,
396,0.7000045823156403,0.41382021903991695,0.8203125,0.495550449937582,1.281348392367363,0.2212533364072442,0.2203195709735155,9.850156265972721e-05,0.2212533364072442,0.6784838810563087,0.36555978283286095,1.7146741598844528,1.3491143770515919,512,,,,,,,,,,,
397,0.7000045823156403,0.4145726633016711,1,0.5437707304954529,1.3976090922951698,0.2550594341009855,0.2501809559762478,9.848018945591826e-05,0.2550594341009855,0.677983395755291,0.4552416354417801,1.5291492119431496,1.0739075765013695,512,,,,,,,,,,,
398,0.7000045823156403,0.41532378748611154,1.21875,0.5564567241817713,1.429733820259571,0.22340510413050652,0.2564986217767,9.84586672515386e-05,0.22340510413050652,0.691520981490612,0.2261995393782854,1.3035329207777977,1.0773333813995123,512,,,,,,,,,,,
399,0.7000045823156403,0.4160735927522182,1.15625,0.7163758836686611,1.8450741916894913,0.25273237749934196,0.3257617633789778,9.84369961127353e-05,0.25273237749934196,0.6934570223093033,0.16876256838440895,1.1599947661161423,0.9912321977317333,512,,,,,,,,,,,
400,0.7000045823156403,0.41682208025896994,1.21875,0.8480670973658562,2.1694174706935883,0.2599754612892866,0.40048270486295223,9.841517610611309e-05,0.2599754612892866,0.6909350603818893,0.19990837574005127,1.0716863423585892,0.8717779666185379,512,0.0007558065699413419,0.0007558065699413419,0.02,27784,0.7000045823156403,27784,27784,55568,0,27784,44373
401,0.7000045823156403,0.4175692511653458,1.5234375,0.7263275198638439,1.8341584727168083,0.2630951274186373,0.3668338693678379,9.839320729873428e-05,0.2630951274186373,0.6806078851222992,0.14840854704380035,1.7568075954914093,1.608399048447609,512,,,,,,,,,,,
402,0.7000045823156403,0.4183151066303253,1.03125,0.5891792513430119,1.48362897336483,0.23083009291440248,0.3017626963555813,9.837108975811854e-05,0.23083009291440248,0.6973583847284317,0.25551319867372513,2.0905903354287148,1.8350771367549896,512,,,,,,,,,,,
403,0.7000045823156403,0.4190596478128875,1.015625,0.4451369345188141,1.1193948909640312,0.21480603329837322,0.22950483672320843,9.834882355224261e-05,0.21480603329837322,0.7098730206489563,0.2561231404542923,1.3456171751022339,1.0894940346479416,512,,,,,,,,,,,
404,0.7000045823156403,0.4198028758720114,0.95703125,0.7045907601714134,1.7957497239112854,0.2282685451209545,0.3393737059086561,9.832640874954016e-05,0.2282685451209545,0.6748046875,0.16756069287657738,1.3583224713802338,1.1907617785036564,512,,,,,,,,,,,
405,0.7000045823156403,0.4205447919666767,0.98046875,0.6060865335166454,1.5518730580806732,0.2618580013513565,0.28475277684628963,9.830384541890159e-05,0.2618580013513565,0.6770678758621216,0.23639318346977234,1.0734715312719345,0.8370783478021622,512,,,,,,,,,,,
406,0.7000045823156403,0.4212853972558623,1.421875,0.6659996844828129,1.7019999772310257,0.24684459064155817,0.316180769354105,9.828113362967372e-05,0.24684459064155817,0.6749120876193047,0.6222605034708977,1.5654060021042824,0.9431454986333847,512,,,,,,,,,,,
407,0.7000045823156403,0.4220246928985471,1.1171875,0.5841125547885895,1.4636141955852509,0.3263939004391432,0.3064238056540489,9.825827345165972e-05,0.3263939004391432,0.6704003885388374,0.45884745568037033,1.586532473564148,1.1276850178837776,512,,,,,,,,,,,
408,0.7000045820404097,0.4227626800537109,0.87890625,0.599905826151371,1.5020764768123627,0.22332242131233215,0.31581988744437695,9.82352649551188e-05,0.22332242131233215,0.6864868104457855,0.2987292818725109,1.160940520465374,0.8622112385928631,512,0.0006809961050748825,0.0006809961050748825,0.02,16914,0.7000045820404097,16914,16915,33829,-1,16914,33546
409,0.7000045820404097,0.42349935988033266,1.2265625,0.8346531689167023,2.1431171372532845,0.2619183585047722,0.38613474555313587,9.821210821076599e-05,0.2619183585047722,0.6624096482992172,0.44296782091259956,1.921121783554554,1.4781539626419544,512,,,,,,,,,,,
410,0.7000045820404097,0.42423473353739133,1.0546875,0.5271087940782309,1.308522753417492,0.2091040499508381,0.28877657279372215,9.8188803289772e-05,0.2091040499508381,0.6884545832872391,0.22616690024733543,0.9195556901395321,0.6933887898921967,512,,,,,,,,,,,
411,0.7000045820404097,0.42496880218386646,1.0078125,0.5726347230374813,1.4343028739094734,0.20898397266864777,0.3009537924081087,9.81653502637629e-05,0.20898397266864777,0.6762963831424713,0.10829638689756393,0.9990569576621056,0.8907605707645416,512,,,,,,,,,,,
412,0.7000045820404097,0.4257015669787372,0.9921875,0.5251993648707867,1.3247403353452682,0.2492790650576353,0.2667728513479233,9.814174920481998e-05,0.2492790650576353,0.7009179517626762,0.27279339730739594,1.6906253471970558,1.4178319498896599,512,,,,,,,,,,,
413,0.7000045820404097,0.42643302908098246,0.8671875,0.7715931870043278,1.952074520289898,0.22594041749835014,0.38608652725815773,9.811800018547949e-05,0.22594041749835014,0.6926366984844208,0.18162260949611664,1.3092068284749985,1.1275842189788818,512,,,,,,,,,,,
414,0.7000045820404097,0.4271631896495819,1.015625,0.7473482675850391,1.9051952585577965,0.2635774817317724,0.35949637554585934,9.809410327873244e-05,0.2635774817317724,0.6899707019329071,0.24213772639632225,1.324744775891304,1.0826070494949818,512,,,,,,,,,,,
415,0.7000045820404097,0.4278920498435145,0.96484375,0.7828658372163773,2.0004605501890182,0.24978530406951904,0.37186006270349026,9.807005855802432e-05,0.24978530406951904,0.7011498734354973,0.22912781685590744,1.6516318321228027,1.4225040152668953,512,,,,,,,,,,,
416,0.7000046921326829,0.42861961082175914,1.03125,0.5250067971646786,1.3333944752812386,0.2651453912258148,0.2575351633131504,9.804586609725499e-05,0.2651453912258148,0.6738281026482582,0.14592520892620087,1.4487987384200096,1.3028735294938087,512,0.0008077367092482746,0.0008077367092482746,0.02,22231,0.7000046921326829,22231,22230,44461,1,22231,39265
417,0.7000046921326829,0.42934587374329564,1.0703125,0.48904892057180405,1.2207169234752655,0.26327938959002495,0.26124949380755424,9.80215259707783e-05,0.26327938959002495,0.6860668808221817,0.3340493440628052,1.4142175018787384,1.0801681578159332,512,,,,,,,,,,,
418,0.7000046921326829,0.43007083976710286,0.98046875,0.6378230564296246,1.626566432416439,0.2834471371024847,0.3062306400388479,9.799703825340198e-05,0.2834471371024847,0.6754150316119194,0.3517683632671833,1.8051107600331306,1.4533423967659473,512,,,,,,,,,,,
419,0.7000046921326829,0.4307945100521599,1.0078125,0.6865234710276127,1.7324535474181175,0.24953881092369556,0.3479205518960953,9.79724030203874e-05,0.24953881092369556,0.6878833025693893,0.23470471054315567,1.2739871144294739,1.0392824038863182,512,,,,,,,,,,,
420,0.7000046921326829,0.4315168857574463,1.0390625,0.653160784393549,1.666062131524086,0.3329908289015293,0.3132128231227398,9.794762034744925e-05,0.3329908289015293,0.6636059433221817,0.3865821212530136,1.6235727816820145,1.2369906604290009,512,,,,,,,,,,,
421,0.7000046921326829,0.432237968041941,1.578125,0.4717761427164078,1.1704272478818893,0.16923845373094082,0.25919739715754986,9.792269031075538e-05,0.16923845373094082,0.6857079938054085,0.11495255678892136,1.1764928922057152,1.0615403354167938,512,,,,,,,,,,,
422,0.7000046921326829,0.43295775806462317,1.046875,0.7762889973819256,1.997908852994442,0.20840601436793804,0.35448190569877625,9.789761298692657e-05,0.20840601436793804,0.6838281080126762,0.19195890054106712,0.957552932202816,0.7655940316617489,512,,,,,,,,,,,
423,0.7000046921326829,0.43367625698447226,1.2734375,0.8248954564332962,2.129214473068714,0.2572246566414833,0.37046865932643414,9.78723884530363e-05,0.2572246566414833,0.6749999970197678,0.17478546127676964,1.7464586794376373,1.5716732181608677,512,,,,,,,,,,,
424,0.7000046921326829,0.43439346596046735,0.97265625,0.7029010765254498,1.7111968323588371,0.21113457344472408,0.4188062883913517,9.784701678661045e-05,0.21113457344472408,0.684868149459362,0.2831154055893421,1.6730619817972183,1.3899465762078762,512,0.0008342507062479854,0.0008342507062479854,0.02,21544,0.7000046921326829,21544,21544,43088,0,21544,38529
425,0.7000046921326829,0.4351093861515874,1.078125,0.5687282010912895,1.44565649330616,0.24588099867105484,0.27776220440864563,9.782149806562711e-05,0.24588099867105484,0.6798461750149727,0.21420146897435188,1.3828399367630482,1.1686384677886963,512,,,,,,,,,,,
426,0.7000046921326829,0.4358240187168121,1.2109375,0.42613324895501137,1.055940330028534,0.28353414684534073,0.23537247069180012,9.779583236851631e-05,0.28353414684534073,0.6720361262559891,0.24245601147413254,1.3611250147223473,1.1186690032482147,512,,,,,,,,,,,
427,0.7000046921326829,0.4365373648151204,1.109375,0.7079420797526836,1.7988243773579597,0.24612976051867008,0.3464545700699091,9.777001977415987e-05,0.24612976051867008,0.6866943165659904,0.26545368507504463,1.1050358787178993,0.8395821936428547,512,,,,,,,,,,,
428,0.7000046921326829,0.4372494256054913,0.8515625,0.37906811386346817,0.9498726055026054,0.2544829547405243,0.19881858490407467,9.774406036189103e-05,0.2544829547405243,0.6858862116932869,0.3078058436512947,1.7576541006565094,1.4498482570052147,512,,,,,,,,,,,
429,0.7000046921326829,0.43796020224690435,1.015625,0.5621709413826466,1.4281641244888306,0.21999326348304749,0.27538407780230045,9.771795421149428e-05,0.21999326348304749,0.6763598397374153,0.4345376193523407,1.2609399408102036,0.8264023214578629,512,,,,,,,,,,,
430,0.7000046921326829,0.4386696958983386,0.80859375,0.5066776871681213,1.274636834859848,0.17053703404963017,0.26075004786252975,9.76917014032051e-05,0.17053703404963017,0.7009496986865997,0.20498201623558998,0.854531466960907,0.649549450725317,512,,,,,,,,,,,
431,0.7000046921326829,0.43937790771877316,0.94921875,0.6856693662703037,1.7776834219694138,0.20493675861507654,0.30010243691504,9.766530201770969e-05,0.20493675861507654,0.6869213730096817,0.265544094145298,1.1779818832874298,0.9124377891421318,512,,,,,,,,,,,
432,0.7000046921326829,0.44008483886718747,0.9296875,0.5142606291919947,1.2870996296405792,0.216688459739089,0.27126589603722095,9.763875613614482e-05,0.216688459739089,0.6963281184434891,0.1616741493344307,1.1313541904091835,0.9696800410747528,512,0.000839567685034126,0.000839567685034126,0.02,19458,0.7000046921326829,19458,19458,38916,0,19458,36473
433,0.7000046921326829,0.44079049050256064,1.015625,0.8921997360885143,2.3133257031440735,0.22051322646439075,0.39030975475907326,9.761206384009742e-05,0.22051322646439075,0.6925244182348251,0.2209249809384346,2.3072338551282883,2.0863088741898537,512,,,,,,,,,,,
434,0.7000046921326829,0.44149486378387154,1.0546875,0.7917670160531998,2.0483485385775566,0.21343822963535786,0.35094539262354374,9.758522521160446e-05,0.21343822963535786,0.6907861158251762,0.17673320695757866,0.9204802438616753,0.7437470369040966,512,,,,,,,,,,,
435,0.7000046921326829,0.44219795987009997,0.9296875,0.7325949594378471,1.854003667831421,0.1957246121019125,0.36598098650574684,9.755824033315263e-05,0.1957246121019125,0.6911791786551476,0.28948289155960083,1.2947687543928623,1.0052858628332615,512,,,,,,,,,,,
436,0.7000046921326829,0.44289977992022483,1.3359375,0.7668660134077072,1.9273558408021927,0.1917715221643448,0.39648048393428326,9.753110928767815e-05,0.1917715221643448,0.6996166929602623,0.2771642692387104,0.9789319485425949,0.7017676793038845,512,,,,,,,,,,,
437,0.7000046921326829,0.4436003250932251,1,0.6741921752691269,1.7248366698622704,0.2398123685270548,0.31816986203193665,9.750383215856641e-05,0.2398123685270548,0.6960913017392159,0.3497900888323784,1.6198827102780342,1.2700926214456558,512,,,,,,,,,,,
438,0.7000046921326829,0.44429959654808043,2.6875,0.6306025497615337,1.6160126999020576,0.25559272803366184,0.29490404203534126,9.747640902965184e-05,0.25559272803366184,0.6841455101966858,0.18843358010053635,1.6908673644065857,1.5024337843060493,512,,,,,,,,,,,
439,0.7000046921326829,0.44499759544376977,1.1953125,0.5823873076587915,1.4920635968446732,0.25749267637729645,0.27274637669324875,9.744883998521755e-05,0.25749267637729645,0.6987304463982582,0.14493858441710472,1.4352431446313858,1.290304560214281,512,,,,,,,,,,,
440,0.7000046924079135,0.4456943229392722,1.140625,0.7067047022283077,1.8266626670956612,0.2560733091086149,0.3148666601628065,9.742112510999515e-05,0.2560733091086149,0.682360827922821,0.13566339015960693,1.3547190949320793,1.2190557047724724,512,0.0008747416432015598,0.0008747416432015598,0.02,22715,0.7000046924079135,22715,22714,45429,1,22715,39705
441,0.7000046924079135,0.44638978019356723,3.875,0.5472770407795906,1.4158029705286026,0.24971920065581799,0.24261225201189518,9.73932644891644e-05,0.24971920065581799,0.6947338581085205,0.06289812922477722,1.7811196967959404,1.7182215675711632,512,,,,,,,,,,,
442,0.7000046924079135,0.44708396836563397,1.0703125,0.7549011595547199,1.9104772210121155,0.23897004686295986,0.3771019633859396,9.736525820835303e-05,0.23897004686295986,0.6847192272543907,0.3594650849699974,1.4219272136688232,1.0624621286988258,512,,,,,,,,,,,
443,0.7000046924079135,0.4477768886144513,1.1171875,0.5462497137486935,1.3777114301919937,0.2519570402801037,0.27759064733982086,9.733710635363645e-05,0.2519570402801037,0.687492661178112,0.29146595299243927,2.0891513228416443,1.797685369849205,512,,,,,,,,,,,
444,0.7000046924079135,0.448468542098999,0.86328125,0.4816288389265537,1.2161021009087563,0.20961065404117107,0.24337917938828468,9.730880901153747e-05,0.20961065404117107,0.6798022240400314,0.28828736022114754,1.274343654513359,0.9860562942922115,512,,,,,,,,,,,
445,0.7000046924079135,0.4491589299782559,0.984375,0.4784843176603317,1.2216136157512665,0.25660761818289757,0.2283388040959835,9.728036626902607e-05,0.25660761818289757,0.6825390681624413,0.21690302342176437,1.0500037670135498,0.8331007435917854,512,,,,,,,,,,,
446,0.7000046924079135,0.4498480534112011,0.96484375,0.40545040741562843,1.020238146185875,0.19173583202064037,0.20839940197765827,9.725177821351907e-05,0.19173583202064037,0.708994135260582,0.0888618715107441,1.4532487653195858,1.3643868938088417,512,,,,,,,,,,,
447,0.7000046924079135,0.45053591355681416,1.140625,0.4486721456050873,1.1452137008309364,0.23500129394233227,0.21439881063997746,9.72230449328799e-05,0.23500129394233227,0.6905517354607582,0.22559940069913864,1.720860794186592,1.4952613934874535,512,,,,,,,,,,,
448,0.7000048041515708,0.45122251157407406,1.0703125,0.8333547748625278,2.1049155965447426,0.19347595609724522,0.4204018358141184,9.719416651541839e-05,0.19347595609724522,0.7033739984035492,0.2413664609193802,1.6799861267209053,1.4386196658015251,512,0.0007340122247114778,0.0007340122247114778,0.02,21184,0.7000048041515708,21184,21183,42367,1,21184,38603
449,0.7000048041515708,0.45190784862195993,1,0.4041859097778797,1.0120202898979187,0.24460436031222343,0.21278544887900352,9.716514304989036e-05,0.24460436031222343,0.6856591552495956,0.2852189615368843,1.188504733145237,0.9032857716083527,512,,,,,,,,,,,
450,0.7000048041515708,0.45259192585945124,0.88671875,0.783366734161973,2.0207815691828728,0.3224660661071539,0.35305690951645374,9.713597462549747e-05,0.3224660661071539,0.673454575240612,0.3087034970521927,1.8137846738100052,1.5050811767578125,512,,,,,,,,,,,
451,0.7000048041515708,0.4532747444455271,0.99609375,0.5048368126153946,1.289939783513546,0.2486187107861042,0.23986871726810932,9.710666133188688e-05,0.2486187107861042,0.6855492889881134,0.20182929933071136,1.0436792224645615,0.8418499231338501,512,,,,,,,,,,,
452,0.7000048041515708,0.4539563055391664,0.90234375,0.5192335657775402,1.3133037984371185,0.291182910092175,0.2601311821490526,9.707720325915104e-05,0.291182910092175,0.6679467484354973,0.2915804572403431,1.7617638148367405,1.4701833575963974,512,,,,,,,,,,,
453,0.7000048041515708,0.4546366102993488,0.98046875,0.662536296993494,1.6683697924017906,0.2896434888243675,0.3393158484250307,9.704760049782732e-05,0.2896434888243675,0.6813696026802063,0.2981886714696884,1.6854247078299522,1.3872360363602638,512,,,,,,,,,,,
454,0.7000048041515708,0.4553156598850533,1.234375,0.548370074480772,1.3824093118309975,0.2490430288016796,0.2793181035667658,9.70178531388978e-05,0.2490430288016796,0.6893432438373566,0.30723056197166443,2.9381868094205856,2.630956247448921,512,,,,,,,,,,,
455,0.7000048041515708,0.455993455455259,0.9140625,0.5109546557068825,1.2783983796834946,0.21344610676169395,0.2699490115046501,9.698796127378895e-05,0.21344610676169395,0.690549299120903,0.3519727438688278,1.186798244714737,0.8348255008459091,512,,,,,,,,,,,
456,0.7000048044268015,0.45666999816894527,0.8359375,0.8190036341547966,2.099343366920948,0.16722466237843037,0.3824857324361801,9.69579249943714e-05,0.16722466237843037,0.6889428496360779,0.1971401460468769,0.746945396065712,0.5498052500188351,512,0.0009024380124174058,0.0009024380124174058,0.02,19394,0.7000048044268015,19394,19393,38787,1,19394,36796
457,0.7000048044268015,0.4573452891850913,0.95703125,0.7652684226632118,1.9849760979413986,0.228681068867445,0.3340190090239048,9.692774439295962e-05,0.228681068867445,0.6849316284060478,0.14203974232077599,1.495349146425724,1.353309404104948,512,,,,,,,,,,,
458,0.7000048044268015,0.4580193296626761,0.84765625,0.4466959945857525,1.1263427138328552,0.20380254788324237,0.22728143073618412,9.689741956231163e-05,0.20380254788324237,0.6923315301537514,0.2575092762708664,1.4415635541081429,1.1840542778372765,512,,,,,,,,,,,
459,0.7000048044268015,0.4586921207606792,0.765625,0.40499139204621315,1.0164648592472076,0.16859429702162743,0.21078170649707317,9.686695059562876e-05,0.16859429702162743,0.7064819261431694,0.19112642481923103,0.914195042103529,0.7230686172842979,512,,,,,,,,,,,
460,0.7000048044268015,0.4593636636380797,0.8203125,0.6349526606500149,1.620042271912098,0.24121953547000885,0.3040566500276327,9.683633758655529e-05,0.24121953547000885,0.6881347522139549,0.19152463972568512,1.1974827945232391,1.005958154797554,512,,,,,,,,,,,
461,0.7000048044268015,0.4600339594538564,0.95703125,0.7092107683420181,1.8150954023003578,0.21053500100970268,0.3340281117707491,9.680558062917822e-05,0.21053500100970268,0.6962988078594208,0.2983100265264511,1.9041142463684082,1.605804219841957,512,,,,,,,,,,,
462,0.7000048044268015,0.4607030093669891,8.8125,0.5934456959366798,1.5249208360910416,0.23098542913794518,0.2733993139117956,9.677467981802696e-05,0.23098542913794518,0.6836913973093033,0.21421019732952118,1.1175875812768936,0.9033773839473724,512,,,,,,,,,,,
463,0.7000048044268015,0.46137081453645673,1.140625,0.5003803856670856,1.292009249329567,0.2318316549062729,0.22429486364126205,9.67436352480731e-05,0.2318316549062729,0.6641845479607582,0.07511331886053085,1.7553092390298843,1.6801959201693535,512,,,,,,,,,,,
464,0.7000048044268015,0.46203737612123835,0.89453125,0.8103168271481991,2.0760133042931557,0.18669058103114367,0.37949212454259396,9.671244701472999e-05,0.18669058103114367,0.7081249877810478,0.1841621994972229,0.8693156465888023,0.6851534470915794,512,0.0008540729177184403,0.0008540729177184403,0.02,22347,0.7000048044268015,22347,22347,44694,0,22347,39800
465,0.7000048044268015,0.46270269528031344,0.76171875,0.7509972229599953,1.9376389682292938,0.20050230249762535,0.33811010979115963,9.668111521385256e-05,0.20050230249762535,0.6964404135942459,0.3024711534380913,1.5691547617316246,1.2666836082935333,512,,,,,,,,,,,
466,0.7000048044268015,0.4633667731726611,2.953125,0.6182758919894695,1.5612072870135307,0.3693044129759073,0.3123559784144163,9.664963994173695e-05,0.3693044129759073,0.6752538830041885,-0.22250734269618988,1.442411832511425,1.664919175207615,512,,,,,,,,,,,
467,0.7000048044268015,0.46402961095726036,1.1640625,0.8358247429132462,2.156023345887661,0.27002027723938227,0.37677882984280586,9.661802129512029e-05,0.27002027723938227,0.6752148270606995,0.3771817944943905,1.2817522399127483,0.9045704454183578,512,,,,,,,,,,,
468,0.7000048044268015,0.4646912097930908,0.94140625,0.7631526738405228,1.992649294435978,0.24987276270985603,0.319934481754899,9.658625937118034e-05,0.24987276270985603,0.683181144297123,0.34682590886950493,1.7012158669531345,1.3543899580836296,512,,,,,,,,,,,
469,0.7000048044268015,0.46535157083913137,0.86328125,0.6375281140208244,1.6214106231927872,0.1717445682734251,0.3104926832020283,9.655435426753521e-05,0.1717445682734251,0.7010473534464836,0.20405612513422966,0.8438796699047089,0.6398235447704792,512,,,,,,,,,,,
470,0.7000048044268015,0.46601069525436106,0.953125,0.5287679508328438,1.346403680741787,0.18459727428853512,0.25592336244881153,9.652230608224307e-05,0.18459727428853512,0.688464343547821,0.13945512101054192,1.5643689408898354,1.4249138198792934,512,,,,,,,,,,,
471,0.7000048044268015,0.4666685841977596,1.359375,0.5082993991672993,1.2718908190727234,0.16323075722903013,0.2684103585779667,9.649011491380184e-05,0.16323075722903013,0.6912084892392159,0.12121251970529556,1.1060754619538784,0.9848629422485828,512,,,,,,,,,,,
472,0.7000048041515708,0.4673252388283059,0.94140625,0.6040430627763271,1.5543593987822533,0.22667936235666275,0.27607406862080097,9.645778086114892e-05,0.22667936235666275,0.701601542532444,0.212687149643898,1.1609125062823296,0.9482253566384315,512,0.0009780216496437788,0.0009780216496437788,0.02,23507,0.7000048041515708,23507,23508,47015,-1,23507,40898
473,0.7000048041515708,0.467980660304979,1.765625,0.6312593258917332,1.6137126982212067,0.28795652836561203,0.2991942819207907,9.642530402366079e-05,0.28795652836561203,0.6663793921470642,0.7464722767472267,2.554235555231571,1.8077632784843445,512,,,,,,,,,,,
474,0.7000048041515708,0.4686348497867584,1.15625,0.7814720794558525,2.0100730434060097,0.2589894896373153,0.35802411288022995,9.639268450115282e-05,0.2589894896373153,0.6717797890305519,0.3391666114330292,1.5817010998725891,1.24253448843956,512,,,,,,,,,,,
475,0.7000048041515708,0.4692878084326232,0.9453125,0.6852253712713718,1.7416659742593765,0.23091387003660202,0.33477447368204594,9.635992239387888e-05,0.23091387003660202,0.6875829845666885,0.1605755314230919,1.4552377089858055,1.2946621775627136,512,,,,,,,,,,,
476,0.7000048041515708,0.4699395374015525,0.953125,0.5446074604988098,1.3861193284392357,0.19592099823057652,0.2642062660306692,9.632701780253111e-05,0.19592099823057652,0.6973241940140724,0.3266770616173744,1.3629141002893448,1.0362370386719704,512,,,,,,,,,,,
477,0.7000048041515708,0.4705900378525257,0.82421875,0.45586100220680237,1.151208333671093,0.16055335849523544,0.23018858768045902,9.629397082823952e-05,0.16055335849523544,0.7037304639816284,0.1797536201775074,0.8351353779435158,0.6553817577660084,512,,,,,,,,,,,
478,0.7000048041515708,0.4712393109445219,1.0078125,0.42986416444182396,1.0996613875031471,0.2192847691476345,0.2029572669416666,9.626078157257176e-05,0.2192847691476345,0.6958422660827637,0.04521944001317024,1.3821415230631828,1.3369220830500126,512,,,,,,,,,,,
479,0.7000048041515708,0.4718873578365201,0.93359375,0.6203956827521324,1.5849655792117119,0.21416245680302382,0.2950212862342596,9.622745013753273e-05,0.21416245680302382,0.6844115927815437,0.182230357080698,1.0159413032233715,0.8337109461426735,512,,,,,,,,,,,
480,0.7000049180970735,0.47253417968749994,1.015625,0.6320851109921932,1.6287525594234467,0.2822943367063999,0.28665681183338165,9.619397662556435e-05,0.2822943367063999,0.6842846497893333,0.06690441071987152,1.8610984310507774,1.794194020330906,512,0.0007939740899018943,0.0007939740899018943,0.02,21812,0.7000049180970735,21812,21812,43624,0,21812,39658
481,0.7000049180970735,0.4731797776564404,1.0078125,0.478284128010273,1.206328622996807,0.2445488590747118,0.24301710538566113,9.616036113954516e-05,0.2445488590747118,0.6873925626277924,0.20951151102781296,1.8982424587011337,1.6887309476733208,512,,,,,,,,,,,
482,0.7000049180970735,0.4738241529023205,0.9296875,0.6388205364346504,1.634210780262947,0.18009081482887268,0.30160895362496376,9.612660378279012e-05,0.18009081482887268,0.6986865103244781,0.25358858332037926,1.3184690177440643,1.064880434423685,512,,,,,,,,,,,
483,0.7000049180970735,0.4744673065841198,0.89453125,0.7031531855463982,1.7823819890618324,0.17607023008167744,0.3483851198107004,9.609270465905012e-05,0.17607023008167744,0.7040746882557869,0.055710192769765854,1.3714777566492558,1.31576756387949,512,,,,,,,,,,,
484,0.7000049180970735,0.47510923986081727,0.91796875,0.6478935033082962,1.6646724864840508,0.27347444742918015,0.298641100525856,9.605866387251186e-05,0.27347444742918015,0.6829467713832855,0.2811166122555733,1.2519466578960419,0.9708300456404686,512,,,,,,,,,,,
485,0.7000049180970735,0.475749953891392,1.6796875,0.586300078779459,1.5003799498081207,0.2568669877946377,0.2762869633734226,9.602448152779737e-05,0.2568669877946377,0.6717870756983757,-0.11951907724142075,1.6666450202465057,1.7861640974879265,512,,,,,,,,,,,
486,0.7000049180970735,0.47638944983482356,0.94921875,0.5853483453392982,1.4948125779628754,0.20211510732769966,0.2789702396839857,9.599015772996375e-05,0.20211510732769966,0.6969872936606407,0.19156142324209213,1.363997757434845,1.1724363341927528,512,,,,,,,,,,,
487,0.7000049180970735,0.477027728850091,0.97265625,0.5247648376971483,1.348807416856289,0.23034347593784332,0.24138897471129894,9.59556925845029e-05,0.23034347593784332,0.6903295665979385,0.28477129712700844,1.161921352148056,0.8771500550210476,512,,,,,,,,,,,
488,0.7000049183723043,0.4776647920961732,0.9765625,0.586540549993515,1.4731311947107315,0.17195396032184362,0.304264348000288,9.592108619734106e-05,0.17195396032184362,0.7104687318205833,0.32976654544472694,1.2168427966535091,0.8870762512087822,512,0.0010007843375205994,0.0010007843375205994,0.02,19859,0.7000049183723043,19859,19858,39717,1,19859,37728
489,0.7000049183723043,0.4783006407320499,0.88671875,0.4903147257864475,1.2454216852784157,0.19786778278648853,0.24038041941821575,9.588633867483864e-05,0.19786778278648853,0.6907006651163101,0.27665992826223373,1.0899647772312164,0.8133048489689827,512,,,,,,,,,,,
490,0.7000049183723043,0.47893527591670004,4.5,0.5004433542490005,1.2622235715389252,0.37784193083643913,0.2542714197188616,9.585145012378978e-05,0.37784193083643913,0.6581493988633156,1.1406222395598888,2.141510933637619,1.0008886940777302,512,,,,,,,,,,,
491,0.7000049183723043,0.47956869880910263,0.99609375,0.671935360878706,1.7231783643364906,0.24355997890233994,0.3129893746227026,9.581642065142208e-05,0.24355997890233994,0.6885693296790123,0.14604397118091583,1.2098114639520645,1.0637674927711487,512,,,,,,,,,,,
492,0.7000049183723043,0.48020091056823727,1.2890625,0.6017816737294197,1.5482561066746712,0.2225768705829978,0.2753246184438467,9.578125036539624e-05,0.2225768705829978,0.7026489078998566,0.07173575460910797,1.284062273800373,1.212326519191265,512,,,,,,,,,,,
493,0.7000049183723043,0.4808319123530829,0.98046875,0.47520025447010994,1.2233278155326843,0.21698538353666663,0.2166728936135769,9.574593937380575e-05,0.21698538353666663,0.6871240139007568,0.16715114191174507,1.0622261464595795,0.8950750045478344,512,,,,,,,,,,,
494,0.7000049183723043,0.4814617053226187,0.890625,0.5611067153513432,1.415674440562725,0.2286416608840227,0.2846488431096077,9.571048778517654e-05,0.2286416608840227,0.6802587881684303,0.40209338441491127,1.9581250697374344,1.5560316853225231,512,,,,,,,,,,,
495,0.7000049183723043,0.48209029063582415,0.95703125,0.4428797960281372,1.1136972233653069,0.2555027026683092,0.22836266458034515,9.567489570846666e-05,0.2555027026683092,0.7025488093495369,0.4193968176841736,2.013620540499687,1.5942237228155136,512,,,,,,,,,,,
496,0.7000049183723043,0.4827176694516783,0.9140625,0.7351827658712864,1.865158312022686,0.20727595873177052,0.362668190151453,9.563916325306594e-05,0.20727595873177052,0.690065898001194,0.26031601801514626,1.5354726910591125,1.2751566730439663,512,0.0010971343144774437,0.0010971343144774437,0.02,22377,0.7000049183723043,22377,22377,44754,0,22377,40246
497,0.7000049183723043,0.48334384292916005,4.5625,0.566182553768158,1.4565446451306343,0.23505702801048756,0.25916000828146935,9.560329052879568e-05,0.23505702801048756,0.6995483189821243,0.0829983726143837,3.1181087121367455,3.0351103395223618,512,,,,,,,,,,,
498,0.7000049183723043,0.48396881222724913,1.03125,0.5048601105809212,1.2868725135922432,0.20781860314309597,0.2430065330117941,9.556727764590823e-05,0.20781860314309597,0.706008292734623,0.14825445041060448,1.0182484835386276,0.8699940331280231,512,,,,,,,,,,,
499,0.7000049183723043,0.48459257850492443,0.9921875,0.5295817889273167,1.3503238037228584,0.23583362437784672,0.2544694487005472,9.553112471508676e-05,0.23583362437784672,0.6932421699166298,0.2637498788535595,1.4021881632506847,1.1384382843971252,512,,,,,,,,,,,
500,0.7000049183723043,0.48521514292116513,0.89453125,0.616365347057581,1.5809702724218369,0.18196532037109137,0.2868034057319164,9.549483184744483e-05,0.18196532037109137,0.6914330944418907,0.15542404353618622,0.7872520312666893,0.6318279877305031,512,,,,,,,,,,,
501,0.7000049183723043,0.4858365066349506,0.92578125,0.4768572933971882,1.2055080905556679,0.2450677677989006,0.23951400816440582,9.545839915452613e-05,0.2450677677989006,0.6848705857992172,0.016219325363636017,1.7069954872131348,1.6907761618494987,512,,,,,,,,,,,
502,0.7000049183723043,0.48645667080526,0.890625,0.48553913459181786,1.230464331805706,0.15914276335388422,0.24086632765829563,9.542182674830405e-05,0.15914276335388422,0.7074780240654945,0.2556178569793701,1.3080631121993065,1.0524452552199364,512,,,,,,,,,,,
503,0.7000049183723043,0.48707563659107234,0.9296875,0.719715902581811,1.8344084545969963,0.2422461360692978,0.3465487156063318,9.53851147411814e-05,0.2422461360692978,0.6898217722773552,0.3420918509364128,1.7705234810709953,1.4284316301345825,512,,,,,,,,,,,
504,0.7000049183723043,0.48769340515136717,0.82421875,1.0585466921329498,2.733321726322174,0.18625545874238014,0.4743954427540302,9.534826324599003e-05,0.18625545874238014,0.6929663047194481,0.19822136871516705,1.0695957466959953,0.8713743779808283,512,0.0007503615925088525,0.0007503615925088525,0.02,21706,0.7000049183723043,21706,21706,43412,0,21706,39518
505,0.7000049183723043,0.4883099776451235,7.09375,0.6076687537133694,1.5226941891014576,0.31975861825048923,0.31872618198394775,9.531127237599053e-05,0.31975861825048923,0.6778442114591599,-0.197232685983181,2.8489320129156113,3.0461646988987923,512,,,,,,,,,,,
506,0.7000049183723043,0.4889253552313203,1.1484375,0.5275783687829971,1.3687438741326332,0.24107977747917175,0.22997834905982018,9.527414224487182e-05,0.24107977747917175,0.6831347495317459,0.0740039199590683,0.8812929838895798,0.8072890639305115,512,,,,,,,,,,,
507,0.7000049183723043,0.48953953906893727,1,0.6100178863853216,1.555714063346386,0.18789271172136068,0.29282489232718945,9.523687296675083e-05,0.18789271172136068,0.6983691230416298,0.27542809396982193,1.1615611389279366,0.8861330449581146,512,,,,,,,,,,,
508,0.7000049183723043,0.4901525303169533,0.92578125,0.7521943338215351,1.9151816293597221,0.19532376527786255,0.36419504322111607,9.519946465617218e-05,0.19532376527786255,0.6935668662190437,0.24010610207915306,1.4745294377207756,1.2344233356416225,512,,,,,,,,,,,
509,0.7000049183723043,0.49076433013434756,0.95703125,0.45915723964571953,1.1584944054484367,0.19101162068545818,0.23289108462631702,9.516191742810773e-05,0.19101162068545818,0.6898315250873566,0.4066784605383873,1.8493236526846886,1.4426451921463013,512,,,,,,,,,,,
510,0.7000049183723043,0.49137493968009943,0.8828125,0.4334021396934986,1.096336379647255,0.20983725599944592,0.21700338274240494,9.512423139795637e-05,0.20983725599944592,0.7002392262220383,0.3193472623825073,1.4630526900291443,1.143705427646637,512,,,,,,,,,,,
511,0.7000049183723043,0.4919843601131881,0.93359375,0.6537715122103691,1.687617763876915,0.26537775807082653,0.29350793175399303,9.508640668154355e-05,0.26537775807082653,0.6839745938777924,0.25069011002779007,1.7406310364603996,1.4899409264326096,512,,,,,,,,,,,
512,0.7000050485564173,0.49259259259259247,1.0546875,0.4093184359371662,1.054556980729103,0.217606658115983,0.18580188415944576,9.504844339512095e-05,0.217606658115983,0.7040844410657883,0.04757034778594971,1.6900569051504135,1.6424865573644638,512,0.0007988428696990013,0.0007988428696990013,0.02,21079,0.7000050485564173,21079,21079,42158,0,21079,39365
513,0.7000050485564173,0.49319963827729224,0.875,0.6855172030627728,1.7811945080757141,0.2187237124890089,0.29613020829856396,9.501034165536619e-05,0.2187237124890089,0.6882299780845642,0.23679912090301514,1.3024562075734138,1.0656570866703987,512,,,,,,,,,,,
514,0.7000050485564173,0.4938054983262663,0.90625,0.5111432038247585,1.2966974452137947,0.18528085015714169,0.2522213254123926,9.497210157938234e-05,0.18528085015714169,0.7014721557497978,0.2039003036916256,1.0155179500579834,0.8116176463663578,512,,,,,,,,,,,
515,0.7000050485564173,0.4944101738984937,0.94921875,0.45661010779440403,1.1494121626019478,0.2415774017572403,0.23425482027232647,9.49337232846977e-05,0.2415774017572403,0.6814404055476189,0.4844202920794487,2.491746909916401,2.007326617836952,512,,,,,,,,,,,
516,0.7000050485564173,0.49501366615295406,0.9921875,0.41983354836702347,1.0544926598668098,0.25520795583724976,0.21773014776408672,9.489520688926534e-05,0.25520795583724976,0.6825781166553497,0.3228156194090843,1.3554008677601814,1.032585248351097,512,,,,,,,,,,,
517,0.7000050485564173,0.4956159762486264,0.81640625,0.5951908677816391,1.5402520895004272,0.18080812133848667,0.2633565738797188,9.48565525114628e-05,0.18080812133848667,0.7132519334554672,0.15668153762817383,1.6451584622263908,1.488476924598217,512,,,,,,,,,,,
518,0.7000050485564173,0.4962171053444897,1.046875,0.7228590846061707,1.8417025357484818,0.25305658392608166,0.34877943247556686,9.481776027009167e-05,0.25305658392608166,0.6922094598412514,-0.0327606275677681,2.087989941239357,2.120750568807125,512,,,,,,,,,,,
519,0.7000050485564173,0.4968170545995235,0.8515625,0.5829885751008987,1.4914085119962692,0.196569986641407,0.2752234488725662,9.477883028437728e-05,0.196569986641407,0.6977416798472404,0.12885969132184982,1.1889439225196838,1.060084231197834,512,,,,,,,,,,,
520,0.7000050488316479,0.4974158251727069,0.828125,0.5296551547944546,1.3683826178312302,0.23140559531748295,0.23663297668099403,9.473976267396831e-05,0.23140559531748295,0.6987743973731995,0.21070098131895065,1.287903055548668,1.0772020742297173,512,0.0008475102949887514,0.0008475102949887514,0.02,19800,0.7000050488316479,19800,19799,39599,1,19800,38120
521,0.7000050488316479,0.4980134182230189,0.875,0.5759866796433926,1.4612919241189957,0.23707673698663712,0.28412219882011414,9.470055755893638e-05,0.23707673698663712,0.6922924593091011,0.2112252190709114,1.2140162363648415,1.00279101729393,512,,,,,,,,,,,
522,0.7000050488316479,0.49860983490943905,0.88671875,0.44523318856954575,1.1331882178783417,0.22982186451554298,0.21600322239100933,9.466121505977577e-05,0.22982186451554298,0.6927148327231407,0.2885758765041828,1.218909040093422,0.9303331635892391,512,,,,,,,,,,,
523,0.7000050488316479,0.4992050763909464,0.90625,0.4283492788672447,1.0817870944738388,0.2113851122558117,0.21624098531901836,9.462173529740296e-05,0.2113851122558117,0.7089819237589836,0.19675657898187637,1.0300501361489296,0.8332935571670532,512,,,,,,,,,,,
524,0.7000050488316479,0.49979914382651985,1.1171875,0.5011724829673767,1.2984217405319214,0.2485311608761549,0.22028273344039917,9.458211839315636e-05,0.2485311608761549,0.7017944157123566,-0.05118977278470993,2.2489950582385063,2.3001848310232162,512,,,,,,,,,,,
525,0.7000050488316479,0.5003920383751392,1.0703125,0.6902939528226852,1.7676840722560883,0.2108465302735567,0.32411568984389305,9.454236446879579e-05,0.2108465302735567,0.6944457963109016,0.12976324930787086,1.2129032798111439,1.083140030503273,512,,,,,,,,,,,
526,0.7000050488316479,0.5009837611957833,0.84765625,0.799559585750103,2.079810783267021,0.20680829882621765,0.3430969435721636,9.450247364650227e-05,0.20680829882621765,0.7095776200294495,0.16818245500326157,1.171359971165657,1.0031775161623955,512,,,,,,,,,,,
527,0.7000050488316479,0.5015743134474312,0.8515625,0.6000249050557613,1.536595195531845,0.1437905617058277,0.2816619910299778,9.446244604887751e-05,0.1437905617058277,0.7005468606948853,0.24256978183984756,0.8136788047850132,0.5711090229451656,512,,,,,,,,,,,
528,0.7000050488316479,0.5021636962890624,0.97265625,0.5448979735374451,1.4048464372754097,0.20725845731794834,0.24635945074260235,9.442228179894362e-05,0.20725845731794834,0.6870117038488388,0.35899240151047707,1.198731355369091,0.839738953858614,512,0.000809116056188941,0.000809116056188941,0.02,22597,0.7000050488316479,22597,22597,45194,0,22597,40931
529,0.7000050488316479,0.5027519108796561,2.984375,0.5234415605664253,1.3346807211637497,0.2705961558967829,0.2515057809650898,9.43819810201427e-05,0.2705961558967829,0.6982079967856407,0.9840377643704414,2.4698883816599846,1.4858506172895432,512,,,,,,,,,,,
530,0.7000050488316479,0.5033389583781912,0.98046875,0.6517256163060665,1.674055777490139,0.26156390458345413,0.3008702676743269,9.434154383633646e-05,0.26156390458345413,0.6852783113718033,0.22080658376216888,1.2779012247920036,1.0570946410298347,512,,,,,,,,,,,
531,0.7000050488316479,0.5039248399436473,1.015625,0.49641475453972816,1.279663972556591,0.1855458151549101,0.22462309338152409,9.430097037180583e-05,0.1855458151549101,0.7046533077955246,0.101781465113163,1.2789147794246674,1.1771333143115044,512,,,,,,,,,,,
532,0.7000050488316479,0.5045095567350035,0.8359375,0.7717160955071449,2.0068011730909348,0.19198671355843544,0.3317323736846447,9.426026075125061e-05,0.19198671355843544,0.6976977437734604,0.2105005793273449,1.4036971479654312,1.1931965686380863,512,,,,,,,,,,,
533,0.7000050488316479,0.5050931099112386,0.86328125,0.5197486244142056,1.3188713639974594,0.25355586037039757,0.2561244275420904,9.421941509978904e-05,0.25355586037039757,0.6866967678070068,0.33474504575133324,1.78480926156044,1.4500642158091068,512,,,,,,,,,,,
534,0.7000050488316479,0.5056755006313324,1.0546875,0.723935704678297,1.8635757267475128,0.23365859128534794,0.3301687613129616,9.417843354295748e-05,0.23365859128534794,0.7009692415595055,0.4513637274503708,1.6579573601484299,1.206593632698059,512,,,,,,,,,,,
535,0.7000050488316479,0.5062567300542637,1.0078125,0.5116106830537319,1.3034342154860497,0.21578781120479107,0.2469011154025793,9.413731620670994e-05,0.21578781120479107,0.7075390592217445,0.2697378024458885,1.1333856657147408,0.8636478632688522,512,,,,,,,,,,,
536,0.7000050488316479,0.5068367993390118,1,0.7441793642938137,1.8873135969042778,0.24362171813845634,0.3677753023803234,9.409606321741775e-05,0.24362171813845634,0.697009265422821,0.22632398456335068,1.656634733080864,1.4303107485175133,512,0.0007963998941704631,0.0007963998941704631,0.02,24614,0.7000050488316479,24614,24614,49228,0,24614,42923
537,0.7000050488316479,0.5074157096445561,1.0390625,0.6256859861314297,1.6201792359352112,0.24934962205588818,0.2758388798683882,9.405467470186922e-05,0.24934962205588818,0.7056615948677063,0.16107895970344543,1.791598990559578,1.6305200308561325,512,,,,,,,,,,,
538,0.7000050488316479,0.5079934621298755,1,0.6810035146772861,1.7466368675231934,0.22840150259435177,0.3170100413262844,9.401315078726909e-05,0.22840150259435177,0.6988549679517746,0.028463274240493774,1.7881136536598206,1.7596503794193268,512,,,,,,,,,,,
539,0.7000050488316479,0.5085700579539493,0.828125,0.4494476318359375,1.1478429585695267,0.21178556606173515,0.21411953680217266,9.397149160123833e-05,0.21178556606173515,0.6934130638837814,0.2540002018213272,0.9574187695980072,0.70341856777668,512,,,,,,,,,,,
540,0.7000050488316479,0.5091454982757568,0.859375,0.5973008684813976,1.5374294519424438,0.23707196675240993,0.27257312275469303,9.392969727181359e-05,0.23707196675240993,0.7072558477520943,0.24105946719646454,1.5544782802462578,1.3134188130497932,512,,,,,,,,,,,
541,0.7000050488316479,0.5097197842542772,0.96484375,0.5159197151660919,1.3268305510282516,0.18416979536414146,0.2365624513477087,9.388776792744692e-05,0.18416979536414146,0.7043212652206421,0.34935709834098816,1.1582584530115128,0.8089013546705246,512,,,,,,,,,,,
542,0.7000050488316479,0.5102929170484894,0.76171875,0.488677691668272,1.253648929297924,0.18386835232377052,0.2271924912929535,9.384570369700531e-05,0.18386835232377052,0.687934547662735,0.21301036328077316,1.1316533237695694,0.9186429604887962,512,,,,,,,,,,,
543,0.7000050488316479,0.5108648978173732,8.5625,0.7066125124692917,1.8171981796622276,0.2670572428032756,0.32405176013708115,9.380350470977032e-05,0.2670572428032756,0.6780883595347404,0.006263867020606995,2.0165048763155937,2.0102410092949867,512,,,,,,,,,,,
544,0.7000051792909917,0.5114357277199074,0.91015625,0.61669653467834,1.5698894560337067,0.22773062251508236,0.29888785630464554,9.376117109543769e-05,0.22773062251508236,0.6945678666234016,0.2605165019631386,1.7015460208058357,1.4410295188426971,512,0.0006998025928623974,0.0006998025928623974,0.02,26538,0.7000051792909917,26538,26537,53075,1,26538,45295
545,0.7000051792909917,0.5120054079150711,0.92578125,0.5060535408556461,1.2981335148215294,0.2469754982739687,0.23536197282373905,9.371870298411687e-05,0.2469754982739687,0.7016308456659317,0.22616664320230484,1.18321193754673,0.9570452943444252,512,,,,,,,,,,,
546,0.7000051792909917,0.5125739395618438,0.859375,0.7830939292907715,2.0262720808386803,0.17707820795476437,0.3467398192733526,9.367610050633075e-05,0.17707820795476437,0.7094433382153511,0.13020433485507965,1.0138238817453384,0.8836195468902588,512,,,,,,,,,,,
547,0.7000051792909917,0.5131413238192046,1.203125,0.9071960747241974,2.3412286043167114,0.2596620861440897,0.4078502207994461,9.363336379301512e-05,0.2596620861440897,0.6881738230586052,0.3234555870294571,1.684094674885273,1.3606390878558159,512,,,,,,,,,,,
548,0.7000051792909917,0.5137075618461325,0.8515625,0.5997577756643295,1.5444239005446434,0.19939173385500908,0.27302380092442036,9.35904929755184e-05,0.19939173385500908,0.7041454911231995,0.119448933750391,1.486390396952629,1.366941463202238,512,,,,,,,,,,,
549,0.7000051792909917,0.5142726548016071,1.1328125,0.6970796510577202,1.7918129190802574,0.2305192183703184,0.32054957933723927,9.35474881856011e-05,0.2305192183703184,0.6937768384814262,0.2242368683218956,1.6445092037320137,1.420272335410118,512,,,,,,,,,,,
550,0.7000051792909917,0.5148366038446074,0.81640625,0.7078073769807816,1.8203301504254341,0.21795843727886677,0.3245406225323677,9.350434955543557e-05,0.21795843727886677,0.7103002965450287,0.19824767857789993,1.7233804911375046,1.5251328125596046,512,,,,,,,,,,,
551,0.7000051792909917,0.5153994101341123,0.90234375,0.3144416883587837,0.793299563229084,0.23294486477971077,0.15955399814993143,9.346107721760543e-05,0.23294486477971077,0.674511693418026,-0.09132186323404312,1.6673634722828865,1.7586853355169296,512,,,,,,,,,,,
552,0.7000051792909917,0.5159610748291016,1.15625,0.6849514022469521,1.7700017616152763,0.23044160939753056,0.30560847371816635,9.341767130510528e-05,0.23044160939753056,0.7021410912275314,0.20891118049621582,1.7242848053574562,1.5153736248612404,512,0.0006996442098170519,0.0006996442098170519,0.02,24583,0.7000051792909917,24583,24583,49166,0,24583,43390
553,0.7000051792909917,0.5165215990885541,0.86328125,0.42183078080415726,1.0632632225751877,0.19686301704496145,0.2150118090212345,9.337413195134024e-05,0.19686301704496145,0.7079809457063675,0.2478332668542862,1.5195473358035088,1.2717140689492226,512,,,,,,,,,,,
554,0.7000051792909917,0.517080984071449,0.8671875,0.446925763040781,1.1515748500823975,0.19190829526633024,0.20274558663368225,9.333045929012556e-05,0.19190829526633024,0.707272931933403,0.1410968378186226,1.0363990887999535,0.8953022509813309,512,,,,,,,,,,,
555,0.7000051792909917,0.5176392309367657,0.890625,0.6659900527447462,1.7112333700060844,0.23028774932026863,0.30691824201494455,9.32866534556862e-05,0.23028774932026863,0.6992138624191284,0.2378644272685051,2.1882753670215607,1.9504109397530556,512,,,,,,,,,,,
556,0.7000051792909917,0.5181963408434833,0.8125,0.5028824992477894,1.2755005210638046,0.16167193185538054,0.24838580377399921,9.32427145826564e-05,0.16167193185538054,0.7051635533571243,0.2936951629817486,1.1876615583896637,0.8939663954079151,512,,,,,,,,,,,
557,0.7000051792909917,0.5187523149505808,0.87109375,0.6017556935548782,1.5504613369703293,0.29067081585526466,0.273040683940053,9.319864280607935e-05,0.29067081585526466,0.684685043990612,0.33404024690389633,1.7651475369930267,1.4311072900891304,512,,,,,,,,,,,
558,0.7000051792909917,0.5193071544170379,0.75,0.4575040601193905,1.1696308255195618,0.19575101882219315,0.21674503944814205,9.315443826140661e-05,0.19575101882219315,0.7156127840280533,0.3189309611916542,1.841364324092865,1.5224333629012108,512,,,,,,,,,,,
559,0.7000051792909917,0.5198608604018335,0.91015625,0.7571293525397778,1.9493943005800247,0.24404293298721313,0.3449369929730892,9.311010108449788e-05,0.24404293298721313,0.6935864016413689,0.30145543441176414,1.6339870356023312,1.332531601190567,512,,,,,,,,,,,
560,0.7000051792909917,0.5204134340639467,0.80859375,0.6443273983895779,1.6526905372738838,0.17454271391034126,0.29981664568185806,9.306563141162046e-05,0.17454271391034126,0.7060766518115997,0.16480225697159767,0.8607282713055611,0.6959260143339634,512,0.0007228931062854826,0.0007228931062854826,0.02,18602,0.7000051792909917,18602,18602,37204,0,18602,37350
561,0.7000051792909917,0.5209648765623569,1.125,0.704181931912899,1.7747524678707123,0.20079050678759813,0.35913215577602386,9.302102937944885e-05,0.20079050678759813,0.7000390440225601,0.12138089910149574,1.8125169053673744,1.6911360062658787,512,,,,,,,,,,,
562,0.7000051792909917,0.5215151890560433,1.7265625,0.4664725735783577,1.210618905723095,0.22134128771722317,0.2029342893511057,9.297629512506439e-05,0.22134128771722317,0.6883617863059044,0.25682445615530014,1.1485047936439514,0.8916803374886513,512,,,,,,,,,,,
563,0.7000051792909917,0.5220643727039849,0.84765625,0.40256559662520885,1.0074556469917297,0.18774869106709957,0.21244007535278797,9.293142878595475e-05,0.18774869106709957,0.716984860599041,0.2297189086675644,1.3093751408159733,1.079656232148409,512,,,,,,,,,,,
564,0.7000051792909917,0.5226124286651611,0.94140625,0.6406286731362343,1.658768467605114,0.2366105429828167,0.2825304940342903,9.288643050001361e-05,0.2366105429828167,0.6903955042362213,0.18945599347352982,2.5307403206825256,2.341284327208996,512,,,,,,,,,,,
565,0.7000051792909917,0.5231593580985511,0.8984375,0.4182770363986492,1.044784925878048,0.2184773776680231,0.2227211780846119,9.284130040554013e-05,0.2184773776680231,0.6999145299196243,0.31383736059069633,1.9311770722270012,1.6173397116363049,512,,,,,,,,,,,
566,0.7000051792909917,0.5237051621631339,0.76953125,0.3836345449090004,0.9752700626850128,0.210160618647933,0.18725880421698093,9.279603864123858e-05,0.210160618647933,0.6967870965600014,0.24122847244143486,1.490293052047491,1.2490645796060562,512,,,,,,,,,,,
567,0.7000051792909917,0.524249842017889,0.9375,0.3825760968029499,0.9794353693723679,0.18958796374499798,0.17988608963787556,9.275064534621792e-05,0.18958796374499798,0.6947851479053497,0.19988274574279785,1.1532777287065983,0.9533949829638004,512,,,,,,,,,,,
568,0.7000051792909917,0.5247933988217955,0.89453125,0.7908843867480755,2.060288392007351,0.19712552428245544,0.3363309074193239,9.270512065999137e-05,0.19712552428245544,0.7025830075144768,0.18200111761689186,0.9616098999977112,0.7796087823808193,512,0.0007021132623776793,0.0007021132623776793,0.02,21280,0.7000051792909917,21280,21280,42560,0,21280,40025
569,0.7000051792909917,0.5253358337338323,0.9765625,0.5926196426153183,1.5280479788780212,0.24687325581908226,0.267769044265151,9.265946472247598e-05,0.24687325581908226,0.7064355239272118,0.13099758327007294,2.4084008038043976,2.2774032205343246,512,,,,,,,,,,,
570,0.7000051792909917,0.5258771479129791,0.80078125,0.48104172572493553,1.2072496712207794,0.1676882468163967,0.2504524700343609,9.261367767399213e-05,0.1676882468163967,0.7148363962769508,0.1677287146449089,1.3539329022169113,1.1862041875720024,512,,,,,,,,,,,
571,0.7000051792909917,0.5264173425182148,0.9296875,0.5106150805950165,1.3180792555212975,0.18999041430652142,0.22923914343118668,9.256775965526326e-05,0.18999041430652142,0.6990917846560478,0.2153729870915413,1.041055105626583,0.8256821185350418,512,,,,,,,,,,,
572,0.7000051792909917,0.5269564187085186,0.87890625,0.46049826964735985,1.156379833817482,0.18427184969186783,0.239069402217865,9.252171080741524e-05,0.18427184969186783,0.7097729220986366,0.20414315164089203,0.9473757520318031,0.7432326003909111,512,,,,,,,,,,,
573,0.7000051792909917,0.5274943776428699,0.80859375,0.6027214787900448,1.5677386298775673,0.17766413278877735,0.2586899884045124,9.247553127197609e-05,0.17766413278877735,0.7049291878938675,0.16269506514072418,0.9175615236163139,0.7548664584755898,512,,,,,,,,,,,
574,0.7000051792909917,0.5280312204802478,0.9921875,0.554870255291462,1.404101125895977,0.17400754615664482,0.27732383646070957,9.242922119087548e-05,0.17400754615664482,0.700380839407444,0.14935585856437683,0.812449611723423,0.6630937531590462,512,,,,,,,,,,,
575,0.7000051792909917,0.5285669483796313,1.046875,0.4959360212087631,1.2890721634030342,0.22890942823141813,0.2137642428278923,9.23827807064443e-05,0.22890942823141813,0.6912499964237213,0.13630209863185883,1.0862131528556347,0.9499110542237759,512,,,,,,,,,,,
576,0.7000053193834093,0.5291015625,0.89453125,0.5802102945744991,1.475275106728077,0.15715677943080664,0.28293779119849205,9.233620996141421e-05,0.15715677943080664,0.6942431554198265,0.2749626971781254,1.6208161041140556,1.3458534069359303,512,0.0007214706856757402,0.0007214706856757402,0.02,20712,0.7000053193834093,20712,20712,41424,0,20712,39958
577,0.7000053193834093,0.5296350640003329,1.09375,0.6274374537169933,1.5962219834327698,0.2421357799321413,0.3051035460084677,9.228950909891726e-05,0.2421357799321413,0.6938549801707268,0.5035660564899445,1.8564172238111496,1.3528511673212051,512,,,,,,,,,,,
578,0.7000053193834093,0.5301674540396089,0.87109375,0.6119365282356739,1.5661120638251305,0.20684350561350584,0.2882409170269966,9.224267826248536e-05,0.20684350561350584,0.7058300524950027,0.2722721993923187,1.0725936591625214,0.8003214597702026,512,,,,,,,,,,,
579,0.7000053193834093,0.5306987337768078,0.96484375,0.49089644476771355,1.2501228228211403,0.22873118799179792,0.23744207248091698,9.219571759604992e-05,0.22873118799179792,0.6975878849625587,0.3126240558922291,1.3163608834147453,1.0037368275225163,512,,,,,,,,,,,
580,0.7000053193834093,0.5312289043709084,0.76953125,0.4838726408779621,1.2391194626688957,0.15749897435307503,0.22716124169528484,9.214862724394133e-05,0.15749897435307503,0.7110375836491585,0.12251507118344307,0.9857241213321686,0.8632090501487255,512,,,,,,,,,,,
581,0.7000053193834093,0.53175796698089,0.91015625,0.6606226526200771,1.7194872051477432,0.22169743198901415,0.2823996189981699,9.210140735088863e-05,0.22169743198901415,0.7035082876682281,0.05875222384929657,1.2808304503560066,1.22207822650671,512,,,,,,,,,,,
582,0.7000053193834093,0.5322859227657317,1.125,0.7744669020175934,1.9816533327102661,0.1889298316091299,0.3652160093188286,9.205405806201895e-05,0.1889298316091299,0.7000195384025574,0.08051534742116928,1.0117700323462486,0.9312546849250793,512,,,,,,,,,,,
583,0.7000053193834093,0.5328127728844131,0.875,0.7001538500189781,1.813567966222763,0.19622127152979374,0.3081102706491947,9.200657952285707e-05,0.19622127152979374,0.7014135718345642,0.2113538160920143,1.2607605531811714,1.049406737089157,512,,,,,,,,,,,
584,0.7000053191081786,0.5333385184959128,0.9375,0.7657948583364487,1.9629238694906235,0.2363897617906332,0.35766650177538395,9.195897187932512e-05,0.2363897617906332,0.6982104405760765,0.20422565191984177,1.7294110879302025,1.5251854360103607,512,0.0007163129048421979,0.0007163129048421979,0.02,21189,0.7000053191081786,21189,21190,42379,-1,21189,40505
585,0.7000053191081786,0.5338631607592106,1.0546875,0.5363917015492916,1.35426215082407,0.21038765460252762,0.2711671646684408,9.19112352777419e-05,0.21038765460252762,0.7006713598966599,0.24824710935354233,1.2474145293235779,0.9991674199700356,512,,,,,,,,,,,
586,0.7000053191081786,0.5343867008332853,0.83984375,0.7360538803040981,1.9244981035590172,0.22327935509383678,0.3059680964797735,9.186336986482267e-05,0.22327935509383678,0.6970165967941284,0.2565695196390152,1.3550044819712639,1.0984349623322487,512,,,,,,,,,,,
587,0.7000053191081786,0.5349091398771161,0.9453125,0.5668575912714005,1.4614040479063988,0.19097368977963924,0.2563461586833,9.181537578767848e-05,0.19097368977963924,0.704958476126194,0.21408933401107788,1.0650352388620377,0.8509459048509598,512,,,,,,,,,,,
588,0.7000053191081786,0.5354304790496826,0.859375,0.5361579768359661,1.3867869451642036,0.19882853142917156,0.23793414048850536,9.176725319381589e-05,0.19882853142917156,0.6990722492337227,0.22510600835084915,0.9675296545028687,0.7424236461520195,512,,,,,,,,,,,
589,0.7000053191081786,0.5359507195099636,1.0234375,0.5955128259956837,1.5373325124382973,0.22348131518810987,0.26725172623991966,9.171900223113643e-05,0.22348131518810987,0.7023022323846817,0.1385606974363327,1.6216530501842499,1.4830923527479172,512,,,,,,,,,,,
590,0.7000053191081786,0.5364698624169384,0.77734375,0.3706274777650833,0.9392198696732521,0.20948430616408587,0.18389366380870342,9.167062304793614e-05,0.20948430616408587,0.6979882568120956,0.20813317596912384,1.9818065389990807,1.7736733630299568,512,,,,,,,,,,,
591,0.7000053191081786,0.5369879089295864,0.94921875,0.6535745784640312,1.6906572058796883,0.20723602920770645,0.2898717690259218,9.162211579290517e-05,0.20723602920770645,0.7111669927835464,0.3405597098171711,1.330451987683773,0.9898922778666019,512,,,,,,,,,,,
592,0.7000053191081786,0.5375048602068866,0.875,0.5930671952664852,1.5152496322989464,0.15429853554815054,0.281923595815897,9.157348061512727e-05,0.15429853554815054,0.7169604301452637,0.18113911151885986,1.1001788526773453,0.9190397411584854,512,0.0007934640161693096,0.0007934640161693096,0.02,19716,0.7000053191081786,19716,19716,39432,0,19716,38984
593,0.7000053191081786,0.5380207174078181,1.34375,0.49534745141863823,1.2297258079051971,0.21807531639933586,0.271327031776309,9.152471766407935e-05,0.21807531639933586,0.695136696100235,0.31107279658317566,2.492583580315113,2.1815107837319374,512,,,,,,,,,,,
594,0.7000053191081786,0.5385354816913605,0.96484375,0.5303316675126553,1.362649530172348,0.197386572137475,0.24441608600318432,9.147582708963104e-05,0.197386572137475,0.7056738287210464,0.0876365639269352,1.1705027222633362,1.082866158336401,512,,,,,,,,,,,
595,0.7000053191081786,0.5390491542164927,0.96875,0.6107400059700012,1.5578595474362373,0.20011287461966276,0.2928676847368479,9.142680904204419e-05,0.20011287461966276,0.7021728232502937,0.08042220026254654,1.520334117114544,1.4399119168519974,512,,,,,,,,,,,
596,0.7000053191081786,0.5395617361421937,0.81640625,0.6682849563658237,1.7358391657471657,0.2066665906459093,0.28926670365035534,9.137766367197246e-05,0.2066665906459093,0.6940283179283142,0.24755294993519783,0.9630474224686623,0.7154944725334644,512,,,,,,,,,,,
597,0.7000053191081786,0.5400732286274432,0.93359375,0.7366929799318314,1.9010201692581177,0.20033507980406284,0.3313827607780695,9.132839113046079e-05,0.20033507980406284,0.7015942335128784,0.26118751615285873,1.2942216359078884,1.0330341197550297,512,,,,,,,,,,,
598,0.7000053191081786,0.5405836328312204,0.97265625,0.5139334090054035,1.3323289901018143,0.1715009454637766,0.22504493594169617,9.1278991568945e-05,0.1715009454637766,0.7067138478159904,0.1750815473496914,0.7681939825415611,0.5931124351918697,512,,,,,,,,,,,
599,0.7000053191081786,0.5410929499125038,0.80078125,0.6164508052170277,1.5867047682404518,0.17941878456622362,0.281327860429883,9.122946513925127e-05,0.17941878456622362,0.7017309367656708,0.10296106338500977,1.083216194063425,0.9802551306784153,512,,,,,,,,,,,
600,0.7000053191081786,0.5416011810302734,0.796875,0.4756925739347935,1.2253315672278404,0.21278008073568344,0.21616101823747158,9.117981199359574e-05,0.21278008073568344,0.7048876732587814,0.2242797687649727,1.2477926686406136,1.0235128998756409,512,0.0007724498282186687,0.0007724498282186687,0.02,23011,0.7000053191081786,23011,23011,46022,0,23011,42294
601,0.7000053191081786,0.542108327343508,0.7890625,0.5399865247309208,1.3809098601341248,0.1933078058063984,0.2554128151386976,9.113003228458397e-05,0.1933078058063984,0.7033959776163101,0.19316444173455238,1.3507125079631805,1.1575480662286282,512,,,,,,,,,,,
602,0.7000053191081786,0.5426143900111868,0.82421875,0.7381205074489117,1.884640783071518,0.18855800945311785,0.3520879615098238,9.108012616521055e-05,0.18855800945311785,0.7049658223986626,0.29941852390766144,1.2003183141350746,0.9008997902274132,512,,,,,,,,,,,
603,0.7000053191081786,0.5431193701922893,0.83203125,0.4177231155335903,1.07146804779768,0.21470012236386538,0.19435955211520195,9.103009378885849e-05,0.21470012236386538,0.6946679502725601,0.21545245498418808,1.4165370613336563,1.2010846063494682,512,,,,,,,,,,,
604,0.7000053191081786,0.5436232690457945,0.8828125,0.541475972160697,1.3980999290943146,0.18846927117556334,0.24273629020899534,9.097993530929895e-05,0.18846927117556334,0.6993188410997391,0.21776261180639267,1.4681868888437748,1.2504242770373821,512,,,,,,,,,,,
605,0.7000053191081786,0.5441260877306813,0.76171875,0.6180053390562534,1.583425223827362,0.18806703109294176,0.28931810706853867,9.092965088069058e-05,0.18806703109294176,0.6912866234779358,0.11830125190317631,1.5688892267644405,1.4505879748612642,512,,,,,,,,,,,
606,0.7000053191081786,0.5446278274059295,0.9609375,0.5340407714247704,1.3411603346467018,0.18604212999343872,0.2771449685096741,9.087924065757919e-05,0.18604212999343872,0.7000121921300888,0.21865198388695717,1.023668795824051,0.8050168119370937,512,,,,,,,,,,,
607,0.7000053191081786,0.545128489230518,0.83984375,0.6381843686103821,1.6442153826355934,0.16418216191232204,0.2896765675395727,9.082870479489715e-05,0.16418216191232204,0.7027001827955246,0.1626882366836071,0.7850439921021461,0.622355755418539,512,,,,,,,,,,,
608,0.7000054614024417,0.5456280743634259,0.8046875,0.44288717210292816,1.1391373425722122,0.2534275911748409,0.2029449436813593,9.077804344796302e-05,0.2534275911748409,0.7005029171705246,0.20313221216201782,1.361275315284729,1.1581431031227112,512,0.0010544558754190803,0.0010544558754190803,0.02,21428,0.7000054614024417,21428,21429,42857,-1,21428,41186
609,0.7000054614024417,0.5461265839636326,1.0390625,0.6670998185873032,1.711579866707325,0.18972664512693882,0.309934601187706,9.072725677248099e-05,0.18972664512693882,0.7095385640859604,0.3155296519398689,2.0805772095918655,1.7650475576519966,512,,,,,,,,,,,
610,0.7000054614024417,0.5466240191901172,1.6171875,0.7772562243044376,1.9863149002194405,0.1682566348463297,0.369006872177124,9.067634492454048e-05,0.1682566348463297,0.7150048762559891,0.20161539316177368,1.1697006225585938,0.9680852293968201,512,,,,,,,,,,,
611,0.7000054614024417,0.5471203812018588,0.91015625,0.6344159878790379,1.6539837643504143,0.18357006646692753,0.26848885230720043,9.062530806061557e-05,0.18357006646692753,0.7004394233226776,0.0878368690609932,1.3774145990610123,1.289577730000019,512,,,,,,,,,,,
612,0.7000054614024417,0.5476156711578368,5.1875,0.9417913928627968,2.4354643896222115,0.3406937066465616,0.4184488747268915,9.057414633756464e-05,0.3406937066465616,0.6920068189501762,0.6221581175923347,2.5716345459222794,1.9494764283299446,512,,,,,,,,,,,
613,0.7000054614024417,0.5481098902170305,2.640625,0.7008761689066887,1.7916047349572182,0.18070571962743998,0.33226238191127777,9.052285991262975e-05,0.18070571962743998,0.7105077877640724,0.13308833539485931,1.2728261277079582,1.139737792313099,512,,,,,,,,,,,
614,0.7000054614024417,0.5486030395384187,0.91015625,0.6955949626863003,1.7884115651249886,0.18768839910626411,0.3194518182426691,9.047144894343623e-05,0.18768839910626411,0.7021679505705833,0.3576786108314991,1.4516044184565544,1.0939258076250553,512,,,,,,,,,,,
615,0.7000054614024417,0.5490951202809811,0.9296875,0.4576478488743305,1.1672347784042358,0.21269816160202026,0.21957682259380817,9.041991358799222e-05,0.21269816160202026,0.6954052522778511,0.2653423473238945,1.5768688544631004,1.311526507139206,512,,,,,,,,,,,
616,0.7000054614024417,0.5495861336036965,0.9140625,0.6261455900967121,1.6032979637384415,0.2235811986029148,0.29411284253001213,9.036825400468812e-05,0.2235811986029148,0.7019262388348579,0.2484625056385994,1.3610952720046043,1.112632766366005,512,0.000829401018563658,0.000829401018563658,0.02,37441,0.7000054614024417,37441,37441,74882,0,37441,57280
617,0.7000054614024417,0.5500760806655441,1.015625,0.48948581516742706,1.254214771091938,0.2629530355334282,0.22907553054392338,9.031647035229618e-05,0.2629530355334282,0.7011694014072418,0.10726134479045868,2.022840917110443,1.9155795723199844,512,,,,,,,,,,,
618,0.7000054614024417,0.5505649626255035,0.79296875,0.5726878829300404,1.4841794669628143,0.18414142075926065,0.25123830791562796,9.02645627899699e-05,0.18414142075926065,0.7052124068140984,0.08397575467824936,1.218043491244316,1.1340677365660667,512,,,,,,,,,,,
619,0.7000054614024417,0.5510527806425536,0.734375,0.5298246834427118,1.3813800364732742,0.1657668547704816,0.22414926998317242,9.02125314772437e-05,0.1657668547704816,0.7076171636581421,0.1638857126235962,0.8958835378289223,0.7319978252053261,512,,,,,,,,,,,
620,0.7000054614024417,0.5515395358756735,0.78125,0.7502617724239826,1.9498172923922539,0.21350368484854698,0.323703084141016,9.016037657403224e-05,0.21350368484854698,0.6988451853394508,0.23063240200281143,1.0122681334614754,0.7816357314586639,512,,,,,,,,,,,
621,0.7000054614024417,0.5520252294838428,0.80859375,0.38998064026236534,1.0018385201692581,0.1830722875893116,0.17992096953094006,9.010809824063011e-05,0.1830722875893116,0.7065991163253784,0.15570715069770813,0.8910986930131912,0.7353915423154831,512,,,,,,,,,,,
622,0.7000054614024417,0.5525098626260405,0.77734375,0.8058378174901009,2.122788667678833,0.16512651927769184,0.31914398074150085,9.005569663771119e-05,0.16512651927769184,0.7149633690714836,0.1482287421822548,0.8812386244535446,0.7330098822712898,512,,,,,,,,,,,
623,0.7000054614024417,0.5529934364612454,0.8515625,0.7009918130934238,1.8040996491909027,0.23082237411290407,0.320117823779583,9.000317192632826e-05,0.23082237411290407,0.6916210800409317,0.27768296003341675,1.594459854066372,1.3167768940329552,512,,,,,,,,,,,
624,0.7000054614024417,0.5534759521484375,0.703125,0.5491668619215488,1.4006917253136635,0.17098879721015692,0.26345019042491913,8.995052426791247e-05,0.17098879721015692,0.7091918811202049,0.23689624667167664,1.4788867980241776,1.241990551352501,512,0.0009287723805755377,0.0009287723805755377,0.02,17022,0.7000054614024417,17022,17022,34044,0,17022,36808
625,0.7000054614024417,0.5539574108465954,0.703125,0.6154279038310051,1.6143813505768776,0.16349533386528492,0.2505516652017832,8.989775382427278e-05,0.16349533386528492,0.6931371986865997,0.24559510499238968,1.1614376902580261,0.9158425852656364,512,,,,,,,,,,,
626,0.7000054614024417,0.5544378137146985,0.7265625,0.37533244490623474,0.9657187908887863,0.20460093580186367,0.1716522118076682,8.98448607575956e-05,0.20460093580186367,0.7118798345327377,0.1842808872461319,1.8828264698386192,1.6985455825924873,512,,,,,,,,,,,
627,0.7000054614024417,0.5549171619117259,0.91015625,0.6885088011622429,1.7742000296711922,0.237437822856009,0.3121902234852314,8.979184523044418e-05,0.237437822856009,0.6990576088428497,0.22728460654616356,1.9050234258174896,1.677738819271326,512,,,,,,,,,,,
628,0.7000054614024417,0.5553954565966571,0.7109375,0.43452225625514984,1.1224262416362762,0.16478248871862888,0.19430779106914997,8.973870740575814e-05,0.16478248871862888,0.704394519329071,0.15077799186110497,1.1361916959285736,0.9854137040674686,512,,,,,,,,,,,
629,0.7000054614024417,0.5558726989284709,0.84765625,0.5441150590777397,1.407363973557949,0.18710757605731487,0.2414694968611002,8.968544744685297e-05,0.18710757605731487,0.7021313458681107,0.27321045845746994,0.9951605871319771,0.7219501286745071,512,,,,,,,,,,,
630,0.7000054614024417,0.5563488900661469,0.73046875,0.5921800509095192,1.5219542309641838,0.15310532040894032,0.272530697286129,8.963206551741952e-05,0.15310532040894032,0.699704572558403,0.18415996059775352,0.7616064548492432,0.5774464942514896,512,,,,,,,,,,,
631,0.7000054614024417,0.556824031168664,0.75,0.6989537551999092,1.8142340257763863,0.1587086347863078,0.3038075789809227,8.957856178152358e-05,0.1587086347863078,0.7050415053963661,0.23254383355379105,1.2349175959825516,1.0023737624287605,512,,,,,,,,,,,
632,0.7000054614024417,0.5572981233950013,0.72265625,0.628112219274044,1.6214966550469398,0.17068654671311378,0.28187367133796215,8.952493640360517e-05,0.17068654671311378,0.7134350389242172,0.11020993441343307,1.1203690394759178,1.0101591050624847,512,0.0007360290037468076,0.0007360290037468076,0.02,18081,0.7000054614024417,18081,18081,36162,0,18081,37872
633,0.7000054614024417,0.5577711679041385,0.765625,0.7438039183616638,1.9231969937682152,0.1420532763004303,0.33075422048568726,8.947118954847832e-05,0.1420532763004303,0.720034159719944,0.11127718910574913,0.7347874529659748,0.6235102638602257,512,,,,,,,,,,,
634,0.7000054614024417,0.5582431658550545,0.765625,0.3745620846748352,0.9603008404374123,0.20709478296339512,0.1747357388958335,8.941732138133032e-05,0.20709478296339512,0.7204833924770355,0.14775338023900986,1.1906535923480988,1.042900212109089,512,,,,,,,,,,,
635,0.7000054614024417,0.5587141184067284,0.796875,0.6294437125325203,1.6345510631799698,0.17611299362033606,0.2728540971875191,8.936333206772131e-05,0.17611299362033606,0.716113269329071,0.12209932506084442,1.7220964282751083,1.599997103214264,512,,,,,,,,,,,
636,0.7000054614024417,0.5591840267181396,0.83984375,0.43989575281739235,1.1262380629777908,0.18476436659693718,0.20677933283150196,8.930922177358379e-05,0.18476436659693718,0.7104101330041885,0.166646808385849,0.9920020997524261,0.8253552913665771,512,,,,,,,,,,,
637,0.7000054614024417,0.5596528919482673,17.625,0.574786365032196,1.4754085466265678,0.20399484504014254,0.26636825129389763,8.925499066522207e-05,0.20399484504014254,0.6884472444653511,-0.009652044624090195,1.349051434546709,1.3587034791707993,512,,,,,,,,,,,
638,0.7000054614024417,0.5601207152560904,0.87109375,0.4057788886129856,1.0337338596582413,0.17464108113199472,0.19589907862246037,8.920063890931177e-05,0.17464108113199472,0.7149218544363976,0.2596646510064602,1.419482447206974,1.1598177962005138,512,,,,,,,,,,,
639,0.7000054614024417,0.5605874978005886,2.296875,0.7722408883273602,1.9850520342588425,0.18400778528302908,0.3550717420876026,8.914616667289935e-05,0.18400778528302908,0.6979247853159904,0.10326826944947243,1.7161796316504478,1.6129113622009754,512,,,,,,,,,,,
640,0.7000055987425525,0.5610532407407408,0.9453125,0.7667070478200912,1.9830828234553337,0.2615637704730034,0.34027177281677723,8.90915741234015e-05,0.2615637704730034,0.6967260539531708,0.35942088812589645,1.559619352221489,1.2001984640955925,512,0.0007497065817005932,0.0007497065817005932,0.02,29188,0.7000055987425525,29188,29188,58376,0,29188,49529
641,0.7000055987425525,0.561517945235526,0.84765625,0.7216297388076782,1.8797510042786598,0.17909088172018528,0.30700566060841084,8.903686142860472e-05,0.17909088172018528,0.7065160945057869,0.25398168340325356,2.0154846534132957,1.7615029700100422,512,,,,,,,,,,,
642,0.7000055987425525,0.5619816124439239,0.7734375,0.5251200050115585,1.3463250547647476,0.18750706315040588,0.24494764022529125,8.89820287566648e-05,0.18750706315040588,0.7025268524885178,0.15796416252851486,1.9652557149529457,1.8072915524244308,512,,,,,,,,,,,
643,0.7000055987425525,0.5624442435249135,0.8203125,0.6561386659741402,1.7096843272447586,0.17766776960343122,0.27861463092267513,8.892707627610618e-05,0.17766776960343122,0.7127929478883743,0.12329946458339691,1.053171668201685,0.929872203618288,512,,,,,,,,,,,
644,0.7000055987425525,0.5629058396374736,0.94921875,0.6405163072049618,1.6395980156958103,0.2029173355549574,0.30136042833328247,8.887200415582161e-05,0.2029173355549574,0.6974316388368607,0.08941280096769333,1.4464627355337143,1.357049934566021,512,,,,,,,,,,,
645,0.7000055987425525,0.5633664019405842,0.796875,0.6490582600235939,1.672922469675541,0.17283533979207277,0.2939206585288048,8.88168125650715e-05,0.17283533979207277,0.7162988111376762,0.1967792809009552,1.5128352716565132,1.316055990755558,512,,,,,,,,,,,
646,0.7000055987425525,0.5638259315932238,0.78125,0.5268963128328323,1.353900671005249,0.1394012258388102,0.2427547462284565,8.876150167348348e-05,0.1394012258388102,0.702573224902153,0.18629712611436844,0.7802999652922153,0.5940028391778469,512,,,,,,,,,,,
647,0.7000055987425525,0.5642844297543719,2.03125,0.49831077829003334,1.2718475684523582,0.21254146471619606,0.23818503133952618,8.870607165105179e-05,0.21254146471619606,0.6851635724306107,0.386024534702301,1.3694722577929497,0.9834477230906487,512,,,,,,,,,,,
648,0.7000055984673218,0.5647418975830077,0.8046875,0.5617380924522877,1.4534401074051857,0.1869671605527401,0.2487964890897274,8.865052266813685e-05,0.1869671605527401,0.7184496968984604,0.30128996819257736,1.426182098686695,1.1248921304941177,512,0.000736458518076688,0.000736458518076688,0.02,19981,0.7000055984673218,19981,19982,39963,-1,19981,40287
649,0.7000055984673218,0.5651983362381106,1.2109375,0.48470988124608994,1.2533608078956604,0.23831941839307547,0.21545695886015892,8.85948548954647e-05,0.23831941839307547,0.6876903995871544,0.2139514535665512,2.071332946419716,1.8573814928531647,512,,,,,,,,,,,
650,0.7000055984673218,0.5656537468786591,0.75390625,0.4542909972369671,1.1496979966759682,0.19732891954481602,0.22694137133657932,8.853906850412644e-05,0.19732891954481602,0.7158251628279686,0.18978634476661682,1.3429030701518059,1.153116725385189,512,,,,,,,,,,,
651,0.7000055984673218,0.5661081306636333,0.7734375,0.5985614471137524,1.5504498779773712,0.19705489743500948,0.2633726317435503,8.848316366557777e-05,0.19705489743500948,0.7074902057647705,0.1949937790632248,1.3684825226664543,1.1734887436032295,512,,,,,,,,,,,
652,0.7000055984673218,0.566561488752012,0.703125,0.48336188308894634,1.2457618564367294,0.1629519360139966,0.21897108759731054,8.842714055163841e-05,0.1629519360139966,0.6954345554113388,0.07012472301721573,1.060839131474495,0.9907144084572792,512,,,,,,,,,,,
653,0.7000055984673218,0.5670138223027741,0.76171875,0.6834790483117104,1.7724096477031708,0.1457709576934576,0.2987389340996742,8.83709993344916e-05,0.1457709576934576,0.7110766470432281,0.14997746795415878,0.764507420361042,0.6145299524068832,512,,,,,,,,,,,
654,0.7000055984673218,0.5674651324748993,0.74609375,0.6032034568488598,1.534973070025444,0.20653002383187413,0.2929161097854376,8.831474018668355e-05,0.20653002383187413,0.703432597219944,0.2571591157466173,1.5425453633069992,1.285386247560382,512,,,,,,,,,,,
655,0.7000055984673218,0.5679154204273665,0.70703125,0.5767016932368279,1.4785811230540276,0.14741227962076664,0.2689997162669897,8.825836328112295e-05,0.14741227962076664,0.7268627732992172,0.07473456114530563,1.4174038767814636,1.342669315636158,512,,,,,,,,,,,
656,0.7000055984673218,0.568364687319155,0.78125,0.5545017123222351,1.4172480553388596,0.14629461616277695,0.26306010968983173,8.820186879108038e-05,0.14629461616277695,0.7104711756110191,0.16099606081843376,1.0221161730587482,0.8611201122403145,512,0.0008607861818745732,0.0008607861818745732,0.02,17030,0.7000055984673218,17030,17030,34060,0,17030,37359
657,0.7000055984673218,0.5688129343092441,0.68359375,0.7679396457970142,2.0005368813872337,0.14193919766694307,0.32655290700495243,8.814525689018781e-05,0.14193919766694307,0.7150683403015137,0.16853522881865501,1.7475955188274384,1.5790602900087833,512,,,,,,,,,,,
658,0.7000055984673218,0.5692601625566129,0.7734375,0.5022977702319622,1.3014121502637863,0.20022778864949942,0.22070224955677986,8.808852775243809e-05,0.20022778864949942,0.6966821178793907,0.30048274621367455,1.6110897548496723,1.3106070086359978,512,,,,,,,,,,,
659,0.7000055984673218,0.5697063732202405,1.046875,0.7950257398188114,2.046645760536194,0.2083832249045372,0.3625229950994253,8.803168155218437e-05,0.2083832249045372,0.7059985175728798,0.03810541331768036,1.0795225501060486,1.0414171367883682,512,,,,,,,,,,,
660,0.7000055984673218,0.5701515674591064,0.76953125,0.5502599030733109,1.3914462104439735,0.21550789289176464,0.27600797079503536,8.797471846413958e-05,0.21550789289176464,0.7051074132323265,0.24510839208960533,1.4848358258605003,1.239727433770895,512,,,,,,,,,,,
661,0.7000055984673218,0.5705957464321896,0.89453125,0.5908827148377895,1.4720589816570282,0.18755682278424501,0.31849462166428566,8.79176386633759e-05,0.18755682278424501,0.6973632648587227,0.09312744438648224,1.3088712468743324,1.2157438024878502,512,,,,,,,,,,,
662,0.7000055984673218,0.5710389112984692,0.91796875,0.583008386194706,1.5020513609051704,0.2363287415355444,0.2646406404674053,8.786044232532424e-05,0.2363287415355444,0.7075072973966599,0.2906680181622505,2.008571535348892,1.7179035171866417,512,,,,,,,,,,,
663,0.7000055984673218,0.5714810632169246,0.765625,0.46717260777950287,1.2026105299592018,0.17079191096127033,0.2130640111863613,8.780312962577364e-05,0.17079191096127033,0.7100121900439262,0.20135867223143578,1.2596784383058548,1.058319766074419,512,,,,,,,,,,,
664,0.7000055984673218,0.571922203346535,1.328125,0.4472881220281124,1.1196066960692406,0.21865595132112503,0.23581181280314922,8.77457007408708e-05,0.21865595132112503,0.6881323084235191,0.022664640098810196,1.899475172162056,1.8768105320632458,512,0.0008503518765792251,0.0008503518765792251,0.02,22145,0.7000055984673218,22145,22145,44290,0,22145,42435
665,0.7000055984673218,0.5723623328462794,0.7421875,0.5918088145554066,1.5368808209896088,0.1964696142822504,0.25647919438779354,8.768815584711952e-05,0.1964696142822504,0.6996606290340424,0.22935879975557327,1.4435628429055214,1.2142040431499481,512,,,,,,,,,,,
666,0.7000055984673218,0.5728014528751373,0.93359375,0.5975330732762814,1.524933248758316,0.16086841188371181,0.28577294759452343,8.763049512138008e-05,0.16086841188371181,0.7147656232118607,0.28034427016973495,1.6674663946032524,1.3871221244335175,512,,,,,,,,,,,
667,0.7000055984673218,0.5732395645920878,1.125,0.6718819309026003,1.746567390859127,0.14037619065493345,0.28943837620317936,8.757271874086884e-05,0.14037619065493345,0.712780736386776,0.36853213235735893,1.2261388786137104,0.8576067462563515,512,,,,,,,,,,,
668,0.7000055984673218,0.5736766691561097,0.859375,0.640429824590683,1.638613000512123,0.173119249753654,0.30208334047347307,8.751482688315757e-05,0.173119249753654,0.7081078886985779,0.03455378860235214,1.2832153737545013,1.2486615851521492,512,,,,,,,,,,,
669,0.7000055984673218,0.5741127677261829,1.6171875,0.5491696558892727,1.428679771721363,0.25121433567255735,0.23547065071761608,8.745681972617296e-05,0.25121433567255735,0.676206037402153,0.3701062649488449,1.3915511816740036,1.0214449167251587,512,,,,,,,,,,,
670,0.7000055984673218,0.5745478614612862,0.796875,0.5038665942847729,1.29741882532835,0.19644813798367977,0.22944958321750164,8.739869744819609e-05,0.19644813798367977,0.7133886516094208,0.176538597792387,2.1663114428520203,1.9897728450596333,512,,,,,,,,,,,
671,0.7000055984673218,0.5749819515203988,0.8359375,0.6837521977722645,1.7761554047465324,0.21077263727784157,0.29582086391747,8.734046022786182e-05,0.21077263727784157,0.686721183359623,0.29003382474184036,1.1819405257701874,0.891906701028347,512,,,,,,,,,,,
672,0.7000057308532803,0.5754150390624999,0.890625,0.5407456234097481,1.3941979557275772,0.2007069094106555,0.24442506302148104,8.728210824415827e-05,0.2007069094106555,0.7039404064416885,0.07281715422868729,1.8538486286997795,1.7810314744710922,512,0.000806105206720531,0.000806105206720531,0.02,23130,0.7000057308532803,23130,23130,46260,0,23130,43878
673,0.7000057308532803,0.575847125246569,0.953125,0.52487837895751,1.3379077464342117,0.22590160369873047,0.25263270549476147,8.722364167642636e-05,0.22590160369873047,0.6952954083681107,0.1952366605401039,1.1619346961379051,0.9666980355978012,512,,,,,,,,,,,
674,0.7000057308532803,0.5762782112315848,0.81640625,0.5754693001508713,1.472155936062336,0.25048079900443554,0.2716902755200863,8.716506070435906e-05,0.25048079900443554,0.6891845464706421,0.30146124586462975,1.629463192075491,1.3280019462108612,512,,,,,,,,,,,
675,0.7000057308532803,0.576708298176527,0.76171875,0.7160020582377911,1.8523876890540123,0.18865650705993176,0.31731544248759747,8.710636550800102e-05,0.18865650705993176,0.7071288898587227,0.08675628155469894,2.450609803199768,2.363853521645069,512,,,,,,,,,,,
676,0.7000057308532803,0.5771373872403746,0.8359375,0.5440182238817215,1.397966168820858,0.16162605676800013,0.2505738493055105,8.704755626774796e-05,0.16162605676800013,0.7114233151078224,0.2606171816587448,1.2803569063544273,1.0197397246956825,512,,,,,,,,,,,
677,0.7000057308532803,0.5775654795821065,0.83203125,0.5201765671372414,1.3409129083156586,0.17340099439024925,0.2353796251118183,8.698863316434608e-05,0.17340099439024925,0.715102531015873,0.1831568442285061,0.9270325377583504,0.7438756935298443,512,,,,,,,,,,,
678,0.7000057308532803,0.5779925763607024,0.82421875,0.4616749882698059,1.1895640715956688,0.1870584413409233,0.20945096481591463,8.692959637889154e-05,0.1870584413409233,0.7055053561925888,0.16303662955760956,0.9282479844987392,0.7652113549411297,512,,,,,,,,,,,
679,0.7000057308532803,0.5784186787351414,2.03125,0.5562614724040031,1.4389325305819511,0.3111575935035944,0.24670822359621525,8.687044609282986e-05,0.3111575935035944,0.7024242877960205,0.5731248408555984,2.214508019387722,1.6413831785321236,512,,,,,,,,,,,
680,0.7000057311285109,0.5788437878644024,1.625,0.7418599724769592,1.9316596984863281,0.17300391849130392,0.3164007943123579,8.681118248795547e-05,0.17300391849130392,0.7064672634005547,0.18472078815102577,1.2996265217661858,1.11490573361516,512,0.0008370575378648937,0.0008370575378648937,0.02,28290,0.7000057311285109,28290,28289,56579,1,28290,49094
681,0.7000057311285109,0.5792679049074649,0.7734375,0.5737872272729874,1.4987013787031174,0.15841224696487188,0.24004771746695042,8.675180574641102e-05,0.15841224696487188,0.7160620018839836,0.07699131593108177,1.5469772517681122,1.4699859358370304,512,,,,,,,,,,,
682,0.7000057311285109,0.5796910310233081,0.890625,0.5266311820596457,1.3484208285808563,0.18506714142858982,0.24743119813501835,8.66923160506869e-05,0.18506714142858982,0.7062182575464249,0.06186855211853981,1.1758075803518295,1.1139390282332897,512,,,,,,,,,,,
683,0.7000057311285109,0.5801131673709109,0.73828125,0.49966007471084595,1.2819160968065262,0.21263359673321247,0.2322053164243698,8.663271358362064e-05,0.21263359673321247,0.6951684579253197,0.19282042235136032,1.8139241971075535,1.6211037747561932,512,,,,,,,,,,,
684,0.7000057311285109,0.5805343151092529,0.8828125,0.5698243044316769,1.465467520058155,0.15622466709464788,0.2612727489322424,8.657299852839639e-05,0.15622466709464788,0.7061450183391571,0.22709890455007553,1.5155771747231483,1.2884782701730728,512,,,,,,,,,,,
685,0.7000057311285109,0.5809544753973132,0.82421875,0.40131981670856476,1.0135054737329483,0.19837848655879498,0.20261515490710735,8.65131710685443e-05,0.19837848655879498,0.7025488168001175,0.08225046843290329,1.345207929611206,1.2629574611783028,512,,,,,,,,,,,
686,0.7000057311285109,0.5813736493940705,0.8046875,0.4962421841919422,1.2701224088668823,0.20768383145332336,0.23364174738526344,8.645323138794001e-05,0.20768383145332336,0.7025024220347404,0.1648155115544796,1.4839432016015053,1.3191276900470257,512,,,,,,,,,,,
687,0.7000057311285109,0.5817918382585048,0.74609375,0.6784050092101097,1.7690764963626862,0.19676260091364384,0.28669621236622334,8.639317967080408e-05,0.19676260091364384,0.7034838944673538,0.24433168768882751,1.0830369666218758,0.8387052789330482,512,,,,,,,,,,,
688,0.7000057311285109,0.582209043149595,0.85546875,0.6019799448549747,1.5687879920005798,0.1813168115913868,0.25539358891546726,8.633301610170135e-05,0.1813168115913868,0.7217748910188675,0.1829497069120407,1.1948924213647842,1.0119427144527435,512,0.0008905140566639602,0.0008905140566639602,0.02,16742,0.7000057311285109,16742,16742,33484,0,16742,37521
689,0.7000057311285109,0.5826252652263199,0.82421875,0.4265323877334595,1.099092774093151,0.17205219250172377,0.19342952966690063,8.62727408655405e-05,0.17205219250172377,0.7171362116932869,0.25385215133428574,2.181928388774395,1.9280762374401093,512,,,,,,,,,,,
690,0.7000057311285109,0.5830405056476593,0.84765625,0.7608054205775261,1.9646720066666603,0.16982957627624273,0.340798893943429,8.621235414757336e-05,0.16982957627624273,0.7054345533251762,0.11111640557646751,1.2001945450901985,1.089078139513731,512,,,,,,,,,,,
691,0.7000057311285109,0.583454765572592,0.81640625,0.6811440326273441,1.749997265636921,0.19074694998562336,0.3140754494816065,8.615185613339438e-05,0.19074694998562336,0.7114623710513115,0.1601356379687786,1.4457913786172867,1.285655740648508,512,,,,,,,,,,,
692,0.7000057311285109,0.5838680461600974,0.77734375,0.6115100011229515,1.575466588139534,0.17464999202638865,0.27759394608438015,8.609124700894016e-05,0.17464999202638865,0.7226366996765137,0.2350282296538353,1.3385707661509514,1.103542536497116,512,,,,,,,,,,,
693,0.7000057311285109,0.5842803485691547,0.87890625,0.5825440920889378,1.5003577843308449,0.1878876807168126,0.2649272754788399,8.603052696048867e-05,0.1878876807168126,0.7133618071675301,0.39367424696683884,2.350147806107998,1.956473559141159,512,,,,,,,,,,,
694,0.7000057311285109,0.5846916739587431,1.0390625,0.5442795604467392,1.3897719755768776,0.17379258014261723,0.2595599554479122,8.596969617465889e-05,0.17379258014261723,0.704780250787735,0.24510645121335983,2.0027765408158302,1.7576700896024704,512,,,,,,,,,,,
695,0.7000057311285109,0.5851020234878415,0.70703125,0.34202801808714867,0.8735554367303848,0.19956136867403984,0.16289307363331318,8.590875483841011e-05,0.19956136867403984,0.7008276209235191,0.208952434360981,1.2376217171549797,1.0286692827939987,512,,,,,,,,,,,
696,0.7000057311285109,0.5855113983154296,0.81640625,0.602758388966322,1.5742954090237617,0.2623417489230633,0.2522450927644968,8.584770313904137e-05,0.2623417489230633,0.6941284090280533,0.2445327416062355,1.5650782585144043,1.3205455169081688,512,0.0008876983192749321,0.0008876983192749321,0.02,19941,0.7000057311285109,19941,19941,39882,0,19941,40749
697,0.7000057311285109,0.5859197996004865,0.79296875,0.6688297092914581,1.72612364590168,0.18358684424310923,0.3006330281496048,8.578654126419093e-05,0.18358684424310923,0.7091064155101776,0.13490787148475647,1.1931762769818306,1.0582684054970741,512,,,,,,,,,,,
698,0.7000057311285109,0.5863272285019909,0.73828125,0.5323942769318819,1.399022988975048,0.14868957176804543,0.21429293043911457,8.572526940183568e-05,0.14868957176804543,0.6955468729138374,0.11146611347794533,1.1720679849386215,1.0606018714606762,512,,,,,,,,,,,
699,0.7000057311285109,0.5867336861789226,1.0078125,0.682534571737051,1.7846017703413963,0.24896488152444363,0.28368470072746277,8.566388774029051e-05,0.24896488152444363,0.7004028186202049,0.08260322362184525,1.8412536904215813,1.758650466799736,512,,,,,,,,,,,
700,0.7000057311285109,0.5871391737902606,0.8828125,0.9576673433184624,2.4834361597895622,0.16531273070722818,0.4185859728604555,8.560239646820778e-05,0.16531273070722818,0.7012548744678497,0.23905612528324127,1.2607389464974403,1.021682821214199,512,,,,,,,,,,,
701,0.7000057311285109,0.587543692494984,0.87109375,0.5936044715344906,1.5335411131381989,0.19068844430148602,0.265260249376297,8.554079577457674e-05,0.19068844430148602,0.7067846581339836,0.3051173649728298,1.9570242390036583,1.6519068740308285,512,,,,,,,,,,,
702,0.7000057311285109,0.587947243452072,1.4609375,0.7072705756872892,1.8536878898739815,0.23587183840572834,0.28955620154738426,8.547908584872297e-05,0.23587183840572834,0.7033642455935478,0.28691302984952927,1.764753870666027,1.4778408408164978,512,,,,,,,,,,,
703,0.7000057311285109,0.5883498278205042,0.94140625,0.7122114636003971,1.8419113755226135,0.23363473638892174,0.3163051288574934,8.541726688030771e-05,0.23363473638892174,0.7198046892881393,0.20846880227327347,1.2594461515545845,1.050977349281311,512,,,,,,,,,,,
704,0.7000058747989275,0.5887514467592592,0.8515625,0.6282619424164295,1.6472509801387787,0.18944649118930101,0.25657300278544426,8.535533905932738e-05,0.18944649118930101,0.7054662927985191,0.095099538564682,1.001685455441475,0.9065859168767929,512,0.0006235507316887379,0.0006235507316887379,0.02,25689,0.7000058747989275,25689,25688,51377,1,25689,46990
705,0.7000058747989275,0.5891521014273167,0.8984375,0.7008670791983604,1.8011767342686653,0.22599037550389767,0.3226628415286541,8.529330257611293e-05,0.22599037550389767,0.6961083859205246,0.2931649908423424,1.4523461237549782,1.1591811329126358,512,,,,,,,,,,,
706,0.7000058747989275,0.5895517929836556,0.859375,0.6986703500151634,1.829625017940998,0.1851126030087471,0.28755777701735497,8.523115762132925e-05,0.1851126030087471,0.6969286873936653,0.36736351251602173,2.4629467725753784,2.0955832600593567,512,,,,,,,,,,,
707,0.7000058747989275,0.5899505225872551,0.7578125,0.4225070960819721,1.0660450533032417,0.19426987133920193,0.2142794169485569,8.516890438597467e-05,0.19426987133920193,0.7054125741124153,0.21471495926380157,1.1847882866859436,0.970073327422142,512,,,,,,,,,,,
708,0.7000058747989275,0.5903482913970947,1.1015625,0.6259146742522717,1.6201933100819588,0.21074116975069046,0.2765178084373474,8.510654306138027e-05,0.21074116975069046,0.7031103447079659,0.20754119008779526,1.6485600844025612,1.441018894314766,512,,,,,,,,,,,
709,0.7000058747989275,0.5907451005721533,0.77734375,0.7296877168118954,1.8970974758267403,0.18146088533103466,0.3140773167833686,8.504407383920936e-05,0.18146088533103466,0.7003124877810478,0.18397218734025955,0.9561259783804417,0.7721537910401821,512,,,,,,,,,,,
710,0.7000058747989275,0.5911409512714102,0.9296875,0.6129482574760914,1.5795241445302963,0.17571290023624897,0.27789475955069065,8.498149691145684e-05,0.17571290023624897,0.7005761563777924,0.22420625016093254,1.1640524491667747,0.9398461990058422,512,,,,,,,,,,,
711,0.7000058747989275,0.5915358446538448,0.75390625,0.39654772356152534,1.0162656381726265,0.19392666965723038,0.18539409339427948,8.491881247044866e-05,0.19392666965723038,0.7043627798557281,0.20318655669689178,1.26144627481699,1.0582597181200981,512,,,,,,,,,,,
712,0.7000058747989275,0.5919297818784361,0.7890625,0.4893098585307598,1.2609500363469124,0.1760004535317421,0.22180702164769173,8.485602070884117e-05,0.1760004535317421,0.7169555574655533,0.025412902235984802,1.3133214488625526,1.2879085466265678,512,0.0008527964819222689,0.0008527964819222689,0.02,18704,0.7000058747989275,18704,18704,37408,0,18704,39970
713,0.7000058747989275,0.5923227641041631,2.34375,0.5591845698654652,1.4379612728953362,0.34558022767305374,0.2565373629331589,8.479312181962061e-05,0.34558022767305374,0.6853808276355267,-0.28279681503772736,1.53821961581707,1.8210164308547974,512,,,,,,,,,,,
714,0.7000058747989275,0.5927147924900055,0.765625,0.8433371111750603,2.1959974616765976,0.1596983466297388,0.3595694862306118,8.473011599610244e-05,0.1596983466297388,0.7086230292916298,0.11039887368679047,1.233207143843174,1.1228082701563835,512,,,,,,,,,,,
715,0.7000058747989275,0.5931058681949422,0.828125,0.8922480829060078,2.317187249660492,0.1745690582320094,0.3865947313606739,8.466700343193077e-05,0.1745690582320094,0.7204809188842773,0.22445819899439812,1.415373306721449,1.1909151077270508,512,,,,,,,,,,,
716,0.7000058747989275,0.5934959923779523,0.95703125,0.6352902352809906,1.6296967267990112,0.18898016214370728,0.2954251244664192,8.460378432107779e-05,0.18898016214370728,0.7139575183391571,0.1713813878595829,0.991815160959959,0.8204337731003761,512,,,,,,,,,,,
717,0.7000058747989275,0.5938851661980151,0.8203125,0.8062752038240433,2.101167783141136,0.1814921423792839,0.34209033474326134,8.454045885784315e-05,0.1814921423792839,0.7083569094538689,0.20812074840068817,1.5483578220009804,1.3402370736002922,512,,,,,,,,,,,
718,0.7000058747989275,0.5942733908141101,0.765625,0.6544130556285381,1.6934279203414917,0.1682484783232212,0.28964186646044254,8.447702723685335e-05,0.1682484783232212,0.7064526230096817,0.17099515348672867,1.2788993194699287,1.1079041659832,512,,,,,,,,,,,
719,0.7000058747989275,0.5946606673852161,0.87109375,0.7040079347789288,1.8157637268304825,0.2103323508054018,0.31759355403482914,8.441348965306119e-05,0.2103323508054018,0.6900121942162514,0.16333213075995445,1.2043409496545792,1.0410088188946247,512,,,,,,,,,,,
720,0.7000058747989275,0.5950469970703125,0.78515625,0.42404666170477867,1.095103845000267,0.14144042320549488,0.1898859953507781,8.434984630174509e-05,0.14144042320549488,0.7097338736057281,0.15865198895335197,0.7581825777888298,0.5995305888354778,512,0.000672007561661303,0.000672007561661303,0.02,19863,0.7000058747989275,19863,19863,39726,0,19863,41133
721,0.7000058747989275,0.5954323810283785,0.69921875,0.43113791197538376,1.1014913767576218,0.18074072990566492,0.2049870900809765,8.428609737850859e-05,0.18074072990566492,0.7064624056220055,0.17976152896881104,1.5553551390767097,1.3755936101078987,512,,,,,,,,,,,
722,0.7000058747989275,0.595816820418393,0.98046875,0.6484915539622307,1.6894179657101631,0.21253940276801586,0.2757079266011715,8.422224307927967e-05,0.21253940276801586,0.6978002786636353,0.10118618607521057,1.8991910815238953,1.7980048954486847,512,,,,,,,,,,,
723,0.7000058747989275,0.5962003163993358,0.78125,0.7763558477163315,2.0224038884043694,0.1985891107469797,0.33018952049314976,8.415828360031019e-05,0.1985891107469797,0.7104077041149139,0.3264682814478874,1.7007130607962608,1.3742447793483734,512,,,,,,,,,,,
724,0.7000058747989275,0.5965828701301857,0.8671875,0.5122144930064678,1.287597917020321,0.1800061920657754,0.2645671349018812,8.409421913817526e-05,0.1800061920657754,0.7164965644478798,0.29130716249346733,2.143226273357868,1.8519191108644009,512,,,,,,,,,,,
725,0.7000058747989275,0.5969644827699219,0.8046875,0.6832455955445766,1.7202408984303474,0.13920136354863644,0.3502002600580454,8.403004988977266e-05,0.13920136354863644,0.7181152179837227,0.2587806433439255,1.2910829335451126,1.0323022902011871,512,,,,,,,,,,,
726,0.7000058747989275,0.5973451554775238,0.82421875,0.5336783938109875,1.3676898181438446,0.17891333624720573,0.24951737187802792,8.39657760523222e-05,0.17891333624720573,0.7036987170577049,0.19825240969657898,1.3816839382052422,1.1834315285086632,512,,,,,,,,,,,
727,0.7000058747989275,0.5977248894119704,0.94921875,0.4848274625837803,1.2431810572743416,0.16133378632366657,0.2259929906576872,8.390139782336519e-05,0.16133378632366657,0.7101049795746803,0.15603171288967133,1.6637002006173134,1.507668487727642,512,,,,,,,,,,,
728,0.7000058747989275,0.5981036857322409,0.73828125,0.472324900329113,1.2240033224225044,0.14093444403260946,0.20728419721126556,8.383691540076371e-05,0.14093444403260946,0.7219116017222404,0.14723718911409378,0.9113351032137871,0.7640979140996933,512,0.0006993255810812116,0.0006993255810812116,0.02,19252,0.7000058747989275,19252,19252,38504,0,19252,40448
729,0.7000058747989275,0.5984815455973148,1.2578125,0.6706344448029995,1.7550772652029991,0.2195173418149352,0.2771482393145561,8.377232898270014e-05,0.2195173418149352,0.7081640511751175,0.20432611927390099,2.715482074767351,2.51115595549345,512,,,,,,,,,,,
730,0.7000058747989275,0.598858470166171,0.875,0.4781447872519493,1.2365914955735207,0.19044910930097103,0.21233207546174526,8.370763876767642e-05,0.19044910930097103,0.7072387486696243,0.3335176184773445,1.6373576074838638,1.3038399890065193,512,,,,,,,,,,,
731,0.7000058747989275,0.5992344605977888,2.34375,0.4024467058479786,1.0298127681016922,0.14512993954122066,0.1897226758301258,8.364284495451355e-05,0.14512993954122066,0.7171069085597992,0.16007047519087791,0.8252852782607079,0.6652148030698299,512,,,,,,,,,,,
732,0.7000058747989275,0.5996095180511474,0.79296875,0.5065551921725273,1.2932138442993164,0.15659405384212732,0.2418017815798521,8.357794774235092e-05,0.15659405384212732,0.7058520317077637,-0.05930222570896149,2.0109906420111656,2.070292867720127,512,,,,,,,,,,,
733,0.7000058747989275,0.5999836436852262,0.89453125,0.5301505140960217,1.3432409092783928,0.18064273428171873,0.26327573135495186,8.35129473306457e-05,0.18064273428171873,0.7101318314671516,0.17577940225601196,1.0846282094717026,0.9088488072156906,512,,,,,,,,,,,
734,0.7000058747989275,0.6003568386590038,0.90625,0.6749691963195801,1.726135902106762,0.19333770032972097,0.3192252777516842,8.344784391917224e-05,0.19333770032972097,0.7037597373127937,0.03625311329960823,2.2715398259460926,2.2352867126464844,512,,,,,,,,,,,
735,0.7000058747989275,0.6007291041314602,0.90234375,0.7529992572963238,1.9575495719909668,0.22153491526842117,0.3242662865668535,8.338263770802145e-05,0.22153491526842117,0.7106005698442459,0.2712787389755249,1.643203005194664,1.371924266219139,512,,,,,,,,,,,
736,0.7000060077353474,0.601100441261574,0.81640625,0.5953213237226009,1.5402194112539291,0.2015654221177101,0.26378455199301243,8.33173288976002e-05,0.2015654221177101,0.7140551581978798,0.1834099143743515,1.6887376233935356,1.5053277090191841,512,0.0007914984598755836,0.0007914984598755836,0.02,21913,0.7000060077353474,21913,21912,43825,1,21913,43733
737,0.7000060077353474,0.6014708512083247,0.73828125,0.5372249111533165,1.3872065544128418,0.1581772374920547,0.24074764735996723,8.32519176886307e-05,0.1581772374920547,0.7030908018350601,0.1840083971619606,1.1781828589737415,0.9941744618117809,512,,,,,,,,,,,
738,0.7000060077353474,0.6018403351306915,0.8203125,0.7679892107844353,1.9583074450492859,0.13982187025249004,0.3689324874430895,8.318640428214982e-05,0.13982187025249004,0.7215649113059044,0.138908963650465,0.7202812507748604,0.5813722871243954,512,,,,,,,,,,,
739,0.7000060077353474,0.6022088941876534,0.859375,0.6183277256786823,1.5850669890642166,0.1713870596140623,0.2886533457785845,8.31207888795086e-05,0.1713870596140623,0.7212475463747978,0.1008511483669281,1.472350586205721,1.3714994378387928,512,,,,,,,,,,,
740,0.7000060077353474,0.6025765295381899,0.8984375,0.3535883165895939,0.9147753417491913,0.24681626446545124,0.1567043662071228,8.305507168237152e-05,0.24681626446545124,0.7033569142222404,0.08525293320417404,1.477507509291172,1.392254576086998,512,,,,,,,,,,,
741,0.7000060077353474,0.6029432423412799,0.76953125,0.3795427344739437,0.9741773009300232,0.17150588892400265,0.17595214769244194,8.298925289271588e-05,0.17150588892400265,0.7119042947888374,0.2725493907928467,1.668955847620964,1.3964064568281174,512,,,,,,,,,,,
742,0.7000060077353474,0.603309033755903,0.80078125,0.6070201173424721,1.5927032455801964,0.17944401782006025,0.24675157852470875,8.292333271283134e-05,0.17944401782006025,0.6979272291064262,0.28043339028954506,1.55793272331357,1.277499333024025,512,,,,,,,,,,,
743,0.7000060077353474,0.6036739049410378,0.72265625,0.5847252011299133,1.5338471159338951,0.14552437141537666,0.23804740607738495,8.285731134531906e-05,0.14552437141537666,0.7288842424750328,0.20634540170431137,1.2065270319581032,1.0001816302537918,512,,,,,,,,,,,
744,0.7000060077353474,0.604037857055664,0.78125,0.6229140963405371,1.635613702237606,0.1753663495182991,0.25200471095740795,8.279118899309122e-05,0.1753663495182991,0.708366684615612,0.3239495977759361,1.417988270521164,1.0940386727452278,512,0.0008453106274828315,0.0008453106274828315,0.02,17883,0.7000060077353474,17883,17883,35766,0,17883,39624
745,0.7000060077353474,0.6044008912587607,0.79296875,0.6731123253703117,1.7638565003871918,0.17276778351515532,0.2758777607232332,8.272496585937038e-05,0.17276778351515532,0.7061718478798866,0.23061754927039146,1.2368887700140476,1.0062712207436562,512,,,,,,,,,,,
746,0.7000060077353474,0.604763008709307,0.7578125,0.742242481559515,1.9383720085024834,0.16522985137999058,0.31084759533405304,8.265864214768883e-05,0.16522985137999058,0.7071997001767159,0.1833246946334839,0.8767498955130577,0.6934252008795738,512,,,,,,,,,,,
747,0.7000060077353474,0.6051242105662822,0.83203125,0.43308066204190254,1.1180649995803833,0.1650008885189891,0.19430060498416424,8.259221806188806e-05,0.1650008885189891,0.7184179574251175,0.1410224735736847,0.8980652168393135,0.7570427432656288,512,,,,,,,,,,,
748,0.7000060077353474,0.6054844979886655,0.703125,0.8141026012599468,2.1309157088398933,0.16066469345241785,0.3360617905855179,8.252569380611792e-05,0.16066469345241785,0.7137158215045929,0.1492471732199192,0.8382407687604427,0.6889935955405235,512,,,,,,,,,,,
