step,train/sparsity,train/target_sparsity,train/grad_norm,train/loss,train/ntp_loss,train/onpolicy_kd_loss,train/aux_loss,train/lr,onpolicy/kl_loss,onpolicy/overlap_ratio_top100,onpolicy/entropy_gap,onpolicy/student_entropy,onpolicy/teacher_entropy,onpolicy/gen_tokens,pgd/kl_at_full_pgd,pgd/kl_at_k_actual,pgd/kl_budget,pgd/k_actual,pgd/post_sparsity,pgd/prunings,pgd/revivals,pgd/turnover,pgd/net_growth,pgd/n_prune_cand,pgd/n_revive_cand
513,0.7000050485564173,0.49319963827729224,0.82421875,0.7021746039390564,1.8159374818205833,0.22905913926661015,0.311864273622632,9.501034165536619e-05,0.22905913926661015,0.6807690188288689,0.3614339828491211,1.99966549128294,1.6382315084338188,512,,,,,,,,,,,
514,0.7000050485564173,0.4938054983262663,0.8203125,0.45369334891438484,1.1502692624926567,0.1928227972239256,0.22455898113548756,9.497210157938234e-05,0.1928227972239256,0.6924633607268333,0.30013465136289597,0.9639865234494209,0.663851872086525,512,,,,,,,,,,,
515,0.7000050485564173,0.4944101738984937,0.9296875,0.5153132118284702,1.3183438628911972,0.1722844634205103,0.24321125261485577,9.49337232846977e-05,0.1722844634205103,0.6881200894713402,0.2217348963022232,0.772225558757782,0.5504906624555588,512,,,,,,,,,,,
516,0.7000050485564173,0.49501366615295406,0.77734375,0.41398097574710846,1.0448798909783363,0.20183135569095612,0.20960785262286663,9.489520688926534e-05,0.20183135569095612,0.6790722459554672,0.34806209802627563,1.15367691218853,0.8056148141622543,512,,,,,,,,,,,
517,0.7000050485564173,0.4956159762486264,0.87109375,0.4212028719484806,1.0724070370197296,0.2306386260315776,0.20396526716649532,9.48565525114628e-05,0.2306386260315776,0.6855615079402924,0.28476933017373085,1.567604724317789,1.2828353941440582,512,,,,,,,,,,,
518,0.7000050485564173,0.4962171053444897,0.8984375,0.37835831567645073,0.9575115144252777,0.20536262914538383,0.1890287958085537,9.481776027009167e-05,0.20536262914538383,0.6904662922024727,0.11912799626588821,1.0782253183424473,0.9590973220765591,512,,,,,,,,,,,
519,0.7000050485564173,0.4968170545995235,1.0234375,0.5385592728853226,1.375697247684002,0.19021999649703503,0.2563004717230797,9.477883028437728e-05,0.19021999649703503,0.7092040851712227,0.10675368458032608,1.7768605202436447,1.6701068356633186,512,,,,,,,,,,,
520,0.7000050485564173,0.4974158251727069,0.9609375,0.6368150934576988,1.642979048192501,0.22147658094763756,0.2867635991424322,9.473976267396831e-05,0.22147658094763756,0.7022167891263962,0.42165403068065643,2.3258365094661713,1.9041824787855148,512,0.0006816902896389365,0.0006816902896389365,0.02,20732,0.7000050485564173,20732,20732,41464,0,20732,39067
521,0.7000050485564173,0.4980134182230189,0.8046875,0.5441761948168278,1.384092427790165,0.1911668125540018,0.26492633670568466,9.470055755893638e-05,0.1911668125540018,0.6995532214641571,0.12871593609452248,1.1197633892297745,0.991047453135252,512,,,,,,,,,,,
522,0.7000050485564173,0.49860983490943905,0.80859375,0.44087208434939384,1.1304475143551826,0.22127826232463121,0.20552841946482658,9.466121505977577e-05,0.22127826232463121,0.6844091489911079,0.19651209563016891,0.8668623268604279,0.6703502312302589,512,,,,,,,,,,,
523,0.7000050485564173,0.4992050763909464,1.921875,0.6328859627246857,1.6144342944025993,0.18309709522873163,0.3034018762409687,9.462173529740296e-05,0.18309709522873163,0.7046679556369781,-0.06740745902061462,1.1154515072703362,1.1828589662909508,512,,,,,,,,,,,
524,0.7000050485564173,0.49979914382651985,0.87109375,0.7401432730257511,1.902915894985199,0.2067226506769657,0.3399424124509096,9.458211839315636e-05,0.2067226506769657,0.6919091567397118,0.23523437231779099,1.301304191350937,1.066069819033146,512,,,,,,,,,,,
525,0.7000050485564173,0.5003920383751392,0.94921875,0.6089869812130928,1.5590770319104195,0.28681909665465355,0.28633803501725197,9.454236446879579e-05,0.28681909665465355,0.6640405133366585,0.3764711022377014,1.7232191041111946,1.3467480018734932,512,,,,,,,,,,,
526,0.7000050485564173,0.5009837611957833,0.890625,0.6378004960715771,1.6443786323070526,0.27990931551903486,0.2883501034229994,9.450247364650227e-05,0.27990931551903486,0.6790283098816872,0.3110087290406227,1.8296722546219826,1.5186635255813599,512,,,,,,,,,,,
527,0.7000050485564173,0.5015743134474312,1.2734375,0.6275839060544968,1.5914967507123947,0.19245448522269726,0.3102726209908724,9.446244604887751e-05,0.19245448522269726,0.697922371327877,-0.0952925905585289,1.1205958425998688,1.2158884331583977,512,,,,,,,,,,,
528,0.7000050485564173,0.5021636962890624,0.7578125,0.5367436297237873,1.378451056778431,0.17689435929059982,0.24804469384253025,9.442228179894362e-05,0.17689435929059982,0.6977148279547691,0.23836861550807953,1.6603495553135872,1.4219809398055077,512,0.0007054781308397651,0.0007054781308397651,0.02,22408,0.7000050485564173,22408,22408,44816,0,22408,40749
529,0.7000050485564173,0.5027519108796561,0.796875,0.45449134707450867,1.158144235610962,0.22250394616276026,0.2191021926701069,9.43819810201427e-05,0.22250394616276026,0.690439447760582,0.3743281066417694,1.634646050632,1.2603179439902306,512,,,,,,,,,,,
530,0.7000050485564173,0.5033389583781912,0.97265625,0.7283109351992607,1.8925542756915092,0.2668714737519622,0.3144485168159008,9.434154383633646e-05,0.2668714737519622,0.6697680279612541,0.2715950421988964,0.9954114705324173,0.7238164283335209,512,,,,,,,,,,,
531,0.7000050485564173,0.5039248399436473,0.91015625,0.5631299540400505,1.4419550895690918,0.17618105001747608,0.26449928991496563,9.430097037180583e-05,0.17618105001747608,0.6842431500554085,0.2856329642236233,0.8884911239147186,0.6028581596910954,512,,,,,,,,,,,
532,0.7000050485564173,0.5045095567350035,0.92578125,0.6630751844495535,1.6950935870409012,0.2782275341451168,0.314225010573864,9.426026075125061e-05,0.2782275341451168,0.6832128688693047,0.42985112965106964,1.5838284343481064,1.1539773046970367,512,,,,,,,,,,,
533,0.7000050485564173,0.5050931099112386,1.2265625,0.5861182287335396,1.500002920627594,0.19769716914743185,0.2761128079146147,9.421941509978904e-05,0.19769716914743185,0.6533422581851482,0.006602741777896881,1.3671308681368828,1.360528126358986,512,,,,,,,,,,,
534,0.7000050485564173,0.5056755006313324,0.84375,0.49898969382047653,1.2713468596339226,0.19365926180034876,0.24074305593967438,9.417843354295748e-05,0.19365926180034876,0.6984252780675888,0.09482461772859097,1.7542723640799522,1.6594477463513613,512,,,,,,,,,,,
535,0.7000050485564173,0.5062567300542637,0.78515625,0.6444008946418762,1.6383969336748123,0.18819285556674004,0.3143329303711653,9.413731620670994e-05,0.18819285556674004,0.681389145553112,0.1917598769068718,0.8110948652029037,0.619334988296032,512,,,,,,,,,,,
536,0.7000050485564173,0.5068367993390118,0.75,0.4743030034005642,1.226181760430336,0.22747564781457186,0.2111000157892704,9.409606321741775e-05,0.22747564781457186,0.6805859282612801,0.21493611484766006,0.8738033026456833,0.6588671877980232,512,0.0007187494775280356,0.0007187494775280356,0.02,20607,0.7000050485564173,20607,20607,41214,0,20607,38886
537,0.7000050485564173,0.5074157096445561,0.94140625,0.42671025544404984,1.0738036260008812,0.20419846568256617,0.21925769373774529,9.405467470186922e-05,0.20419846568256617,0.7041235193610191,0.1773505061864853,1.0515617057681084,0.8742111995816231,512,,,,,,,,,,,
538,0.7000050485564173,0.5079934621298755,0.85546875,0.6542798355221748,1.6804192513227463,0.17548971995711327,0.3022468686103821,9.401315078726909e-05,0.17548971995711327,0.7059252709150314,0.3668222017586231,1.7466432377696037,1.3798210360109806,512,,,,,,,,,,,
539,0.7000050485564173,0.5085700579539493,0.9921875,0.5132650844752789,1.3216223791241646,0.2362098414450884,0.23372630961239338,9.397149160123833e-05,0.2362098414450884,0.6734619066119194,0.405520960688591,1.1964130848646164,0.7908921241760254,512,,,,,,,,,,,
540,0.7000050485564173,0.5091454982757568,0.9453125,0.787127148360014,2.023548699915409,0.187215318903327,0.3616849482059479,9.392969727181359e-05,0.187215318903327,0.6953393220901489,0.23761988431215286,0.9245099276304245,0.6868900433182716,512,,,,,,,,,,,
541,0.7000050485564173,0.5097197842542772,1.0859375,0.6273516267538071,1.6291192397475243,0.21111321449279785,0.2719462104141712,9.388776792744692e-05,0.21111321449279785,0.7027831897139549,0.05638490617275238,1.224182017147541,1.1677971109747887,512,,,,,,,,,,,
542,0.7000050485564173,0.5102929170484894,0.89453125,0.6429098658263683,1.6545879542827606,0.1881510717794299,0.2936237305402756,9.384570369700531e-05,0.1881510717794299,0.6910351365804672,0.17625639215111732,1.23178244009614,1.0555260479450226,512,,,,,,,,,,,
543,0.7000050485564173,0.5108648978173732,0.765625,0.5816873647272587,1.4812046587467194,0.18884462863206863,0.2814842388033867,9.380350470977032e-05,0.18884462863206863,0.6979687362909317,0.24878135323524475,1.3808661550283432,1.1320848017930984,512,,,,,,,,,,,
544,0.7000051925020645,0.5114357277199074,0.9609375,0.6856423392891884,1.7614663243293762,0.22174216993153095,0.31623767502605915,9.376117109543769e-05,0.22174216993153095,0.6902197152376175,0.10518194735050201,1.029270477592945,0.9240885302424431,512,0.000630608294159174,0.000630608294159174,0.02,20266,0.7000051925020645,20266,20265,40531,1,20266,39119
545,0.7000051925020645,0.5120054079150711,0.828125,0.4914271607995033,1.2442932054400444,0.172581123188138,0.24487991631031036,9.371870298411687e-05,0.172581123188138,0.6915039047598839,-0.013531599193811417,1.1795331239700317,1.1930647231638432,512,,,,,,,,,,,
546,0.7000051925020645,0.5125739395618438,0.8125,0.568041667342186,1.426358312368393,0.20382589846849442,0.294980026781559,9.367610050633075e-05,0.20382589846849442,0.7034545689821243,0.07283477485179901,1.6980915069580078,1.6252567321062088,512,,,,,,,,,,,
547,0.7000051925020645,0.5131413238192046,0.875,0.907478142529726,2.3520826175808907,0.23904724046587944,0.39785101264715195,9.363336379301512e-05,0.23904724046587944,0.6821679398417473,0.1261702924966812,1.2595979757606983,1.133427683264017,512,,,,,,,,,,,
548,0.7000051925020645,0.5137075618461325,0.91015625,0.6138550117611885,1.5677083432674408,0.18002578523010015,0.2924582865089178,9.35904929755184e-05,0.18002578523010015,0.6923437342047691,0.21834712475538254,1.021047167479992,0.8027000427246094,512,,,,,,,,,,,
549,0.7000051925020645,0.5142726548016071,1.0078125,0.47425664588809013,1.2115667462348938,0.25709008798003197,0.2255745716392994,9.35474881856011e-05,0.25709008798003197,0.6971093490719795,0.4900376722216606,2.863370105624199,2.3733324334025383,512,,,,,,,,,,,
550,0.7000051925020645,0.5148366038446074,0.7265625,0.7279005274176598,1.886265128850937,0.1719957059249282,0.3194939363747835,9.350434955543557e-05,0.1719957059249282,0.7004052698612213,0.260727159678936,0.900355763733387,0.639628604054451,512,,,,,,,,,,,
551,0.7000051925020645,0.5153994101341123,0.92578125,0.4131785184144974,1.0509915575385094,0.18070581834763288,0.20106451772153378,9.346107721760543e-05,0.18070581834763288,0.7019262835383415,0.20778340846300125,0.8983447030186653,0.6905612945556641,512,,,,,,,,,,,
552,0.7000051925020645,0.5159610748291016,0.85546875,0.5726795643568039,1.4611572697758675,0.20609831623733044,0.2742352560162544,9.341767130510528e-05,0.20609831623733044,0.7018237262964249,0.21589507535099983,1.6495069786906242,1.4336119033396244,512,0.0005671412218362093,0.0005671412218362093,0.02,21898,0.7000051925020645,21898,21898,43796,0,21898,40750
553,0.7000051925020645,0.5165215990885541,0.9140625,0.7034653015434742,1.8141253218054771,0.2868198808282614,0.3175876196473837,9.337413195134024e-05,0.2868198808282614,0.6883495822548866,0.3572420999407768,2.3419758528470993,1.9847337529063225,512,,,,,,,,,,,
554,0.7000051925020645,0.517080984071449,0.90625,0.4020781069993973,1.0044881030917168,0.2572220042347908,0.21393036469817162,9.333045929012556e-05,0.2572220042347908,0.6970995962619781,0.29593023657798767,1.53138417750597,1.2354539409279823,512,,,,,,,,,,,
555,0.7000051925020645,0.5176392309367657,0.875,0.6116706654429436,1.545646920800209,0.22450430039316416,0.30790048092603683,9.32866534556862e-05,0.22450430039316416,0.6979858204722404,0.2618005946278572,1.9979363679885864,1.7361357733607292,512,,,,,,,,,,,
556,0.7000051925020645,0.5181963408434833,0.79296875,0.6697408258914948,1.7509360611438751,0.18610497005283833,0.2785815019160509,9.32427145826564e-05,0.18610497005283833,0.7081738039851189,0.14302299544215202,1.4913088791072369,1.3482858836650848,512,,,,,,,,,,,
557,0.7000051925020645,0.5187523149505808,0.8125,0.42865753173828125,1.1012846156954765,0.17794765159487724,0.19767754152417183,9.319864280607935e-05,0.17794765159487724,0.6969994902610779,0.18137067928910255,0.9540625363588333,0.7726918570697308,512,,,,,,,,,,,
558,0.7000051925020645,0.5193071544170379,1.046875,0.4028666727244854,1.000033125281334,0.20010307896882296,0.22077491879463196,9.315443826140661e-05,0.20010307896882296,0.7133422866463661,-0.018701322376728058,1.6372349113225937,1.6559362336993217,512,,,,,,,,,,,
559,0.7000051925020645,0.5198608604018335,0.8359375,0.6103304028511047,1.575873151421547,0.2320573292672634,0.27361282519996166,9.311010108449788e-05,0.2320573292672634,0.6965014562010765,0.213510200381279,1.8545628115534782,1.6410526111721992,512,,,,,,,,,,,
560,0.7000051930525258,0.5204134340639467,0.83203125,0.592983853071928,1.493083581328392,0.209182845428586,0.3038370870053768,9.306563141162046e-05,0.209182845428586,0.6847753524780273,0.15718968585133553,1.8645403385162354,1.7073506526648998,512,0.000618883001152426,0.000618883001152426,0.02,21098,0.7000051930525258,21098,21096,42194,2,21098,39928
561,0.7000051930525258,0.5209648765623569,0.78515625,0.3989630676805973,1.0151933282613754,0.20572244375944138,0.19378563202917576,9.302102937944885e-05,0.20572244375944138,0.6888671517372131,0.31270959228277206,1.761952966451645,1.4492433741688728,512,,,,,,,,,,,
562,0.7000051930525258,0.5215151890560433,0.81640625,0.7433725483715534,1.8977657407522202,0.17947807908058167,0.3548783250153065,9.297629512506439e-05,0.17947807908058167,0.7084155082702637,0.2748982235789299,1.6491210162639618,1.374222792685032,512,,,,,,,,,,,
563,0.7000051930525258,0.5220643727039849,0.80859375,0.8180074021220207,2.1092655807733536,0.2141355164349079,0.3695446942001581,9.293142878595475e-05,0.2141355164349079,0.708066388964653,0.2930772453546524,1.482728898525238,1.1896516531705856,512,,,,,,,,,,,
564,0.7000051930525258,0.5226124286651611,0.94140625,0.3607597351074219,0.9175312966108322,0.23077715933322906,0.17567996867001057,9.288643050001361e-05,0.23077715933322906,0.7121264412999153,0.17928316444158554,1.8467241153120995,1.667440950870514,512,,,,,,,,,,,
565,0.7000051930525258,0.5231593580985511,0.76953125,0.6473091840744019,1.6681887730956078,0.1760532557964325,0.2933540977537632,9.284130040554013e-05,0.1760532557964325,0.7097582817077637,0.21834471449255943,0.9867243617773056,0.7683796472847462,512,,,,,,,,,,,
566,0.7000051930525258,0.5237051621631339,0.796875,0.738637026399374,1.9280592501163483,0.14586404524743557,0.31023470871150494,9.279603864123858e-05,0.14586404524743557,0.7196850478649139,0.10686124116182327,1.914340116083622,1.8074788749217987,512,,,,,,,,,,,
567,0.7000051930525258,0.524249842017889,0.90625,0.5964532047510147,1.5404744446277618,0.23311244510114193,0.2669593524187803,9.275064534621792e-05,0.23311244510114193,0.7114697173237801,0.18537834286689758,1.2913978844881058,1.1060195416212082,512,,,,,,,,,,,
568,0.7000051930525258,0.5247933988217955,0.75390625,0.5045211017131805,1.2894889861345291,0.15381869487464428,0.23936272971332073,9.270512065999137e-05,0.15381869487464428,0.696230448782444,0.0670320950448513,1.1613133400678635,1.0942812450230122,512,0.0006885426118969917,0.0006885426118969917,0.02,20563,0.7000051930525258,20563,20563,41126,0,20563,39347
569,0.7000051930525258,0.5253358337338323,0.9375,0.6766219139099121,1.7327017113566399,0.2407219037413597,0.3176676984876394,9.265946472247598e-05,0.2407219037413597,0.6844457760453224,0.35049933195114136,1.4571551401168108,1.1066558081656694,512,,,,,,,,,,,
570,0.7000051930525258,0.5258771479129791,0.921875,0.6010613292455673,1.5417157709598541,0.22486084513366222,0.2796821091324091,9.261367767399213e-05,0.22486084513366222,0.695205070078373,0.1844511181116104,1.3633774816989899,1.1789263635873795,512,,,,,,,,,,,
571,0.7000051930525258,0.5264173425182148,0.86328125,0.5731191113591194,1.4834101647138596,0.21710262261331081,0.25331435538828373,9.256775965526326e-05,0.21710262261331081,0.6989013627171516,0.14933238551020622,1.3777585551142693,1.228426169604063,512,,,,,,,,,,,
572,0.7000051930525258,0.5269564187085186,0.83984375,0.6248259283602238,1.6203879415988922,0.18316243402659893,0.2730238791555166,9.252171080741524e-05,0.18316243402659893,0.7091040015220642,0.2004653885960579,1.0818842723965645,0.8814188838005066,512,,,,,,,,,,,
573,0.7000051930525258,0.5274943776428699,0.84765625,0.6588424928486347,1.7060197740793228,0.16711691208183765,0.2904725633561611,9.247553127197609e-05,0.16711691208183765,0.7058788985013962,0.14561162143945694,0.8423852175474167,0.6967735961079597,512,,,,,,,,,,,
574,0.7000051930525258,0.5280312204802478,1.0703125,0.5954746715724468,1.5203879103064537,0.15778697188943624,0.2840806934982538,9.242922119087548e-05,0.15778697188943624,0.7108886539936066,0.39018114656209946,2.188605010509491,1.7984238639473915,512,,,,,,,,,,,
575,0.7000051930525258,0.5285669483796313,0.89453125,0.5321884043514729,1.357767254114151,0.21584159135818481,0.2549248058348894,9.23827807064443e-05,0.21584159135818481,0.6706982254981995,0.3379121385514736,1.5904040150344372,1.2524918764829636,512,,,,,,,,,,,
576,0.7000053452550935,0.5291015625,0.875,0.6255707368254662,1.601892702281475,0.19758030399680138,0.29377608746290207,9.233620996141421e-05,0.19758030399680138,0.703676737844944,0.42799845337867737,2.2324827313423157,1.8044842779636383,512,0.000806493335403502,0.000806493335403502,0.02,22408,0.7000053452550935,22408,22408,44816,0,22408,41784
577,0.7000053452550935,0.5296350640003329,0.7890625,0.4378083758056164,1.1169133633375168,0.22981671802699566,0.20977864228188992,9.228950909891726e-05,0.22981671802699566,0.7117431461811066,0.2392427735030651,1.9937458783388138,1.7545031048357487,512,,,,,,,,,,,
578,0.7000053452550935,0.5301674540396089,1.1875,0.5828610062599182,1.4996455758810043,0.1772176017984748,0.2665998488664627,9.224267826248536e-05,0.1772176017984748,0.6892187371850014,0.09057443588972092,1.153629094362259,1.063054658472538,512,,,,,,,,,,,
579,0.7000053452550935,0.5306987337768078,0.89453125,0.6052526161074638,1.4939936324954033,0.1892025312408805,0.3401051089167595,9.219571759604992e-05,0.1892025312408805,0.706286609172821,0.06881098449230194,0.9703807309269905,0.9015697464346886,512,,,,,,,,,,,
580,0.7000053452550935,0.5312289043709084,0.8359375,0.6036569327116013,1.5567074120044708,0.1656390903517604,0.2725559249520302,9.214862724394133e-05,0.1656390903517604,0.711442843079567,-0.013931021094322205,1.2935002967715263,1.3074313178658485,512,,,,,,,,,,,
581,0.7000053452550935,0.53175796698089,0.79296875,0.8174130581319332,2.07961805164814,0.1787849273532629,0.39739113859832287,9.210140735088863e-05,0.1787849273532629,0.7056664973497391,0.19256948679685593,1.0019957050681114,0.8094262182712555,512,,,,,,,,,,,
582,0.7000053452550935,0.5322859227657317,1.015625,0.5326071381568909,1.3473056331276894,0.19335071463137865,0.26665532402694225,9.205405806201895e-05,0.19335071463137865,0.7015307396650314,0.17362020909786224,1.2010149136185646,1.0273947045207024,512,,,,,,,,,,,
583,0.7000053452550935,0.5328127728844131,1.609375,0.7534485347568989,1.949986033141613,0.21646166779100895,0.333191255107522,9.200657952285707e-05,0.21646166779100895,0.6962011381983757,0.5228080600500107,1.948871098458767,1.4260630384087563,512,,,,,,,,,,,
584,0.7000053452550935,0.5333385184959128,0.7578125,0.7351363562047482,1.874224714934826,0.17794418893754482,0.35346108116209507,9.195897187932512e-05,0.17794418893754482,0.6990624964237213,0.19229114428162575,1.4127287119627,1.2204375676810741,512,0.0007837473531253636,0.0007837473531253636,0.02,25361,0.7000053452550935,25361,25361,50722,0,25361,44703
585,0.7000053452550935,0.5338631607592106,0.82421875,0.7668272815644741,1.9735188409686089,0.19061335269361734,0.35020014084875584,9.19112352777419e-05,0.19061335269361734,0.7023583725094795,0.07159000262618065,1.3570971563458443,1.2855071537196636,512,,,,,,,,,,,
586,0.7000053452550935,0.5343867008332853,1.125,0.5878215804696083,1.5284161791205406,0.20577524416148663,0.2528612706810236,9.186336986482267e-05,0.20577524416148663,0.7127953916788101,0.04617278277873993,1.2770760878920555,1.2309033051133156,512,,,,,,,,,,,
587,0.7000053452550935,0.5349091398771161,0.890625,0.826822467148304,2.1203291788697243,0.1902906447649002,0.38519335724413395,9.181537578767848e-05,0.1902906447649002,0.709118627011776,0.2126815915107727,1.497157670557499,1.2844760790467262,512,,,,,,,,,,,
588,0.7000053452550935,0.5354304790496826,0.83984375,0.48608575761318207,1.241424910724163,0.21993128955364227,0.23156216368079185,9.176725319381589e-05,0.21993128955364227,0.7066625952720642,0.10748817026615143,1.982675388455391,1.8751872181892395,512,,,,,,,,,,,
589,0.7000053452550935,0.5359507195099636,0.87109375,0.5946826636791229,1.5362534299492836,0.23762156907469034,0.2658151797950268,9.171900223113643e-05,0.23762156907469034,0.6931469514966011,0.3118874207139015,1.510525293648243,1.1986378729343414,512,,,,,,,,,,,
590,0.7000053452550935,0.5364698624169384,0.875,0.7616186887025833,1.9637790471315384,0.2065952504053712,0.34415628388524055,9.167062304793614e-05,0.2065952504053712,0.7090063318610191,0.18493561446666718,1.0360559597611427,0.8511203452944756,512,,,,,,,,,,,
591,0.7000053452550935,0.5369879089295864,0.8046875,0.6054005995392799,1.5676526799798012,0.18633888103067875,0.26689452305436134,9.162211579290517e-05,0.18633888103067875,0.6864746063947678,0.28259315714240074,1.7156697511672974,1.4330765940248966,512,,,,,,,,,,,
592,0.7000053455303241,0.5375048602068866,0.79296875,0.49779560789465904,1.2783358171582222,0.16999627649784088,0.23013568110764027,9.157348061512727e-05,0.16999627649784088,0.7224121019244194,0.22331661731004715,1.330107033252716,1.106790415942669,512,0.0007976566557772458,0.0007976566557772458,0.02,20394,0.7000053455303241,20394,20393,40787,1,20394,39715
593,0.7000053455303241,0.5380207174078181,0.71875,0.3297298811376095,0.8364378809928894,0.19253147765994072,0.16274354793131351,9.152471766407935e-05,0.19253147765994072,0.6901757642626762,0.13743458688259125,1.059329830110073,0.9218952432274818,512,,,,,,,,,,,
594,0.7000053455303241,0.5385354816913605,0.92578125,0.49265193939208984,1.2392576932907104,0.20941718760877848,0.25362688675522804,9.147582708963104e-05,0.20941718760877848,0.694086916744709,0.1953573301434517,0.9022161662578583,0.7068588361144066,512,,,,,,,,,,,
595,0.7000053455303241,0.5390491542164927,0.96484375,0.6424546130001545,1.6599179431796074,0.2495420891791582,0.28691413439810276,9.142680904204419e-05,0.2495420891791582,0.6905810460448265,0.16881811618804932,1.2741462364792824,1.105328120291233,512,,,,,,,,,,,
596,0.7000053455303241,0.5395617361421937,0.76953125,0.4922740254551172,1.2718820422887802,0.195062892511487,0.2198573313653469,9.137766367197246e-05,0.195062892511487,0.7003686353564262,0.10964971035718918,1.7302053570747375,1.6205556467175484,512,,,,,,,,,,,
597,0.7000053455303241,0.5400732286274432,1.109375,0.7144207879900932,1.879487507045269,0.18714763596653938,0.2854238674044609,9.132839113046079e-05,0.18714763596653938,0.6920141503214836,0.12952795997262,1.2590672746300697,1.1295393146574497,512,,,,,,,,,,,
598,0.7000053455303241,0.5405836328312204,0.9453125,0.6642143726348877,1.727303795516491,0.16310593765228987,0.2854669727385044,9.1278991568945e-05,0.16310593765228987,0.690600574016571,0.22402022033929825,1.2159800305962563,0.991959810256958,512,,,,,,,,,,,
599,0.7000053455303241,0.5410929499125038,0.96875,0.5624184757471085,1.4116419181227684,0.19955480378121138,0.2926563788205385,9.122946513925127e-05,0.19955480378121138,0.7168481275439262,0.3996499851346016,2.089467406272888,1.6898174211382866,512,,,,,,,,,,,
600,0.7000053455303241,0.5416011810302734,0.73828125,0.6267986930906773,1.6177987977862358,0.20341355074197054,0.2815911155194044,9.117981199359574e-05,0.20341355074197054,0.7016845569014549,0.2937008924782276,1.2774271294474602,0.9837262369692326,512,0.0006734735798090696,0.0006734735798090696,0.02,22297,0.7000053455303241,22297,22297,44594,0,22297,41683
601,0.7000053455303241,0.542108327343508,1.28125,0.5142669416964054,1.3291649743914604,0.21171850711107254,0.22921962849795818,9.113003228458397e-05,0.21171850711107254,0.7071532979607582,0.3970658779144287,1.417467549443245,1.0204016715288162,512,,,,,,,,,,,
602,0.7000053455303241,0.5426143900111868,1.09375,0.5283163450658321,1.3537662029266357,0.23609601147472858,0.24719232134521008,9.108012616521055e-05,0.23609601147472858,0.6944921612739563,0.11197321489453316,1.2933079302310944,1.1813347153365612,512,,,,,,,,,,,
603,0.7000053455303241,0.5431193701922893,1.1015625,0.431911151856184,1.0659414529800415,0.18403926026076078,0.24288015253841877,9.103009378885849e-05,0.18403926026076078,0.7048681452870369,0.1399526558816433,0.8780112229287624,0.7380585670471191,512,,,,,,,,,,,
604,0.7000053455303241,0.5436232690457945,0.96875,0.6063436828553677,1.553969107568264,0.2016387302428484,0.28343598917126656,9.097993530929895e-05,0.2016387302428484,0.6785180643200874,0.01087825745344162,1.1114374920725822,1.1005592346191406,512,,,,,,,,,,,
605,0.7000053455303241,0.5441260877306813,0.91015625,0.5036072209477425,1.2877731174230576,0.1703794877976179,0.23830930516123772,9.092965088069058e-05,0.1703794877976179,0.7146874889731407,0.20666573196649551,1.025975227355957,0.8193094953894615,512,,,,,,,,,,,
606,0.7000053455303241,0.5446278274059295,1.0703125,0.794049235060811,2.005535915493965,0.21354890055954456,0.4006738346070051,9.087924065757919e-05,0.21354890055954456,0.6954760774970055,0.3816009983420372,1.381185621023178,0.9995846226811409,512,,,,,,,,,,,
607,0.7000053455303241,0.545128489230518,0.8203125,0.5592990852892399,1.4193638190627098,0.16663112118840218,0.27548181265592575,9.082870479489715e-05,0.16663112118840218,0.7030615136027336,0.1983034573495388,1.810879722237587,1.6125762648880482,512,,,,,,,,,,,
608,0.7000054938796623,0.5456280743634259,0.89453125,0.5196575857698917,1.3286946788430214,0.23693907540291548,0.24602523259818554,9.077804344796302e-05,0.23693907540291548,0.7006664872169495,0.2628193534910679,1.536460094153881,1.2736407406628132,512,0.00047274865210056305,0.00047274865210056305,0.02,23809,0.7000054938796623,23809,23809,47618,0,23809,43752
609,0.7000054938796623,0.5461265839636326,0.83984375,0.47293807938694954,1.2150431349873543,0.1999629233032465,0.21810249239206314,9.072725677248099e-05,0.1999629233032465,0.7024242877960205,0.10193616524338722,1.3558722883462906,1.2539361231029034,512,,,,,,,,,,,
610,0.7000054938796623,0.5466240191901172,0.85546875,0.594508733600378,1.529974341392517,0.14010642003268003,0.2715672254562378,9.067634492454048e-05,0.14010642003268003,0.7035473585128784,0.24674661830067635,0.8759118318557739,0.6291652135550976,512,,,,,,,,,,,
611,0.7000054938796623,0.5471203812018588,0.9765625,0.5347531884908676,1.3629492223262787,0.2640015799552202,0.25751492008566856,9.062530806061557e-05,0.2640015799552202,0.7030248865485191,0.13803498446941376,2.092809848487377,1.9547748640179634,512,,,,,,,,,,,
612,0.7000054938796623,0.5476156711578368,4.46875,0.3195505812764168,0.8020019233226776,0.2438421370461583,0.1663331389427185,9.057414633756464e-05,0.2438421370461583,0.6519311293959618,0.5037915669381618,1.919236570596695,1.415445003658533,512,,,,,,,,,,,
613,0.7000054938796623,0.5481098902170305,0.85546875,0.43391117081046104,1.0944776386022568,0.1794331595301628,0.2204046230763197,9.052285991262975e-05,0.1794331595301628,0.7028076127171516,0.1718992292881012,1.06740153580904,0.8955023065209389,512,,,,,,,,,,,
614,0.7000054938796623,0.5486030395384187,0.92578125,0.6856657229363918,1.7778946161270142,0.1628454653546214,0.2998801488429308,9.047144894343623e-05,0.1628454653546214,0.7049194201827049,0.22285621613264084,1.275089979171753,1.052233763039112,512,,,,,,,,,,,
615,0.7000054938796623,0.5490951202809811,1.09375,0.9321336522698402,2.400531515479088,0.23697399906814098,0.4241158105432987,9.041991358799222e-05,0.23697399906814098,0.6839526072144508,0.13660505041480064,1.9234050512313843,1.7868000008165836,512,,,,,,,,,,,
616,0.7000054938796623,0.5495861336036965,0.859375,0.5820838361978531,1.4902008920907974,0.22919339127838612,0.27368943952023983,9.036825400468812e-05,0.22919339127838612,0.707939438521862,0.287215881049633,2.072582744061947,1.7853668630123138,512,0.0005215837154537439,0.0005215837154537439,0.02,26187,0.7000054938796623,26187,26187,52374,0,26187,46063
617,0.7000054938796623,0.5500760806655441,0.93359375,0.4793081246316433,1.2327146604657173,0.18168186396360397,0.21973413974046707,9.031647035229618e-05,0.18168186396360397,0.701362282037735,0.20155948027968407,1.0112409368157387,0.8096814565360546,512,,,,,,,,,,,
618,0.7000054938796623,0.5505649626255035,0.921875,0.6365383006632328,1.6161541044712067,0.1781098823994398,0.31274980679154396,9.02645627899699e-05,0.1781098823994398,0.7133788764476776,0.17004356533288956,1.6775672659277916,1.507523700594902,512,,,,,,,,,,,
619,0.7000054938796623,0.5510527806425536,0.75390625,0.5253235790878534,1.342786356806755,0.1820137733593583,0.24910321459174156,9.02125314772437e-05,0.1820137733593583,0.7112841680645943,0.14365818351507187,1.4401432685554028,1.2964850850403309,512,,,,,,,,,,,
620,0.7000054938796623,0.5515395358756735,1.0078125,0.5662204772233963,1.4626836031675339,0.2894630003720522,0.2531359661370516,9.016037657403224e-05,0.2894630003720522,0.6768505722284317,0.30849528685212135,2.190249443054199,1.8817541562020779,512,,,,,,,,,,,
621,0.7000054938796623,0.5520252294838428,0.84765625,0.6022648252546787,1.546121597290039,0.20177620090544224,0.278923274949193,9.010809824063011e-05,0.20177620090544224,0.6960253939032555,0.2320220284163952,1.090748406946659,0.8587263785302639,512,,,,,,,,,,,
622,0.7000054938796623,0.5525098626260405,0.96875,0.5958549082279205,1.5380883067846298,0.1690507596358657,0.26753258891403675,9.005569663771119e-05,0.1690507596358657,0.7070751860737801,0.10094313696026802,1.0468864515423775,0.9459433145821095,512,,,,,,,,,,,
623,0.7000054938796623,0.5529934364612454,0.73828125,0.5173725988715887,1.335749875754118,0.15754011552780867,0.23204582557082176,9.000317192632826e-05,0.15754011552780867,0.7128100320696831,0.12460964173078537,1.278950609266758,1.1543409675359726,512,,,,,,,,,,,
624,0.7000054938796623,0.5534759521484375,0.890625,0.666234377771616,1.6831108778715134,0.23408528976142406,0.335781117901206,8.995052426791247e-05,0.23408528976142406,0.7069531157612801,0.20700282976031303,1.7150744199752808,1.5080715902149677,512,0.0008163167512975633,0.0008163167512975633,0.02,20500,0.7000054938796623,20500,20500,41000,0,20500,40442
625,0.7000054938796623,0.5539574108465954,0.7578125,0.6363714076578617,1.6345251500606537,0.21813161484897137,0.29387297481298447,8.989775382427278e-05,0.21813161484897137,0.7094091549515724,0.2075117975473404,1.511531449854374,1.3040196523070335,512,,,,,,,,,,,
626,0.7000054938796623,0.5544378137146985,1.703125,0.574942734092474,1.4808247908949852,0.2633303739130497,0.2614258546382189,8.98448607575956e-05,0.2633303739130497,0.6907665878534317,0.213581420481205,2.8563866540789604,2.6428052335977554,512,,,,,,,,,,,
627,0.7000054938796623,0.5549171619117259,0.734375,0.685910053551197,1.7571887001395226,0.19153736345469952,0.32132652774453163,8.979184523044418e-05,0.19153736345469952,0.6957494914531708,0.23698576539754868,1.9856066703796387,1.74862090498209,512,,,,,,,,,,,
628,0.7000054938796623,0.5553954565966571,0.7890625,0.44417111203074455,1.1406015679240227,0.18233285285532475,0.20537144877016544,8.973870740575814e-05,0.18233285285532475,0.7036034986376762,0.23497001081705093,1.0744944140315056,0.8395244032144547,512,,,,,,,,,,,
629,0.7000054938796623,0.5558726989284709,0.859375,0.4739005118608475,1.2245809957385063,0.182340569794178,0.21148108877241611,8.968544744685297e-05,0.182340569794178,0.7105370908975601,0.2904038205742836,1.0463792569935322,0.7559754364192486,512,,,,,,,,,,,
630,0.7000054938796623,0.5563488900661469,0.73046875,0.6420989409089088,1.664487048983574,0.1878734352067113,0.28126724623143673,8.963206551741952e-05,0.1878734352067113,0.7024267464876175,0.1887209191918373,1.3105156794190407,1.1217947602272034,512,,,,,,,,,,,
631,0.7000054938796623,0.556824031168664,0.76171875,0.517617505043745,1.3252860084176064,0.1489498121663928,0.24325180985033512,8.957856178152358e-05,0.1489498121663928,0.7016357257962227,0.14923062175512314,0.8016454502940178,0.6524148285388947,512,,,,,,,,,,,
632,0.7000054938796623,0.5572981233950013,0.75390625,0.410518666729331,1.0590708628296852,0.19489364884793758,0.18492504116147757,8.952493640360517e-05,0.19489364884793758,0.694460429251194,0.1695624738931656,1.366017498075962,1.1964550241827965,512,0.0007816354045644403,0.0007816354045644403,0.02,21278,0.7000054938796623,21278,21278,42556,0,21278,41216
633,0.7000054938796623,0.5577711679041385,0.75,0.7467907778918743,1.9502324014902115,0.16406582854688168,0.31276986189186573,8.947118954847832e-05,0.16406582854688168,0.7004150301218033,0.17663047462701797,1.0761847123503685,0.8995542377233505,512,,,,,,,,,,,
634,0.7000054938796623,0.5582431658550545,0.7265625,0.5686083920300007,1.4654883295297623,0.165090873837471,0.257567310705781,8.941732138133032e-05,0.165090873837471,0.704948715865612,0.29550203680992126,2.3009632602334023,2.005461223423481,512,,,,,,,,,,,
635,0.7000054938796623,0.5587141184067284,0.87890625,0.502810113132,1.2989290058612823,0.1988127026706934,0.22473795153200626,8.936333206772131e-05,0.1988127026706934,0.7125903218984604,0.18933461233973503,1.505109541118145,1.31577492877841,512,,,,,,,,,,,
636,0.7000054938796623,0.5591840267181396,0.82421875,0.6466662213206291,1.6686184480786324,0.2299802340567112,0.2909760642796755,8.930922177358379e-05,0.2299802340567112,0.7010498046875,0.2796742618083954,1.933344155550003,1.6536698937416077,512,,,,,,,,,,,
637,0.7000054938796623,0.5596528919482673,0.8125,0.5983084887266159,1.5535041093826294,0.19460916239768267,0.25955183058977127,8.925499066522207e-05,0.19460916239768267,0.7032324075698853,0.14152726158499718,1.1621633470058441,1.020636085420847,512,,,,,,,,,,,
638,0.7000054938796623,0.5601207152560904,0.8515625,0.4867646060883999,1.2395360991358757,0.15715310256928205,0.23550808057188988,8.920063890931177e-05,0.15715310256928205,0.7104076966643333,0.1616361029446125,0.8229385614395142,0.6613024584949017,512,,,,,,,,,,,
639,0.7000054938796623,0.5605874978005886,0.79296875,0.6703434363007545,1.7220381572842598,0.15167935378849506,0.3093055263161659,8.914616667289935e-05,0.15167935378849506,0.6983154341578484,0.21685682609677315,1.0399945005774498,0.8231376744806767,512,,,,,,,,,,,
640,0.7000056383757708,0.5610532407407408,0.75,0.6119988933205605,1.5679309517145157,0.17584501951932907,0.28661112301051617,8.90915741234015e-05,0.17584501951932907,0.7167529240250587,0.19748953729867935,0.9500551372766495,0.7525655999779701,512,0.0008010329329408705,0.0008010329329408705,0.02,20165,0.7000056383757708,20165,20163,40328,2,20165,40581
641,0.7000056383757708,0.561517945235526,0.734375,0.46292708814144135,1.1861203387379646,0.2092362605035305,0.2166889626532793,8.903686142860472e-05,0.2092362605035305,0.7024071887135506,0.22941933944821358,1.0111004263162613,0.7816810868680477,512,,,,,,,,,,,
642,0.7000056383757708,0.5619816124439239,0.69140625,0.4853856973350048,1.2426258772611618,0.1985025918111205,0.22823979891836643,8.89820287566648e-05,0.1985025918111205,0.7244824171066284,0.14825909212231636,1.9199439883232117,1.7716848962008953,512,,,,,,,,,,,
643,0.7000056383757708,0.5624442435249135,0.828125,0.49633942171931267,1.284372165799141,0.15791615471243858,0.21968663297593594,8.892707627610618e-05,0.15791615471243858,0.7285937443375587,0.07988999411463737,1.4058371782302856,1.3259471841156483,512,,,,,,,,,,,
644,0.7000056383757708,0.5629058396374736,0.83203125,0.6447574459016323,1.6616088673472404,0.19597521983087063,0.2922014817595482,8.887200415582161e-05,0.19597521983087063,0.6880541890859604,0.0037208348512649536,2.193409375846386,2.189688540995121,512,,,,,,,,,,,
645,0.7000056383757708,0.5633664019405842,0.91015625,0.6525573804974556,1.6739643290638924,0.21114734560251236,0.3034822307527065,8.88168125650715e-05,0.21114734560251236,0.697770968079567,0.2799772433936596,1.1960920244455338,0.9161147810518742,512,,,,,,,,,,,
646,0.7000056383757708,0.5638259315932238,0.9296875,0.7761612311005592,1.9689737111330032,0.19818091578781605,0.3830299712717533,8.876150167348348e-05,0.19818091578781605,0.7006201073527336,0.18717031925916672,1.0863137990236282,0.8991434797644615,512,,,,,,,,,,,
647,0.7000056383757708,0.5642844297543719,0.9453125,0.5806025490164757,1.4917673990130424,0.20892689749598503,0.2676341850310564,8.870607165105179e-05,0.20892689749598503,0.7095849588513374,0.20373417437076569,1.4999212622642517,1.296187087893486,512,,,,,,,,,,,
648,0.7000056386510015,0.5647418975830077,0.65625,0.5490175522863865,1.4124053940176964,0.13017135486006737,0.2512841019779444,8.865052266813685e-05,0.13017135486006737,0.7214037999510765,0.08042950183153152,0.9872279688715935,0.906798467040062,512,0.0007313698879443109,0.0007313698879443109,0.02,20775,0.7000056386510015,20775,20774,41549,1,20775,41168
649,0.7000056386510015,0.5651983362381106,0.73828125,0.6468914970755577,1.6750123128294945,0.14518799260258675,0.285264840349555,8.85948548954647e-05,0.14518799260258675,0.7096752747893333,0.16162291914224625,0.9713082537055016,0.8096853345632553,512,,,,,,,,,,,
650,0.7000056386510015,0.5656537468786591,0.73046875,0.42453066632151604,1.0881907865405083,0.16639076825231314,0.19826571457087994,8.853906850412644e-05,0.16639076825231314,0.7067211791872978,0.14911812543869019,1.0446915552020073,0.8955734297633171,512,,,,,,,,,,,
651,0.7000056386510015,0.5661081306636333,1.234375,0.46025404520332813,1.1735238954424858,0.22902905009686947,0.22118529211729765,8.848316366557777e-05,0.22902905009686947,0.6993115097284317,0.649957463145256,1.9951204136013985,1.3451629504561424,512,,,,,,,,,,,
652,0.7000056386510015,0.566561488752012,0.73828125,0.6335925422608852,1.6499222293496132,0.18184865918010473,0.27005508355796337,8.842714055163841e-05,0.18184865918010473,0.7159912064671516,0.2510070838034153,1.8557725250720978,1.6047654412686825,512,,,,,,,,,,,
653,0.7000056386510015,0.5670138223027741,0.734375,0.5204247012734413,1.3363064154982567,0.1813830891624093,0.24073809571564198,8.83709993344916e-05,0.1813830891624093,0.7004858180880547,0.23918459564447403,1.2331990879029036,0.9940144922584295,512,,,,,,,,,,,
654,0.7000056386510015,0.5674651324748993,0.7578125,0.5839230567216873,1.5231891795992851,0.15961364191025496,0.2462745811790228,8.831474018668355e-05,0.15961364191025496,0.7142529189586639,0.19822802022099495,1.3827584385871887,1.1845304183661938,512,,,,,,,,,,,
655,0.7000056386510015,0.5679154204273665,0.8359375,0.3858013954013586,0.9752472266554832,0.20006229542195797,0.19384786672890186,8.825836328112295e-05,0.20006229542195797,0.7004174590110779,0.15796203166246414,1.0379121005535126,0.8799500688910484,512,,,,,,,,,,,
656,0.7000056386510015,0.568364687319155,0.88671875,0.5219016093760729,1.337200477719307,0.21199508104473352,0.24431949853897095,8.820186879108038e-05,0.21199508104473352,0.7162890285253525,0.005834188312292099,1.7974959686398506,1.7916617803275585,512,0.0007137851207517087,0.0007137851207517087,0.02,20508,0.7000056386510015,20508,20508,41016,0,20508,40960
657,0.7000056386510015,0.5688129343092441,0.73828125,0.558026934042573,1.429462768137455,0.1911211721599102,0.26152784656733274,8.814525689018781e-05,0.1911211721599102,0.6988354325294495,0.1339458003640175,2.082224689424038,1.9482788890600204,512,,,,,,,,,,,
658,0.7000056386510015,0.5692601625566129,0.921875,0.5469554215669632,1.402682401239872,0.21641418244689703,0.2547581885010004,8.808852775243809e-05,0.21641418244689703,0.6908446922898293,-0.020838342607021332,2.0021006613969803,2.0229390040040016,512,,,,,,,,,,,
659,0.7000056386510015,0.5697063732202405,0.80859375,0.706201832741499,1.8301470875740051,0.17928828112781048,0.30985836684703827,8.803168155218437e-05,0.17928828112781048,0.6976244896650314,0.22544945031404495,0.93653554469347,0.711086094379425,512,,,,,,,,,,,
660,0.7000056386510015,0.5701515674591064,0.97265625,0.5001000463962555,1.2683455795049667,0.28406390454620123,0.24710902571678162,8.797471846413958e-05,0.28406390454620123,0.6841563954949379,0.3909871466457844,1.7190082930028439,1.3280211463570595,485.75,,,,,,,,,,,
661,0.7000056386510015,0.5705957464321896,0.8359375,0.38538312911987305,0.9909792840480804,0.22827402222901583,0.17684832215309143,8.79176386633759e-05,0.22827402222901583,0.6971581876277924,0.2963244467973709,1.724032811820507,1.4277083650231361,512,,,,,,,,,,,
662,0.7000056386510015,0.5710389112984692,0.76171875,0.5661841407418251,1.4695990085601807,0.16973991226404905,0.24611037969589233,8.786044232532424e-05,0.16973991226404905,0.7090356349945068,0.13485635444521904,0.8298298940062523,0.6949735395610332,512,,,,,,,,,,,
663,0.7000056386510015,0.5714810632169246,0.921875,0.6680789738893509,1.7563920319080353,0.2438477911055088,0.2680896408855915,8.780312962577364e-05,0.2438477911055088,0.6939379721879959,0.25534599646925926,1.2859090641140938,1.0305630676448345,512,,,,,,,,,,,
664,0.7000056386510015,0.571922203346535,0.859375,0.6633060909807682,1.7364693135023117,0.1754662971943617,0.2735490733757615,8.77457007408708e-05,0.1754662971943617,0.7254345491528511,0.09638430550694466,1.6634198129177094,1.5670355074107647,512,0.0007160129025578499,0.0007160129025578499,0.02,20726,0.7000056386510015,20726,20726,41452,0,20726,41196
665,0.7000056386510015,0.5723623328462794,1.1953125,0.3918823041021824,1.000479444861412,0.17918008286505938,0.1870426293462515,8.768815584711952e-05,0.17918008286505938,0.7026806697249413,0.1622721552848816,1.423319697380066,1.2610475420951843,512,,,,,,,,,,,
666,0.7000056386510015,0.5728014528751373,0.9296875,0.4645279161632061,1.1946962848305702,0.20520370826125145,0.21296402625739574,8.763049512138008e-05,0.20520370826125145,0.7077978327870369,0.3017491027712822,1.5876320078969002,1.285882905125618,512,,,,,,,,,,,
667,0.7000056386510015,0.5732395645920878,0.8046875,0.517788615077734,1.3346816077828407,0.16764100641012192,0.23437470756471157,8.757271874086884e-05,0.16764100641012192,0.7153173536062241,0.24763404577970505,1.2254605740308762,0.9778265282511711,512,,,,,,,,,,,
668,0.7000056386510015,0.5736766691561097,0.734375,0.6318100094795227,1.6466461345553398,0.15332380682229996,0.26792958565056324,8.751482688315757e-05,0.15332380682229996,0.7223315089941025,0.024114206433296204,2.391591876745224,2.367477670311928,512,,,,,,,,,,,
669,0.7000056386510015,0.5741127677261829,0.765625,0.559451412409544,1.4486486315727234,0.1547025851905346,0.2466586008667946,8.745681972617296e-05,0.1547025851905346,0.7079516425728798,0.15798798575997353,0.7928610406816006,0.634873054921627,512,,,,,,,,,,,
670,0.7000056386510015,0.5745478614612862,0.90625,0.4364984482526779,1.1342488750815392,0.2739843335002661,0.18847366329282522,8.739869744819609e-05,0.2739843335002661,0.6902075111865997,0.1795397624373436,1.8745150864124298,1.6949753239750862,512,,,,,,,,,,,
671,0.7000056386510015,0.5749819515203988,0.66015625,0.5317897722125053,1.3766684010624886,0.12286458909511566,0.2348156925290823,8.734046022786182e-05,0.12286458909511566,0.7083178460597992,0.12527144327759743,0.7062354944646358,0.5809640511870384,512,,,,,,,,,,,
672,0.7000057955324908,0.5754150390624999,0.83203125,0.4224909320473671,1.0757829919457436,0.14025386609137058,0.20449251681566238,8.728210824415827e-05,0.14025386609137058,0.7026074081659317,0.007544118911027908,1.6860751695930958,1.6785310506820679,512,0.0005570054636336863,0.0005570054636336863,0.02,21683,0.7000057955324908,21683,21683,43366,0,21683,42726
673,0.7000057955324908,0.575847125246569,1.1015625,0.6506124064326286,1.679260678589344,0.2068832153454423,0.2922919765114784,8.722364167642636e-05,0.2068832153454423,0.7189208790659904,0.618141695857048,2.2830660566687584,1.6649243608117104,512,,,,,,,,,,,
674,0.7000057955324908,0.5762782112315848,0.6484375,0.6053393594920635,1.5697815492749214,0.17529077362269163,0.2645800430327654,8.716506070435906e-05,0.17529077362269163,0.7022973597049713,0.1937074363231659,1.869034118950367,1.675326682627201,512,,,,,,,,,,,
675,0.7000057955324908,0.576708298176527,0.6875,0.5630417484790087,1.454038105905056,0.16832241974771023,0.252148961648345,8.710636550800102e-05,0.16832241974771023,0.7104101404547691,0.12044859305024147,1.3190389089286327,1.1985903158783913,512,,,,,,,,,,,
676,0.7000057955324908,0.5771373872403746,0.82421875,0.48568484745919704,1.25143364071846,0.1548158824443817,0.2203385904431343,8.704755626774796e-05,0.1548158824443817,0.7098681479692459,0.16587761789560318,1.0549588277935982,0.889081209897995,512,,,,,,,,,,,
677,0.7000057955324908,0.5775654795821065,0.84375,0.3730871416628361,0.9677810594439507,0.18299692496657372,0.1627859864383936,8.698863316434608e-05,0.18299692496657372,0.704211413860321,0.1661236509680748,1.1895271390676498,1.023403488099575,512,,,,,,,,,,,
678,0.7000057955324908,0.5779925763607024,0.81640625,0.6424853056669235,1.6576227396726608,0.19543517753481865,0.2893023006618023,8.692959637889154e-05,0.19543517753481865,0.7103539854288101,0.17832721769809723,1.41526610404253,1.2369388863444328,512,,,,,,,,,,,
679,0.7000057955324908,0.5784186787351414,0.796875,0.38688667118549347,0.9867730960249901,0.163734070956707,0.1856107097119093,8.687044609282986e-05,0.163734070956707,0.700373500585556,0.29086798802018166,1.3205447494983673,1.0296767614781857,512,,,,,,,,,,,
680,0.7000057952572601,0.5788437878644024,0.78125,0.6802430860698223,1.749721236526966,0.20085663348436356,0.3116213884204626,8.681118248795547e-05,0.20085663348436356,0.7028246968984604,0.28260141238570213,1.731043353676796,1.4484419412910938,512,0.00041460918146185577,0.00041460918146185577,0.02,18134,0.7000057952572601,18134,18135,36269,-1,18134,39150
681,0.7000057952572601,0.5792679049074649,0.91015625,0.8131981939077377,2.133667528629303,0.17918584123253822,0.3305692933499813,8.675180574641102e-05,0.17918584123253822,0.7060888633131981,0.3170345686376095,1.52992806956172,1.2128935009241104,512,,,,,,,,,,,
682,0.7000057952572601,0.5796910310233081,0.67578125,0.5820273011922836,1.5122860819101334,0.178493894636631,0.25143290869891644,8.66923160506869e-05,0.178493894636631,0.7186840549111366,0.18703003972768784,1.5359206795692444,1.3488906398415565,512,,,,,,,,,,,
683,0.7000057952572601,0.5801131673709109,1.921875,0.4981779418885708,1.2849639430642128,0.1573347756639123,0.22466612793505192,8.663271358362064e-05,0.1573347756639123,0.7090453952550888,0.20657677203416824,1.2558261305093765,1.0492493584752083,512,,,,,,,,,,,
684,0.7000057952572601,0.5805343151092529,0.83984375,0.5848311930894852,1.517681546509266,0.1298458045348525,0.2545341495424509,8.657299852839639e-05,0.1298458045348525,0.7113720402121544,0.09039724618196487,0.6085412129759789,0.518143966794014,512,,,,,,,,,,,
685,0.7000057952572601,0.5809544753973132,0.984375,0.6909784972667694,1.815713308751583,0.1831914819777012,0.2781608998775482,8.65131710685443e-05,0.1831914819777012,0.7209643423557281,0.056866876780986786,1.0545546784996986,0.9976878017187119,512,,,,,,,,,,,
686,0.7000057952572601,0.5813736493940705,0.6953125,0.5799224637448788,1.505743332207203,0.13986126892268658,0.25159733928740025,8.645323138794001e-05,0.13986126892268658,0.7134863063693047,0.13026191294193268,0.7610915303230286,0.6308296173810959,512,,,,,,,,,,,
687,0.7000057952572601,0.5817918382585048,0.77734375,0.8720478154718876,2.2834877520799637,0.18276778049767017,0.3590813372284174,8.639317967080408e-05,0.18276778049767017,0.7028246894478798,0.2049727998673916,1.2853524163365364,1.0803796164691448,512,,,,,,,,,,,
688,0.7000057952572601,0.582209043149595,0.7734375,0.5680966153740883,1.437912605702877,0.1582486778497696,0.28359225764870644,8.633301610170135e-05,0.1582486778497696,0.7050512656569481,0.2293275184929371,1.7756780609488487,1.5463505424559116,512,0.0006468204664997756,0.0006468204664997756,0.02,21040,0.7000057952572601,21040,21040,42080,0,21040,41986
689,0.7000057952572601,0.5826252652263199,0.84765625,0.4429426174610853,1.1427728310227394,0.1972371693700552,0.19947749935090542,8.62727408655405e-05,0.1972371693700552,0.7050488144159317,0.25086478888988495,1.3788837045431137,1.1280189156532288,512,,,,,,,,,,,
690,0.7000057952572601,0.5830405056476593,0.76953125,0.5085457041859627,1.3083720579743385,0.16102379746735096,0.2326754555106163,8.621235414757336e-05,0.16102379746735096,0.7179321199655533,0.174107164144516,0.9940285421907902,0.8199213780462742,512,,,,,,,,,,,
691,0.7000057952572601,0.583454765572592,0.7109375,0.47061438113451004,1.2279188185930252,0.13676312938332558,0.19818531163036823,8.615185613339438e-05,0.13676312938332558,0.7201025262475014,0.10507828369736671,0.7773357778787613,0.6722574941813946,512,,,,,,,,,,,
692,0.7000057952572601,0.5838680461600974,0.875,0.5855073854327202,1.5227267444133759,0.18669080175459385,0.25153800658881664,8.609124700894016e-05,0.18669080175459385,0.7151391431689262,0.06778465956449509,1.7399497479200363,1.6721650883555412,512,,,,,,,,,,,
693,0.7000057952572601,0.5842803485691547,0.7734375,0.57718500867486,1.5021174848079681,0.16287540923804045,0.24692792259156704,8.603052696048867e-05,0.16287540923804045,0.7189013436436653,0.11602150648832321,0.8980631716549397,0.7820416651666164,512,,,,,,,,,,,
694,0.7000057952572601,0.5846916739587431,1.0390625,0.5321992207318544,1.374446839094162,0.2131758388131857,0.23827800527215004,8.596969617465889e-05,0.2131758388131857,0.7136572226881981,-0.13742267340421677,2.2624368965625763,2.399859569966793,512,,,,,,,,,,,
695,0.7000057952572601,0.5851020234878415,0.88671875,0.7505228072404861,1.9444541707634926,0.1479425197467208,0.32985723949968815,8.590875483841011e-05,0.1479425197467208,0.7267236188054085,0.24350153282284737,1.3265958055853844,1.083094272762537,512,,,,,,,,,,,
696,0.7000057955324908,0.5855113983154296,1.09375,0.5551385655999184,1.400117889046669,0.22311967611312866,0.2821200918406248,8.584770313904137e-05,0.22311967611312866,0.6978319957852364,0.3552738055586815,1.7643585801124573,1.4090847745537758,512,0.0006880483706481755,0.0006880483706481755,0.02,21521,0.7000057955324908,21521,21520,43041,1,21521,42569
697,0.7000057955324908,0.5859197996004865,0.828125,0.5508322268724442,1.4110896661877632,0.20618905499577522,0.2580988109111786,8.578654126419093e-05,0.20618905499577522,0.7142577916383743,0.3080863580107689,2.369479164481163,2.061392806470394,512,,,,,,,,,,,
698,0.7000057955324908,0.5863272285019909,0.84765625,0.6942149549722672,1.785636804997921,0.19856076687574387,0.31804480589926243,8.572526940183568e-05,0.19856076687574387,0.7002197131514549,0.15980985015630722,1.1031204387545586,0.9433105885982513,512,,,,,,,,,,,
699,0.7000057955324908,0.5867336861789226,0.9140625,0.40740402042865753,1.059570737183094,0.13865712378174067,0.1749868392944336,8.566388774029051e-05,0.13865712378174067,0.7086474448442459,0.06766002997756004,0.9105613268911839,0.8429012969136238,512,,,,,,,,,,,
700,0.7000057955324908,0.5871391737902606,1.1015625,0.6893937885761261,1.7917651757597923,0.16219430789351463,0.29730688221752644,8.560239646820778e-05,0.16219430789351463,0.7191503793001175,0.18969300016760826,1.533928982913494,1.3442359827458858,512,,,,,,,,,,,
701,0.7000057955324908,0.587543692494984,0.6953125,0.5562275722622871,1.397490493953228,0.16287535056471825,0.2880475651472807,8.554079577457674e-05,0.16287535056471825,0.7070019319653511,0.18668316677212715,0.9039316847920418,0.7172485180199146,512,,,,,,,,,,,
702,0.7000057955324908,0.587947243452072,0.76171875,0.6627395376563072,1.7371507063508034,0.13779373280704021,0.27115084044635296,8.547908584872297e-05,0.13779373280704021,0.7193969637155533,0.15072249993681908,1.6689040772616863,1.5181815773248672,512,,,,,,,,,,,
703,0.7000057955324908,0.5883498278205042,0.828125,0.7127270922064781,1.8376624062657356,0.16040402092039585,0.32211656868457794,8.541726688030771e-05,0.16040402092039585,0.698110319674015,0.19861693680286407,0.9092457294464111,0.7106287926435471,512,,,,,,,,,,,
704,0.7000059469093664,0.5887514467592592,0.70703125,0.6599687896668911,1.728616178035736,0.15668322797864676,0.2712891921401024,8.535533905932738e-05,0.15668322797864676,0.7164233177900314,0.20462772622704506,1.6646530665457249,1.4600253403186798,512,0.000738284201361239,0.000738284201361239,0.02,20885,0.7000059469093664,20885,20885,41770,0,20885,42469
705,0.7000059469093664,0.5891521014273167,0.79296875,0.5549267455935478,1.4144454523921013,0.15284424647688866,0.26715068705379963,8.529330257611293e-05,0.15284424647688866,0.7231225445866585,0.1387484148144722,0.8444747030735016,0.7057262882590294,512,,,,,,,,,,,
706,0.7000059469093664,0.5895517929836556,0.6875,0.768601268529892,2.006853185594082,0.19136591348797083,0.32224153354763985,8.523115762132925e-05,0.19136591348797083,0.7085595726966858,0.21019859239459038,1.5804124027490616,1.3702138103544712,512,,,,,,,,,,,
707,0.7000059469093664,0.5899505225872551,1.4921875,0.7308911606669426,1.9105016738176346,0.15650050062686205,0.30431992560625076,8.516890438597467e-05,0.15650050062686205,0.7045776396989822,0.3930267281830311,1.64053900167346,1.247512273490429,512,,,,,,,,,,,
708,0.7000059469093664,0.5903482913970947,0.7734375,0.5104574970901012,1.3313151523470879,0.1703114751726389,0.2155256774276495,8.510654306138027e-05,0.1703114751726389,0.7136449962854385,0.14179356396198273,1.5091133564710617,1.367319792509079,512,,,,,,,,,,,
709,0.7000059469093664,0.5907451005721533,0.78125,0.46316538751125336,1.196237824857235,0.225226947106421,0.20729360543191433,8.504407383920936e-05,0.225226947106421,0.6918603554368019,0.3369075357913971,2.144880957901478,1.8079734221100807,512,,,,,,,,,,,
710,0.7000059469093664,0.5911409512714102,0.65234375,0.6084416322410107,1.58182442933321,0.16628870833665133,0.2619380056858063,8.498149691145684e-05,0.16628870833665133,0.7174389585852623,0.15086621791124344,1.4908985942602158,1.3400323763489723,512,,,,,,,,,,,
711,0.7000059469093664,0.5915358446538448,0.66796875,0.3469105660915375,0.8902760222554207,0.1541625801473856,0.16096808202564716,8.491881247044866e-05,0.1541625801473856,0.7097412049770355,0.19541024789214134,1.3793624304234982,1.1839521825313568,512,,,,,,,,,,,
712,0.7000059469093664,0.5919297818784361,1.171875,0.7563671097159386,1.9224904924631119,0.20074130687862635,0.36953091993927956,8.485602070884117e-05,0.20074130687862635,0.6985742002725601,0.17941805720329285,1.4875862821936607,1.308168224990368,512,0.0005514657823368907,0.0005514657823368907,0.02,27333,0.7000059469093664,27333,27333,54666,0,27333,48926
713,0.7000059469093664,0.5923227641041631,0.83203125,0.6463617756962776,1.6490632444620132,0.13960427604615688,0.30960872396826744,8.479312181962061e-05,0.13960427604615688,0.7192065119743347,0.16820336133241653,0.8412624150514603,0.6730590537190437,512,,,,,,,,,,,
714,0.7000059469093664,0.5927147924900055,1.109375,0.5910722799599171,1.5188670232892036,0.1440957961603999,0.2722610179334879,8.473011599610244e-05,0.1440957961603999,0.7176806405186653,0.1530221477150917,0.7610157653689384,0.6079936176538467,512,,,,,,,,,,,
715,0.7000059469093664,0.5931058681949422,0.80078125,0.8454481847584248,2.220747597515583,0.1847016802057624,0.3412165157496929,8.466700343193077e-05,0.1847016802057624,0.7214916795492172,0.030916620045900345,1.540757805109024,1.5098411850631237,512,,,,,,,,,,,
716,0.7000059469093664,0.5934959923779523,0.87109375,0.4966825731098652,1.284458376467228,0.191705415956676,0.2206402849406004,8.460378432107779e-05,0.191705415956676,0.6951684504747391,0.15805472433567047,1.0825332701206207,0.9244785457849503,512,,,,,,,,,,,
717,0.7000059469093664,0.5938851661980151,0.74609375,0.6428323313593864,1.6590906530618668,0.1784577462822199,0.28888604789972305,8.454045885784315e-05,0.1784577462822199,0.7214916869997978,0.2212693989276886,1.5310652777552605,1.3097958788275719,512,,,,,,,,,,,
718,0.7000059469093664,0.5942733908141101,0.69921875,0.522860087454319,1.3562773764133453,0.1757031623274088,0.2281470876187086,8.447702723685335e-05,0.1757031623274088,0.7163989096879959,0.1726551093161106,1.6158695742487907,1.4432144649326801,512,,,,,,,,,,,
719,0.7000059469093664,0.5946606673852161,0.85546875,0.5092871077358723,1.318922445178032,0.1959360260516405,0.22437176294624805,8.441348965306119e-05,0.1959360260516405,0.7162109166383743,0.19430342689156532,1.4746291562914848,1.2803257293999195,512,,,,,,,,,,,
720,0.7000059471845971,0.5950469970703125,0.796875,0.4593369998037815,1.2003583461046219,0.1946277841925621,0.191571906208992,8.434984630174509e-05,0.1946277841925621,0.7091625854372978,0.1786322221159935,3.241104155778885,3.0624719336628914,512,0.0006190922576934099,0.0006190922576934099,0.02,19361,0.7000059471845971,19361,19360,38721,1,19361,40845
721,0.7000059471845971,0.5954323810283785,0.8359375,0.5447585694491863,1.4147896617650986,0.19052136782556772,0.2359937969595194,8.428609737850859e-05,0.19052136782556772,0.7069897204637527,0.1748199127614498,1.104252826422453,0.9294329136610031,512,,,,,,,,,,,
722,0.7000059471845971,0.595816820418393,0.72265625,0.4590189903974533,1.1918683499097824,0.1454672859981656,0.19909824430942535,8.422224307927967e-05,0.1454672859981656,0.7078637629747391,0.20456509292125702,1.4625978097319603,1.2580327168107033,512,,,,,,,,,,,
723,0.7000059471845971,0.5962003163993358,0.84765625,0.7497571278363466,1.9641052410006523,0.2272375375032425,0.3078859895467758,8.415828360031019e-05,0.2272375375032425,0.7051757648587227,0.3047972843050957,1.758269913494587,1.4534726291894913,512,,,,,,,,,,,
724,0.7000059471845971,0.5965828701301857,0.7734375,0.4697084352374077,1.2183355018496513,0.14978682436048985,0.20502330549061298,8.409421913817526e-05,0.14978682436048985,0.716865211725235,0.15742237865924835,1.1030658930540085,0.9456435143947601,512,,,,,,,,,,,
725,0.7000059471845971,0.5969644827699219,0.81640625,0.5723564065992832,1.4387608915567398,0.1446959748864174,0.2956523932516575,8.403004988977266e-05,0.1446959748864174,0.7126684337854385,0.3276129812002182,1.343726858496666,1.0161138772964478,512,,,,,,,,,,,
726,0.7000059471845971,0.5973451554775238,2.765625,0.5142189487814903,1.297235794365406,0.18170836009085178,0.2610034141689539,8.39657760523222e-05,0.18170836009085178,0.7189892381429672,0.11659252643585205,1.5953881070017815,1.4787955805659294,512,,,,,,,,,,,
727,0.7000059471845971,0.5977248894119704,1.0703125,0.3981172479689121,1.0336924344301224,0.20154472440481186,0.1727234274148941,8.390139782336519e-05,0.20154472440481186,0.7151342630386353,0.005977027118206024,1.4154597073793411,1.409482680261135,512,,,,,,,,,,,
728,0.7000059471845971,0.5981036857322409,0.9375,0.677398432046175,1.777637504041195,0.1706275949254632,0.2750849314033985,8.383691540076371e-05,0.1706275949254632,0.7091699093580246,0.12384265288710594,2.1262816935777664,2.0024390406906605,512,0.0005060462281107903,0.0005060462281107903,0.02,21771,0.7000059471845971,21771,21771,43542,0,21771,43345
729,0.7000059471845971,0.5984815455973148,2.5625,0.512815997004509,1.3107256218791008,0.3175596818327904,0.24326221458613873,8.377232898270014e-05,0.3175596818327904,0.6793114989995956,0.16222326457500458,1.6522354632616043,1.4900121986865997,448.25,,,,,,,,,,,
730,0.7000059471845971,0.598858470166171,0.8125,0.39836904406547546,1.0244012996554375,0.14900540374219418,0.1827775500714779,8.370763876767642e-05,0.14900540374219418,0.710139162838459,0.3388039246201515,1.3302923440933228,0.9914884194731712,512,,,,,,,,,,,
731,0.7000059471845971,0.5992344605977888,0.82421875,0.5482218749821186,1.4138818234205246,0.21707496512681246,0.24739654920995235,8.364284495451355e-05,0.21707496512681246,0.6925903186202049,0.22152163460850716,1.6829153895378113,1.4613937549293041,512,,,,,,,,,,,
732,0.7000059471845971,0.5996095180511474,0.68359375,0.5667834207415581,1.4974785149097443,0.17887010984122753,0.2200469095259905,8.357794774235092e-05,0.17887010984122753,0.7144750878214836,0.2025076225399971,2.165994204580784,1.9634865820407867,512,,,,,,,,,,,
733,0.7000059471845971,0.5999836436852262,0.7265625,0.46839452907443047,1.2032153606414795,0.13329467549920082,0.21616193279623985,8.35129473306457e-05,0.13329467549920082,0.7165014371275902,0.09721360355615616,1.0452940836548805,0.9480804800987244,512,,,,,,,,,,,
734,0.7000059471845971,0.6003568386590038,0.73046875,0.35312531888484955,0.9100706577301025,0.15439121006056666,0.16000601463019848,8.344784391917224e-05,0.15439121006056666,0.7108984142541885,0.1538342833518982,0.8865764290094376,0.7327421456575394,512,,,,,,,,,,,
735,0.7000059471845971,0.6007291041314602,0.69921875,0.6726689003407955,1.7429492846131325,0.156558888964355,0.29544126614928246,8.338263770802145e-05,0.156558888964355,0.7174120843410492,0.18600378185510635,1.023777298629284,0.8377735167741776,512,,,,,,,,,,,
736,0.7000060919559363,0.601100441261574,0.9609375,0.521335244178772,1.3557083457708359,0.16306400671601295,0.2240954227745533,8.33173288976002e-05,0.16306400671601295,0.6949145421385765,0.3952704928815365,1.5234910547733307,1.1282205618917942,512,0.0007223988650366664,0.0007223988650366664,0.02,19772,0.7000060919559363,19772,19772,39544,0,19772,41890
737,0.7000060919559363,0.6014708512083247,0.8203125,0.5535671561956406,1.434274286031723,0.19264803268015385,0.24320190027356148,8.32519176886307e-05,0.19264803268015385,0.7047119215130806,0.19988034665584564,1.0971542373299599,0.8972738906741142,512,,,,,,,,,,,
738,0.7000060919559363,0.6018403351306915,0.62890625,0.47769855707883835,1.2342139184474945,0.10699887201189995,0.21335742622613907,8.318640428214982e-05,0.10699887201189995,0.7134887352585793,0.07934190332889557,0.5937968902289867,0.5144549869000912,512,,,,,,,,,,,
739,0.7000060919559363,0.6022088941876534,0.67578125,0.7137621156871319,1.8529246971011162,0.13273954764008522,0.30999072454869747,8.31207888795086e-05,0.13273954764008522,0.7183081060647964,0.1293495111167431,1.058414213359356,0.9290647022426128,512,,,,,,,,,,,
740,0.7000060919559363,0.6025765295381899,0.9453125,0.5379950143396854,1.3798726797103882,0.1853857859969139,0.25041517056524754,8.305507168237152e-05,0.1853857859969139,0.7218798771500587,0.1849600076675415,1.3624797239899635,1.177519716322422,512,,,,,,,,,,,
741,0.7000060919559363,0.6029432423412799,0.94921875,0.4670380726456642,1.1938945576548576,0.17845167499035597,0.2213722439482808,8.298925289271588e-05,0.17845167499035597,0.7051757574081421,0.25001728534698486,1.296816699206829,1.0467994138598442,512,,,,,,,,,,,
742,0.7000060919559363,0.603309033755903,0.9375,0.5932365842163563,1.522657461464405,0.2563094533979893,0.2750290520489216,8.292333271283134e-05,0.2563094533979893,0.6907812505960464,0.256232887506485,2.3170828223228455,2.0608499348163605,512,,,,,,,,,,,
743,0.7000060919559363,0.6036739049410378,4.46875,0.4024614617228508,1.0430489405989647,0.22376568708568811,0.17653122544288635,8.285731134531906e-05,0.22376568708568811,0.6812646239995956,-0.2787235490977764,0.6345250084996223,0.9132485575973988,512,,,,,,,,,,,
744,0.700006092231167,0.604037857055664,0.76953125,0.32595497369766235,0.8358899727463722,0.12938304618000984,0.15185233857482672,8.279118899309122e-05,0.12938304618000984,0.7176464721560478,0.07651059702038765,0.8065654151141644,0.7300548180937767,512,0.0007081800722517073,0.0007081800722517073,0.02,26732,0.700006092231167,26732,26731,53463,1,26732,48823
745,0.700006092231167,0.6044008912587607,1.09375,0.5690271742641926,1.4902308657765388,0.15989546291530132,0.23409383464604616,8.272496585937038e-05,0.15989546291530132,0.7090429440140724,0.018430601805448532,1.0682476088404655,1.049817007035017,512,,,,,,,,,,,
746,0.700006092231167,0.604763008709307,0.69921875,0.4142364002764225,1.0734876319766045,0.16914922185242176,0.1817741272971034,8.265864214768883e-05,0.16914922185242176,0.6999169737100601,0.1260630041360855,1.2783878967165947,1.1523248925805092,512,,,,,,,,,,,
747,0.700006092231167,0.6051242105662822,0.87109375,0.5058424472808838,1.2890244275331497,0.19094709772616625,0.24383141286671162,8.259221806188806e-05,0.19094709772616625,0.6922021359205246,0.25510034523904324,1.2947755008935928,1.0396751556545496,512,,,,,,,,,,,
748,0.700006092231167,0.6054844979886655,1,0.5972216501832008,1.530163086950779,0.1586047951132059,0.2795994430780411,8.252569380611792e-05,0.1586047951132059,0.7081762552261353,0.25118647515773773,1.0009131580591202,0.7497266829013824,512,,,,,,,,,,,
749,0.700006092231167,0.605843872135436,0.82421875,0.7454881742596626,1.9824633225798607,0.15089799091219902,0.2765916045755148,8.245906958483623e-05,0.15089799091219902,0.7059618979692459,0.1813650168478489,0.8649828806519508,0.6836178638041019,512,,,,,,,,,,,
750,0.700006092231167,0.6062023341655731,0.7421875,0.49045995622873306,1.2738215252757072,0.18584039062261581,0.21242068335413933,8.2392345602808e-05,0.18584039062261581,0.7105956822633743,0.1054014191031456,1.5972495302557945,1.491848111152649,512,,,,,,,,,,,
751,0.700006092231167,0.6065598852380558,0.703125,0.4814781956374645,1.2504369840025902,0.15048340056091547,0.2085877750068903,8.232552206510485e-05,0.15048340056091547,0.7199267372488976,0.16071491688489914,1.34507405012846,1.1843591332435608,512,,,,,,,,,,,
752,0.700006092231167,0.6069165265118633,0.6875,0.5517078265547752,1.4378795325756073,0.13754529785364866,0.23396225459873676,8.225859917710439e-05,0.13754529785364866,0.7089037895202637,0.11803899332880974,0.775303803384304,0.6572648100554943,512,0.0007354766712523997,0.0007354766712523997,0.02,17613,0.700006092231167,17613,17613,35226,0,17613,39712
753,0.700006092231167,0.607272259145975,0.73046875,0.4501239489763975,1.163441739976406,0.17339742835611105,0.20057014375925064,8.219157714448958e-05,0.17339742835611105,0.7200024351477623,0.12596331164240837,1.4577965810894966,1.3318332694470882,512,,,,,,,,,,,
754,0.700006092231167,0.6076270842993701,0.76953125,0.4795198142528534,1.2324611768126488,0.1729250093922019,0.22062909603118896,8.212445617324809e-05,0.1729250093922019,0.7148681581020355,0.1401277743279934,0.8552855402231216,0.7151577658951283,512,,,,,,,,,,,
755,0.700006092231167,0.6079810031310274,0.7890625,0.34834856539964676,0.8938981965184212,0.1992760393768549,0.16170349158346653,8.205723646967165e-05,0.1992760393768549,0.7054980248212814,0.24720225483179092,1.6848095059394836,1.4376072511076927,512,,,,,,,,,,,
756,0.700006092231167,0.6083340167999267,0.7578125,0.7969021499156952,2.0914426147937775,0.15811444353312254,0.32341232895851135,8.198991824035547e-05,0.15811444353312254,0.7183422595262527,0.1277613863348961,1.2659813463687897,1.1382199600338936,512,,,,,,,,,,,
757,0.700006092231167,0.6086861264650468,0.7109375,0.7729860171675682,2.0106555074453354,0.12146675307303667,0.331726249307394,8.192250169219756e-05,0.12146675307303667,0.7277416810393333,0.06905452162027359,0.8807661235332489,0.8117116019129753,512,,,,,,,,,,,
758,0.700006092231167,0.609037333285367,0.79296875,0.4623221531510353,1.186025694012642,0.1602126406505704,0.2149504292756319,8.18549870323981e-05,0.1602126406505704,0.7054784893989563,0.15083716809749603,1.500802431255579,1.349965263158083,512,,,,,,,,,,,
759,0.700006092231167,0.6093876384198665,0.68359375,0.5617039911448956,1.4487311840057373,0.14072040002793074,0.2534020747989416,8.178737446845879e-05,0.14072040002793074,0.7226415947079659,0.17902245000004768,0.8532425574958324,0.6742201074957848,512,,,,,,,,,,,
760,0.700006092231167,0.6097370430275246,0.6796875,0.6647339500486851,1.7442085593938828,0.14417483191937208,0.27013668417930603,8.171966420818228e-05,0.14417483191937208,0.7222997769713402,0.2620978578925133,2.2013039588928223,1.939206101000309,512,0.0008049647440202534,0.0008049647440202534,0.02,17209,0.700006092231167,17209,17209,34418,0,17209,39259
761,0.700006092231167,0.6100855482673203,0.71875,0.7778118662536144,2.03881948441267,0.15161582361906767,0.3181860465556383,8.165185645967146e-05,0.15161582361906767,0.7281738072633743,0.20788057520985603,1.1946130022406578,0.9867324270308018,512,,,,,,,,,,,
762,0.700006092231167,0.6104331552982329,0.69921875,0.4313499182462692,1.101875513792038,0.2090919530019164,0.2052453774958849,8.158395143132882e-05,0.2090919530019164,0.7118359282612801,0.2091611996293068,1.9046316146850586,1.6954704150557518,512,,,,,,,,,,,
763,0.700006092231167,0.6107798652792419,0.77734375,0.6311205178499222,1.6459117829799652,0.1747506782412529,0.26657457184046507,8.151594933185589e-05,0.1747506782412529,0.7155517414212227,0.11343856900930405,1.55681911110878,1.4433805420994759,512,,,,,,,,,,,
764,0.700006092231167,0.6111256793693259,0.734375,0.641257930546999,1.6773132011294365,0.16079102223739028,0.26589251309633255,8.144785037025247e-05,0.16079102223739028,0.7176122963428497,0.21628208830952644,1.5072702579200268,1.2909881696105003,512,,,,,,,,,,,
765,0.700006092231167,0.6114705987274647,0.75390625,0.5507444851100445,1.4348207488656044,0.1503957947716117,0.23410183563828468,8.13796547558161e-05,0.1503957947716117,0.7121728286147118,0.08050941303372383,0.9446161016821861,0.8641066886484623,512,,,,,,,,,,,
766,0.700006092231167,0.6118146245126371,0.765625,0.6960939392447472,1.8079811185598373,0.11811567656695843,0.30139438062906265,8.131136269814139e-05,0.11811567656695843,0.7116405963897705,0.12128834053874016,0.7249772809445858,0.6036889404058456,512,,,,,,,,,,,
767,0.700006092231167,0.6121577578838224,1.0546875,0.4443665146827698,1.1540232002735138,0.23730892222374678,0.19254194013774395,8.124297440711932e-05,0.23730892222374678,0.6922753751277924,0.12941590696573257,1.4832864105701447,1.353870503604412,512,,,,,,,,,,,
768,0.7000062370025062,0.6124999999999999,0.85546875,0.6712446212768555,1.7259668409824371,0.19983494095504284,0.3081076890230179,8.117449009293668e-05,0.19983494095504284,0.7030370905995369,0.25896720588207245,1.6413269564509392,1.3823597505688667,512,0.00043779765837825835,0.00043779765837825835,0.02,22278,0.7000062370025062,22278,22278,44556,0,22278,44893
769,0.7000062370025062,0.6128413520201488,0.703125,0.541340596973896,1.393611989915371,0.15293332561850548,0.24681398272514343,8.110590996607534e-05,0.15293332561850548,0.7233886495232582,0.24052630364894867,1.8497134149074554,1.6091871112585068,512,,,,,,,,,,,
770,0.7000062370025062,0.6131818151032483,0.89453125,0.569061353802681,1.4807281196117401,0.16642497573047876,0.24370023049414158,8.103723423731169e-05,0.16642497573047876,0.7080273479223251,0.266346238553524,1.2148233130574226,0.9484770745038986,512,,,,,,,,,,,
771,0.7000062370025062,0.6135213904082775,0.79296875,0.5602987091988325,1.4467828497290611,0.18617242947220802,0.2510919440537691,8.09684631177159e-05,0.18617242947220802,0.701413556933403,0.278517734259367,1.2113160379230976,0.9327983036637306,512,,,,,,,,,,,
772,0.7000062370025062,0.6138600790942156,0.90234375,0.3785569705069065,0.9650537520647049,0.19656872283667326,0.18208854459226131,8.089959681865133e-05,0.19656872283667326,0.691055916249752,0.28687843307852745,1.2246494516730309,0.9377710185945034,508.75,,,,,,,,,,,
773,0.7000062370025062,0.614197882320042,0.94921875,0.6117739975452423,1.5994872525334358,0.15203720051795244,0.2543732672929764,8.083063555177388e-05,0.15203720051795244,0.7107372954487801,0.03357246145606041,1.3344328999519348,1.3008604384958744,512,,,,,,,,,,,
774,0.7000062370025062,0.6145348012447357,0.93359375,0.48198699578642845,1.2619932070374489,0.1637527383863926,0.19857339560985565,8.076157952903134e-05,0.1637527383863926,0.7171459719538689,0.1322411112487316,1.2070456147193909,1.0748045034706593,512,,,,,,,,,,,
775,0.7000062370025062,0.614870837027276,0.79296875,0.5369624495506287,1.406194880604744,0.1992685552686453,0.2209639921784401,8.069242896266269e-05,0.1992685552686453,0.7032592669129372,0.14830685779452324,1.2508017234504223,1.102494865655899,512,,,,,,,,,,,
776,0.7000062367272756,0.6152059908266421,0.8203125,0.5080758221447468,1.3142143115401268,0.15023978799581528,0.22540933266282082,8.062318406519751e-05,0.15023978799581528,0.7015673667192459,0.1833009421825409,1.4011396244168282,1.2178386822342873,512,0.0006236133049242198,0.0006236133049242198,0.02,19212,0.7000062367272756,19212,19213,38425,-1,19212,41852
777,0.7000062367272756,0.615540263801813,0.8125,0.637484323233366,1.6495189890265465,0.1861056676134467,0.28225154615938663,8.055384504945528e-05,0.1861056676134467,0.7146923691034317,0.24166133627295494,1.6535640731453896,1.4119027368724346,512,,,,,,,,,,,
778,0.7000062367272756,0.6158736571117683,0.83984375,0.5307546500116587,1.3741541132330894,0.21882966253906488,0.23419327195733786,8.048441212854476e-05,0.21882966253906488,0.6952026337385178,0.3429259732365608,1.3076480329036713,0.9647220596671104,512,,,,,,,,,,,
779,0.7000062367272756,0.616206171915487,0.77734375,0.6936209127306938,1.8123649656772614,0.14074970595538616,0.28951650112867355,8.041488551586332e-05,0.14074970595538616,0.7076000645756721,0.14319048449397087,1.0686892941594124,0.9254988096654415,512,,,,,,,,,,,
780,0.7000062367272756,0.6165378093719482,0.9921875,0.4896528124809265,1.2709445655345917,0.17022382374852896,0.21285179257392883,8.034526542509628e-05,0.17022382374852896,0.7087109163403511,0.3648860976099968,1.6091367900371552,1.2442506924271584,512,,,,,,,,,,,
781,0.7000062367272756,0.6168685706401312,0.7890625,0.5503409765660763,1.4524313509464264,0.1559302005916834,0.21526846382766962,8.027555207021628e-05,0.1559302005916834,0.7171484082937241,0.10981893911957741,0.8681484386324883,0.7583294995129108,512,,,,,,,,,,,
782,0.7000062367272756,0.6171984568790153,0.81640625,0.8276310712099075,2.1650224551558495,0.14344253856688738,0.34295039623975754,8.020574566548256e-05,0.14344253856688738,0.7134081870317459,0.1103251613676548,1.0332456082105637,0.9229204468429089,512,,,,,,,,,,,
783,0.7000062367272756,0.6175274692475795,0.78125,0.5077480599284172,1.3203870132565498,0.17356289643794298,0.2182434033602476,8.013584642544038e-05,0.17356289643794298,0.7142675518989563,0.1018357053399086,1.214567631483078,1.1127319261431694,512,,,,,,,,,,,
784,0.7000062364520448,0.6178556089048032,0.83203125,0.6371448449790478,1.6304634734988213,0.17232456803321838,0.30027838982641697,8.006585456492029e-05,0.17232456803321838,0.7106152325868607,0.1677333004772663,0.8473973795771599,0.6796640790998936,512,0.000672026420943439,0.000672026420943439,0.02,20400,0.7000062364520448,20400,20401,40801,-1,20400,42961
785,0.7000062364520448,0.6181828770096655,0.84375,0.4160939622670412,1.066739048808813,0.17302221432328224,0.1941516762599349,7.999577029903755e-05,0.17302221432328224,0.7145117223262787,0.15648704394698143,1.1276266500353813,0.9711396060883999,512,,,,,,,,,,,
786,0.7000062364520448,0.6185092747211456,0.91015625,0.5696423612535,1.498672291636467,0.18009685166180134,0.22751665208488703,7.992559384319137e-05,0.18009685166180134,0.7092260718345642,0.19838768243789673,1.5599346235394478,1.361546941101551,512,,,,,,,,,,,
787,0.7000062364520448,0.6188348031982227,0.73046875,0.46252739429473877,1.2046549171209335,0.1520245224237442,0.19694319739937782,7.985532541306433e-05,0.1520245224237442,0.7059448137879372,0.17109955847263336,0.886747881770134,0.7156483232975006,512,,,,,,,,,,,
788,0.7000062364520448,0.6191594635998762,0.84765625,0.6985835786908865,1.8234338611364365,0.1341676004230976,0.2934859739616513,7.978496522462167e-05,0.1341676004230976,0.7242211773991585,0.19501876458525658,1.221348576247692,1.0263298116624355,512,,,,,,,,,,,
789,0.7000062364520448,0.6194832570850849,1.609375,0.48776328563690186,1.2623399645090103,0.20665802247822285,0.21573054417967796,7.971451349411068e-05,0.20665802247822285,0.7046264559030533,0.15343904495239258,1.3093757405877113,1.1559366956353188,512,,,,,,,,,,,
790,0.7000062364520448,0.6198061848128282,2.4375,0.5185611937195063,1.3338122963905334,0.26121394522488117,0.23758522607386112,7.964397043805993e-05,0.26121394522488117,0.6809448152780533,0.6950521841645241,1.7145283855497837,1.0194762013852596,512,,,,,,,,,,,
791,0.7000062364520448,0.6201282479420855,0.765625,0.5827108509838581,1.509387195110321,0.17402665223926306,0.25640321243554354,7.957333627327875e-05,0.17402665223926306,0.710095189511776,0.1644977554678917,1.5334318540990353,1.3689340986311436,512,,,,,,,,,,,
792,0.7000062364520448,0.6204494476318358,1.140625,0.3986530862748623,0.9863528087735176,0.2109244531020522,0.22168678790330887,7.950261121685641e-05,0.2109244531020522,0.7067382708191872,0.27695176750421524,1.522774800658226,1.2458230331540108,512,0.00033981012529693544,0.00033981012529693544,0.02,32355,0.7000062364520448,32355,32355,64710,0,32355,54982
793,0.7000062364520448,0.6207697850410585,1.1328125,0.428074661642313,1.1039139926433563,0.14779433235526085,0.1932818777859211,7.943179548616162e-05,0.14779433235526085,0.7109741196036339,0.18460720032453537,0.9695532470941544,0.784946046769619,512,,,,,,,,,,,
794,0.7000062364520448,0.6210892613287324,1.015625,0.3531595040112734,0.9171055927872658,0.21102946065366268,0.1530746752396226,7.936088929884166e-05,0.21102946065366268,0.6724047735333443,0.013772506266832352,1.3425148501992226,1.3287423439323902,512,,,,,,,,,,,
795,0.7000062364520448,0.6214078776538372,0.8046875,0.5566895604133606,1.4500584974884987,0.13566347490996122,0.2368795145303011,7.928989287282195e-05,0.13566347490996122,0.7307934463024139,0.1579943150281906,0.879896305501461,0.7219019904732704,512,,,,,,,,,,,
796,0.7000062364520448,0.6217256351753517,0.8203125,0.6156224459409714,1.570573203265667,0.12732652388513088,0.2949492856860161,7.921880642630514e-05,0.12732652388513088,0.7187255769968033,0.15397199802100658,1.0365374609827995,0.882565462961793,512,,,,,,,,,,,
797,0.7000062364520448,0.6220425350522554,0.74609375,0.6567892357707024,1.703531689941883,0.1537471693009138,0.28673867136240005,7.91476301777706e-05,0.1537471693009138,0.7312304601073265,0.15833711624145508,1.6063601821660995,1.4480230659246445,512,,,,,,,,,,,
798,0.7000062364520448,0.6223585784435272,0.75390625,0.5421401411294937,1.4148290529847145,0.20219334587454796,0.22801976464688778,7.907636434597369e-05,0.20219334587454796,0.7049682438373566,0.27956388145685196,2.4360874220728874,2.1565235406160355,512,,,,,,,,,,,
799,0.7000062364520448,0.6226737665081465,0.7109375,0.5730079673230648,1.5093669816851616,0.17990755382925272,0.22702072840183973,7.900500914994516e-05,0.17990755382925272,0.7010449022054672,0.23969274759292603,1.4953567385673523,1.2556639909744263,512,,,,,,,,,,,
800,0.7000063938839955,0.6229881004050926,0.77734375,0.6772241834551096,1.7340489625930786,0.15618048328906298,0.31814544927328825,7.89335648089903e-05,0.15618048328906298,0.715461403131485,0.2058086171746254,1.1244287565350533,0.9186201393604279,512,0.0008842453244142234,0.0008842453244142234,0.02,18018,0.7000063938839955,18018,18018,36036,0,18018,41218
801,0.7000063938839955,0.6233015812933445,0.7890625,0.3932289183139801,1.0168231576681137,0.16878992784768343,0.17477957345545292,7.886203154268846e-05,0.16878992784768343,0.7217578068375587,0.05782701075077057,1.387515313923359,1.3296883031725883,512,,,,,,,,,,,
802,0.7000063938839955,0.6236142103318815,0.7890625,0.5729747079312801,1.4796391800045967,0.1642539342865348,0.2566477172076702,7.879040957089228e-05,0.1642539342865348,0.7283886671066284,0.08049269393086433,1.2619755193591118,1.1814828254282475,512,,,,,,,,,,,
803,0.7000063938839955,0.6239259886796827,0.72265625,0.7386675104498863,1.9163237065076828,0.1687327465042472,0.32206256315112114,7.871869911372702e-05,0.1687327465042472,0.7120532244443893,0.12040510028600693,1.256204292178154,1.135799191892147,512,,,,,,,,,,,
804,0.7000063938839955,0.6242369174957275,0.82421875,0.3259767536073923,0.8213815167546272,0.15753524005413055,0.16642679274082184,7.86469003915899e-05,0.15753524005413055,0.7199536040425301,0.17033052816987038,0.9313760027289391,0.7610454745590687,512,,,,,,,,,,,
805,0.7000063938839955,0.6245469979389949,0.71484375,0.5738679859787226,1.4840549640357494,0.1691296063363552,0.25493888184428215,7.857501362514946e-05,0.1691296063363552,0.7107397243380547,0.12004552781581879,1.0468161962926388,0.92677066847682,512,,,,,,,,,,,
806,0.7000063938839955,0.6248562311684643,0.68359375,0.40838856622576714,1.0498595535755157,0.16859685070812702,0.18768149241805077,7.850303903534473e-05,0.16859685070812702,0.7275439351797104,0.18760736286640167,1.3268562853336334,1.1392489224672318,512,,,,,,,,,,,
807,0.7000063938839955,0.6251646183431148,3.03125,0.6356028504669666,1.6100438609719276,0.13313773553818464,0.3160252906382084,7.843097684338477e-05,0.13313773553818464,0.7249828949570656,0.21015507355332375,1.1409789025783539,0.9308238290250301,512,,,,,,,,,,,
808,0.7000063938839955,0.6254721606219256,0.86328125,0.587931364774704,1.5249645486474037,0.17339254543185234,0.25664555840194225,7.835882727074779e-05,0.17339254543185234,0.7128002643585205,0.2488764300942421,1.791658639907837,1.5427822098135948,512,0.0008722513448446989,0.0008722513448446989,0.02,26219,0.7000063938839955,26219,26219,52438,0,26219,49367
809,0.7000063938839955,0.6257788591638759,0.6875,0.366580069065094,0.954177238047123,0.14341547340154648,0.15667141787707806,7.828659053918066e-05,0.14341547340154648,0.7221166789531708,0.1471334546804428,0.8560733273625374,0.7089398726820946,512,,,,,,,,,,,
810,0.7000063938839955,0.626084715127945,0.81640625,0.7426391169428825,1.930256649851799,0.2079786378890276,0.320164842531085,7.821426687069803e-05,0.2079786378890276,0.7017968446016312,0.25234179198741913,1.6447640806436539,1.3924222886562347,512,,,,,,,,,,,
811,0.7000063938839955,0.6263897296731119,0.76171875,0.5632856972515583,1.4685432836413383,0.13738785404711962,0.2383829988539219,7.814185648758181e-05,0.13738785404711962,0.7211743071675301,0.12177694216370583,0.7259120643138885,0.6041351221501827,512,,,,,,,,,,,
812,0.7000063938839955,0.6266939039583559,0.73046875,0.646530281752348,1.690972439944744,0.21558207366615534,0.26821017172187567,7.80693596123804e-05,0.21558207366615534,0.7149999886751175,0.21677040308713913,3.2324404567480087,3.0156700536608696,512,,,,,,,,,,,
813,0.7000063938839955,0.6269972391426563,4.28125,0.5585983991622925,1.434583880007267,0.2095159813761711,0.25813847593963146,7.799677646790799e-05,0.2095159813761711,0.6921118013560772,0.5264015235006809,2.015184208750725,1.4887826852500439,512,,,,,,,,,,,
814,0.7000063938839955,0.6272997363849921,0.8125,0.6987019814550877,1.796828642487526,0.20101898442953825,0.3204500302672386,7.792410727724395e-05,0.20101898442953825,0.7009716853499413,0.18857120722532272,1.8910485543310642,1.7024773471057415,512,,,,,,,,,,,
815,0.7000063938839955,0.6276013968443429,0.69140625,0.40163569524884224,1.0485668629407883,0.15549036674201488,0.16851096600294113,7.785135226373212e-05,0.15549036674201488,0.7216918841004372,0.24204642325639725,1.5963901057839394,1.3543436825275421,512,,,,,,,,,,,
816,0.7000063941592262,0.6279022216796875,1.0546875,0.7545406315475702,1.9767746329307556,0.21961066871881485,0.3097120579332113,7.777851165098012e-05,0.21961066871881485,0.7132079899311066,-0.19970720261335373,2.7231479212641716,2.9228551238775253,512,0.0009492728859186172,0.0009492728859186172,0.02,23708,0.7000063941592262,23708,23707,47415,1,23708,46852
817,0.7000063941592262,0.6282022120500051,0.7421875,0.5873782448470592,1.5243088379502296,0.14304427709430456,0.25562517158687115,7.770558566285858e-05,0.14304427709430456,0.7090820148587227,0.12205614894628525,0.8277004510164261,0.7056443020701408,512,,,,,,,,,,,
818,0.7000063941592262,0.6285013691142753,0.71875,0.775197796523571,2.007995553314686,0.15731580555438995,0.34108858928084373,7.763257452350058e-05,0.15731580555438995,0.715202622115612,0.13938137888908386,1.0581350177526474,0.9187536388635635,512,,,,,,,,,,,
819,0.7000063941592262,0.628799694031477,0.69921875,0.5267966296523809,1.3744839131832123,0.17690721433609724,0.22186944633722305,7.755947845730094e-05,0.17690721433609724,0.7040185332298279,0.17243416234850883,0.8883794620633125,0.7159452997148037,512,,,,,,,,,,,
820,0.7000063941592262,0.6290971879605893,0.93359375,0.5143145136535168,1.3058954030275345,0.16471075359731913,0.25263335928320885,7.748629768891543e-05,0.16471075359731913,0.7154613956809044,0.09566378593444824,1.6909765899181366,1.5953128039836884,512,,,,,,,,,,,
821,0.7000063941592262,0.6293938520605917,0.7265625,0.48113103583455086,1.2513146921992302,0.14714878238737583,0.20665810257196426,7.741303244326014e-05,0.14714878238737583,0.7170580998063087,0.1915862374007702,1.3755507618188858,1.1839645244181156,512,,,,,,,,,,,
822,0.7000063941592262,0.6296896874904632,0.7265625,0.45019667223095894,1.172025203704834,0.16974835470318794,0.19220704771578312,7.733968294551088e-05,0.16974835470318794,0.7170141413807869,0.20149944722652435,1.0690840408205986,0.8675845935940742,512,,,,,,,,,,,
823,0.7000063941592262,0.6299846954091831,0.60546875,0.48594257421791553,1.260267361998558,0.12516191229224205,0.2122858613729477,7.726624942110232e-05,0.12516191229224205,0.7253930494189262,0.13748494908213615,1.3145488426089287,1.1770638935267925,512,,,,,,,,,,,
824,0.7000063941592262,0.6302788769757306,0.828125,0.7458427716046572,1.9543491005897522,0.16049426794052124,0.3057803940027952,7.719273209572744e-05,0.16049426794052124,0.7067187204957008,0.1525191031396389,0.8524357788264751,0.6999166756868362,512,0.0007340868469327688,0.0007340868469327688,0.02,16296,0.7000063941592262,16296,16296,32592,0,16296,39461
825,0.7000063941592262,0.6305722333490849,0.6796875,0.49889346584677696,1.3036233559250832,0.15392051078379154,0.20817494206130505,7.711913119533672e-05,0.15392051078379154,0.7150317281484604,0.22972822561860085,1.2996031120419502,1.0698748864233494,512,,,,,,,,,,,
826,0.7000063941592262,0.630864765688225,0.7265625,0.5538363195955753,1.4254851713776588,0.11772045120596886,0.25280662812292576,7.704544694613755e-05,0.11772045120596886,0.7148266434669495,0.13667862489819527,0.7395321168005466,0.6028534919023514,512,,,,,,,,,,,
827,0.7000063941592262,0.6311564751521305,0.71484375,0.5008421950042248,1.2929810658097267,0.15651088953018188,0.22472250647842884,7.697167957459345e-05,0.15651088953018188,0.7072362899780273,0.16073286905884743,0.8488235883414745,0.6880907192826271,512,,,,,,,,,,,
828,0.7000063941592262,0.6314473628997802,0.78125,0.6375145018100739,1.6724018231034279,0.18130440264940262,0.2594601809978485,7.689782930742344e-05,0.18130440264940262,0.7095214873552322,0.20749397203326225,1.5593050085008144,1.3518110364675522,512,,,,,,,,,,,
829,0.7000063941592262,0.6317374300901536,0.69921875,0.41711562871932983,1.076163873076439,0.17981719598174095,0.18782285135239363,7.682389637160127e-05,0.17981719598174095,0.7158422544598579,0.23105812072753906,1.7258782014250755,1.4948200806975365,512,,,,,,,,,,,
830,0.7000063941592262,0.6320266778822298,0.8671875,0.42277100309729576,1.0462519824504852,0.14859060384333134,0.2348722480237484,7.674988099435487e-05,0.14859060384333134,0.7245312333106995,0.30901486426591873,1.5736627727746964,1.2646479085087776,512,,,,,,,,,,,
831,0.7000063941592262,0.632315107434988,0.6875,0.5851081684231758,1.5240406319499016,0.14744758140295744,0.2490143608301878,7.667578340316541e-05,0.14744758140295744,0.7055126801133156,0.11799123883247375,0.7812475115060806,0.6632562726736069,512,,,,,,,,,,,
832,0.7000065414076415,0.6326027199074074,0.6171875,0.743647076189518,1.9391116127371788,0.10958921071141958,0.31436427496373653,7.660160382576683e-05,0.10958921071141958,0.7258349359035492,0.19015414640307426,1.4405041113495827,1.2503499649465084,512,0.0006292642210610211,0.0006292642210610211,0.02,15595,0.7000065414076415,15595,15594,31189,1,15595,39176
833,0.7000065414076415,0.6328895164584672,1.9921875,0.6458484157919884,1.6898947283625603,0.29784262366592884,0.26722157932817936,7.652734249014504e-05,0.29784262366592884,0.694155253469944,-0.13422763347625732,1.4425069764256477,1.576734609901905,512,,,,,,,,,,,
834,0.7000065414076415,0.6331754982471466,0.9453125,0.48714572936296463,1.2565609738230705,0.140533241443336,0.21963817067444324,7.645299962453716e-05,0.140533241443336,0.7173388376832008,0.12465918064117432,1.1331286430358887,1.0084694623947144,512,,,,,,,,,,,
835,0.7000065414076415,0.6334606664324247,0.84765625,0.5892723649740219,1.5278247147798538,0.1861986732110381,0.2578490227460861,7.637857545743101e-05,0.1861986732110381,0.7149951010942459,0.05258437991142273,1.4173831045627594,1.3647987246513367,512,,,,,,,,,,,
836,0.7000065414076415,0.633745022173281,0.89453125,0.711963027715683,1.8587488904595375,0.17839411366730928,0.29871476255357265,7.630407021756418e-05,0.17839411366730928,0.7133202999830246,0.25687630474567413,1.6000496968626976,1.3431733921170235,512,,,,,,,,,,,
837,0.7000065414076415,0.6340285666286944,0.6171875,0.5310498774051666,1.3852712288498878,0.14244042616337538,0.22397080808877945,7.622948413392344e-05,0.14244042616337538,0.7232470512390137,0.13352493569254875,1.5899653881788254,1.4564404524862766,512,,,,,,,,,,,
838,0.7000065414076415,0.6343113009576444,0.78125,0.7523149028420448,1.9578537866473198,0.18873147573322058,0.3218883378431201,7.615481743574411e-05,0.18873147573322058,0.7126318067312241,0.22239139676094055,1.427539773285389,1.2051483765244484,512,,,,,,,,,,,
839,0.7000065414076415,0.6345932263191099,0.75,0.532354149967432,1.3988920748233795,0.1623194795101881,0.21430227998644114,7.608007035250917e-05,0.1623194795101881,0.7207153141498566,0.17018919810652733,1.355914130806923,1.1857249327003956,512,,,,,,,,,,,
840,0.7000065414076415,0.6348743438720703,0.7421875,0.5264973696321249,1.3521680012345314,0.16420413926243782,0.2432785201817751,7.600524311394873e-05,0.16420413926243782,0.7069116160273552,0.16704032197594643,1.1235635355114937,0.9565232135355473,512,0.0007550825248472393,0.0007550825248472393,0.02,19928,0.7000065414076415,19928,19928,39856,0,19928,43661
841,0.7000065414076415,0.6351546547755047,0.80078125,0.6900317966938019,1.7925198525190353,0.16062942426651716,0.2984854616224766,7.593033595003922e-05,0.16062942426651716,0.7068749815225601,0.16542230919003487,1.514588050544262,1.349165741354227,512,,,,,,,,,,,
842,0.7000065414076415,0.6354341601883924,0.80078125,0.38003433868288994,0.9944545701146126,0.14474020805209875,0.15716460812836885,7.585534909100274e-05,0.14474020805209875,0.7182299420237541,0.163399375975132,1.2430158108472824,1.0796164348721504,512,,,,,,,,,,,
843,0.7000065414076415,0.6357128612697124,0.78125,0.6023691445589066,1.5489777326583862,0.14258781541138887,0.2763832397758961,7.578028276730627e-05,0.14258781541138887,0.7185912951827049,0.2097207009792328,1.3680992498993874,1.1583785489201546,512,,,,,,,,,,,
844,0.7000065414076415,0.6359907591784442,0.6796875,0.8007376901805401,2.0643056333065033,0.13976644445210695,0.3621721435338259,7.570513720966108e-05,0.13976644445210695,0.7217114120721817,0.13613301143050194,1.1242127642035484,0.9880797527730465,512,,,,,,,,,,,
845,0.7000065414076415,0.6362678550735668,1.28125,0.47778841480612755,1.238818772137165,0.16778661217540503,0.2090248940512538,7.562991264902197e-05,0.16778661217540503,0.6877856403589249,0.22019672393798828,1.1454565078020096,0.9252597838640213,512,,,,,,,,,,,
846,0.7000065414076415,0.6365441501140594,0.734375,0.5570561550557613,1.4557346180081367,0.15917548071593046,0.23231425322592258,7.555460931658647e-05,0.15917548071593046,0.7276244983077049,0.2386491522192955,1.8453308567404747,1.6066817045211792,512,,,,,,,,,,,
847,0.7000065414076415,0.6368196454589014,0.72265625,0.41438364423811436,1.0824612006545067,0.181786198168993,0.17324672359973192,7.547922744379428e-05,0.181786198168993,0.7182202041149139,0.07288778573274612,1.9839270487427711,1.911039263010025,512,,,,,,,,,,,
848,0.7000065411324109,0.6370943422670717,0.765625,0.5867497064173222,1.550576664507389,0.15057725924998522,0.22745263390243053,7.540376726232648e-05,0.15057725924998522,0.7148681506514549,0.15103738754987717,0.8200113549828529,0.6689739674329758,512,0.0006076291901990771,0.0006076291901990771,0.02,18941,0.7000065411324109,18941,18942,37883,-1,18941,42587
849,0.7000065411324109,0.6373682416975498,0.8203125,0.364638339728117,0.9351547434926033,0.15454635955393314,0.1698098871856928,7.53282290041048e-05,0.15454635955393314,0.7270678505301476,0.10732588171958923,0.9359834641218185,0.8286575824022293,512,,,,,,,,,,,
850,0.7000065411324109,0.6376413449093147,0.70703125,0.7332697734236717,1.9077492207288742,0.13887666072696447,0.31428029388189316,7.525261290129095e-05,0.13887666072696447,0.7306054309010506,0.1393333524465561,1.7311268374323845,1.5917934849858284,512,,,,,,,,,,,
851,0.7000065411324109,0.6379136530613457,0.875,0.6734504476189613,1.7599926069378853,0.19321395084261894,0.28076622262597084,7.517691918628588e-05,0.19321395084261894,0.7142236232757568,0.36045360937714577,2.3667649924755096,2.006311383098364,512,,,,,,,,,,,
852,0.7000065411324109,0.638185167312622,0.69921875,0.38243836537003517,0.9816506505012512,0.16456105839461088,0.1772534493356943,7.51011480917291e-05,0.16456105839461088,0.7223217561841011,0.20386360213160515,1.409235343337059,1.2053717412054539,512,,,,,,,,,,,
853,0.7000065411324109,0.6384558888221228,0.67578125,0.423615163192153,1.0973258502781391,0.1719209160655737,0.18635641317814589,7.502529985049793e-05,0.1719209160655737,0.7194164916872978,0.209883913397789,1.287926934659481,1.078043021261692,512,,,,,,,,,,,
854,0.7000065411324109,0.6387258187488273,1.125,0.39868997782468796,1.0394239202141762,0.19075640756636858,0.1687274631112814,7.494937469570676e-05,0.19075640756636858,0.714047834277153,0.12123525515198708,2.0265684127807617,1.9053331576287746,512,,,,,,,,,,,
855,0.7000065411324109,0.6389949582517147,0.734375,0.5565372407436371,1.4449017867445946,0.14320956636220217,0.24157468974590302,7.487337286070642e-05,0.14320956636220217,0.7208007648587227,0.14779983088374138,1.1925274729728699,1.0447276420891285,512,,,,,,,,,,,
856,0.7000065411324109,0.6392633084897642,0.80078125,0.6019099690020084,1.5985930114984512,0.1639839317649603,0.22537649050354958,7.47972945790834e-05,0.1639839317649603,0.7161694169044495,0.13377989828586578,1.2146222740411758,1.08084237575531,512,0.0007230656337924302,0.0007230656337924302,0.02,19297,0.7000065411324109,19297,19297,38594,0,19297,43003
857,0.7000065411324109,0.6395308706219549,0.9296875,0.415658388286829,1.0777768716216087,0.16366314748302102,0.18179395981132984,7.472114008465909e-05,0.16366314748302102,0.7178808376193047,0.3326673172414303,1.5382138527929783,1.205546535551548,512,,,,,,,,,,,
858,0.7000065411324109,0.6397976458072662,0.921875,0.7646203339099884,1.9853195026516914,0.19939127657562494,0.3317117150872946,7.464490961148921e-05,0.19939127657562494,0.7177319228649139,0.08372573554515839,1.5732970759272575,1.4895713403820992,512,,,,,,,,,,,
859,0.7000065411324109,0.6400636352046771,0.7265625,0.513996597379446,1.3357983902096748,0.15967587660998106,0.22176696360111237,7.456860339386292e-05,0.15967587660998106,0.7123730331659317,0.1089661717414856,1.1368402168154716,1.027874045073986,512,,,,,,,,,,,
860,0.7000065411324109,0.6403288399731671,0.83203125,0.4517124518752098,1.1600499600172043,0.20684175286442041,0.20877560041844845,7.449222166630218e-05,0.20684175286442041,0.7084081619977951,0.30322975665330887,1.581646867096424,1.2784171104431152,512,,,,,,,,,,,
861,0.7000065411324109,0.6405932612717151,0.69921875,0.3419570215046406,0.8848574310541153,0.15266985446214676,0.151375912129879,7.441576466356108e-05,0.15266985446214676,0.7201660051941872,0.19830533862113953,0.8889540284872055,0.690648689866066,512,,,,,,,,,,,
862,0.7000065411324109,0.6408569002593004,0.703125,0.6128145344555378,1.6147909760475159,0.13011065870523453,0.2422226509079337,7.4339232620625e-05,0.13011065870523453,0.7136987149715424,0.14991256594657898,1.0813481956720352,0.9314356297254562,512,,,,,,,,,,,
863,0.7000065411324109,0.6411197580949024,0.7421875,0.632782306522131,1.6574704051017761,0.13963937480002642,0.2600516537204385,7.426262577270999e-05,0.13963937480002642,0.7210278138518333,0.14516300708055496,1.076033316552639,0.930870309472084,512,,,,,,,,,,,
864,0.700006701591899,0.6413818359375,0.75,0.45877960324287415,1.2041957378387451,0.1699223294854164,0.18604538962244987,7.4185944355262e-05,0.1699223294854164,0.7131225243210793,0.08400372788310051,1.4150760620832443,1.3310723342001438,512,0.0006891770171932876,0.0006891770171932876,0.02,16509,0.700006701591899,16509,16509,33018,0,16509,40720
865,0.700006701591899,0.6416431349460725,1.0390625,0.40932073444128036,1.0671242326498032,0.16689081117510796,0.17324156686663628,7.410918860395615e-05,0.16689081117510796,0.7162182331085205,0.14054542034864426,0.9044118821620941,0.7638664618134499,512,,,,,,,,,,,
866,0.700006701591899,0.6419036562795992,0.90234375,0.43624890595674515,1.1486295759677887,0.18160889204591513,0.17333672661334276,7.403235875469603e-05,0.18160889204591513,0.7089477330446243,-0.06088041514158249,1.9696701802313328,2.0305505953729153,512,,,,,,,,,,,
867,0.700006701591899,0.6421634010970592,2.28125,0.6879752539098263,1.7787953838706017,0.29519740492105484,0.30597803369164467,7.395545504361296e-05,0.29519740492105484,0.6470947060734034,0.3906076177954674,3.340633064508438,2.9500254467129707,448.125,,,,,,,,,,,
868,0.700006701591899,0.6424223705574318,1.0859375,0.7153031341731548,1.8409776538610458,0.2519182078540325,0.32660750951617956,7.387847770706531e-05,0.2519182078540325,0.6463183369487524,0.20024478435516357,3.2850364297628403,3.0847916454076767,448.125,,,,,,,,,,,
869,0.700006701591899,0.6426805658196961,0.84765625,0.48244142532348633,1.2530385553836823,0.21639994159340858,0.20890508592128754,7.380142698163766e-05,0.21639994159340858,0.7130444347858429,0.2835089862346649,1.5753031969070435,1.2917942106723785,512,,,,,,,,,,,
870,0.700006701591899,0.6429379880428314,0.8515625,0.5218730568885803,1.3747890442609787,0.16541040875017643,0.20664438605308533,7.372430310414016e-05,0.16541040875017643,0.7129052579402924,0.16218885779380798,1.0469027981162071,0.8847139403223991,512,,,,,,,,,,,
871,0.700006701591899,0.6431946383858168,0.6796875,0.4069829937070608,1.0485643669962883,0.16024797596037388,0.1847173785790801,7.36471063116079e-05,0.16024797596037388,0.7133862152695656,0.1695970967411995,1.6372611224651337,1.4676640257239342,512,,,,,,,,,,,
872,0.7000067013166683,0.6434505180076316,0.796875,0.6780810281634331,1.7519631683826447,0.16879514697939157,0.3028277698904276,7.35698368412999e-05,0.16879514697939157,0.7135839685797691,0.21369411796331406,1.9780018702149391,1.764307752251625,512,0.0007661371491849422,0.0007661371491849422,0.02,23321,0.7000067013166683,23321,23322,46643,-1,23321,47649
873,0.7000067013166683,0.643705628067255,0.75390625,0.5516818836331367,1.429615244269371,0.18782556243240833,0.24214800167828798,7.349249493069865e-05,0.18782556243240833,0.7119775116443634,0.21739676222205162,1.0761702321469784,0.8587734699249268,512,,,,,,,,,,,
874,0.7000067013166683,0.6439599697236661,2,0.5690159909427166,1.486206904053688,0.30811782740056515,0.23808390088379383,7.341508081750927e-05,0.30811782740056515,0.697685532271862,0.15387298166751862,1.8399299457669258,1.6860569640994072,512,,,,,,,,,,,
875,0.7000067013166683,0.6442135441358442,0.98046875,0.3915611319243908,1.0206597745418549,0.18811541236937046,0.16588906198740005,7.333759473965877e-05,0.18811541236937046,0.6935912817716599,0.3141157478094101,1.9458015412092209,1.6316857933998108,512,,,,,,,,,,,
876,0.7000067013166683,0.6444663524627685,0.80859375,0.6328111216425896,1.6648531779646873,0.16522415168583393,0.25275619328022003,7.326003693529538e-05,0.16522415168583393,0.7180126905441284,0.1702011525630951,1.05247662961483,0.8822754770517349,512,,,,,,,,,,,
877,0.7000067013166683,0.6447183958634182,0.71875,0.6744827292859554,1.7622164264321327,0.15019984729588032,0.28167055547237396,7.318240764278772e-05,0.15019984729588032,0.7214379757642746,0.2264813408255577,1.210703283548355,0.9842219427227974,512,,,,,,,,,,,
878,0.7000067013166683,0.6449696754967725,0.80859375,0.774513453245163,2.00622022151947,0.15602148976176977,0.34079011902213097,7.310470710072413e-05,0.15602148976176977,0.7145873978734016,0.18235206604003906,0.9861999154090881,0.8038478493690491,512,,,,,,,,,,,
879,0.7000067013166683,0.6452201925218105,0.7734375,0.5649891719222069,1.4609302505850792,0.14690906833857298,0.2511580679565668,7.3026935547912e-05,0.14690906833857298,0.7113158851861954,0.15955977514386177,0.8488806560635567,0.6893208809196949,512,,,,,,,,,,,
880,0.7000067010414377,0.6454699480975115,0.7734375,0.44554077833890915,1.1612379550933838,0.14988091681152582,0.1888855854049325,7.294909322337689e-05,0.14988091681152582,0.7113988995552063,0.11296054720878601,1.4128932505846024,1.2999327033758163,512,0.0007173538906499743,0.0007173538906499743,0.02,19848,0.7000067010414377,19848,19849,39697,-1,19848,44144
881,0.7000067010414377,0.6457189433828547,0.70703125,0.3876886535435915,1.0128508061170578,0.16226838249713182,0.16196322068572044,7.287118036636189e-05,0.16226838249713182,0.724418930709362,0.14509471505880356,1.7291046977043152,1.5840099826455116,512,,,,,,,,,,,
882,0.7000067010414377,0.6459671795368194,1.09375,0.6607226245105267,1.69691564142704,0.1600833497941494,0.3052740581333637,7.27931972163269e-05,0.1600833497941494,0.7213134542107582,0.08722779899835587,1.013158529996872,0.9259307309985161,512,,,,,,,,,,,
883,0.7000067010414377,0.6462146577183847,0.8984375,0.5015940517187119,1.2802775651216507,0.19492261111736298,0.23970438353717327,7.27151440129478e-05,0.19492261111736298,0.6997509524226189,0.10830891877412796,1.5404396429657936,1.4321307241916656,512,,,,,,,,,,,
884,0.7000067010414377,0.6464613790865297,0.74609375,0.44888012297451496,1.1620643213391304,0.1880212128162384,0.19817840680480003,7.263702099611586e-05,0.1880212128162384,0.6978784203529358,0.08864018693566322,1.983791634440422,1.8951514475047588,512,,,,,,,,,,,
885,0.7000067010414377,0.6467073448002338,0.76171875,0.5666543506085873,1.4768829941749573,0.164459272287786,0.2402513362467289,7.255882840593682e-05,0.164459272287786,0.7160204872488976,0.21426089107990265,0.9054838791489601,0.6912229880690575,512,,,,,,,,,,,
886,0.7000067010414377,0.6469525560184761,0.83203125,0.503493070602417,1.30360147356987,0.16440730541944504,0.22213506419211626,7.248056648273034e-05,0.16440730541944504,0.7243725284934044,0.20772643387317657,1.0305346250534058,0.8228081911802292,512,,,,,,,,,,,
887,0.7000067010414377,0.6471970139002359,0.70703125,0.4179454706609249,1.0733700841665268,0.15288031660020351,0.19313129037618637,7.240223546702908e-05,0.15288031660020351,0.7228832766413689,0.14997507259249687,1.318359062075615,1.168383989483118,512,,,,,,,,,,,
888,0.7000067010414377,0.6474407196044921,0.84765625,0.5439665764570236,1.3943643048405647,0.15277833864092827,0.2540191914886236,7.232383559957814e-05,0.15277833864092827,0.7276928573846817,0.18293504416942596,1.3663210421800613,1.1833859980106354,512,0.0008198652067221701,0.0008198652067221701,0.02,17357,0.7000067010414377,17357,17357,34714,0,17357,41624
889,0.7000067010414377,0.6476836742902243,0.6796875,0.5507326144725084,1.428216964006424,0.14474236126989126,0.24066965747624636,7.224536712133418e-05,0.14474236126989126,0.7239941135048866,0.053067758679389954,1.7273931950330734,1.6743254363536835,512,,,,,,,,,,,
890,0.7000067010414377,0.6479258791164115,0.6640625,0.5292095765471458,1.3812287598848343,0.17114847991615534,0.22243654169142246,7.216683027346475e-05,0.17114847991615534,0.7040185332298279,0.17004475370049477,1.1412189900875092,0.9711742363870144,512,,,,,,,,,,,
891,0.7000067010414377,0.648167335242033,0.7109375,0.45676675625145435,1.1854804530739784,0.21939059626311064,0.19866119790822268,7.208822529734749e-05,0.21939059626311064,0.7065405249595642,0.3226636275649071,1.7563421726226807,1.4336785450577736,512,,,,,,,,,,,
892,0.7000067010414377,0.6484080438260679,0.6640625,0.66344278678298,1.7347138077020645,0.14228692930191755,0.2757187243551016,7.200955243456947e-05,0.14228692930191755,0.724475085735321,0.14629340916872025,0.8732747063040733,0.7269812971353531,512,,,,,,,,,,,
893,0.7000067010414377,0.6486480060274954,0.65625,0.6395298782736063,1.6657358817756176,0.15302340593189,0.27223334461450577,7.193081192692639e-05,0.15302340593189,0.7322802543640137,0.20256557315587997,1.5129712894558907,1.3104057163000107,512,,,,,,,,,,,
894,0.7000067010414377,0.6488872230052948,0.7890625,0.6458483375608921,1.701738178730011,0.18690700829029083,0.2553779650479555,7.185200401642187e-05,0.18690700829029083,0.7138501033186913,0.11140258982777596,1.4657952226698399,1.354392632842064,512,,,,,,,,,,,
895,0.7000067010414377,0.6491256959184452,0.63671875,0.4702392667531967,1.2192019671201706,0.1425773175433278,0.20576547365635633,7.177312894526665e-05,0.1425773175433278,0.7102954015135765,0.14003366976976395,1.0018322691321373,0.8617985993623734,512,,,,,,,,,,,
896,0.7000068576476963,0.6493634259259259,0.71484375,0.5009488612413406,1.3099570572376251,0.18205749336630106,0.2080697575584054,7.169418695587791e-05,0.18205749336630106,0.7014208659529686,0.3120044097304344,1.3260585330426693,1.0140541233122349,512,0.0007528233109042048,0.0007528233109042048,0.02,14991,0.7000068576476963,14991,14991,29982,0,14991,39837
897,0.7000068576476963,0.649600414186716,0.7734375,0.40929763205349445,1.0435993634164333,0.16689540445804596,0.19669646583497524,7.161517829087852e-05,0.16689540445804596,0.709353007376194,0.2679467871785164,1.2862634733319283,1.0183166861534119,512,,,,,,,,,,,
898,0.7000068576476963,0.6498366618597948,0.8671875,0.30367517843842506,0.7805987820029259,0.21713140793144703,0.13962899334728718,7.153610319309621e-05,0.21713140793144703,0.7054077163338661,0.27959559857845306,1.9505431279540062,1.6709475293755531,512,,,,,,,,,,,
899,0.7000068576476963,0.6500721701041415,0.65625,0.683092076331377,1.7838505432009697,0.15931957587599754,0.28612534888088703,7.145696190556295e-05,0.15931957587599754,0.7194677442312241,0.16353650391101837,1.3250236734747887,1.1614871695637703,512,,,,,,,,,,,
900,0.7000068576476963,0.6503069400787354,0.8125,0.4488648548722267,1.171610526740551,0.19549919664859772,0.18858598358929157,7.137775467151411e-05,0.19549919664859772,0.7158569321036339,0.11649004369974136,1.2961112782359123,1.179621234536171,512,,,,,,,,,,,
901,0.7000068576476963,0.6505409729425554,1.0390625,0.49226318299770355,1.272532694041729,0.139493846334517,0.21917387656867504,7.129848173438774e-05,0.139493846334517,0.7221655026078224,0.20348002761602402,1.3959771916270256,1.1924971640110016,512,,,,,,,,,,,
902,0.7000068576476963,0.6507742698545809,0.77734375,0.5366962794214487,1.4167117327451706,0.13066071644425392,0.20964056346565485,7.121914333782384e-05,0.13066071644425392,0.7201757505536079,0.1250344142317772,0.8463601395487785,0.7213257253170013,512,,,,,,,,,,,
903,0.7000068576476963,0.6510068319737911,0.6875,0.5326078422367573,1.3897420763969421,0.15483323857188225,0.22422106750309467,7.113973972566357e-05,0.15483323857188225,0.7112304493784904,0.1187729611992836,0.8746463879942894,0.7558734267950058,512,,,,,,,,,,,
904,0.7000068576476963,0.6512386604591651,0.71875,0.7096244059503078,1.8621353060007095,0.21095825731754303,0.2882416117936373,7.106027114194855e-05,0.21095825731754303,0.7017700001597404,0.18935949355363846,1.4551466256380081,1.2657871320843697,512,0.0006782324053347111,0.0006782324053347111,0.02,18979,0.7000068576476963,18979,18979,37958,0,18979,43723
905,0.7000068576476963,0.6514697564696824,0.64453125,0.6546302698552608,1.7108344212174416,0.14001002861186862,0.27289354987442493,7.098073783092007e-05,0.14001002861186862,0.7064892277121544,0.11290708929300308,0.8494079560041428,0.7365008667111397,512,,,,,,,,,,,
906,0.7000068576476963,0.6517001211643219,0.765625,0.5514583922922611,1.4264379516243935,0.13477832730859518,0.24464800767600536,7.090114003701838e-05,0.13477832730859518,0.7225683256983757,0.1322234831750393,1.0231342166662216,0.8909107334911823,512,,,,,,,,,,,
907,0.7000068576476963,0.6519297557020628,0.78125,0.3658908735960722,0.9469841420650482,0.16314630024135113,0.16177604347467422,7.082147800488187e-05,0.16314630024135113,0.7172778099775314,0.12448189780116081,1.3701571896672249,1.245675291866064,512,,,,,,,,,,,
908,0.7000068576476963,0.6521586612418846,0.671875,0.4303821548819542,1.1402185633778572,0.1533683529123664,0.16396971885114908,7.074175197934639e-05,0.1533683529123664,0.7029272317886353,0.12263491749763489,1.1859343312680721,1.0632994137704372,512,,,,,,,,,,,
909,0.7000068576476963,0.6523868389427662,0.73046875,0.47267743200063705,1.2477670386433601,0.15032912231981754,0.18458871636539698,7.066196220544449e-05,0.15032912231981754,0.7077978327870369,0.06658552587032318,0.8908880427479744,0.8243025168776512,512,,,,,,,,,,,
910,0.7000068576476963,0.6526142899636869,0.63671875,0.48439291305840015,1.2713544815778732,0.14761419920250773,0.19650274701416492,7.058210892840461e-05,0.14761419920250773,0.7184081673622131,0.1908736415207386,1.2156432271003723,1.0247695855796337,512,,,,,,,,,,,
911,0.7000068576476963,0.6528410154636259,0.66796875,0.6291508972644806,1.6528830155730247,0.14687232486903667,0.25363477878272533,7.050219239365037e-05,0.14687232486903667,0.7286596596240997,0.230395395308733,1.104865226894617,0.8744698315858841,512,,,,,,,,,,,
912,0.7000068576476963,0.6530670166015624,0.77734375,0.7473083548247814,1.9487520828843117,0.17575989663600922,0.3158186376094818,7.042221284679982e-05,0.17575989663600922,0.7096777260303497,0.23573096469044685,1.0965751111507416,0.8608441464602947,512,0.0005708677344955504,0.0005708677344955504,0.02,15322,0.7000068576476963,15322,15322,30644,0,15322,40115
913,0.7000068576476963,0.6532922945364757,0.85546875,0.6239414401352406,1.620464250445366,0.19151503313332796,0.27026731707155704,7.034217053366465e-05,0.19151503313332796,0.7145043686032295,0.23088186979293823,1.9698757007718086,1.7389938309788704,512,,,,,,,,,,,
914,0.7000068576476963,0.653516850427345,0.66796875,0.50608329474926,1.3243319690227509,0.13953692838549614,0.20925371628254652,7.02620657002495e-05,0.13953692838549614,0.7237646207213402,0.20557553693652153,1.597364954650402,1.3917894177138805,512,,,,,,,,,,,
915,0.7000068576476963,0.6537406854331493,0.7734375,0.38511069118976593,1.0144342184066772,0.1563163436949253,0.15256784856319427,7.018189859275112e-05,0.1563163436949253,0.7338085770606995,0.10512656345963478,1.1196518689393997,1.014525305479765,512,,,,,,,,,,,
916,0.7000068576476963,0.653963800712868,0.7265625,0.6057917457073927,1.5698255375027657,0.1585424840450287,0.2659069886431098,7.010166945755768e-05,0.1585424840450287,0.7050292640924454,0.2541941087692976,1.4431608468294144,1.1889667380601168,512,,,,,,,,,,,
917,0.7000068576476963,0.6541861974254802,0.80859375,0.5231417361646891,1.3612555116415024,0.1732898596674204,0.22402238938957453,7.002137854124797e-05,0.1732898596674204,0.7126855328679085,0.22106938436627388,1.0395810529589653,0.8185116685926914,512,,,,,,,,,,,
918,0.7000068576476963,0.6544078767299651,0.6796875,0.5851771347224712,1.5218408703804016,0.15061109559610486,0.2514230813831091,6.99410260905907e-05,0.15061109559610486,0.7021484151482582,0.057060081511735916,0.8091032058000565,0.7520431242883205,512,,,,,,,,,,,
919,0.7000068576476963,0.6546288397853021,0.9140625,0.506626334041357,1.3022964000701904,0.2007355485111475,0.2329348288476467,6.986061235254363e-05,0.2007355485111475,0.6992748975753784,0.27163201570510864,1.2898954972624779,1.0182634815573692,512,,,,,,,,,,,
920,0.7000068576476963,0.6548490877504701,0.625,0.5154880750924349,1.3239746987819672,0.13883069530129433,0.23811035882681608,6.978013757425295e-05,0.13883069530129433,0.7122411951422691,0.1532745249569416,0.8163495659828186,0.663075041025877,512,0.0005778454942628741,0.0005778454942628741,0.02,17866,0.7000068576476963,17866,17866,35732,0,17866,42712
921,0.7000068576476963,0.6550686217844486,3.890625,0.7355232946574688,1.9243983402848244,0.19987310376018286,0.30446006171405315,6.969960200305241e-05,0.19987310376018286,0.6995434537529945,0.023878831416368484,1.3417469374835491,1.3178681060671806,512,,,,,,,,,,,
922,0.7000068576476963,0.6552874430462166,0.80859375,0.42501197196543217,1.0822261273860931,0.13133677560836077,0.20568889938294888,6.961900588646263e-05,0.13133677560836077,0.7198315262794495,0.07870456576347351,0.7545557580888271,0.6758511923253536,512,,,,,,,,,,,
923,0.7000068576476963,0.6555055526947534,0.81640625,0.4838590994477272,1.2458782717585564,0.1666302429512143,0.22036132402718067,6.95383494721903e-05,0.1666302429512143,0.700915515422821,0.06891242042183876,0.9911673702299595,0.9222549498081207,512,,,,,,,,,,,
924,0.7000068576476963,0.6557229518890381,0.90234375,0.45511889457702637,1.184114657342434,0.18357518129050732,0.19503348506987095,6.945763300812745e-05,0.18357518129050732,0.7009057402610779,0.24986347556114197,1.4181887656450272,1.1683252900838852,512,,,,,,,,,,,
925,0.7000068576476963,0.6559396417880499,0.76171875,0.6727603059262037,1.7385389804840088,0.1628423510119319,0.3001285186037421,6.937685674235064e-05,0.1628423510119319,0.7192089855670929,0.15586154535412788,1.254177950322628,1.0983164049685001,512,,,,,,,,,,,
926,0.7000068576476963,0.6561556235507682,0.8046875,0.6425980366766453,1.6727465689182281,0.19336644373834133,0.27452015317976475,6.929602092312023e-05,0.19336644373834133,0.7174975275993347,0.2165977843105793,1.3363023065030575,1.1197045221924782,512,,,,,,,,,,,
927,0.7000068576476963,0.656370898336172,0.8125,0.6883547268807888,1.7815149202942848,0.17545003537088633,0.30440842919051647,6.921512579887962e-05,0.17545003537088633,0.7203661873936653,0.18104926496744156,1.5637610852718353,1.3827118203043938,512,,,,,,,,,,,
928,0.7000070434284072,0.6565854673032407,0.71875,0.45045697689056396,1.1712001860141754,0.18051189836114645,0.19382088631391525,6.91341716182545e-05,0.18051189836114645,0.7079931572079659,0.22172889858484268,1.5247635021805763,1.3030346035957336,512,0.0007268590852618217,0.0007268590852618217,0.02,20689,0.7000070434284072,20689,20689,41378,0,20689,46232
929,0.7000070434284072,0.6567993316109533,0.80859375,0.41616204753518105,1.0738425180315971,0.15576536674052477,0.18725455552339554,6.905315863005202e-05,0.15576536674052477,0.7163940221071243,0.1983530931174755,1.202798917889595,1.0044458247721195,512,,,,,,,,,,,
930,0.7000070434284072,0.6570124924182892,0.703125,0.5546626560389996,1.4513616040349007,0.19043312966823578,0.22943425923585892,6.897208708326013e-05,0.19043312966823578,0.7063451856374741,0.2166266068816185,1.6295558661222458,1.4129292592406273,512,,,,,,,,,,,
931,0.7000070434284072,0.6572249508842274,0.75390625,0.5752800218760967,1.4843315705657005,0.15988134499639273,0.2589411698281765,6.88909572270467e-05,0.15988134499639273,0.7225170731544495,0.09560567513108253,1.1591969057917595,1.063591230660677,512,,,,,,,,,,,
932,0.7000070434284072,0.6574367081677472,0.74609375,0.5683067608624697,1.4853476285934448,0.222262698225677,0.23679403122514486,6.880976931075887e-05,0.222262698225677,0.6862988173961639,0.24452143162488937,1.3575142696499825,1.112992838025093,512,,,,,,,,,,,
933,0.7000070434284072,0.6576477654278278,1.015625,0.40140652284026146,1.0277372673153877,0.11822879128158092,0.18864609766751528,6.872852358392215e-05,0.11822879128158092,0.7197875529527664,0.10901649296283722,1.3067525699734688,1.1977360770106316,512,,,,,,,,,,,
934,0.7000070434284072,0.6578581238234484,0.69921875,0.6783381588757038,1.7907211109995842,0.1407586568966508,0.26484900899231434,6.864722029623977e-05,0.1407586568966508,0.7210937440395355,0.17941678687930107,0.8997690081596375,0.7203522212803364,512,,,,,,,,,,,
935,0.7000070434284072,0.6580677845135883,1.296875,0.7281743437051773,1.927219234406948,0.1915264269337058,0.2793696206063032,6.856585969759189e-05,0.1915264269337058,0.7043578922748566,0.34147660806775093,2.02239191532135,1.6809153072535992,512,,,,,,,,,,,
936,0.7000070434284072,0.6582767486572265,1.203125,0.5918952580541372,1.4811922684311867,0.128846051171422,0.312429653480649,6.848444203803476e-05,0.128846051171422,0.7169945985078812,0.11101419851183891,1.228137917816639,1.1171237193048,512,0.0007483360241167247,0.0007483360241167247,0.02,27719,0.7000070434284072,27719,27719,55438,0,27719,53256
937,0.7000070434284072,0.6584850174133424,0.73828125,0.49524758011102676,1.2999846786260605,0.16392249893397093,0.20076550170779228,6.840296756780002e-05,0.16392249893397093,0.7182226479053497,0.15655725449323654,1.306397084146738,1.1498398296535015,512,,,,,,,,,,,
938,0.7000070434284072,0.6586925919409151,0.73828125,0.36162644624710083,0.9264682158827782,0.1700113546103239,0.1693694330751896,6.832143653729397e-05,0.1700113546103239,0.7096362262964249,0.20875679701566696,1.1926920637488365,0.9839352667331696,512,,,,,,,,,,,
939,0.7000070434284072,0.6588994733989239,0.76953125,0.613613449037075,1.5910582840442657,0.1505063809454441,0.26837634295225143,6.823984919709667e-05,0.1505063809454441,0.7207690179347992,0.15430743619799614,0.9316518679261208,0.7773444317281246,512,,,,,,,,,,,
940,0.7000070434284072,0.6591056629463478,0.6328125,0.320323821157217,0.8190928474068642,0.16918381303548813,0.15158534795045853,6.815820579796127e-05,0.16918381303548813,0.7104687243700027,0.11679016053676605,1.4282214418053627,1.3114312812685966,512,,,,,,,,,,,
941,0.7000070434284072,0.6593111617421662,0.6796875,0.4900348838418722,1.2748112753033638,0.14812068175524473,0.21014284901320934,6.807650659081317e-05,0.14812068175524473,0.7046899273991585,0.0561053566634655,1.0569369792938232,1.0008316226303577,512,,,,,,,,,,,
942,0.7000070434284072,0.6595159709453582,0.58203125,0.4385673590004444,1.1302038505673409,0.10789965186268091,0.19878809992223978,6.799475182674942e-05,0.10789965186268091,0.7246411144733429,0.08457202091813087,0.6680169813334942,0.5834449604153633,512,,,,,,,,,,,
943,0.7000070434284072,0.6597200917149031,0.734375,0.598660085350275,1.5817424282431602,0.13392060436308384,0.23237897362560034,6.791294175703768e-05,0.13392060436308384,0.718679167330265,0.05976073071360588,1.1361356563866138,1.076374925673008,512,,,,,,,,,,,
944,0.7000070434284072,0.65992352520978,0.6875,0.4351819586008787,1.120921440422535,0.13560918997973204,0.1978117199614644,6.783107663311565e-05,0.13560918997973204,0.7223632782697678,0.09356492012739182,1.0078908018767834,0.9143258817493916,512,0.0008590663783252239,0.0008590663783252239,0.02,12854,0.7000070434284072,12854,12854,25708,0,12854,38365
945,0.7000070434284072,0.6601262725889683,0.71875,0.7855973616242409,2.0572084188461304,0.18131366930902004,0.3233896056190133,6.774915670659025e-05,0.18131366930902004,0.7205175682902336,0.2111196368932724,1.9502750933170319,1.7391554564237595,512,,,,,,,,,,,
946,0.7000070434284072,0.6603283350114469,0.6875,0.7015399150550365,1.8426745235919952,0.14490167144685984,0.28320393804460764,6.76671822292368e-05,0.14490167144685984,0.7150488197803497,0.13635922595858574,0.7853955961763859,0.6490363702178001,512,,,,,,,,,,,
947,0.7000070434284072,0.6605297136361952,0.890625,0.6426883414387703,1.6704607084393501,0.12902019219473004,0.277079701423645,6.758515345299831e-05,0.12902019219473004,0.7124389410018921,0.12270409241318703,1.2020352967083454,1.0793312042951584,512,,,,,,,,,,,
948,0.7000070434284072,0.6607304096221923,0.7265625,0.6726614534854889,1.75264623016119,0.11408405331894755,0.28572175465524197,6.750307062998462e-05,0.11408405331894755,0.7183715775609016,0.11692195385694504,0.6643156558275223,0.5473937019705772,512,,,,,,,,,,,
949,0.7000070434284072,0.6609304241284175,0.93359375,0.5940691232681274,1.5585607513785362,0.1608273321762681,0.2416486069560051,6.742093401247172e-05,0.1608273321762681,0.7255346551537514,0.14110617339611053,1.6390796601772308,1.4979734867811203,512,,,,,,,,,,,
950,0.7000070434284072,0.6611297583138501,0.7265625,0.5746309123933315,1.4972715005278587,0.20749186910688877,0.24403424002230167,6.733874385290097e-05,0.20749186910688877,0.7204882502555847,0.27504652738571167,2.0630051493644714,1.7879586219787598,512,,,,,,,,,,,
951,0.7000070434284072,0.6613284133374691,0.69921875,0.5106051154434681,1.3269769474864006,0.17196940630674362,0.22031118255108595,6.725650040387817e-05,0.17196940630674362,0.7151049673557281,0.2565096765756607,1.2556333914399147,0.999123714864254,512,,,,,,,,,,,
952,0.7000070434284072,0.6615263903582537,0.6953125,0.624881885945797,1.6384401619434357,0.17221787385642529,0.25514123123139143,6.717420391817306e-05,0.17221787385642529,0.7176415845751762,0.2101510353386402,1.5317823179066181,1.321631282567978,512,0.0007343888864852488,0.0007343888864852488,0.02,15830,0.7000070434284072,15830,15830,31660,0,15830,41275
953,0.7000070434284072,0.6617236905351833,0.8203125,0.49928202107548714,1.3224049136042595,0.17337613366544247,0.19057086296379566,6.709185464871825e-05,0.17337613366544247,0.7287206798791885,0.18848348781466484,2.071571297943592,1.8830878101289272,512,,,,,,,,,,,
954,0.7000070434284072,0.6619203150272369,0.75390625,0.6603691503405571,1.7167337909340858,0.14739919174462557,0.2843847870826721,6.700945284860862e-05,0.14739919174462557,0.7142260447144508,0.14590886235237122,1.0079735592007637,0.8620646968483925,512,,,,,,,,,,,
955,0.7000070434284072,0.6621162649933938,1.90625,0.48081003315746784,1.2649144679307938,0.20177034754306078,0.19208558090031147,6.692699877110054e-05,0.20177034754306078,0.7093139514327049,0.1245800033211708,1.8706754744052887,1.746095471084118,512,,,,,,,,,,,
956,0.7000070434284072,0.6623115415926333,0.71484375,0.42028783075511456,1.0933896079659462,0.1582566825672984,0.18020981829613447,6.6844492669611e-05,0.1582566825672984,0.7091601267457008,0.13621322065591812,1.1213056221604347,0.9850924015045166,512,,,,,,,,,,,
957,0.7000070434284072,0.6625061459839343,0.67578125,0.41652876138687134,1.0848637372255325,0.14363759895786643,0.1773445764556527,6.676193479771692e-05,0.14363759895786643,0.7161596566438675,0.22526377066969872,0.9506376832723618,0.725373912602663,512,,,,,,,,,,,
958,0.7000070434284072,0.6627000793262764,0.88671875,0.3450084123760462,0.8837079703807831,0.12928240280598402,0.16177202202379704,6.66793254091543e-05,0.12928240280598402,0.7280639559030533,0.17290911078453064,1.4687014259397984,1.2957923151552677,512,,,,,,,,,,,
959,0.7000070434284072,0.6628933427786385,0.66796875,0.389348104596138,1.0145383179187775,0.13138564489781857,0.16530437115579844,6.659666475781747e-05,0.13138564489781857,0.7200048640370369,0.19630181416869164,1.283203125,1.0869013108313084,512,,,,,,,,,,,
960,0.7000072154475842,0.6630859375,0.74609375,0.7310475222766399,1.8882263451814651,0.17078726924955845,0.32706908229738474,6.651395309775837e-05,0.17078726924955845,0.7230688259005547,0.06762123480439186,1.593942254781723,1.5263210199773312,512,0.0007710134377703071,0.0007710134377703071,0.02,16355,0.7000072154475842,16355,16356,32711,-1,16355,42428
961,0.7000072154475842,0.6632778646493399,0.82421875,0.3501835409551859,0.9181342869997025,0.17513811774551868,0.1430279053747654,6.643119068318563e-05,0.17513811774551868,0.7100073024630547,0.17440951988101006,0.9401185289025307,0.7657090090215206,512,,,,,,,,,,,
962,0.7000072154475842,0.6634691253856376,0.7421875,0.6949187126010656,1.827219471335411,0.22869469970464706,0.2785947239026427,6.634837776846393e-05,0.22869469970464706,0.7021679505705833,0.25389648973941803,1.6728874072432518,1.4189909175038338,512,,,,,,,,,,,
963,0.7000072154475842,0.6636597208678722,0.69140625,0.4317095000296831,1.127328746020794,0.16572126001119614,0.18088178429752588,6.626551460811315e-05,0.16572126001119614,0.7171166762709618,0.14376188814640045,0.9568524062633514,0.813090518116951,512,,,,,,,,,,,
964,0.7000072154475842,0.6638496522550229,0.78515625,0.4508315920829773,1.1663897410035133,0.20877072680741549,0.1997665399685502,6.618260145680757e-05,0.20877072680741549,0.6961718499660492,0.2765986956655979,1.5475679337978363,1.2709692381322384,512,,,,,,,,,,,
965,0.7000072154475842,0.664038920706069,0.82421875,0.5820468962192535,1.5032465904951096,0.21732924226671457,0.2605318259447813,6.609963856937516e-05,0.21732924226671457,0.7012450993061066,0.21515069156885147,1.5861063227057457,1.3709556311368942,512,,,,,,,,,,,
966,0.7000072154475842,0.6642275273799896,0.73828125,0.46316371485590935,1.1961782351136208,0.15558725222945213,0.20734814275056124,6.601662620079669e-05,0.15558725222945213,0.7228759676218033,0.08058854192495346,2.7364556193351746,2.655867077410221,512,,,,,,,,,,,
967,0.7000072154475842,0.6644154734357639,0.640625,0.4430048279464245,1.138053260743618,0.1545957224443555,0.20438556652516127,6.593356460620504e-05,0.1545957224443555,0.7209716588258743,0.114296555519104,1.0916602164506912,0.9773636609315872,512,,,,,,,,,,,
968,0.7000072146218921,0.6646027600323713,0.68359375,0.7205397356301546,1.872787982225418,0.11757700704038143,0.31066563725471497,6.585045404088441e-05,0.11757700704038143,0.7144091725349426,0.11535610258579254,0.6873416379094124,0.5719855353236198,512,0.0006360576953738928,0.0006360576953738928,0.02,15598,0.7000072146218921,15598,15601,31199,-3,15598,41722
969,0.7000072146218921,0.6647893883287906,0.75,0.6758984103798866,1.7751532346010208,0.14766755793243647,0.273023696616292,6.576729476026945e-05,0.14766755793243647,0.7106762379407883,0.10819249227643013,1.3383970633149147,1.2302045710384846,512,,,,,,,,,,,
970,0.7000072146218921,0.6649753594840013,0.796875,0.3904608190059662,1.0101299732923508,0.14369237516075373,0.1730845794081688,6.568408701994458e-05,0.14369237516075373,0.7220873832702637,0.13178097270429134,1.3014541640877724,1.169673191383481,512,,,,,,,,,,,
971,0.7000072146218921,0.6651606746569827,0.6328125,0.35183532163500786,0.9088511168956757,0.11438010400161147,0.15731649193912745,6.560083107564313e-05,0.11438010400161147,0.7302856221795082,0.12010399252176285,0.7911583259701729,0.67105433344841,512,,,,,,,,,,,
972,0.7000072146218921,0.6653453350067138,0.7265625,0.563506443053484,1.4687828868627548,0.19162179436534643,0.23881232365965843,6.551752718324659e-05,0.19162179436534643,0.7082372829318047,0.19112776964902878,1.1375165432691574,0.9463887736201286,512,,,,,,,,,,,
973,0.7000072146218921,0.6655293416921739,0.625,0.6301908679306507,1.6466367319226265,0.13812097813934088,0.2630324959754944,6.543417559878384e-05,0.13812097813934088,0.7115429639816284,0.12750734016299248,1.4109497405588627,1.2834424003958702,512,,,,,,,,,,,
974,0.7000072146218921,0.665712695872342,0.78125,0.5567498505115509,1.452907718718052,0.16558916121721268,0.23421298433095217,6.53507765784303e-05,0.16558916121721268,0.710034154355526,0.17138487100601196,1.219688169658184,1.048303298652172,512,,,,,,,,,,,
975,0.7000072146218921,0.6658953987061977,0.7109375,0.4420646168291569,1.1671635657548904,0.17736173328012228,0.17242614924907684,6.52673303785072e-05,0.17736173328012228,0.7104638516902924,0.1685403436422348,1.8402619138360023,1.6717215701937675,512,,,,,,,,,,,
976,0.7000072146218921,0.6660774513527199,0.73828125,0.7132664024829865,1.8514109328389168,0.12611873541027308,0.31000230833888054,6.518383725548074e-05,0.12611873541027308,0.7328857257962227,0.1370036080479622,0.8427531868219376,0.7057495787739754,512,0.00047017066390253603,0.00047017066390253603,0.02,14523,0.7000072146218921,14523,14523,29046,0,14523,40720
977,0.7000072146218921,0.6662588549708879,0.6484375,0.670569121837616,1.7618915364146233,0.13424652349203825,0.27013604808598757,6.510029746596142e-05,0.13424652349203825,0.7146679684519768,0.19713732600212097,1.396960899233818,1.199823573231697,512,,,,,,,,,,,
978,0.7000072146218921,0.6664396107196807,0.79296875,0.5665822103619576,1.4639324322342873,0.19733527302742004,0.25298328697681427,6.501671126670306e-05,0.19733527302742004,0.7049706801772118,0.2689720466732979,1.732111819088459,1.4631397724151611,512,,,,,,,,,,,
979,0.7000072146218921,0.6666197197580779,0.73828125,0.7466094680130482,1.9620790481567383,0.17561662197113037,0.3003738019615412,6.49330789146022e-05,0.17561662197113037,0.7031347453594208,0.14513538405299187,0.930663701146841,0.7855283170938492,512,,,,,,,,,,,
980,0.7000072146218921,0.6667991832450584,0.74609375,0.6809249445796013,1.8120847716927528,0.1800312977284193,0.25132407434284687,6.484940066669718e-05,0.1800312977284193,0.7084765359759331,0.11419332772493362,1.6359355449676514,1.5217422172427177,512,,,,,,,,,,,
981,0.7000072146218921,0.6669780023396015,0.6953125,0.560099333524704,1.454933524131775,0.12144780158996582,0.24233711510896683,6.476567678016742e-05,0.12144780158996582,0.7233447209000587,0.1751769483089447,0.8249988332390785,0.6498218849301338,512,,,,,,,,,,,
982,0.7000072146218921,0.6671561782006864,0.74609375,0.4650057405233383,1.1996963545680046,0.1601347611285746,0.2094118855893612,6.468190751233262e-05,0.1601347611285746,0.6992358416318893,0.26821713894605637,1.7323015481233597,1.4640844091773033,512,,,,,,,,,,,
983,0.7000072146218921,0.6673337119872923,0.71484375,0.4392961896955967,1.1227287873625755,0.12921457923948765,0.20847171358764172,6.45980931206519e-05,0.12921457923948765,0.7102587670087814,0.15141338855028152,0.9270966835319996,0.7756832949817181,512,,,,,,,,,,,
984,0.7000072148971227,0.6675106048583984,0.6875,0.5334804765880108,1.3955153301358223,0.1507087955251336,0.22109211422502995,6.451423386272312e-05,0.1507087955251336,0.717114232480526,0.16717571765184402,1.1086017116904259,0.9414259940385818,512,0.0005925269797444344,0.0005925269797444344,0.02,14834,0.7000072148971227,14834,14833,29667,1,14834,40926
985,0.7000072148971227,0.6676868579729839,0.67578125,0.5730964057147503,1.4946353286504745,0.1771135265007615,0.2420203909277916,6.443032999628203e-05,0.1771135265007615,0.6990722566843033,0.10826542228460312,1.7967793494462967,1.6885139271616936,512,,,,,,,,,,,
986,0.7000072148971227,0.6678624724900281,0.90625,0.7029798291623592,1.8472172170877457,0.1529771089553833,0.2830246016383171,6.434638177920144e-05,0.1529771089553833,0.7107958793640137,0.09951329976320267,1.5336623005568981,1.4341490007936954,512,,,,,,,,,,,
987,0.7000072148971227,0.66803744956851,0.74609375,0.6048889309167862,1.5750494077801704,0.16985485423356295,0.2579473406076431,6.42623894694905e-05,0.16985485423356295,0.7148241996765137,0.11463456600904465,1.3313849680125713,1.2167504020035267,512,,,,,,,,,,,
988,0.7000072148971227,0.668211790367409,0.6796875,0.480484863743186,1.2631918787956238,0.15141742024570704,0.19282283075153828,6.417835332529389e-05,0.15141742024570704,0.7352734431624413,0.06277243793010712,1.2754686623811722,1.212696224451065,512,,,,,,,,,,,
989,0.7000072148971227,0.6683854960457042,0.82421875,0.39817087166011333,1.0372024923563004,0.10656635090708733,0.1693758461624384,6.409427360489098e-05,0.10656635090708733,0.7324902191758156,0.09656142815947533,0.692362155765295,0.5958007276058197,512,,,,,,,,,,,
990,0.7000072148971227,0.6685585677623749,0.6640625,0.3756577577441931,0.9797652363777161,0.15199546981602907,0.15859156381338835,6.401015056669508e-05,0.15199546981602907,0.7232201918959618,0.25428012758493423,1.6393968686461449,1.3851167410612106,512,,,,,,,,,,,
991,0.7000072148971227,0.6687310066764002,0.76171875,0.5471621248871088,1.4116625934839249,0.16812323592603207,0.2464043591171503,6.392598446925266e-05,0.16812323592603207,0.7100610136985779,0.23980417102575302,1.090115662664175,0.850311491638422,512,,,,,,,,,,,
992,0.7000073852649155,0.6689028139467592,0.73046875,0.5592902600765228,1.4622070640325546,0.19353461638092995,0.23261182568967342,6.384177557124247e-05,0.19353461638092995,0.7080810368061066,0.29738328978419304,1.991373024880886,1.693989735096693,512,0.0008768645930103958,0.0008768645930103958,0.02,15117,0.7000073852649155,15117,15117,30234,0,15117,41920
993,0.7000073852649155,0.6690739907324313,0.84375,0.41773355193436146,1.093041405081749,0.16273658070713282,0.1728178234770894,6.375752413147485e-05,0.16273658070713282,0.7090673670172691,0.20551557838916779,1.90125422924757,1.6957386508584023,512,,,,,,,,,,,
994,0.7000073852649155,0.6692445381923957,0.59765625,0.565714705735445,1.4917980283498764,0.1199570233002305,0.22248888202011585,6.36732304088909e-05,0.1199570233002305,0.720412589609623,0.12091236561536789,1.1378510184586048,1.016938652843237,512,,,,,,,,,,,
995,0.7000073852649155,0.6694144574856317,0.68359375,0.6177297867834568,1.6058345884084702,0.10712260939180851,0.2660738341510296,6.358889466256166e-05,0.10712260939180851,0.7262450978159904,0.05086081102490425,1.1891333907842636,1.1382725797593594,512,,,,,,,,,,,
996,0.7000073852649155,0.6695837497711181,0.66015625,0.5721357576549053,1.4967871084809303,0.16531318053603172,0.23695757891982794,6.350451715168729e-05,0.16531318053603172,0.7098290771245956,0.2054201476275921,1.003504004329443,0.7980838567018509,512,,,,,,,,,,,
997,0.7000073852649155,0.6697524162078344,0.95703125,0.5294553954154253,1.3795835599303246,0.17897387221455574,0.22482666466385126,6.342009813559633e-05,0.17897387221455574,0.7023388519883156,0.2554144859313965,1.71120435744524,1.4557898715138435,512,,,,,,,,,,,
998,0.7000073852649155,0.66992045795476,0.61328125,0.5115711987018585,1.330677404999733,0.12880756054073572,0.21953827608376741,6.333563787374493e-05,0.12880756054073572,0.7298974394798279,0.1318872906267643,1.2058124728500843,1.07392518222332,512,,,,,,,,,,,
999,0.7000073852649155,0.6700878761708736,0.66015625,0.4650357812643051,1.2193657830357552,0.13473048899322748,0.18983349110931158,6.325113662571596e-05,0.13473048899322748,0.7227026075124741,0.13112107291817665,0.9364490807056427,0.805328007787466,512,,,,,,,,,,,
1000,0.7000073852649155,0.6702546720151548,0.72265625,0.5191378220915794,1.348136581480503,0.10560188721865416,0.2250082539394498,6.316659465121824e-05,0.10560188721865416,0.7410790920257568,0.06029531732201576,0.9471491500735283,0.8868538327515125,512,0.0005978489061817527,0.0005978489061817527,0.02,15240,0.7000073852649155,15240,15240,30480,0,15240,42029
1001,0.7000073852649155,0.6704208466465826,0.6484375,0.4344654679298401,1.1394370943307877,0.13930897135287523,0.17712487187236547,6.308201221008584e-05,0.13930897135287523,0.7082934379577637,0.09895582497119904,0.8179340809583664,0.7189782559871674,512,,,,,,,,,,,
1002,0.7000073852649155,0.6705864012241363,1.0625,0.45932961627840996,1.1854035630822182,0.1651800312101841,0.20650430768728256,6.299738956227712e-05,0.1651800312101841,0.6959203854203224,0.400820329785347,1.5546210929751396,1.1538007631897926,512,,,,,,,,,,,
1003,0.7000073852649155,0.6707513369067951,1.15625,0.6100711040198803,1.5782861188054085,0.17217594664543867,0.2704140916466713,6.291272696787405e-05,0.17217594664543867,0.7049780115485191,0.16725417971611023,1.1885948553681374,1.0213406756520271,512,,,,,,,,,,,
1004,0.7000073852649155,0.6709156548535382,0.80078125,0.539257550612092,1.3952300772070885,0.14635771606117487,0.23888363502919674,6.282802468708133e-05,0.14635771606117487,0.7348364070057869,0.24365457892417908,1.4338308423757553,1.1901762634515762,512,,,,,,,,,,,
1005,0.7000073852649155,0.6710793562233448,0.78125,0.42083144187927246,1.1025706604123116,0.1431314409710467,0.1726760882884264,6.274328298022574e-05,0.1431314409710467,0.7129809409379959,0.17529228702187538,1.0218774676322937,0.8465851806104183,512,,,,,,,,,,,
1006,0.7000073852649155,0.671242442175194,0.71875,0.4913070872426033,1.271038293838501,0.16856548376381397,0.21777098812162876,6.26585021077551e-05,0.16856548376381397,0.7069409042596817,0.07444887235760689,1.566949125379324,1.492500253021717,512,,,,,,,,,,,
1007,0.7000073852649155,0.6714049138680652,0.85546875,0.39053234085440636,1.0198157876729965,0.16073552053421736,0.1636155154556036,6.257368233023769e-05,0.16073552053421736,0.7384570091962814,0.0645427443087101,1.5992150157690048,1.5346722714602947,512,,,,,,,,,,,
1008,0.7000073852649155,0.6715667724609374,0.71875,0.6544046998023987,1.6927442327141762,0.14763927645981312,0.2903003003448248,6.248882390836135e-05,0.14763927645981312,0.7105737254023552,0.07809604331851006,1.5094151012599468,1.4313190579414368,512,0.000719712465070188,0.000719712465070188,0.02,17291,0.7000073852649155,17291,17291,34582,0,17291,44001
1009,0.7000073852649155,0.67172801911279,0.6640625,0.5215017795562744,1.3657770156860352,0.17932789586484432,0.21453132946044207,6.240392710293265e-05,0.17932789586484432,0.7303686216473579,0.19672025740146637,3.0484834387898445,2.851763181388378,512,,,,,,,,,,,
1010,0.7000073852649155,0.6718886549826021,0.67578125,0.44202112033963203,1.1431274190545082,0.15232083667069674,0.1963304504752159,6.231899217487619e-05,0.15232083667069674,0.7284911796450615,0.1633373498916626,1.048191361129284,0.8848540112376213,512,,,,,,,,,,,
1011,0.7000073852649155,0.6720486812293529,0.703125,0.4682777002453804,1.211166962981224,0.14128863532096148,0.20785634871572256,6.223401938523367e-05,0.14128863532096148,0.7259521260857582,0.15278451889753342,1.1943445056676865,1.041559986770153,512,,,,,,,,,,,
1012,0.7000073852649155,0.6722080990120216,0.7109375,0.5572437420487404,1.4454932510852814,0.12266755383461714,0.24312406405806541,6.21490089951632e-05,0.12266755383461714,0.719169907271862,0.12215587869286537,0.7644623294472694,0.6423064507544041,512,,,,,,,,,,,
1013,0.7000073852649155,0.6723669094895875,0.6484375,0.4207117445766926,1.0956428796052933,0.17014736775308847,0.17924116365611553,6.206396126593846e-05,0.17014736775308847,0.7119824066758156,0.2100021243095398,1.5895326137542725,1.3795304894447327,512,,,,,,,,,,,
1014,0.7000073852649155,0.6725251138210296,0.65625,0.41902762837707996,1.0965622067451477,0.11366397235542536,0.1732184337452054,6.197887645894784e-05,0.11366397235542536,0.7312865927815437,0.08710107579827309,1.0498555786907673,0.9627545028924942,512,,,,,,,,,,,
1015,0.7000073852649155,0.6726827131653272,1.2734375,0.6398556977510452,1.6680983379483223,0.1626744344830513,0.27085826732218266,6.189375483569376e-05,0.1626744344830513,0.7153637185692787,0.1556939259171486,1.375195898115635,1.2195019721984863,512,,,,,,,,,,,
1016,0.7000073852649155,0.6728397086814597,0.7421875,0.9566081874072552,2.5051911175251007,0.13787410780787468,0.39362145587801933,6.180859665779172e-05,0.13787410780787468,0.7195947095751762,0.17145582288503647,1.0295183137059212,0.8580624908208847,512,0.0007948562270030379,0.0007948562270030379,0.02,17228,0.7000073852649155,17228,17228,34456,0,17228,43961
1017,0.7000073852649155,0.672996101528406,0.83203125,0.5622022598981857,1.429982528090477,0.21444746665656567,0.273660596460104,6.172340218696962e-05,0.21444746665656567,0.7169335633516312,0.07912801206111908,2.58279374986887,2.5036657378077507,512,,,,,,,,,,,
1018,0.7000073852649155,0.6731518928651457,0.73828125,0.4701196737587452,1.2379559725522995,0.1669740378856659,0.18664905708283186,6.163817168506682e-05,0.1669740378856659,0.7044921591877937,0.20933479815721512,0.9119343608617783,0.7025995627045631,512,,,,,,,,,,,
1019,0.7000073852649155,0.6733070838506574,3.28125,0.528355410322547,1.369760349392891,0.10871955659240484,0.23131659626960754,6.155290541403357e-05,0.10871955659240484,0.7221166864037514,0.09483635425567627,0.8942235708236694,0.7993872165679932,512,,,,,,,,,,,
1020,0.7000073852649155,0.6734616756439209,0.68359375,0.6662831641733646,1.7287383377552032,0.13726484030485153,0.29030148033052683,6.14676036359299e-05,0.13726484030485153,0.7109838724136353,0.15279053151607513,1.0875785201787949,0.9347879886627197,512,,,,,,,,,,,
1021,0.7000073852649155,0.673615669403915,0.7578125,0.4055699408054352,1.0562312677502632,0.14765239413827658,0.17276847176253796,6.138226661292506e-05,0.14765239413827658,0.7204882577061653,-0.039980724453926086,1.8475294932723045,1.8875102177262306,512,,,,,,,,,,,
1022,0.7000073852649155,0.6737690662896192,0.6328125,0.38293154537677765,0.996776819229126,0.13645058497786522,0.16362176463007927,6.12968946072966e-05,0.13645058497786522,0.730161115527153,0.13834841176867485,1.3069202415645123,1.1685718297958374,512,,,,,,,,,,,
1023,0.7000073852649155,0.6739218674600124,0.92578125,0.5908896941691637,1.5442485958337784,0.18556830566376448,0.2463261391967535,6.121148788142956e-05,0.18556830566376448,0.7045214623212814,0.13695744425058365,1.3996123373508453,1.2626548931002617,512,,,,,,,,,,,
1024,0.7000075504033253,0.674074074074074,0.6640625,0.3615940026938915,0.9410123899579048,0.16787487640976906,0.15472695883363485,6.112604669781572e-05,0.16787487640976906,0.7152343615889549,0.28314124420285225,1.7133168242871761,1.4301755800843239,512,0.0005920555558986962,0.0005920555558986962,0.02,16428,0.7000075504033253,16428,16428,32856,0,16428,43687
1025,0.7000075504033253,0.6742256872907832,1.1953125,0.6538212187588215,1.7179817259311676,0.2061169627122581,0.26329454593360424,6.104057131905277e-05,0.2061169627122581,0.7219677641987801,0.6396678276360035,1.8396538831293583,1.1999860554933548,512,,,,,,,,,,,
1026,0.7000075504033253,0.6743767082691192,0.7109375,0.481338057667017,1.2524946108460426,0.14452082198113203,0.20610552094876766,6.095506200784349e-05,0.14452082198113203,0.7194091603159904,0.10186298564076424,0.9469280205667019,0.8450650349259377,512,,,,,,,,,,,
1027,0.7000075504033253,0.6745271381680612,0.68359375,0.4316946119070053,1.1167835518717766,0.1867514867335558,0.19138189684599638,6.086951902699492e-05,0.1867514867335558,0.7108691185712814,0.15123175457119942,2.343862820416689,2.1926310658454895,512,,,,,,,,,,,
1028,0.7000075504033253,0.6746769781465883,0.921875,0.393379095941782,1.0163009837269783,0.21636963170021772,0.17575683258473873,6.078394263941761e-05,0.21636963170021772,0.704455554485321,0.1927323155105114,1.3718380108475685,1.1791056953370571,512,,,,,,,,,,,
1029,0.7000075504033253,0.6748262293636799,0.7265625,0.5641018338501453,1.4770900085568428,0.15439950115978718,0.23230938613414764,6.06983331081248e-05,0.15439950115978718,0.728640116751194,0.25501810014247894,1.596285656094551,1.3412675559520721,512,,,,,,,,,,,
1030,0.7000075504033253,0.6749748929783149,0.765625,0.6897794157266617,1.7750932425260544,0.16818035766482353,0.31514733098447323,6.0612690696231534e-05,0.16818035766482353,0.715029314160347,0.2347455844283104,2.184009298682213,1.9492637142539024,512,,,,,,,,,,,
1031,0.7000075504033253,0.6751229701494729,0.74609375,0.5499865114688873,1.4243604317307472,0.1695093810558319,0.24226530268788338,6.052701566695398e-05,0.1695093810558319,0.7200683355331421,0.15051937103271484,1.2048541381955147,1.0543347671627998,512,,,,,,,,,,,
1032,0.7000075504033253,0.6752704620361327,0.75,0.5040477253496647,1.3231801316142082,0.18452550284564495,0.20423718355596066,6.04413082836085e-05,0.18452550284564495,0.7083129659295082,0.1928708478808403,1.241030938923359,1.0481600910425186,512,0.0008499898249283433,0.0008499898249283433,0.02,15140,0.7000075504033253,15140,15140,30280,0,15140,42468
1033,0.7000075504033253,0.6754173697972738,0.78125,0.5468461737036705,1.4121223390102386,0.188978374004364,0.24498720467090607,6.035556880961093e-05,0.188978374004364,0.703920878469944,0.2499043382704258,1.1410605907440186,0.8911562524735928,512,,,,,,,,,,,
1034,0.7000075504033253,0.6755636945918754,0.76171875,0.41937585920095444,1.0908095613121986,0.18227911740541458,0.18002630956470966,6.0269797508475723e-05,0.18227911740541458,0.7136572152376175,0.22377361357212067,1.1566654369235039,0.9328918233513832,512,,,,,,,,,,,
1035,0.7000075504033253,0.6757094375789165,0.7734375,0.4039601720869541,1.0384259149432182,0.16141125839203596,0.18569578509777784,6.018399464381514e-05,0.16141125839203596,0.7241845577955246,0.1658247411251068,0.9690219908952713,0.8031972497701645,512,,,,,,,,,,,
1036,0.7000075504033253,0.6758545999173765,0.734375,0.47301986813545227,1.2405035644769669,0.18177384790033102,0.19288992509245872,6.009816047933848e-05,0.18177384790033102,0.7179907262325287,0.026031319051980972,3.2357894107699394,3.2097580917179585,512,,,,,,,,,,,
1037,0.7000075504033253,0.6759991827662344,0.83203125,0.6591373272240162,1.7120184898376465,0.15376124437898397,0.2853673156350851,6.0012295278851216e-05,0.15376124437898397,0.7220190018415451,0.1245826780796051,1.2415048256516457,1.1169221475720406,512,,,,,,,,,,,
1038,0.7000075504033253,0.6761431872844695,0.80078125,0.7687044218182564,2.025901973247528,0.1661792229861021,0.30350530706346035,5.992639930625419e-05,0.1661792229861021,0.7303344458341599,0.12944261729717255,1.163259744644165,1.0338171273469925,512,,,,,,,,,,,
1039,0.7000075504033253,0.6762866146310611,0.609375,0.5737903006374836,1.5034294575452805,0.10583657398819923,0.2353289257735014,5.984047282554286e-05,0.10583657398819923,0.7221704050898552,0.09847990050911903,0.6281749419867992,0.5296950414776802,512,,,,,,,,,,,
1040,0.7000075504033253,0.6764294659649884,0.703125,0.5130935311317444,1.3546858429908752,0.16760355979204178,0.2001429693773389,5.9754516100806423e-05,0.16760355979204178,0.704172357916832,0.15337765589356422,0.9442952871322632,0.790917631238699,512,0.0007274136296473444,0.0007274136296473444,0.02,14430,0.7000075504033253,14430,14430,28860,0,14430,41727
1041,0.7000075504033253,0.6765717424452304,0.828125,0.49012554064393044,1.2740596905350685,0.1658743154257536,0.2111691739410162,5.9668529396227036e-05,0.1658743154257536,0.7184301391243935,0.20562918484210968,1.7381076291203499,1.5324784442782402,512,,,,,,,,,,,
1042,0.7000075504033253,0.6767134452307665,0.875,0.6202324964106083,1.6076878011226654,0.2136430824175477,0.2718045264482498,5.9582512976079e-05,0.2136430824175477,0.6989868134260178,0.20237814262509346,1.2304946072399616,1.0281164646148682,512,,,,,,,,,,,
1043,0.7000075504033253,0.6768545754805759,0.6875,0.46302009746432304,1.2046567499637604,0.1495029777288437,0.19843443296849728,5.949646710472795e-05,0.1495029777288437,0.7231005802750587,0.141400296241045,1.3769136518239975,1.2355133555829525,512,,,,,,,,,,,
1044,0.7000075504033253,0.6769951343536377,0.76171875,0.7403531279414892,1.9346291050314903,0.1631268784403801,0.3088651318103075,5.941039204663001e-05,0.1631268784403801,0.7108154296875,0.2249441146850586,1.4235081896185875,1.198564074933529,512,,,,,,,,,,,
1045,0.7000075504033253,0.6771351230089311,0.73828125,0.4923061653971672,1.2684356123209,0.20574030838906765,0.22340119630098343,5.932428806633106e-05,0.20574030838906765,0.7072997838258743,0.2957795783877373,1.7718923389911652,1.4761127606034279,512,,,,,,,,,,,
1046,0.7000075504033253,0.6772745426054354,0.796875,0.6873169392347336,1.7955359369516373,0.19382350519299507,0.28724259696900845,5.923815542846579e-05,0.19382350519299507,0.7128295749425888,0.21283677965402603,1.445706382393837,1.232869602739811,512,,,,,,,,,,,
1047,0.7000075504033253,0.6774133943021297,0.734375,0.48471574857831,1.2672703638672829,0.16239587776362896,0.20156517438590527,5.915199439775706e-05,0.16239587776362896,0.7239452973008156,0.1794414073228836,1.0337995365262032,0.8543581292033195,512,,,,,,,,,,,
1048,0.7000075504033253,0.6775516792579933,0.83203125,0.7117242366075516,1.8306062668561935,0.15837077517062426,0.32613375782966614,5.9065805239014923e-05,0.15837077517062426,0.7223168686032295,0.161070317029953,1.5674209147691727,1.4063505977392197,512,0.0007974948384799063,0.0007974948384799063,0.02,16248,0.7000075504033253,16248,16248,32496,0,16248,43631
1049,0.7000075504033253,0.6776893986320054,0.8125,0.5952792316675186,1.5627188086509705,0.21370756719261408,0.24115757830440998,5.8979588217135894e-05,0.21370756719261408,0.7125414684414864,0.1914563626050949,1.8600007891654968,1.668544426560402,512,,,,,,,,,,,
1050,0.7000075504033253,0.6778265535831451,0.8359375,0.6498200856149197,1.6833150684833527,0.18241450749337673,0.28583664633333683,5.889334359710218e-05,0.18241450749337673,0.7211840599775314,0.21790631860494614,1.9678864069283009,1.7499800883233547,512,,,,,,,,,,,
1051,0.7000075504033253,0.6779631452703917,0.94921875,0.42309046909213066,1.0991595014929771,0.15534943249076605,0.18293277360498905,5.880707164398074e-05,0.15534943249076605,0.7164648324251175,0.1660267636179924,0.88825548812747,0.7222287245094776,512,,,,,,,,,,,
1052,0.7000075504033253,0.6780991748527244,0.703125,0.5682552754878998,1.487385667860508,0.17686152830719948,0.234599981456995,5.872077262292255e-05,0.17686152830719948,0.7296606227755547,0.11669492721557617,1.345129981637001,1.2284350544214249,512,,,,,,,,,,,
1053,0.7000075504033253,0.6782346434891223,0.6796875,0.4899965450167656,1.2835067436099052,0.1460013333708048,0.20133117213845253,5.8634446799161804e-05,0.1460013333708048,0.7235839664936066,0.20385418087244034,0.9147826060652733,0.710928425192833,512,,,,,,,,,,,
1054,0.7000075504033253,0.6783695523385648,0.70703125,0.4615911655128002,1.2052664905786514,0.17005276773124933,0.19349456951022148,5.854809443801507e-05,0.17005276773124933,0.7124950960278511,0.09888524934649467,1.378495529294014,1.2796102799475193,512,,,,,,,,,,,
1055,0.7000075504033253,0.6785039025600309,10,0.6769863497465849,1.7596256881952286,0.17085797246545553,0.2918479861691594,5.846171580488046e-05,0.17085797246545553,0.7175976485013962,0.29701006412506104,1.8909027054905891,1.593892641365528,512,,,,,,,,,,,
1056,0.7000077301289612,0.6786376953125,0.80078125,0.5858983248472214,1.5084484294056892,0.17983803991228342,0.2670009694993496,5.837531116523682e-05,0.17983803991228342,0.712832011282444,0.3017300143837929,1.5910326093435287,1.2893025949597359,512,0.00076667609391734,0.00076667609391734,0.02,20058,0.7000077301289612,20058,20058,40116,0,20058,47994
1057,0.7000077301289612,0.6787709317549511,1.0703125,0.47804952785372734,1.2354522868990898,0.18987252470105886,0.21318257600069046,5.828888078464298e-05,0.18987252470105886,0.7204662933945656,0.18414174765348434,1.0805939808487892,0.8964522331953049,512,,,,,,,,,,,
1058,0.7000077301289612,0.6789036130463636,0.75390625,0.7521327547729015,1.9547938853502274,0.1351367961615324,0.32439615204930305,5.820242492873682e-05,0.1351367961615324,0.7178539782762527,0.10872455686330795,0.9468108862638474,0.8380863294005394,512,,,,,,,,,,,
1059,0.7000077301289612,0.6790357403457165,0.8671875,0.8706790506839752,2.265286661684513,0.22959566954523325,0.37313462421298027,5.811594386323455e-05,0.22959566954523325,0.7070751860737801,0.2136673554778099,1.6888542920351028,1.475186936557293,512,,,,,,,,,,,
1060,0.7000077301289612,0.679167314811989,0.75390625,0.5677864849567413,1.4857641533017159,0.15321458037942648,0.23480091243982315,5.802943785392986e-05,0.15321458037942648,0.7116918712854385,0.024694915860891342,1.3110183328390121,1.2863234169781208,512,,,,,,,,,,,
1061,0.7000077301289612,0.6792983376041606,0.85546875,0.6702707372605801,1.7483889311552048,0.19567236304283142,0.2827343977987766,5.794290716669307e-05,0.19567236304283142,0.7153686285018921,0.1231798604130745,1.5310824289917946,1.40790256857872,512,,,,,,,,,,,
1062,0.7000077301289612,0.6794288098812102,0.67578125,0.6755091957747936,1.767728015780449,0.17357674706727266,0.27926943451166153,5.785635206747041e-05,0.17357674706727266,0.7255883738398552,0.18362092226743698,2.189427450299263,2.005806528031826,512,,,,,,,,,,,
1063,0.7000077301289612,0.6795587328021173,0.7578125,0.2945268992334604,0.768914245069027,0.17558441497385502,0.1235914621502161,5.776977282228307e-05,0.17558441497385502,0.682304672896862,-0.017184309661388397,1.2898126989603043,1.3069970086216927,512,,,,,,,,,,,
1064,0.7000077301289612,0.6796881075258607,0.73046875,0.6562251430004835,1.7245063111186028,0.19287730008363724,0.264054655097425,5.76831696972265e-05,0.19287730008363724,0.7114575132727623,0.2533917687833309,1.6088389530777931,1.3554471842944622,512,0.0006243256502784789,0.0006243256502784789,0.02,13875,0.7000077301289612,13875,13875,27750,0,13875,41649
1065,0.7000077301289612,0.6798169352114201,0.63671875,0.3963805064558983,1.020670235157013,0.15544478502124548,0.18048275634646416,5.759654295846952e-05,0.15544478502124548,0.7217797711491585,0.1351834498345852,1.7113701291382313,1.576186679303646,512,,,,,,,,,,,
1066,0.7000077301289612,0.6799452170177742,0.70703125,0.420891709625721,1.0973242819309235,0.1653979104012251,0.17810506094247103,5.7509892872253544e-05,0.1653979104012251,0.7137768417596817,0.14226045459508896,0.9362748675048351,0.7940144129097462,512,,,,,,,,,,,
1067,0.7000077301289612,0.6800729541039026,0.73046875,0.6337095629423857,1.6385606229305267,0.2017526477575302,0.2817713124677539,5.742321970489169e-05,0.2017526477575302,0.7120849415659904,0.2329121232032776,2.2671253457665443,2.0342132225632668,512,,,,,,,,,,,
1068,0.7000077301289612,0.6802001476287841,0.6640625,0.4714049696922302,1.2121321856975555,0.12665668316185474,0.21636764518916607,5.733652372276809e-05,0.12665668316185474,0.7234228327870369,0.16804348677396774,1.0865382328629494,0.9184947460889816,512,,,,,,,,,,,
1069,0.7000077301289612,0.6803267987513983,0.81640625,0.5722644925117493,1.4928570315241814,0.24627242609858513,0.24127777107059956,5.7249805192336946e-05,0.24627242609858513,0.6956518590450287,0.2838807515799999,1.5241801142692566,1.2402993626892567,512,,,,,,,,,,,
1070,0.7000077301289612,0.6804529086307243,0.60546875,0.4330378994345665,1.1260447278618813,0.15026634000241756,0.18619123846292496,5.716306438012176e-05,0.15026634000241756,0.7268334701657295,0.1407177671790123,1.803693249821663,1.6629754826426506,512,,,,,,,,,,,
1071,0.7000077301289612,0.6805784784257412,0.71875,0.7283039446920156,1.8959472998976707,0.2051907405257225,0.31103428173810244,5.707630155271455e-05,0.2051907405257225,0.7048803642392159,0.297541543841362,1.425799023360014,1.128257479518652,512,,,,,,,,,,,
1072,0.7000077295784999,0.6807035092954282,0.80078125,0.6166182868182659,1.6050163507461548,0.1573654916137457,0.26352382078766823,5.698951697677498e-05,0.1573654916137457,0.7195361256599426,0.13345865905284882,0.8403315469622612,0.7068728879094124,512,0.0006873029633425176,0.0006873029633425176,0.02,13548,0.7000077295784999,13548,13550,27098,-2,13548,41588
1073,0.7000077295784999,0.6808280023987646,0.796875,0.6729462631046772,1.7188263237476349,0.1855928935110569,0.32040471211075783,5.6902710919029535e-05,0.1855928935110569,0.7094555646181107,0.16793788969516754,1.7786109037697315,1.610673014074564,512,,,,,,,,,,,
1074,0.7000077295784999,0.6809519588947296,0.71484375,0.44132227450609207,1.165146790444851,0.16306067258119583,0.172193412669003,5.681588364627073e-05,0.16306067258119583,0.7083740010857582,0.17599115893244743,1.018778320401907,0.8427871614694595,512,,,,,,,,,,,
1075,0.7000077295784999,0.6810753799423023,0.7578125,0.3787276279181242,0.9710282385349274,0.14785835798829794,0.176631192676723,5.672903542535631e-05,0.14785835798829794,0.720761701464653,0.15291787683963776,1.1027166545391083,0.9497987776994705,512,,,,,,,,,,,
1076,0.7000077295784999,0.681198266700462,0.76953125,0.6117799989879131,1.6050804927945137,0.19774741120636463,0.24879823438823223,5.6642166523208394e-05,0.19774741120636463,0.7055224478244781,0.34757449105381966,2.156351163983345,1.8087766729295254,512,,,,,,,,,,,
1077,0.7000077295784999,0.6813206203281879,2.90625,0.3880481608211994,0.9926388636231422,0.17595231533050537,0.18326462153345346,5.655527720681263e-05,0.17595231533050537,0.7106298580765724,0.24670196697115898,1.739136889576912,1.492434922605753,512,,,,,,,,,,,
1078,0.7000077295784999,0.6814424419844591,0.6953125,0.3609967604279518,0.9312016367912292,0.18536416068673134,0.1627279333770275,5.646836774321745e-05,0.18536416068673134,0.7166674584150314,0.21189948543906212,1.4745534658432007,1.2626539804041386,512,,,,,,,,,,,
1079,0.7000077295784999,0.681563732828255,0.62890625,0.35717543959617615,0.9263674169778824,0.13885493855923414,0.15598236583173275,5.6381438399533196e-05,0.13885493855923414,0.7118261680006981,0.16541625186800957,1.0464837439358234,0.8810674920678139,512,,,,,,,,,,,
1080,0.7000077295784999,0.6816844940185547,0.7109375,0.7568415105342865,1.987679272890091,0.1420782608911395,0.30577972531318665,5.629448944293127e-05,0.1420782608911395,0.7216650173068047,0.170060433447361,0.8765415921807289,0.7064811587333679,512,0.0005312990979291499,0.0005312990979291499,0.02,16475,0.7000077295784999,16475,16475,32950,0,16475,44432
1081,0.7000077295784999,0.6818047267143373,0.74609375,0.5622131824493408,1.466089405119419,0.218614699319005,0.237586859613657,5.620752114064343e-05,0.218614699319005,0.7321996912360191,0.2821873426437378,2.6095380038022995,2.3273506611585617,512,,,,,,,,,,,
1082,0.7000077295784999,0.6819244320745821,0.953125,0.4512427020817995,1.1585260555148125,0.15158212557435036,0.20887601003050804,5.6120533759960816e-05,0.15158212557435036,0.7274658009409904,0.06197473406791687,1.331803247332573,1.269828513264656,512,,,,,,,,,,,
1083,0.7000077295784999,0.6820436112582683,0.65234375,0.48450542241334915,1.277578704059124,0.12850752752274275,0.1906195469200611,5.603352756823326e-05,0.12850752752274275,0.7171850278973579,0.14180612936615944,0.8629953414201736,0.7211892120540142,512,,,,,,,,,,,
1084,0.7000077295784999,0.6821622654243751,0.6953125,0.4357791766524315,1.1215886026620865,0.14676298946142197,0.1989542730152607,5.594650283286835e-05,0.14676298946142197,0.721494123339653,0.1390693262219429,0.7995479926466942,0.6604786664247513,512,,,,,,,,,,,
1085,0.7000077295784999,0.6822803957318818,0.65625,0.5765534695237875,1.5162114351987839,0.1263843821361661,0.23092018347233534,5.585945982133074e-05,0.1263843821361661,0.7312011495232582,0.09763649106025696,0.9120441824197769,0.81440769135952,512,,,,,,,,,,,
1086,0.7000077295784999,0.6823980033397674,0.76953125,0.52120091766119,1.3348287791013718,0.12783161085098982,0.2445678859949112,5.577239880114121e-05,0.12783161085098982,0.7097412049770355,0.13679111003875732,0.7005938440561295,0.5638027340173721,512,,,,,,,,,,,
1087,0.7000077295784999,0.6825150894070112,1.015625,0.4689355306327343,1.2342042550444603,0.22342845983803272,0.1868123859167099,5.5685320039875873e-05,0.22342845983803272,0.700854480266571,0.11801878735423088,1.003837637603283,0.885818850249052,512,,,,,,,,,,,
1088,0.7000078837076823,0.6826316550925926,0.87890625,0.5485362000763416,1.4190814048051834,0.125783565454185,0.24314942676573992,5.559822380516539e-05,0.125783565454185,0.7176244854927063,0.06630713120102882,1.26957119256258,1.2032640613615513,512,0.0009379252442158759,0.0009379252442158759,0.02,14677,0.7000078837076823,14677,14677,29354,0,14677,43264
1089,0.7000078837076823,0.6827477015554905,0.7421875,0.5984570980072021,1.5522574186325073,0.20059626083821058,0.2612488605082035,5.551111036469416e-05,0.20059626083821058,0.7138744965195656,0.21953312307596207,1.6199500039219856,1.4004168808460236,512,,,,,,,,,,,
1090,0.7000078837076823,0.6828632299546842,0.84375,0.586622579023242,1.5197202190756798,0.15765977650880814,0.2579239187762141,5.54239799861994e-05,0.15765977650880814,0.7237792685627937,0.14288382232189178,0.8920761570334435,0.7491923347115517,512,,,,,,,,,,,
1091,0.7000078837076823,0.682978241449153,0.734375,0.46454839408397675,1.199045568704605,0.17525036539882421,0.20867675729095936,5.533683293747041e-05,0.17525036539882421,0.7141430452466011,0.22631676867604256,1.19103292375803,0.9647161550819874,512,,,,,,,,,,,
1092,0.7000078837076823,0.6830927371978759,0.69140625,0.4602079205214977,1.187943585216999,0.13238698709756136,0.20662581641227007,5.5249669486347734e-05,0.13238698709756136,0.7263647243380547,0.18376744911074638,0.9958246052265167,0.8120571561157703,512,,,,,,,,,,,
1093,0.7000078837076823,0.6832067183598324,0.8828125,0.6341224946081638,1.6602394804358482,0.16611462365835905,0.2613437660038471,5.516248990072232e-05,0.16611462365835905,0.7155395224690437,0.12813030183315277,1.3589238375425339,1.230793535709381,512,,,,,,,,,,,
1094,0.7000078837076823,0.6833201860940015,0.94921875,0.7375446707010269,1.8993240147829056,0.15022701863199472,0.3356598224490881,5.507529444853471e-05,0.15022701863199472,0.7194262593984604,0.14863378554582596,1.1226701065897942,0.9740363210439682,512,,,,,,,,,,,
1095,0.7000078837076823,0.6834331415593624,0.82421875,0.6724736131727695,1.7686631232500076,0.15655482187867165,0.2691356102004647,5.4988083397774204e-05,0.15655482187867165,0.7102782875299454,-0.025589793920516968,1.1157933957874775,1.1413831897079945,512,,,,,,,,,,,
1096,0.7000078837076823,0.6835455859148943,1.09375,0.7333360984921455,1.9135871082544327,0.22379276435822248,0.30864344350993633,5.490085701647805e-05,0.22379276435822248,0.7102880775928497,0.13911832869052887,1.4885965809226036,1.3494782522320747,512,0.0009374212240800261,0.0009374212240800261,0.02,17415,0.7000078837076823,17415,17415,34830,0,17415,46058
1097,0.7000078837076823,0.6836575203195766,0.6640625,0.5089375041425228,1.317902758717537,0.17187092173844576,0.22433204017579556,5.481361557273058e-05,0.17187092173844576,0.7246264591813087,0.18851511925458908,1.1464259922504425,0.9579108729958534,512,,,,,,,,,,,
1098,0.7000078837076823,0.6837689459323882,0.6953125,0.7085523307323456,1.8749323785305023,0.17612884938716888,0.27219583839178085,5.472635933466248e-05,0.17612884938716888,0.7190014496445656,0.21936311572790146,1.322582647204399,1.1032195314764977,512,,,,,,,,,,,
1099,0.7000078837076823,0.6838798639123086,0.81640625,0.5364348217844963,1.3965992406010628,0.17017806135118008,0.22896081395447254,5.463908857044987e-05,0.17017806135118008,0.7197729498147964,0.18442650884389877,1.0902329310774803,0.9058064222335815,512,,,,,,,,,,,
1100,0.7000078837076823,0.6839902754183168,0.75390625,0.5116886533796787,1.3321666419506073,0.1522301035001874,0.2184049617499113,5.455180354831351e-05,0.1522301035001874,0.7142675742506981,0.19722063466906548,0.8960336297750473,0.6988129951059818,512,,,,,,,,,,,
1101,0.7000078837076823,0.6841001816093921,0.6484375,0.5631293170154095,1.4680488780140877,0.1606296431273222,0.23840350285172462,5.4464504536518005e-05,0.1606296431273222,0.7213183417916298,0.13682987540960312,1.6263606883585453,1.4895308129489422,512,,,,,,,,,,,
1102,0.7000078837076823,0.6842095836445137,0.6640625,0.34636731818318367,0.8975703120231628,0.16166313830763102,0.15202756971120834,5.43771918033709e-05,0.16166313830763102,0.7169433385133743,0.14694058895111084,1.8114855401217937,1.664544951170683,512,,,,,,,,,,,
1103,0.7000078837076823,0.6843184826826608,0.72265625,0.6281895339488983,1.6547000706195831,0.14009328559041023,0.24890442565083504,5.4289865617222e-05,0.14009328559041023,0.7314404100179672,0.13509501516819,1.0016967542469501,0.8666017390787601,512,,,,,,,,,,,
1104,0.7000078834324516,0.6844268798828125,0.7734375,0.5674842111766338,1.4762819781899452,0.10696044750511646,0.2433670787140727,5.420252624646238e-05,0.10696044750511646,0.7327416762709618,0.15692764893174171,1.0268175639212132,0.8698899149894714,512,0.0007770592346787453,0.0007770592346787453,0.02,12229,0.7000078834324516,12229,12230,24459,-1,12229,40499
1105,0.7000078834324516,0.684534776403948,0.8046875,0.4705837443470955,1.1911947652697563,0.17581452522426844,0.23481651488691568,5.4115173959523665e-05,0.17581452522426844,0.6995776295661926,0.1915443390607834,2.409958593547344,2.218414254486561,512,,,,,,,,,,,
1106,0.7000078834324516,0.6846421734050467,0.7734375,0.5043974816799164,1.3040774464607239,0.16192011255770922,0.22439970634877682,5.4027809024877204e-05,0.16192011255770922,0.7151147350668907,0.18334117904305458,1.1908410601317883,1.0074998810887337,512,,,,,,,,,,,
1107,0.7000078834324516,0.6847490720450877,0.7734375,0.5812755785882473,1.494927704334259,0.15584031119942665,0.26651339419186115,5.394043171103318e-05,0.15584031119942665,0.7080761566758156,0.10678739845752716,1.536940075457096,1.430152676999569,512,,,,,,,,,,,
1108,0.7000078834324516,0.6848554734830503,0.703125,0.6418915465474129,1.6823581531643867,0.17157647386193275,0.26276762038469315,5.3853042286539824e-05,0.17157647386193275,0.7097070291638374,0.21305248141288757,0.9053386375308037,0.6922861561179161,512,,,,,,,,,,,
1109,0.7000078834324516,0.6849613788779134,0.69140625,0.705050565302372,1.8420802131295204,0.14821932092308998,0.2944365944713354,5.3765641019982596e-05,0.14821932092308998,0.7192895337939262,0.16093574091792107,1.167519349604845,1.006583608686924,512,,,,,,,,,,,
1110,0.7000078834324516,0.6850667893886566,0.76171875,0.48994604870676994,1.2892657220363617,0.13356512133032084,0.19541923515498638,5.367822817998338e-05,0.13356512133032084,0.731142558157444,0.10055966302752495,0.7249723747372627,0.6244127117097378,512,,,,,,,,,,,
1111,0.7000078834324516,0.6851717061742588,0.72265625,0.5926667116582394,1.5484101846814156,0.1410185769200325,0.24754951242357492,5.3590804035199585e-05,0.1410185769200325,0.7162109166383743,0.12788880243897438,1.2253944836556911,1.0975056812167168,512,,,,,,,,,,,
1112,0.700007883157221,0.6852761303936994,0.75390625,0.45238164626061916,1.186965323984623,0.19190196506679058,0.18388807773590088,5.3503368854323366e-05,0.19190196506679058,0.717475563287735,0.19405632466077805,1.2567115873098373,1.0626552626490593,512,0.0005501111154444516,0.0005501111154444516,0.02,13044,0.700007883157221,13044,13045,26089,-1,13044,41471
1113,0.700007883157221,0.6853800632059573,0.66796875,0.5138012766838074,1.3308301344513893,0.15662190318107605,0.22614337038248777,5.341592290608085e-05,0.15662190318107605,0.716865211725235,0.1625397875905037,1.2457939833402634,1.0832541957497597,512,,,,,,,,,,,
1114,0.700007883157221,0.6854835057700122,0.6875,0.7044680640101433,1.8197389766573906,0.1460423246026039,0.31501262448728085,5.332846645923122e-05,0.1460423246026039,0.7261767387390137,0.1900535337626934,1.185929223895073,0.9958756901323795,512,,,,,,,,,,,
1115,0.700007883157221,0.6855864592448428,0.765625,0.39871378615498543,1.0351882800459862,0.19159754179418087,0.17303527891635895,5.3240999782565904e-05,0.19159754179418087,0.7074706703424454,0.24987905845046043,1.4837785959243774,1.233899537473917,512,,,,,,,,,,,
1116,0.700007883157221,0.6856889247894287,0.671875,0.5173782892525196,1.352499596774578,0.14472226053476334,0.21531336940824986,5.31535231449078e-05,0.14472226053476334,0.7278027087450027,0.1119956262409687,1.4155211672186852,1.3035255409777164,512,,,,,,,,,,,
1117,0.700007883157221,0.6857909035627489,1.4140625,0.5921069644391537,1.534137949347496,0.16887042298913002,0.2601255290210247,5.306603681511043e-05,0.16887042298913002,0.7069994807243347,-0.1815454699099064,1.3902074880897999,1.5717529579997063,512,,,,,,,,,,,
1118,0.700007883157221,0.6858923967237825,0.78515625,0.5007745958864689,1.274792604148388,0.1565854838117957,0.24270610883831978,5.297854106205708e-05,0.1565854838117957,0.7147778049111366,0.21342552080750465,0.9765294790267944,0.7631039582192898,512,,,,,,,,,,,
1119,0.700007883157221,0.685993405431509,0.71875,0.6106499023735523,1.589206948876381,0.13239953201264143,0.26124725677073,5.289103615466e-05,0.13239953201264143,0.7230737060308456,0.1565079689025879,0.8126953691244125,0.6561874002218246,512,,,,,,,,,,,
1120,0.7000080469194773,0.6860939308449073,0.765625,0.4203609228134155,1.0958203449845314,0.20971611514687538,0.17800060659646988,5.2803522361859594e-05,0.20971611514687538,0.7190820202231407,0.26440076157450676,1.4263560846447945,1.1619553230702877,512,0.000630016962531954,0.000630016962531954,0.02,15349,0.7000080469194773,15349,15349,30698,0,15349,44491
1121,0.7000080469194773,0.6861939741229569,0.79296875,0.6395949460566044,1.6605270579457283,0.17943875025957823,0.2776393722742796,5.271599995262355e-05,0.17943875025957823,0.7238769456744194,0.1678219884634018,2.2989775389432907,2.131155550479889,512,,,,,,,,,,,
1122,0.7000080469194773,0.6862935364246368,0.68359375,0.7490913011133671,1.9315478578209877,0.13987230975180864,0.33842570055276155,5.262846919594607e-05,0.13987230975180864,0.7284911945462227,0.14957232773303986,1.0830878615379333,0.9335155338048935,512,,,,,,,,,,,
1123,0.7000080469194773,0.6863926189089262,0.72265625,0.6119356565177441,1.6144524812698364,0.1630787132307887,0.23989798594266176,5.254093036084695e-05,0.1630787132307887,0.7189550548791885,0.1589091308414936,1.4971867501735687,1.3382776193320751,512,,,,,,,,,,,
1124,0.7000080469194773,0.6864912227348045,2.359375,0.9130873829126358,2.3794020041823387,0.302419550716877,0.38752932474017143,5.245338371637091e-05,0.302419550716877,0.7000390440225601,0.5997361317276955,2.3474635258316994,1.747727394104004,512,,,,,,,,,,,
1125,0.7000080469194773,0.6865893490612507,0.7734375,0.6720931325107813,1.741729088127613,0.16202656831592321,0.2949166689068079,5.236582953158659e-05,0.16202656831592321,0.7213476523756981,0.141329113394022,1.202523872256279,1.061194758862257,512,,,,,,,,,,,
1126,0.7000080469194773,0.6866869990472441,0.66796875,0.6700378991663456,1.74603870511055,0.137612777762115,0.28437914699316025,5.2278268075585815e-05,0.137612777762115,0.7181786894798279,0.1482505053281784,1.0782380849123,0.9299875795841217,512,,,,,,,,,,,
1127,0.7000080469194773,0.6867841738517637,0.703125,0.4365270435810089,1.1350824907422066,0.1778101846575737,0.18772666528820992,5.219069961748281e-05,0.1778101846575737,0.7155541777610779,0.16844706237316132,1.4569827392697334,1.2885356768965721,512,,,,,,,,,,,
1128,0.7000080469194773,0.686880874633789,0.79296875,0.5968980938196182,1.5507018566131592,0.1986093781888485,0.25808018259704113,5.2103124426413264e-05,0.1986093781888485,0.7127026319503784,0.24347390979528427,1.3994071707129478,1.1559332609176636,512,0.0007890737033449113,0.0007890737033449113,0.02,14263,0.7000080469194773,14263,14263,28526,0,14263,43265
1129,0.7000080469194773,0.686977102552299,0.76953125,0.46660311333835125,1.2073587253689766,0.21038997918367386,0.20659000985324383,5.2015542771533586e-05,0.21038997918367386,0.7213305532932281,0.23968036472797394,2.007661245763302,1.767980881035328,512,,,,,,,,,,,
1130,0.7000080469194773,0.6870728587662732,0.70703125,0.5509541556239128,1.4392778426408768,0.16273845732212067,0.23028016928583384,5.192795492202004e-05,0.16273845732212067,0.720288060605526,0.22548778355121613,1.5490761622786522,1.323588378727436,512,,,,,,,,,,,
1131,0.7000080469194773,0.6871681444346904,0.59765625,0.5078264493495226,1.3326747566461563,0.11998690757900476,0.206193208694458,5.184036114706795e-05,0.11998690757900476,0.7230712696909904,0.13815021514892578,0.8077512420713902,0.6696010269224644,512,,,,,,,,,,,
1132,0.7000080469194773,0.68726296071653,0.7578125,0.7253207117319107,1.8970765322446823,0.16358925309032202,0.30086493119597435,5.175276171589082e-05,0.16358925309032202,0.7156591638922691,0.14250470325350761,0.8932643905282021,0.7507596872746944,512,,,,,,,,,,,
1133,0.7000080469194773,0.6873573087707714,0.734375,0.36990705132484436,0.9619427397847176,0.16267319861799479,0.15898765809834003,5.166515689771957e-05,0.16267319861799479,0.7203417792916298,0.1480955258011818,0.9334942474961281,0.7853987216949463,512,,,,,,,,,,,
1134,0.7000080469194773,0.6874511897563934,0.640625,0.78062629327178,2.0763758048415184,0.12759209889918566,0.28915828093886375,5.157754696180165e-05,0.12759209889918566,0.7283569052815437,0.1274624541401863,0.7913433983922005,0.6638809442520142,512,,,,,,,,,,,
1135,0.7000080469194773,0.6875446048323754,0.796875,0.6775158643722534,1.7630606591701508,0.1854137284681201,0.29001761972904205,5.148993217740023e-05,0.1854137284681201,0.6904223635792732,0.15229406207799911,1.151533119380474,0.999239057302475,512,,,,,,,,,,,
1136,0.7000080469194773,0.6876375551576968,0.6328125,0.5268781557679176,1.3616256192326546,0.15549813210964203,0.23497480899095535,5.140231281379345e-05,0.15549813210964203,0.7244189158082008,0.15261593833565712,1.529682382941246,1.377066444605589,512,0.0006978678866289556,0.0006978678866289556,0.02,11905,0.7000080469194773,11905,11905,23810,0,11905,40748
1137,0.7000080469194773,0.6877300418913364,0.6328125,0.5942525900900364,1.5733561143279076,0.14184640254825354,0.22740923706442118,5.131468914027343e-05,0.14184640254825354,0.7176049649715424,0.15454643219709396,1.3347454816102982,1.1801990494132042,512,,,,,,,,,,,
1138,0.7000080469194773,0.6878220661922737,0.66015625,0.35478902980685234,0.9271423146128654,0.167155128903687,0.14797589741647243,5.122706142614562e-05,0.167155128903687,0.7196142226457596,0.19310686737298965,1.7357355430722237,1.542628675699234,512,,,,,,,,,,,
1139,0.7000080469194773,0.6879136292194878,0.72265625,0.66309979185462,1.7231979817152023,0.16688138898462057,0.28619519248604774,5.1139429940727815e-05,0.16688138898462057,0.7158740237355232,0.19898591935634613,1.7970880642533302,1.598102144896984,512,,,,,,,,,,,
1140,0.7000080469194773,0.688004732131958,0.63671875,0.4156434200704098,1.0892338752746582,0.13347210036590695,0.170291593298316,5.105179495334944e-05,0.13347210036590695,0.7171484231948853,0.12067164853215218,0.9526202380657196,0.8319485895335674,512,,,,,,,,,,,
1141,0.7000080469194773,0.6880953760886633,0.78125,0.5216120146214962,1.3680651038885117,0.1836262345314026,0.21257727220654488,5.096415673335071e-05,0.1836262345314026,0.713332511484623,0.15586908906698227,0.93655114620924,0.7806820571422577,512,,,,,,,,,,,
1142,0.7000080469194773,0.6881855622485832,0.65234375,0.5693759322166443,1.4875303879380226,0.11826081108301878,0.23785115405917168,5.0876515550081716e-05,0.11826081108301878,0.7196240127086639,0.12535324320197105,0.7263642027974129,0.6010109595954418,512,,,,,,,,,,,
1143,0.7000080469194773,0.6882752917706966,0.63671875,0.6744929403066635,1.7695163190364838,0.13786272425204515,0.2744015995413065,5.078887167290168e-05,0.13786272425204515,0.7085522189736366,0.18817656487226486,1.427117370069027,1.238940805196762,512,,,,,,,,,,,
1144,0.7000080469194773,0.6883645658139829,1.0390625,0.6027753055095673,1.5743557810783386,0.12496539764106274,0.2522359546273947,5.070122537117812e-05,0.12496539764106274,0.730048805475235,0.15553570166230202,0.9940655305981636,0.8385298289358616,512,0.000752532621845603,0.000752532621845603,0.02,14439,0.7000080469194773,14439,14439,28878,0,14439,43665
1145,0.7000080469194773,0.6884533855374212,0.6484375,0.7200774811208248,1.8779130056500435,0.10816307179629803,0.304139893501997,5.0613576914286e-05,0.10816307179629803,0.7279638350009918,0.13032777607440948,0.6741141751408577,0.5437863990664482,512,,,,,,,,,,,
1146,0.7000080469194773,0.6885417520999908,0.640625,0.35580900125205517,0.9229495972394943,0.16500517260283232,0.15525945369154215,5.05259265716069e-05,0.16500517260283232,0.7278222441673279,0.15683399885892868,1.1541145145893097,0.997280515730381,512,,,,,,,,,,,
1147,0.7000080469194773,0.6886296666606708,0.7578125,0.6065097525715828,1.5862890779972076,0.19778647553175688,0.2516192523762584,5.043827461252816e-05,0.19778647553175688,0.7174023240804672,0.20690928399562836,1.9040686637163162,1.6971593797206879,512,,,,,,,,,,,
1148,0.7000080469194773,0.6887171303784406,0.72265625,0.41688231006264687,1.078029178082943,0.156933325342834,0.18525047972798347,5.035062130644218e-05,0.156933325342834,0.7203319892287254,0.1888100951910019,0.9471600875258446,0.7583499923348427,512,,,,,,,,,,,
1149,0.7000080469194773,0.6888041444122791,0.78125,0.5536833219230175,1.438554011285305,0.15569060388952494,0.23927419260144234,5.026296692274541e-05,0.15569060388952494,0.7072045728564262,0.07344468683004379,1.3126684352755547,1.2392237484455109,512,,,,,,,,,,,
1150,0.7000080469194773,0.6888907099211656,0.6640625,0.3883117791265249,1.0102537795901299,0.1357713546603918,0.16644850187003613,5.017531173083767e-05,0.1357713546603918,0.7222656086087227,0.0630238838493824,1.3218194842338562,1.2587956003844738,512,,,,,,,,,,,
1151,0.7000080469194773,0.6889768280640796,0.796875,0.7447809055447578,1.9370944127440453,0.12664786260575056,0.31981730088591576,5.008765600012122e-05,0.12664786260575056,0.7320116981863976,0.11478942260146141,1.8235635086894035,1.7087740860879421,512,,,,,,,,,,,
1152,0.7000081845348187,0.6890624999999999,0.83203125,0.7430794797837734,1.939351424574852,0.24189315922558308,0.3124044965952635,5e-05,0.24189315922558308,0.7064697220921516,0.23494677990674973,1.4470921829342842,1.2121454030275345,512,0.0009997455636039376,0.0009997455636039376,0.02,11192,0.7000081845348187,11192,11191,22383,1,11192,40740
1153,0.7000081845348187,0.689147726887906,0.7578125,0.6988427862524986,1.8365624099969864,0.163186552003026,0.2811428774148226,4.99123439998788e-05,0.163186552003026,0.7195190265774727,0.21870921179652214,2.1328167878091335,1.9141075760126114,512,,,,,,,,,,,
1154,0.7000081845348187,0.6892325098867769,0.70703125,0.5004904568195343,1.2922380715608597,0.16270546708256006,0.22439963463693857,4.982468826916234e-05,0.16270546708256006,0.7196508422493935,0.21129922941327095,1.8502985313534737,1.6389993019402027,512,,,,,,,,,,,
1155,0.7000081845348187,0.689316850155592,0.64453125,0.6326317898929119,1.6582553684711456,0.1375910835340619,0.25881060399115086,4.97370330772546e-05,0.1375910835340619,0.7277636453509331,0.157082699239254,1.1532524973154068,0.9961697980761528,512,,,,,,,,,,,
1156,0.7000081845348187,0.6894007488533302,0.6875,0.6204044334590435,1.6002906449139118,0.15460342075675726,0.2797226943075657,4.964937869355782e-05,0.15460342075675726,0.7073510512709618,0.13725672662258148,1.2235011756420135,1.086244449019432,512,,,,,,,,,,,
1157,0.7000081845348187,0.6894842071389711,0.66015625,0.6255911700427532,1.6290215998888016,0.13976686634123325,0.2667092066258192,4.956172538747184e-05,0.13976686634123325,0.7281054481863976,0.1562824361026287,1.3217240422964096,1.165441606193781,512,,,,,,,,,,,
1158,0.7000081845348187,0.6895672261714935,0.59765625,0.5058531351387501,1.3215517178177834,0.1175039391964674,0.21133647859096527,4.947407342839312e-05,0.1175039391964674,0.7131786942481995,0.0985734574496746,0.7060072049498558,0.6074337475001812,512,,,,,,,,,,,
1159,0.7000081845348187,0.6896498071098769,0.66796875,0.47731681540608406,1.2419604361057281,0.1730128563940525,0.2044540960341692,4.938642308571401e-05,0.1730128563940525,0.7030395269393921,0.18925058841705322,1.3061956241726875,1.1169450357556343,512,,,,,,,,,,,
1160,0.7000081842595881,0.6897319511131004,0.68359375,0.54093954898417,1.421642318367958,0.14693055301904678,0.21756833419203758,4.929877462882189e-05,0.14693055301904678,0.7316967621445656,0.1658308357000351,1.1983969286084175,1.0325660929083824,512,0.0009300256497226655,0.0009300256497226655,0.02,10498,0.7000081842595881,10498,10499,20997,-1,10498,39979
1161,0.7000081842595881,0.6898136593401432,0.91796875,0.45625584945082664,1.197301872074604,0.24641611706465483,0.1852915808558464,4.921112832709834e-05,0.24641611706465483,0.6407226622104645,-0.05041889101266861,1.7216834127902985,1.772102303802967,512,,,,,,,,,,,
1162,0.7000081842595881,0.6898949329499845,0.71484375,0.4327215999364853,1.1071465089917183,0.16972125321626663,0.2041310202330351,4.912348444991831e-05,0.16972125321626663,0.7196362018585205,0.18255016207695007,1.1832109615206718,1.0006607994437218,512,,,,,,,,,,,
1163,0.7000081842595881,0.6899757731016035,0.7109375,0.5782544203102589,1.506456881761551,0.2185354344546795,0.24582914263010025,4.903584326664929e-05,0.2185354344546795,0.7223730236291885,0.25603828579187393,1.6239262521266937,1.3678879663348198,512,,,,,,,,,,,
1164,0.7000081842595881,0.6900561809539795,1.1875,0.46584426052868366,1.2057034708559513,0.1500637410208583,0.2059457264840603,4.894820504665056e-05,0.1500637410208583,0.7173193246126175,0.17799286171793938,1.3555525168776512,1.1775596551597118,512,,,,,,,,,,,
1165,0.7000081842595881,0.6901361576660915,1,0.6638485677540302,1.7310748547315598,0.13134624250233173,0.28058739844709635,4.886057005927219e-05,0.13134624250233173,0.7256103307008743,0.14737269654870033,0.80266497656703,0.6552922800183296,512,,,,,,,,,,,
1166,0.7000081842595881,0.6902157043969189,0.65234375,0.5812188200652599,1.4911818876862526,0.15477175638079643,0.2700871666893363,4.877293857385439e-05,0.15477175638079643,0.7191430404782295,0.16962698474526405,1.3467723242938519,1.1771453395485878,512,,,,,,,,,,,
1167,0.7000081842595881,0.6902948223054408,0.859375,0.5561485439538956,1.4435316026210785,0.12117199040949345,0.24176695942878723,4.8685310859726576e-05,0.12117199040949345,0.7415405139327049,0.11572056263685226,1.3650818690657616,1.2493613064289093,512,,,,,,,,,,,
1168,0.7000081839843574,0.6903735125506365,0.62890625,0.5327713191509247,1.380987100303173,0.11191962659358978,0.2334713600575924,4.859768718620656e-05,0.11191962659358978,0.728889137506485,0.13846730068325996,0.951565470546484,0.813098169863224,512,0.0009581428021192551,0.0009581428021192551,0.02,14413,0.7000081839843574,14413,14414,28827,-1,14413,43944
1169,0.7000081839843574,0.6904517762914851,0.62109375,0.7463264055550098,1.9617493227124214,0.1401206743903458,0.29984573647379875,4.851006782259977e-05,0.1401206743903458,0.7241650074720383,0.16531801968812943,1.808334581553936,1.6430165618658066,512,,,,,,,,,,,
1170,0.7000081839843574,0.6905296146869659,0.62890625,0.4771629087626934,1.2574711963534355,0.1537832636386156,0.18847693130373955,4.8422453038198364e-05,0.1537832636386156,0.7174657881259918,0.18756765872240067,1.438552126288414,1.2509844675660133,512,,,,,,,,,,,
1171,0.7000081839843574,0.6906070288960581,1.03125,0.770597018301487,1.9969068095088005,0.20613006688654423,0.33823562506586313,4.833484310228044e-05,0.20613006688654423,0.7142187356948853,-0.010568462312221527,1.425059050321579,1.4356275126338005,512,,,,,,,,,,,
1172,0.7000081839843574,0.6906840200777407,0.7265625,0.5315342620015144,1.3560829386115074,0.1738780504092574,0.2546269176527858,4.8247238284109194e-05,0.1738780504092574,0.7171533107757568,0.15747594833374023,1.1695898175239563,1.012113869190216,512,,,,,,,,,,,
1173,0.7000081839843574,0.690760589390993,1.1328125,0.5668404921889305,1.4255432486534119,0.16637302422896028,0.2921551391482353,4.815963885293206e-05,0.16637302422896028,0.7176611199975014,0.19225138425827026,1.3798440173268318,1.1875926330685616,512,,,,,,,,,,,
1174,0.7000081839843574,0.6908367379947944,0.72265625,0.5632811188697815,1.4623112678527832,0.22619052603840828,0.2446011770516634,4.8072045077979974e-05,0.22619052603840828,0.7123046964406967,0.22136815637350082,1.9707780182361603,1.7494098618626595,512,,,,,,,,,,,
1175,0.7000081839843574,0.690912467048124,0.72265625,0.4488702826201916,1.1697133481502533,0.13502035290002823,0.19049960188567638,4.798445722846643e-05,0.13502035290002823,0.7244848683476448,0.13469981029629707,1.1449272595345974,1.0102274492383003,512,,,,,,,,,,,
1176,0.7000081839843574,0.6909877777099609,0.765625,0.4248554930090904,1.0806066170334816,0.14188804384320974,0.20683425292372704,4.7896875573586755e-05,0.14188804384320974,0.7199535891413689,0.14627563953399658,1.691504668444395,1.5452290289103985,512,0.0009015477262437344,0.0009015477262437344,0.02,12420,0.7000081839843574,12420,12420,24840,0,12420,42077
1177,0.7000081839843574,0.6910626711392843,0.69140625,0.5721153542399406,1.5024290680885315,0.1758040450513363,0.23125377669930458,4.780930038251721e-05,0.1758040450513363,0.7086767256259918,0.22344768047332764,1.4453909248113632,1.2219432443380356,512,,,,,,,,,,,
1178,0.7000081839843574,0.6911371484950737,0.71875,0.5740344487130642,1.4861762002110481,0.13072975911200047,0.25332205183804035,4.772173192441419e-05,0.13072975911200047,0.7312817052006721,0.2171240672469139,1.5713568776845932,1.3542328104376793,512,,,,,,,,,,,
1179,0.7000081839843574,0.6912112109363079,0.64453125,0.6525820940732956,1.7131367400288582,0.12162928655743599,0.2643846785649657,4.7634170468413425e-05,0.12162928655743599,0.7212963551282883,0.19263184070587158,1.13902098685503,0.9463891461491585,512,,,,,,,,,,,
1180,0.7000081839843574,0.6912848596219663,0.69921875,0.6162748951464891,1.590258926153183,0.15830865409225225,0.27724063489586115,4.7546616283629105e-05,0.15830865409225225,0.7243896275758743,0.11480194330215454,1.5197904780507088,1.4049885347485542,512,,,,,,,,,,,
1181,0.7000081839843574,0.6913580957110281,0.89453125,0.5294310227036476,1.3862472996115685,0.1971293706446886,0.21808908972889185,4.7459069639153054e-05,0.1971293706446886,0.6886889412999153,0.30127447098493576,1.2469354830682278,0.945661012083292,512,,,,,,,,,,,
1182,0.7000081839843574,0.6914309203624724,0.66015625,0.48542359098792076,1.2593637630343437,0.15849096979945898,0.21161673590540886,4.7371530804053954e-05,0.15849096979945898,0.7206933423876762,0.19472452253103256,2.0399402901530266,1.845215767621994,512,,,,,,,,,,,
1183,0.7000081839843574,0.6915033347352787,0.79296875,0.6605110354721546,1.7310970202088356,0.19723516423255205,0.2704514656215906,4.728400004737647e-05,0.19723516423255205,0.7022363170981407,0.22462118417024612,1.1212054565548897,0.8965842723846436,512,,,,,,,,,,,
1184,0.7000083471961523,0.6915753399884259,0.8203125,0.5220116302371025,1.358754076063633,0.14975794404745102,0.22309929225593805,4.7196477638140404e-05,0.14975794404745102,0.7241284027695656,0.087644774466753,1.8367168977856636,1.7490721233189106,512,0.0008407560526393354,0.0008407560526393354,0.02,12010,0.7000083471961523,12010,12010,24020,0,12010,42005
1185,0.7000083471961523,0.6916469372808933,0.85546875,0.5032726228237152,1.3010930716991425,0.1957071516662836,0.2239754293113947,4.710896384534e-05,0.1957071516662836,0.7072656005620956,0.1487906314432621,1.036477193236351,0.8876865617930889,512,,,,,,,,,,,
1186,0.7000083471961523,0.6917181277716601,0.78125,0.5555606819689274,1.4441747069358826,0.20177965331822634,0.23934240639209747,4.702145893794292e-05,0.20177965331822634,0.7049487307667732,0.10741634666919708,1.39177805185318,1.2843617051839828,512,,,,,,,,,,,
1187,0.7000083471961523,0.6917889126197055,1.578125,0.6939034722745419,1.817051187157631,0.17928014881908894,0.2856865022331476,4.693396318488957e-05,0.17928014881908894,0.7241723537445068,0.3317137658596039,2.5288370326161385,2.1971232667565346,512,,,,,,,,,,,
1188,0.7000083471961523,0.6918592929840087,0.68359375,0.5252225548028946,1.3664841651916504,0.1422815341502428,0.22509924694895744,4.684647685509221e-05,0.1422815341502428,0.7144433408975601,0.18122584372758865,1.173198588192463,0.9919727444648743,512,,,,,,,,,,,
1189,0.7000083471961523,0.691929270023549,0.76953125,0.5026494860649109,1.3093709200620651,0.13374115899205208,0.2138092638924718,4.6759000217434114e-05,0.13374115899205208,0.7296264618635178,0.10754510387778282,0.8634340465068817,0.7558889426290989,512,,,,,,,,,,,
1190,0.7000083471961523,0.6919988448973055,0.765625,0.44505752995610237,1.1512113064527512,0.17291192710399628,0.19744778983294964,4.6671533540768804e-05,0.17291192710399628,0.7144433557987213,0.14904003590345383,0.9305277839303017,0.7814877480268478,512,,,,,,,,,,,
1191,0.7000083471961523,0.6920680187642574,0.74609375,0.5372896641492844,1.3950703740119934,0.15199017338454723,0.23308004345744848,4.6584077093919146e-05,0.15199017338454723,0.7053881511092186,0.21843290701508522,1.6560895927250385,1.4376566857099533,512,,,,,,,,,,,
1192,0.7000083474713831,0.6921367927833839,0.7578125,0.7170261181890965,1.8686099126935005,0.1441448712721467,0.3041964387521148,4.649663114567663e-05,0.1441448712721467,0.7245312482118607,0.21176394447684288,1.1995311975479126,0.9877672530710697,512,0.0008042228291742504,0.0008042228291742504,0.02,12425,0.7000083474713831,12425,12424,24849,1,12425,42738
1193,0.7000083474713831,0.6922051681136644,0.578125,0.5540855899453163,1.453898973762989,0.12203719187527895,0.22514816839247942,4.640919596480043e-05,0.12203719187527895,0.7275829911231995,0.14902808144688606,1.5762265399098396,1.4271984584629536,512,,,,,,,,,,,
1194,0.7000083474713831,0.6922731459140777,0.72265625,0.505942590534687,1.3070408254861832,0.14843544270843267,0.22611850779503584,4.6321771820016636e-05,0.14843544270843267,0.7356518283486366,0.13911493867635727,1.457783505320549,1.3186685666441917,512,,,,,,,,,,,
1195,0.7000083474713831,0.6923407273436033,0.65625,0.4816760830581188,1.2526402994990349,0.16715900786221027,0.20698414836078882,4.623435898001741e-05,0.16715900786221027,0.7133520469069481,0.14136220887303352,1.7805826477706432,1.6392204388976097,512,,,,,,,,,,,
1196,0.7000083474713831,0.6924079135612204,0.73828125,0.549612395465374,1.4355614930391312,0.12080732686445117,0.22993056289851665,4.6146957713460195e-05,0.12080732686445117,0.7321411073207855,0.11019568517804146,1.3967005610466003,1.2865048758685589,512,,,,,,,,,,,
1197,0.7000083474713831,0.6924747057259082,0.6875,0.3828027732670307,0.9928212314844131,0.17933088541030884,0.16718713473528624,4.605956828896684e-05,0.17933088541030884,0.7175878807902336,0.1624784618616104,1.491092011332512,1.3286135494709015,512,,,,,,,,,,,
1198,0.7000083474713831,0.6925411049966459,0.6796875,0.4774502255022526,1.2417795807123184,0.15890901163220406,0.205039257183671,4.597219097512279e-05,0.15890901163220406,0.725349098443985,0.2289525866508484,1.4686473719775677,1.2396947853267193,512,,,,,,,,,,,
1199,0.7000083474713831,0.6926071125324125,0.8203125,0.6619535684585571,1.7402466759085655,0.1775953732430935,0.2656731493771076,4.5884826040476326e-05,0.1775953732430935,0.7166601419448853,0.20255092158913612,1.0461219474673271,0.843571025878191,512,,,,,,,,,,,
1200,0.7000083474713831,0.6926727294921875,0.62109375,0.5815395824611187,1.5233195573091507,0.13299071416258812,0.23892152961343527,4.579747375353763e-05,0.13299071416258812,0.7285278141498566,0.16318600624799728,1.1355574280023575,0.9723714217543602,512,0.000945910403970629,0.000945910403970629,0.02,10759,0.7000083474713831,10759,10759,21518,0,10759,40778
1201,0.7000083474713831,0.6927379570349499,0.7890625,0.40992563776671886,1.0617262944579124,0.1393833737820387,0.18047256581485271,4.571013438277801e-05,0.1393833737820387,0.7268236950039864,0.25080855935811996,2.12728051841259,1.87647195905447,512,,,,,,,,,,,
1202,0.7000083474713831,0.692802796319679,0.84375,0.7397289648652077,1.9201118424534798,0.1625490002334118,0.32149099092930555,4.562280819662911e-05,0.1625490002334118,0.7135644257068634,0.14292099699378014,1.2996433302760124,1.1567223332822323,512,,,,,,,,,,,
1203,0.7000083474713831,0.6928672485053539,0.6640625,0.6571522206068039,1.7009201049804688,0.147489657625556,0.290450232103467,4.553549546348203e-05,0.147489657625556,0.7270214632153511,0.11937111988663673,1.5617943033576012,1.4424231834709644,512,,,,,,,,,,,
1204,0.7000083474713831,0.6929313147509539,0.6015625,0.5883587263524532,1.5347637012600899,0.12278215494006872,0.2481414433568716,4.54481964516865e-05,0.12278215494006872,0.7316943183541298,0.11656299605965614,1.1109147742390633,0.9943517781794071,512,,,,,,,,,,,
1205,0.7000083474713831,0.6929949962154582,0.8046875,0.5624802112579346,1.4686539098620415,0.16366379335522652,0.23583153076469898,4.536091142955014e-05,0.16366379335522652,0.721442848443985,0.08332425355911255,2.325707644224167,2.2423833906650543,512,,,,,,,,,,,
1206,0.7000083474713831,0.693058294057846,0.59765625,0.5257552340626717,1.3612904846668243,0.15330326464027166,0.23190714605152607,4.5273640665337525e-05,0.15330326464027166,0.7194579914212227,0.1800478994846344,1.8017770275473595,1.621729128062725,512,,,,,,,,,,,
1207,0.7000083474713831,0.6931212094370965,0.6171875,0.32895658910274506,0.8505587130784988,0.16513761226087809,0.14627938717603683,4.5186384427269434e-05,0.16513761226087809,0.714184544980526,0.14991090446710587,1.1931479945778847,1.0432370901107788,512,,,,,,,,,,,
1208,0.7000083471961523,0.6931837435121889,0.6796875,0.5840906389057636,1.5331701189279556,0.20055858604609966,0.23680141754448414,4.509914298352197e-05,0.20055858604609966,0.7022558450698853,0.1430468186736107,1.4622492343187332,1.3192024156451225,512,0.0008893540943972766,0.0008893540943972766,0.02,10209,0.7000083471961523,10209,10210,20419,-1,10209,39958
1209,0.7000083471961523,0.6932458974421024,0.6953125,0.64869349822402,1.684400513768196,0.12344686221331358,0.28133726213127375,4.5011916602225815e-05,0.12344686221331358,0.723207987844944,0.06706966087222099,0.9299398809671402,0.8628702200949192,512,,,,,,,,,,,
1210,0.7000083471961523,0.6933076723858161,1.4453125,0.5152584556490183,1.3659984543919563,0.12212991900742054,0.19539074692875147,4.492470555146531e-05,0.12212991900742054,0.7168115004897118,0.10111783631145954,1.1921341177076101,1.0910162813961506,512,,,,,,,,,,,
1211,0.7000083471961523,0.6933690695023095,0.69140625,0.6646566428244114,1.751969076693058,0.1967473290860653,0.262141901999712,4.4837510099277696e-05,0.1967473290860653,0.7208959683775902,0.20485439896583557,1.867170237004757,1.6623158380389214,512,,,,,,,,,,,
1212,0.7000083471961523,0.6934300899505614,0.73046875,0.936836339533329,2.4512580186128616,0.15418192744255066,0.38763992115855217,4.475033051365228e-05,0.15418192744255066,0.7239550724625587,0.13597171008586884,1.1611529290676117,1.0251812189817429,512,,,,,,,,,,,
1213,0.7000083471961523,0.6934907348895514,0.6484375,0.5754907317459583,1.505762666463852,0.1472121700644493,0.23814856074750423,4.46631670625296e-05,0.1472121700644493,0.7241967543959618,0.14140288904309273,1.9624361917376518,1.821033302694559,512,,,,,,,,,,,
1214,0.7000083471961523,0.6935510054782584,0.84375,0.6854995600879192,1.8110732063651085,0.19248883798718452,0.2661981312558055,4.457602001380061e-05,0.19248883798718452,0.7150585874915123,0.1478724144399166,1.7444913797080517,1.596618965268135,512,,,,,,,,,,,
1215,0.7000083471961523,0.6936109028756618,0.828125,0.6926458850502968,1.8035340085625648,0.17259472329169512,0.2953928429633379,4.4488889635305844e-05,0.17259472329169512,0.7329394370317459,0.16329088807106018,1.1842855662107468,1.0209946781396866,512,,,,,,,,,,,
1216,0.7000085238942508,0.6936704282407408,0.69921875,0.6103641539812088,1.6068573519587517,0.16627678461372852,0.24273093417286873,4.4401776194834613e-05,0.16627678461372852,0.7106884494423866,0.17839587107300758,0.9945549815893173,0.8161591105163097,512,0.0006730329478159547,0.0006730329478159547,0.02,11958,0.7000085238942508,11958,11956,23914,2,11958,42435
1217,0.7000085238942508,0.6937295827324743,0.796875,0.6807610467076302,1.7580131217837334,0.1852090246975422,0.3048990648239851,4.4314679960124145e-05,0.1852090246975422,0.7051952928304672,0.25338754430413246,1.3426720909774303,1.0892845466732979,512,,,,,,,,,,,
1218,0.7000085238942508,0.6937883675098419,3.046875,0.6807739362120628,1.79616379737854,0.1499047027900815,0.2667874228209257,4.422760119885881e-05,0.1499047027900815,0.7119335830211639,0.25051309168338776,2.6415864899754524,2.3910733982920647,512,,,,,,,,,,,
1219,0.7000085238942508,0.6938467837318225,0.65234375,0.4058123119175434,1.0372566506266594,0.1550135938450694,0.1924775531515479,4.414054017866925e-05,0.1550135938450694,0.7234423756599426,0.2215348184108734,1.1871732994914055,0.9656384810805321,512,,,,,,,,,,,
1220,0.7000085238942508,0.6939048325573957,0.875,0.6037254929542542,1.579154059290886,0.18036925699561834,0.25031703524291515,4.405349716713165e-05,0.18036925699561834,0.7148022204637527,0.26275239884853363,1.7154247537255287,1.452672354876995,512,,,,,,,,,,,
1221,0.7000085238942508,0.6939625151455402,0.703125,0.713003346696496,1.8655254617333412,0.15420616511255503,0.2950906427577138,4.3966472431766754e-05,0.15420616511255503,0.7182006686925888,0.13882989436388016,0.888405442237854,0.7495755478739738,512,,,,,,,,,,,
1222,0.7000085238942508,0.6940198326552355,0.6875,0.5895489938557148,1.5334573686122894,0.1677247639745474,0.25305463559925556,4.3879466240039196e-05,0.1677247639745474,0.711623527109623,0.1576048508286476,1.2150109186768532,1.0574060678482056,512,,,,,,,,,,,
1223,0.7000085238942508,0.6940767862454609,0.70703125,0.3790055029094219,0.9871358126401901,0.16025866102427244,0.1613656748086214,4.379247885935659e-05,0.16025866102427244,0.7149291709065437,0.15469049289822578,1.0885527208447456,0.9338622279465199,512,,,,,,,,,,,
1224,0.7000085238942508,0.6941333770751953,0.7734375,0.4742138721048832,1.2354413196444511,0.16963617969304323,0.2015703935176134,4.370551055706874e-05,0.16963617969304323,0.725231908261776,0.117069773375988,1.3759355247020721,1.2588657513260841,512,0.0006229876889847219,0.0006229876889847219,0.02,11457,0.7000085238942508,11457,11457,22914,0,11457,42074
1225,0.7000085238942508,0.6941896063034181,1.125,0.5415464863181114,1.405628964304924,0.16490373015403748,0.23542092740535736,4.3618561600466836e-05,0.16490373015403748,0.7235082983970642,-0.08418142050504684,1.7759361788630486,1.8601175993680954,512,,,,,,,,,,,
1226,0.7000085238942508,0.6942454750891085,0.8046875,0.8194493874907494,2.152364246547222,0.1378656653687358,0.33081559650599957,4.3531632256782554e-05,0.1378656653687358,0.7213915660977364,0.028844468295574188,1.2541415020823479,1.2252970337867737,512,,,,,,,,,,,
1227,0.7000085238942508,0.6943009845912456,0.71875,0.8660441488027573,2.2686787247657776,0.14099473413079977,0.3556973673403263,4.344472279318737e-05,0.14099473413079977,0.7373046427965164,0.1284034103155136,1.4435709118843079,1.3151675015687943,512,,,,,,,,,,,
1228,0.7000085238942508,0.6943561359688087,0.796875,0.6123221181333065,1.5913565456867218,0.1443275148048997,0.26416499726474285,4.335783347679162e-05,0.1443275148048997,0.7272240966558456,0.17898282408714294,0.9705323800444603,0.7915495559573174,512,,,,,,,,,,,
1229,0.7000085238942508,0.6944109303807771,0.73828125,0.7861231453716755,2.062703773379326,0.16929237265139818,0.3194875158369541,4.3270964574643693e-05,0.16929237265139818,0.7172875702381134,0.2035326138138771,1.578395038843155,1.3748624250292778,512,,,,,,,,,,,
1230,0.7000085238942508,0.6944653689861298,0.77734375,0.6348457261919975,1.6516498401761055,0.15485465340316296,0.27212502993643284,4.318411635372929e-05,0.15485465340316296,0.7219824269413948,0.15167001634836197,1.1741844564676285,1.0225144401192665,512,,,,,,,,,,,
1231,0.7000085238942508,0.694519452943846,0.67578125,0.6818249002099037,1.7676920667290688,0.17160213645547628,0.2984439190477133,4.3097289080970497e-05,0.17160213645547628,0.703752413392067,0.1952214166522026,1.273482583463192,1.0782611668109894,512,,,,,,,,,,,
1232,0.7000085236190201,0.6945731834129051,0.6640625,0.4075378570705652,1.0553497970104218,0.12637630943208933,0.17961334343999624,4.3010483023225045e-05,0.12637630943208933,0.7300317138433456,0.13149670511484146,0.8582024946808815,0.72670578956604,512,0.0006972520495764911,0.0006972520495764911,0.02,10384,0.7000085236190201,10384,10385,20769,-1,10384,41284
1233,0.7000085236190201,0.6946265615522861,0.6328125,0.41601246409118176,1.0689448192715645,0.13976990710943937,0.19169895257800817,4.292369844728544e-05,0.13976990710943937,0.7233666777610779,0.15637637674808502,1.4701635614037514,1.3137871846556664,512,,,,,,,,,,,
1234,0.7000085236190201,0.6946795885209683,0.6875,0.6262305453419685,1.6483485996723175,0.17741424962878227,0.24931962974369526,4.283693561987824e-05,0.17741424962878227,0.7159765288233757,0.13835852593183517,1.7575453221797943,1.6191867962479591,512,,,,,,,,,,,
1235,0.7000085236190201,0.694732265477931,0.78125,0.7560410164296627,1.9877583682537079,0.18234179355204105,0.30327490344643593,4.2750194807663066e-05,0.18234179355204105,0.7178881838917732,0.33461587876081467,1.632200188934803,1.2975843101739883,512,,,,,,,,,,,
1236,0.7000085236190201,0.6947845935821533,0.67578125,0.49328985437750816,1.2609991654753685,0.1908780261874199,0.23381848447024822,4.2663476277231915e-05,0.1908780261874199,0.7217870876193047,0.21336741000413895,2.2449113875627518,2.031543977558613,512,,,,,,,,,,,
1237,0.7000085236190201,0.6948365739926143,0.703125,0.6652065087109804,1.6941656470298767,0.12360145337879658,0.3216115813702345,4.257678029510832e-05,0.12360145337879658,0.7298315167427063,0.11450720205903053,1.2073916867375374,1.0928844846785069,512,,,,,,,,,,,
1238,0.7000085236190201,0.6948882078682935,0.7890625,0.513942938297987,1.328644149005413,0.15312953852117062,0.2287586461752653,4.249010712774648e-05,0.15312953852117062,0.7190185487270355,0.1111261397600174,1.2169890850782394,1.105862945318222,512,,,,,,,,,,,
1239,0.7000085236190201,0.6949394963681698,0.72265625,0.4673822224140167,1.2086249887943268,0.15629609860479832,0.20768471620976925,4.240345704153048e-05,0.15629609860479832,0.7233593463897705,0.13128798454999924,1.954633206129074,1.8233452215790749,512,,,,,,,,,,,
1240,0.7000085236190201,0.6949904406512224,0.62890625,0.45810627564787865,1.1971318423748016,0.12524152174592018,0.19106892216950655,4.231683030277349e-05,0.12524152174592018,0.7301562502980232,0.14640355482697487,0.9332709908485413,0.7868674360215664,512,0.0010015189182013273,0.0010015189182013273,0.02,9970,0.7000085236190201,9970,9970,19940,0,9970,40688
1241,0.7000085236190201,0.6950410418764308,0.8203125,0.6504278108477592,1.7128546833992004,0.17007193807512522,0.2581386212259531,4.223022717771693e-05,0.17007193807512522,0.7094848453998566,0.2840788885951042,2.472733862698078,2.188654974102974,512,,,,,,,,,,,
1242,0.7000085236190201,0.695091301202774,0.828125,0.46016357094049454,1.2062525004148483,0.16517899045720696,0.18818246852606535,4.21436479325296e-05,0.16517899045720696,0.7134643420577049,0.20239638164639473,1.7262844815850258,1.523888099938631,512,,,,,,,,,,,
1243,0.7000085236190201,0.6951412197892313,0.66796875,0.3867326620966196,1.0042796283960342,0.11294097267091274,0.16763747204095125,4.205709283330694e-05,0.11294097267091274,0.7278613224625587,0.11301635205745697,0.731092531234026,0.618076179176569,512,,,,,,,,,,,
1244,0.7000085236190201,0.6951907987947816,0.7265625,0.48950207605957985,1.2645856365561485,0.15459073334932327,0.21875395439565182,4.197056214607015e-05,0.15459073334932327,0.7159008458256721,0.04265494644641876,2.428506188094616,2.385851241648197,512,,,,,,,,,,,
1245,0.7000085236190201,0.6952400393784046,0.78515625,0.5095339640974998,1.310475118458271,0.15743097476661205,0.2335671205073595,4.188405613676546e-05,0.15743097476661205,0.7186035066843033,0.15011268109083176,1.1595362573862076,1.0094235762953758,512,,,,,,,,,,,
1246,0.7000085236190201,0.6952889426990791,0.69921875,0.6550809741020203,1.6905048564076424,0.16714356373995543,0.29458891972899437,4.179757507126319e-05,0.16714356373995543,0.7016845643520355,0.17128019407391548,2.3274499997496605,2.156169805675745,512,,,,,,,,,,,
1247,0.7000085236190201,0.6953375099157846,0.9140625,0.7352292090654373,1.9263276010751724,0.18009558971971273,0.30163960717618465,4.171111921535703e-05,0.18009558971971273,0.7046118006110191,0.15202675759792328,1.6691811606287956,1.5171544030308723,512,,,,,,,,,,,
1248,0.7000087019685027,0.6953857421874999,0.75390625,0.5674082823097706,1.4808539003133774,0.1592983603477478,0.2385651096701622,4.162468883476319e-05,0.1592983603477478,0.7226879671216011,0.1996462121605873,1.398094967007637,1.1984487548470497,512,0.000696298317052424,0.000696298317052424,0.02,10938,0.7000087019685027,10938,10938,21876,0,10938,42466
1249,0.7000087019685027,0.6954336406732047,0.72265625,0.5223083309829235,1.355326108634472,0.14781347755342722,0.22742631752043962,4.1538284195119546e-05,0.14781347755342722,0.7236938178539276,0.007783051580190659,1.3127863742411137,1.305003322660923,512,,,,,,,,,,,
1250,0.7000087019685027,0.6954812065318778,0.6640625,0.74788399040699,1.9138671830296516,0.11035234201699495,0.35244789719581604,4.1451905561984936e-05,0.11035234201699495,0.7331298664212227,0.11148858442902565,0.725249670445919,0.6137610860168934,512,,,,,,,,,,,
1251,0.7000087019685027,0.6955284409224987,0.66796875,0.6027394570410252,1.5491799786686897,0.1580747812986374,0.27730314433574677,4.136555320083821e-05,0.1580747812986374,0.730710431933403,0.11661036312580109,1.6635832265019417,1.5469728633761406,512,,,,,,,,,,,
1252,0.7000087019685027,0.6955753450040464,0.65625,0.3403583988547325,0.890268936753273,0.18561520148068666,0.14112010970711708,4.127922737707747e-05,0.18561520148068666,0.7003515511751175,0.1496429517865181,1.2079785764217377,1.0583356246352196,512,,,,,,,,,,,
1253,0.7000087019685027,0.6956219199355002,0.63671875,0.3643348030745983,0.9496519193053246,0.16435192711651325,0.15439290180802345,4.119292835601929e-05,0.16435192711651325,0.7226098328828812,0.24014319479465485,1.7775010094046593,1.5373578146100044,512,,,,,,,,,,,
1254,0.7000087019685027,0.6956681668758392,0.60546875,0.5914244204759598,1.5663357228040695,0.12775846431031823,0.2258594147861004,4.110665640289782e-05,0.12775846431031823,0.7169530987739563,0.08620722964406013,1.3396085985004902,1.25340136885643,512,,,,,,,,,,,
1255,0.7000087019685027,0.6957140869840427,0.6796875,0.5739029757678509,1.5164724588394165,0.12977980729192495,0.22262739390134811,4.10204117828641e-05,0.12977980729192495,0.7350317165255547,0.1400870643556118,1.047410760074854,0.9073236957192421,512,,,,,,,,,,,
1256,0.7000087022437333,0.69575968141909,0.70703125,0.6051506623625755,1.600253701210022,0.15254412963986397,0.2335361037403345,4.093419476098509e-05,0.15254412963986397,0.7180492952466011,0.10593507438898087,1.2515854164958,1.1456503421068192,512,0.0011291217524558306,0.0011291217524558306,0.02,8526,0.7000087022437333,8526,8525,17051,1,8526,39818
1257,0.7000087022437333,0.69580495133996,0.6640625,0.654624093323946,1.7248096466064453,0.1500796666368842,0.2588996458798647,4.084800560224295e-05,0.1500796666368842,0.712216779589653,0.1842280738055706,1.2450610175728798,1.0608329437673092,512,,,,,,,,,,,
1258,0.7000087022437333,0.6958498979056322,0.71484375,0.7229575328528881,1.8984535932540894,0.16436663269996643,0.29232675209641457,4.076184457153423e-05,0.16436663269996643,0.7167065069079399,0.1745767444372177,0.9238251820206642,0.7492484375834465,512,,,,,,,,,,,
1259,0.7000087022437333,0.6958945222750857,0.6640625,0.4178187660872936,1.0869874060153961,0.1479107765480876,0.17913002893328667,4.067571193366897e-05,0.1479107765480876,0.7214794605970383,0.16829010099172592,0.9191640838980675,0.7508739829063416,512,,,,,,,,,,,
1260,0.7000087022437333,0.6959388256072998,0.71484375,0.798493891954422,2.1059446409344673,0.15000701416283846,0.3137336988002062,4.0589607953370007e-05,0.15000701416283846,0.7244482189416885,0.17765051871538162,0.9465038105845451,0.7688532918691635,512,,,,,,,,,,,
1261,0.7000087022437333,0.6959828090612535,0.7109375,0.8394899070262909,2.1992333084344864,0.16477933898568153,0.34467536583542824,4.050353289527205e-05,0.16477933898568153,0.7120996043086052,0.16771123558282852,1.463975615799427,1.2962643802165985,512,,,,,,,,,,,
1262,0.7000087022437333,0.6960264737959261,0.7421875,0.5579835139214993,1.4553772956132889,0.1812476823106408,0.23548178188502789,4.0417487023921005e-05,0.1812476823106408,0.7305981144309044,0.27754471078515053,1.3548257127404213,1.0772810019552708,512,,,,,,,,,,,
1263,0.7000087022437333,0.6960698209702968,0.6875,0.5680945962667465,1.4789763167500496,0.1408108314499259,0.24252240173518658,4.0331470603772975e-05,0.1408108314499259,0.7219530940055847,0.15388377755880356,1.1402489840984344,0.9863652065396309,512,,,,,,,,,,,
1264,0.7000087022437333,0.6961128517433448,0.8046875,0.7884762659668922,2.071870282292366,0.19941394962370396,0.3174516595900059,4.0245483899193595e-05,0.19941394962370396,0.6996679604053497,0.37354954332113266,2.312855802476406,1.9393062591552734,512,0.00084864062955603,0.00084864062955603,0.02,10010,0.7000087022437333,10010,10010,20020,0,10010,41361
1265,0.7000087022437333,0.6961555672740495,0.66796875,0.6992793157696724,1.8215462788939476,0.14477885887026787,0.2974819000810385,4.015952717445716e-05,0.14477885887026787,0.7235473543405533,0.12790634110569954,1.2004318088293076,1.072525467723608,512,,,,,,,,,,,
1266,0.7000087022437333,0.6961979687213897,0.640625,0.5015571713447571,1.3130176290869713,0.13209147658199072,0.20685250125825405,4.007360069374583e-05,0.13209147658199072,0.7310449182987213,0.10072735324501991,0.7933426424860954,0.6926152892410755,512,,,,,,,,,,,
1267,0.7000087022437333,0.6962400572443449,0.8828125,0.6512869261205196,1.676929198205471,0.13484692014753819,0.2966674445196986,3.99877047211488e-05,0.13484692014753819,0.7353149205446243,0.13865599036216736,1.1273483261466026,0.9886923357844353,512,,,,,,,,,,,
1268,0.7000087022437333,0.6962818340018944,0.72265625,0.36337781697511673,0.9427842125296593,0.17019272409379482,0.15836064517498016,3.990183952066151e-05,0.17019272409379482,0.7313134595751762,0.12304041534662247,1.4868203997612,1.3637799844145775,512,,,,,,,,,,,
1269,0.7000087022437333,0.696323300153017,0.7109375,0.48320785351097584,1.257680281996727,0.17066890094429255,0.20658587664365768,3.9816005356184856e-05,0.17066890094429255,0.7187573090195656,0.2630799114704132,2.2747555300593376,2.0116756185889244,512,,,,,,,,,,,
1270,0.7000087022437333,0.6963644568566922,0.82421875,0.5644397512078285,1.4801296591758728,0.2528827143833041,0.23029371164739132,3.973020249152428e-05,0.2528827143833041,0.7069555446505547,0.1720660999417305,1.9371867179870605,1.76512061804533,512,,,,,,,,,,,
1271,0.7000087022437333,0.6964053052718993,0.70703125,0.45438210293650627,1.1760990470647812,0.16716510336846113,0.20081636868417263,3.964443119038908e-05,0.16716510336846113,0.7193041890859604,0.11438151076436043,1.0029178634285927,0.8885363526642323,512,,,,,,,,,,,
1272,0.7000087022437333,0.6964458465576171,0.6796875,0.37857308611273766,0.9770827069878578,0.15494344010949135,0.1701084217056632,3.955869171639152e-05,0.15494344010949135,0.712294913828373,0.20645203813910484,1.2246882431209087,1.018236204981804,512,0.0008276907610706985,0.0008276907610706985,0.02,9528,0.7000087022437333,9528,9528,19056,0,9528,41018
1273,0.7000087022437333,0.6964860818728252,0.625,0.5560428202152252,1.445733167231083,0.18002943601459265,0.23924503568559885,3.947298433304604e-05,0.18002943601459265,0.714711919426918,0.1060415729880333,1.5575525760650635,1.4515110030770302,512,,,,,,,,,,,
1274,0.7000087022437333,0.6965260123765027,0.65234375,0.5116484053432941,1.3289240151643753,0.14196080807596445,0.22152564208954573,3.9387309303768484e-05,0.14196080807596445,0.7352905124425888,0.11948138475418091,1.5237110927700996,1.4042297080159187,512,,,,,,,,,,,
1275,0.7000087022437333,0.6965656392276287,0.7734375,0.639150433242321,1.6736358180642128,0.1307422872632742,0.26318363659083843,3.930166689187521e-05,0.1307422872632742,0.7289257645606995,0.1343051828444004,0.7593289613723755,0.6250237785279751,512,,,,,,,,,,,
1276,0.7000087022437333,0.6966049635851824,0.69140625,0.6943655535578728,1.796311378479004,0.147945336997509,0.30782653018832207,3.921605736058238e-05,0.147945336997509,0.7193066328763962,0.14764481037855148,0.804315447807312,0.6566706374287605,512,,,,,,,,,,,
1277,0.7000087022437333,0.6966439866081432,0.75390625,0.7522811479866505,1.9371635988354683,0.14373524812981486,0.3424761928617954,3.913048097300508e-05,0.14373524812981486,0.7144579887390137,0.16505269333720207,0.8589895591139793,0.6939368657767773,512,,,,,,,,,,,
1278,0.7000087022437333,0.69668270945549,0.66796875,0.43627775833010674,1.1396507769823074,0.16153827495872974,0.18240299448370934,3.9044937992156516e-05,0.16153827495872974,0.7400561273097992,0.13285378366708755,2.014817528426647,1.8819637447595596,512,,,,,,,,,,,
1279,0.7000087022437333,0.6967211332862023,1.203125,0.5819815024733543,1.4984641931951046,0.17030845396220684,0.26511605363339186,3.895942868094724e-05,0.17030845396220684,0.7163476198911667,0.2304638996720314,1.42971171438694,1.1992478147149086,512,,,,,,,,,,,
1280,0.7000088627032215,0.6967592592592592,0.6796875,0.47095262445509434,1.228258192539215,0.16515895538032055,0.19887088611721992,3.887395330218429e-05,0.16515895538032055,0.7197802439332008,0.19924461096525192,1.350655011832714,1.1514104008674622,512,0.0006645104731433094,0.0006645104731433094,0.02,16970,0.7000088627032215,16970,16969,33939,1,16970,49085
1281,0.7000088627032215,0.6967970885336399,1.6875,0.47113763354718685,1.2355052307248116,0.17642687540501356,0.19218448270112276,3.8788512118570466e-05,0.17642687540501356,0.7083666920661926,0.16162298992276192,1.2327060475945473,1.0710830576717854,512,,,,,,,,,,,
1282,0.7000088627032215,0.6968346222683235,0.609375,0.7195444032549858,1.8834609240293503,0.12168557569384575,0.2969765793532133,3.870310539270342e-05,0.12168557569384575,0.7333251908421516,0.08105357363820076,1.7358594313263893,1.6548058576881886,512,,,,,,,,,,,
1283,0.7000088627032215,0.6968718616222894,0.66796875,0.6218677796423435,1.6335701197385788,0.14133517257869244,0.25087760016322136,3.861773338707495e-05,0.14133517257869244,0.7221826016902924,0.13025449588894844,0.8033534362912178,0.6730989404022694,512,,,,,,,,,,,
1284,0.7000088627032215,0.6969088077545166,0.73046875,0.6197519600391388,1.5919028371572495,0.18966256827116013,0.2861333545297384,3.8532396364070115e-05,0.18966256827116013,0.7236718460917473,0.15856221690773964,1.5712516531348228,1.4126894362270832,512,,,,,,,,,,,
1285,0.7000088627032215,0.6969454618239843,0.734375,0.5045725163072348,1.307741329073906,0.15656217839568853,0.22126624546945095,3.8447094585966446e-05,0.15656217839568853,0.7284301444888115,0.21143170446157455,1.906892977654934,1.6954612731933594,512,,,,,,,,,,,
1286,0.7000088627032215,0.696981824989672,0.73046875,0.5611788630485535,1.4714494794607162,0.16225359123200178,0.22909245919436216,3.836182831493318e-05,0.16225359123200178,0.721635714173317,0.15436043217778206,1.156427577137947,1.002067144960165,512,,,,,,,,,,,
1287,0.7000088627032215,0.6970178984105586,0.65625,0.7038856036961079,1.8243662640452385,0.16408582124859095,0.30862036906182766,3.827659781303041e-05,0.16408582124859095,0.7182372882962227,0.2503831945359707,1.4057552628219128,1.155372068285942,512,,,,,,,,,,,
1288,0.7000088627032215,0.6970536832456236,0.65625,0.4694010131061077,1.226779893040657,0.17052243649959564,0.19564733933657408,3.81914033422083e-05,0.17052243649959564,0.7133105471730232,0.07701809704303741,1.8373663388192654,1.760348241776228,512,0.0006513045518659055,0.0006513045518659055,0.02,7276,0.7000088627032215,7276,7276,14552,0,7276,39354
1289,0.7000088627032215,0.6970891806538457,0.62109375,0.3894812986254692,1.0129410922527313,0.15734007395803928,0.16730522271245718,3.8106245164306246e-05,0.15734007395803928,0.7131494134664536,0.13191531226038933,1.6970748528838158,1.5651595406234264,512,,,,,,,,,,,
1290,0.7000088627032215,0.6971243917942047,0.75,0.6866940893232822,1.8288669139146805,0.19056869857013226,0.2520241793245077,3.802112354105215e-05,0.19056869857013226,0.708676740527153,0.19550322741270065,1.4002330377697945,1.2047298103570938,512,,,,,,,,,,,
1291,0.7000088627032215,0.6971593178256794,0.70703125,0.42506467178463936,1.1038974151015282,0.15573937119916081,0.18417729623615742,3.793603873406155e-05,0.15573937119916081,0.7149292007088661,0.22764090076088905,1.0994002036750317,0.8717593029141426,512,,,,,,,,,,,
1292,0.7000088627032215,0.6971939599072492,5.875,0.8408012799918652,2.1679560467600822,0.17851995211094618,0.3799265045672655,3.785099100483681e-05,0.17851995211094618,0.6954223439097404,0.15347779542207718,1.6544087529182434,1.5009309574961662,512,,,,,,,,,,,
1293,0.7000088627032215,0.6972283191978931,0.6875,0.4287441484630108,1.1002633571624756,0.1531561641022563,0.19896128308027983,3.776598061476635e-05,0.1531561641022563,0.7332446053624153,0.20352249592542648,1.54257582873106,1.3390533328056335,512,,,,,,,,,,,
1294,0.7000088627032215,0.6972623968565905,0.65234375,0.46227152459323406,1.1978725269436836,0.13957407884299755,0.20295023452490568,3.768100782512384e-05,0.13957407884299755,0.7137963846325874,0.07514869049191475,1.5948267206549644,1.5196780301630497,512,,,,,,,,,,,
1295,0.7000088627032215,0.6972961940423206,0.75,0.6284445002675056,1.6157629415392876,0.16751626320183277,0.28861425817012787,3.759607289706736e-05,0.16751626320183277,0.7097338959574699,0.15643195062875748,1.1862232610583305,1.029791310429573,512,,,,,,,,,,,
1296,0.7000088627032215,0.6973297119140625,0.75,0.6170627027750015,1.607040323317051,0.18241420108824968,0.2628465685993433,3.7511176091638653e-05,0.18241420108824968,0.7139843627810478,0.12495569884777069,1.1252801939845085,1.0003244951367378,512,0.0006831235950812697,0.0006831235950812697,0.02,9091,0.7000088627032215,9091,9091,18182,0,9091,40792
1297,0.7000088627032215,0.6973629516307954,1.1328125,0.5159250535070896,1.3397735953330994,0.15520805213600397,0.22363558784127235,3.7426317669762305e-05,0.15520805213600397,0.7151245027780533,0.16141117364168167,1.1034281998872757,0.942017026245594,512,,,,,,,,,,,
1298,0.7000088627032215,0.6973959143514986,0.63671875,0.7201357148587704,1.8947489634156227,0.1389934360049665,0.28748043812811375,3.73414978922449e-05,0.1389934360049665,0.7294530943036079,0.1559501811861992,1.2204168625175953,1.064466681331396,512,,,,,,,,,,,
1299,0.7000088627032215,0.6974286012351513,0.69140625,0.5869866833090782,1.5321606546640396,0.18045839667320251,0.24658680986613035,3.725671701977428e-05,0.18045839667320251,0.7075976431369781,0.1429070048034191,1.1063563004136086,0.9634492956101894,512,,,,,,,,,,,
1300,0.7000088627032215,0.6974610134407325,0.71875,0.5729827284812927,1.5094498619437218,0.18012860044836998,0.22686138655990362,3.717197531291867e-05,0.18012860044836998,0.7003832757472992,0.11503143608570099,2.0708404034376144,1.9558089673519135,512,,,,,,,,,,,
1301,0.7000088627032215,0.6974931521272217,0.6640625,0.8839708603918552,2.3454788476228714,0.12701422534883022,0.33322061225771904,3.708727303212598e-05,0.12701422534883022,0.7221020236611366,0.16557902842760086,1.4873278364539146,1.3217488080263138,512,,,,,,,,,,,
1302,0.7000088627032215,0.6975250184535979,0.6875,0.44721588864922523,1.166109025478363,0.14131486229598522,0.18909060209989548,3.700261043772291e-05,0.14131486229598522,0.7297631502151489,0.20011332258582115,1.3667645528912544,1.1666512303054333,512,,,,,,,,,,,
1303,0.7000088627032215,0.6975566135788405,0.8046875,0.6882571801543236,1.802870750427246,0.13121116906404495,0.28275699727237225,3.691798778991417e-05,0.13121116906404495,0.718127429485321,0.1588979810476303,1.4744775965809822,1.315579615533352,512,,,,,,,,,,,
1304,0.7000088627032215,0.6975879386619285,0.6875,0.54460952244699,1.415000706911087,0.15291458368301392,0.2353311339393258,3.683340534878176e-05,0.15291458368301392,0.7328515499830246,0.1369781270623207,0.9943938031792641,0.8574156761169434,512,0.0005412844475358725,0.0005412844475358725,0.02,8517,0.7000088627032215,8517,8517,17034,0,8517,40672
1305,0.7000088627032215,0.6976189948618412,0.609375,0.4289693459868431,1.1014574840664864,0.12921855598688126,0.19844960421323776,3.674886337428406e-05,0.12921855598688126,0.7180395349860191,0.11372173950076103,1.0082958042621613,0.8945740647614002,512,,,,,,,,,,,
1306,0.7000088627032215,0.6976497833375578,0.953125,0.7349408604204655,1.8866958320140839,0.1680325148627162,0.34039753675460815,3.666436212625509e-05,0.1680325148627162,0.7192040905356407,0.2765751890838146,1.7075404487550259,1.4309652596712112,512,,,,,,,,,,,
1307,0.7000088627032215,0.6976803052480574,0.8359375,0.8019791021943092,2.0853969007730484,0.18934584315866232,0.3448427002876997,3.657990186440369e-05,0.18934584315866232,0.6980981156229973,0.09959850460290909,1.2260273173451424,1.1264288127422333,512,,,,,,,,,,,
1308,0.7000088627032215,0.6977105617523193,0.6171875,0.4110860340297222,1.076305791735649,0.18293086253106594,0.16940941661596298,3.649548284831275e-05,0.18293086253106594,0.7262573093175888,0.1846679337322712,1.8584916405379772,1.673823706805706,512,,,,,,,,,,,
1309,0.7000088627032215,0.6977405540093227,0.80859375,0.5962293185293674,1.4888475015759468,0.18036559037864208,0.31790798250585794,3.6411105337438365e-05,0.18036559037864208,0.7159692198038101,0.21441452205181122,1.0860045924782753,0.8715900704264641,512,,,,,,,,,,,
1310,0.7000088627032215,0.6977702831780469,0.72265625,0.5116646997630596,1.3329916596412659,0.15459686890244484,0.21750733815133572,3.6326769591109086e-05,0.15459686890244484,0.7317797616124153,0.08673257008194923,1.1166234649717808,1.0298908948898315,512,,,,,,,,,,,
1311,0.7000088627032215,0.6977997504174709,1.09375,0.7540734373033047,1.9818189516663551,0.19567854329943657,0.3032520357519388,3.624247586852514e-05,0.19567854329943657,0.6967993155121803,0.1130003072321415,1.5277403369545937,1.4147400297224522,512,,,,,,,,,,,
1312,0.7000090242636324,0.697828956886574,6.875,0.582109447568655,1.5298918709158897,0.14888322725892067,0.23407611437141895,3.6158224428757535e-05,0.14888322725892067,0.7203710749745369,0.19809290766716003,1.475584663450718,1.277491755783558,512,0.0009615345043130219,0.0009615345043130219,0.02,14737,0.7000090242636324,14737,14737,29474,0,14737,47511
1313,0.7000090242636324,0.6978579037443355,0.71875,0.6233434528112411,1.616222970187664,0.12498948816210032,0.27269646525382996,3.607401553074735e-05,0.12498948816210032,0.7045385465025902,0.038334041833877563,1.383375622332096,1.3450415804982185,512,,,,,,,,,,,
1314,0.7000090242636324,0.6978865921497345,0.703125,0.6025405153632164,1.5928559005260468,0.15575620252639055,0.23302439972758293,3.598984943330492e-05,0.15575620252639055,0.7222485169768333,0.09199438244104385,0.9366360604763031,0.8446416780352592,512,,,,,,,,,,,
1315,0.7000090242636324,0.6979150232617501,0.6953125,0.5933175664395094,1.5351841896772385,0.15766791021451354,0.2627477589994669,3.590572639510903e-05,0.15766791021451354,0.7134472578763962,0.1295624002814293,1.3559382297098637,1.2263758294284344,512,,,,,,,,,,,
1316,0.7000090242636324,0.6979431982393618,0.83984375,0.7616904079914093,1.9486821442842484,0.13666483853012323,0.3594705481082201,3.582164667470612e-05,0.13666483853012323,0.7170092612504959,0.16728001832962036,1.2949383966624737,1.1276583783328533,512,,,,,,,,,,,
1317,0.7000090242636324,0.6979711182415484,1.6953125,0.7090805768966675,1.868800513446331,0.16407480835914612,0.2799284551292658,3.5737610530509504e-05,0.16407480835914612,0.7000805288553238,0.3547730967402458,2.3270942717790604,1.9723211750388145,512,,,,,,,,,,,
1318,0.7000090242636324,0.6979987844272896,0.671875,0.45729305408895016,1.1765593104064465,0.1504251416772604,0.2091771997511387,3.5653618220798575e-05,0.1504251416772604,0.7204345464706421,0.1712893545627594,1.0679427310824394,0.89665337651968,512,,,,,,,,,,,
1319,0.7000090242636324,0.6980261979555642,0.640625,0.49456198886036873,1.3041604831814766,0.14331995882093906,0.19451215025037527,3.556967000371799e-05,0.14331995882093906,0.7206957712769508,0.2246168628334999,1.1196255683898926,0.8950087055563927,512,,,,,,,,,,,
1320,0.7000090242636324,0.6980533599853516,0.81640625,0.5822715386748314,1.4858943819999695,0.14342329185456038,0.2785647716373205,3.5485766137276894e-05,0.14342329185456038,0.7256347313523293,0.09352271258831024,1.0844811648130417,0.9909584522247314,512,0.0010022229980677366,0.0010022229980677366,0.02,8361,0.7000090242636324,8361,8361,16722,0,8361,40890
1321,0.7000090242636324,0.6980802716756308,0.7265625,0.6265376918017864,1.6196613535284996,0.16721599362790585,0.2789376247674227,3.5401906879348115e-05,0.16721599362790585,0.7080419734120369,0.1937287226319313,1.795776329934597,1.6020476073026657,512,,,,,,,,,,,
1322,0.7000090242636324,0.6981069341853813,0.6796875,0.506738618016243,1.3201222568750381,0.17187001183629036,0.21544926706701517,3.5318092487667396e-05,0.17187001183629036,0.7191088572144508,0.20552383363246918,2.019982136785984,1.8144583031535149,512,,,,,,,,,,,
1323,0.7000090242636324,0.698133348673582,0.6328125,0.5036440417170525,1.3391937911510468,0.12433003541082144,0.18700019549578428,3.523432321983259e-05,0.12433003541082144,0.7046850472688675,0.04897087439894676,0.8527970761060715,0.8038262017071247,512,,,,,,,,,,,
1324,0.7000090242636324,0.6981595162992124,0.70703125,0.7748986892402172,2.035928711295128,0.14423525892198086,0.31224905140697956,3.515059933330282e-05,0.14423525892198086,0.7265160903334618,0.1549340933561325,0.9879858866333961,0.8330517932772636,512,,,,,,,,,,,
1325,0.7000090242636324,0.6981854382212515,0.6953125,0.4696853645145893,1.2185769379138947,0.16246667876839638,0.20471198484301567,3.50669210853978e-05,0.16246667876839638,0.7242114096879959,0.16126838698983192,1.0205393955111504,0.8592710085213184,512,,,,,,,,,,,
1326,0.7000090242636324,0.6982111155986785,0.73046875,0.49567451514303684,1.2877776101231575,0.21906525641679764,0.2142663262784481,3.498328873329695e-05,0.21906525641679764,0.7061767429113388,0.33932432904839516,1.9009075313806534,1.5615832023322582,512,,,,,,,,,,,
1327,0.7000090242636324,0.6982365495904728,0.8359375,0.6350065153092146,1.628098964691162,0.13816764671355486,0.29616315849125385,3.48997025340386e-05,0.13816764671355486,0.7246801629662514,0.162133626639843,1.308061122894287,1.1459274962544441,512,,,,,,,,,,,
1328,0.7000090242636324,0.6982617413556135,0.6484375,0.43759046494960785,1.1380337178707123,0.15342564973980188,0.18799791298806667,3.4816162744519263e-05,0.15342564973980188,0.7304443195462227,0.17703793197870255,1.0446340143680573,0.8675960823893547,512,0.0009020286379382014,0.0009020286379382014,0.02,6951,0.7000090242636324,6951,6951,13902,0,6951,39738
1329,0.7000090242636324,0.6982866920530796,0.80859375,0.5927107334136963,1.5348177328705788,0.20529796741902828,0.26127528958022594,3.473266962149283e-05,0.20529796741902828,0.7058764398097992,0.2269674502313137,1.3048781640827656,1.0779107138514519,512,,,,,,,,,,,
1330,0.7000090242636324,0.6983114028418504,0.859375,0.6891499124467373,1.7579889595508575,0.25289806816726923,0.330344014801085,3.4649223421569724e-05,0.25289806816726923,0.6955200135707855,0.21748460456728935,1.7851288989186287,1.5676442943513393,512,,,,,,,,,,,
1331,0.7000090242636324,0.6983358748809054,1.9140625,0.6627302654087543,1.7134422659873962,0.16213466227054596,0.29483119770884514,3.4565824401216155e-05,0.16213466227054596,0.7253808379173279,0.1268361359834671,1.0278440713882446,0.9010079354047775,512,,,,,,,,,,,
1332,0.7000090242636324,0.6983601093292235,0.65625,0.558472853153944,1.4635297134518623,0.16905229445546865,0.2288122233003378,3.44824728167534e-05,0.16905229445546865,0.7239867970347404,0.09768245369195938,1.1480578184127808,1.0503753647208214,512,,,,,,,,,,,
1333,0.7000090242636324,0.6983841073457842,1.015625,0.3689153492450714,0.9688808470964432,0.19782430492341518,0.14904444850981236,3.439916892435687e-05,0.19782430492341518,0.7199291735887527,0.12277493253350258,1.7838555052876472,1.6610805727541447,512,,,,,,,,,,,
1334,0.7000090242636324,0.6984078700895662,0.609375,0.4587389789521694,1.1974472478032112,0.13133246824145317,0.19267083052545786,3.4315912980055434e-05,0.13133246824145317,0.6993652060627937,0.20005319640040398,0.9800373502075672,0.7799841538071632,512,,,,,,,,,,,
1335,0.7000090242636324,0.6984313987195492,0.71484375,0.6161417290568352,1.6049469783902168,0.12607017252594233,0.26214910484850407,3.423270523973056e-05,0.12607017252594233,0.7143603414297104,0.15479375422000885,0.8537494279444218,0.6989556737244129,512,,,,,,,,,,,
1336,0.7000090242636324,0.6984546943947121,0.73828125,0.3478245511651039,0.904670849442482,0.23404028173536062,0.14934290014207363,3.4149545959115605e-05,0.23404028173536062,0.7017138674855232,0.25114841759204865,1.6202028430998325,1.369054425507784,512,0.0007553415489383042,0.0007553415489383042,0.02,10324,0.7000090242636324,10324,10324,20648,0,10324,42938
1337,0.7000090242636324,0.6984777582740342,0.87890625,0.7106914035975933,1.8522348627448082,0.20662962552160025,0.3013753164559603,3.4066435393794974e-05,0.20662962552160025,0.718947745859623,0.20650510489940643,1.4072895050048828,1.2007844001054764,512,,,,,,,,,,,
1338,0.7000090242636324,0.6985005915164947,0.62890625,0.588119987398386,1.5348761230707169,0.13793756207451224,0.2473055412992835,3.398337379920331e-05,0.13793756207451224,0.7290917634963989,0.09348741546273232,1.2196748331189156,1.1261874176561832,512,,,,,,,,,,,
1339,0.7000090242636324,0.6985231952810729,0.62890625,0.5139398351311684,1.3414053246378899,0.14245808217674494,0.2159880306571722,3.390036143062485e-05,0.14245808217674494,0.7317919731140137,0.09917483851313591,1.233414065092802,1.1342392265796661,512,,,,,,,,,,,
1340,0.7000090242636324,0.6985455707267478,0.609375,0.49705733731389046,1.296791523694992,0.16170095931738615,0.2094427738338709,3.3817398543192424e-05,0.16170095931738615,0.7133178487420082,0.22780175507068634,1.4603256508708,1.2325238958001137,512,,,,,,,,,,,
1341,0.7000090242636324,0.6985677190124988,0.71484375,0.5701886378228664,1.5069609731435776,0.22338169161230326,0.22088329307734966,3.373448539188686e-05,0.22338169161230326,0.7173193320631981,0.2327418327331543,1.8018056750297546,1.5690638422966003,512,,,,,,,,,,,
1342,0.7000090242636324,0.698589641297305,0.6953125,0.4758189804852009,1.2492087557911873,0.16244111023843288,0.19266686774790287,3.3651622231536085e-05,0.16244111023843288,0.7187255620956421,0.18546361848711967,1.052224151790142,0.8667605333030224,512,,,,,,,,,,,
1343,0.7000090242636324,0.6986113387401457,0.6796875,0.7334543988108635,1.920996144413948,0.15128388814628124,0.3015928752720356,3.356880931681439e-05,0.15128388814628124,0.7394872903823853,0.10826540365815163,1.2817820981144905,1.1735166944563389,512,,,,,,,,,,,
1344,0.7000091709615864,0.6986328125,0.765625,0.4923712722957134,1.2735887542366982,0.14421774167567492,0.21844534948468208,3.3486046902241664e-05,0.14421774167567492,0.7233251705765724,0.15114234387874603,1.1668401136994362,1.0156977698206902,512,0.0010307708289474249,0.0010307708289474249,0.02,6409,0.7000091709615864,6409,6410,12819,-1,6409,39124
1345,0.7000091709615864,0.698654063735847,1.03125,0.5413673222064972,1.4358393996953964,0.14272208977490664,0.20466755889356136,3.340333524218253e-05,0.14272208977490664,0.7144409120082855,0.12139646336436272,0.9155632257461548,0.7941667623817921,512,,,,,,,,,,,
1346,0.7000091709615864,0.6986750936066662,0.6328125,0.5742776989936829,1.5095108151435852,0.12693599238991737,0.23072458058595657,3.3320674590845715e-05,0.12693599238991737,0.7212866023182869,0.1447100155055523,0.8995517082512379,0.7548416927456856,512,,,,,,,,,,,
1347,0.7000091709615864,0.6986959032714366,0.69921875,0.6823874711990356,1.7922456413507462,0.19023774564266205,0.27559505961835384,3.323806520228309e-05,0.19023774564266205,0.7136449888348579,0.1266707479953766,1.7891351282596588,1.6624643802642822,512,,,,,,,,,,,
1348,0.7000091709615864,0.6987164938891375,0.7890625,0.795518059283495,2.094941221177578,0.16738182678818703,0.31571952253580093,3.3155507330389e-05,0.16738182678818703,0.7126171588897705,0.2975967191159725,1.7633412405848503,1.4657445214688778,512,,,,,,,,,,,
1349,0.7000091709615864,0.698736866618748,0.734375,0.7870696149766445,2.0424173399806023,0.16641373373568058,0.34264204278588295,3.307300122889947e-05,0.16641373373568058,0.7423095628619194,0.17309222370386124,2.149592272937298,1.9765000492334366,512,,,,,,,,,,,
1350,0.7000091709615864,0.6987570226192474,0.72265625,0.8115689493715763,2.1322854459285736,0.1739220255985856,0.3270142963156104,3.2990547151391395e-05,0.1739220255985856,0.726494126021862,0.1251932755112648,1.6320293843746185,1.5068361088633537,512,,,,,,,,,,,
1351,0.7000091709615864,0.6987769630496149,0.66015625,0.39825108647346497,1.0257069021463394,0.13327703159302473,0.1811145283281803,3.290814535128177e-05,0.13327703159302473,0.7357177436351776,0.14448635280132294,0.8730981424450874,0.7286117896437645,512,,,,,,,,,,,
1352,0.7000091706863557,0.6987966890688295,0.6953125,0.4931925907731056,1.284912221133709,0.16512474045157433,0.2096107192337513,3.282579608182694e-05,0.16512474045157433,0.7228027209639549,0.18894219398498535,1.4853306785225868,1.2963884845376015,512,0.0009264789987355471,0.0009264789987355471,0.02,7327,0.7000091706863557,7327,7328,14655,-1,7327,40489
1353,0.7000091706863557,0.6988162018358707,0.6015625,0.44394347816705704,1.1599750816822052,0.12771706748753786,0.18530815746635199,3.274349959612182e-05,0.12771706748753786,0.7313842624425888,0.1601163074374199,1.5287410467863083,1.3686247393488884,512,,,,,,,,,,,
1354,0.7000091706863557,0.6988355025097175,0.65234375,0.5832431446760893,1.5382506772875786,0.12203588988631964,0.22915269620716572,3.266125614709905e-05,0.12203588988631964,0.7226928621530533,0.10857241973280907,0.8209321945905685,0.7123597748577595,512,,,,,,,,,,,
1355,0.7000091706863557,0.6988545922493493,0.6484375,0.5367018207907677,1.4203518778085709,0.15586196072399616,0.20601724833250046,3.257906598752828e-05,0.15586196072399616,0.7337084785103798,0.15568792819976807,1.6096999943256378,1.4540120661258698,512,,,,,,,,,,,
1356,0.7000091706863557,0.6988734722137451,0.6796875,0.48101671040058136,1.260343611240387,0.17429646477103233,0.19728273712098598,3.249692937001538e-05,0.17429646477103233,0.7153881713747978,0.18666398152709007,1.503477543592453,1.316813562065363,512,,,,,,,,,,,
1357,0.7000091706863557,0.6988921435618841,0.640625,0.7551524750888348,1.9460792690515518,0.15220158407464623,0.3422615099698305,3.2414846547001706e-05,0.15220158407464623,0.7239135652780533,0.2105892077088356,1.7715703174471855,1.56098110973835,512,,,,,,,,,,,
1358,0.7000091706863557,0.6989106074527458,0.73828125,0.4466565605252981,1.1747701317071915,0.16789110377430916,0.1787345390766859,3.2332817770763204e-05,0.16789110377430916,0.7014501839876175,0.14557857811450958,1.8031683340668678,1.6575897559523582,512,,,,,,,,,,,
1359,0.7000091706863557,0.698928865045309,0.7109375,0.6192628778517246,1.6138518825173378,0.16964233946055174,0.26270222291350365,3.225084329340975e-05,0.16964233946055174,0.7305224314332008,0.2073986530303955,2.132550746202469,1.9251520931720734,512,,,,,,,,,,,
1360,0.7000091706863557,0.6989469174985532,1.2109375,0.6190196946263313,1.609591007232666,0.2243519462645054,0.2662261314690113,3.216892336688435e-05,0.2243519462645054,0.7269750684499741,0.17544136941432953,1.6279910802841187,1.4525497108697891,512,0.0010003669885918498,0.0010003669885918498,0.02,9310,0.7000091706863557,9310,9310,18620,0,9310,42480
1361,0.7000091706863557,0.6989647659714575,0.71875,0.5005334466695786,1.3096991777420044,0.16328346822410822,0.20706877671182156,3.208705824296233e-05,0.16328346822410822,0.7287084832787514,0.16968704760074615,1.4782022535800934,1.3085152059793472,512,,,,,,,,,,,
1362,0.7000091706863557,0.698982411623001,0.6796875,0.4755278341472149,1.237489677965641,0.14526136312633753,0.20350371953099966,3.200524817325059e-05,0.14526136312633753,0.7156591564416885,0.14598935097455978,1.0482545495033264,0.9022651985287666,512,,,,,,,,,,,
1363,0.7000091706863557,0.6989998556121632,0.67578125,0.3097691163420677,0.7944799512624741,0.16082105785608292,0.1442142939195037,3.192349340918683e-05,0.16082105785608292,0.718569315969944,0.14540738239884377,1.1412498615682125,0.9958424791693687,512,,,,,,,,,,,
1364,0.7000091706863557,0.699017099097923,0.66796875,0.5392572544515133,1.402768649160862,0.14601006358861923,0.23134419322013855,3.1841794202038765e-05,0.14601006358861923,0.7221606373786926,0.1712397336959839,1.266832374036312,1.0955926403403282,512,,,,,,,,,,,
1365,0.7000091706863557,0.6990341432392597,0.7109375,0.5276102498173714,1.3725432083010674,0.13943091593682766,0.22627566754817963,3.1760150802903355e-05,0.13943091593682766,0.742617167532444,0.15709275007247925,1.090673990547657,0.9335812404751778,512,,,,,,,,,,,
1366,0.7000091706863557,0.6990509891951525,0.72265625,0.4304535109549761,1.1085272952914238,0.178439699113369,0.19587725587189198,3.167856346270602e-05,0.178439699113369,0.728574201464653,0.22160302102565765,1.3616911619901657,1.140088140964508,512,,,,,,,,,,,
1367,0.7000091706863557,0.6990676381245807,0.71484375,0.5664081983268261,1.4763010144233704,0.15493627171963453,0.24008739180862904,3.159703243219997e-05,0.15493627171963453,0.7253686413168907,0.14621535688638687,1.185778222978115,1.0395628660917282,512,,,,,,,,,,,
1368,0.7000091706863557,0.6990840911865234,0.69921875,0.4561772756278515,1.183289535343647,0.12686282023787498,0.19906577467918396,3.151555796196525e-05,0.12686282023787498,0.7202148288488388,0.22416795417666435,1.4003415741026402,1.1761736199259758,512,0.0011899367673322558,0.0011899367673322558,0.02,5847,0.7000091706863557,5847,5847,11694,0,5847,38652
1369,0.7000091706863557,0.6991003495399598,0.78125,0.47849302738904953,1.2455020174384117,0.20947638526558876,0.20447679422795773,3.143414030240813e-05,0.20947638526558876,0.7127001881599426,0.06435736268758774,2.046520411968231,1.9821630492806435,512,,,,,,,,,,,
1370,0.7000091706863557,0.6991164143438692,0.74609375,0.4915708266198635,1.2709305360913277,0.252147788181901,0.21867799293249846,3.1352779703760236e-05,0.252147788181901,0.6976293846964836,0.2562261372804642,2.3065924793481827,2.0503663420677185,512,,,,,,,,,,,
1371,0.7000091706863557,0.6991322867572307,0.65234375,0.44516800343990326,1.1541296765208244,0.13955705612897873,0.1948642134666443,3.127147641607787e-05,0.13955705612897873,0.7267187386751175,0.1350296400487423,0.9097821786999702,0.774752538651228,512,,,,,,,,,,,
1372,0.7000091706863557,0.6991479679390236,0.63671875,0.5482784174382687,1.4216452687978745,0.13315238058567047,0.23980442341417074,3.119023068924115e-05,0.13315238058567047,0.7195654138922691,0.14576350525021553,0.8538117632269859,0.7080482579767704,512,,,,,,,,,,,
1373,0.7000091706863557,0.6991634590482271,0.6796875,0.6651571057736874,1.7607151344418526,0.1539568630978465,0.25491237081587315,3.110904277295329e-05,0.1539568630978465,0.7307177633047104,0.14931953698396683,1.5278815031051636,1.3785619661211967,512,,,,,,,,,,,
1374,0.7000091706863557,0.6991787612438202,0.71484375,0.7703530937433243,2.043824277818203,0.14504529908299446,0.29057888872921467,3.102791291673987e-05,0.14504529908299446,0.7182275131344795,0.16616417095065117,0.842095784842968,0.6759316138923168,512,,,,,,,,,,,
1375,0.7000091706863557,0.6991938756847822,0.66015625,0.6178075596690178,1.6037343889474869,0.13134616427123547,0.26840964425355196,3.094684136994798e-05,0.13134616427123547,0.7179321125149727,0.087241992354393,1.4069477170705795,1.3197057247161865,512,,,,,,,,,,,
1376,0.7000093063750824,0.6992088035300925,0.75390625,0.5651956498622894,1.465577870607376,0.16920958273112774,0.24713617470115423,3.086582838174551e-05,0.16920958273112774,0.7196655198931694,0.13177509605884552,1.0259946808218956,0.8942195847630501,512,0.0008250167593359947,0.0008250167593359947,0.02,5952,0.7000093063750824,5952,5952,11904,0,5952,39709
1377,0.7000093063750824,0.6992235459387302,0.66796875,0.5228595994412899,1.368175446987152,0.14576949458569288,0.21624748781323433,3.07848742011204e-05,0.14576949458569288,0.7265331894159317,0.1643288917839527,1.292176142334938,1.1278472505509853,512,,,,,,,,,,,
1378,0.7000093063750824,0.6992381040696745,0.625,0.639585766941309,1.658598281443119,0.14645689073950052,0.27954032830893993,3.070397907687979e-05,0.14645689073950052,0.7240038886666298,0.12370782718062401,1.7288915291428566,1.6051837019622326,512,,,,,,,,,,,
1379,0.7000093063750824,0.6992524790819044,0.65234375,0.6216111220419407,1.6222944781184196,0.1776502337306738,0.26137552317231894,3.0623143257649377e-05,0.1776502337306738,0.721184104681015,0.27002738416194916,2.280260071158409,2.01023268699646,512,,,,,,,,,,,
1380,0.7000093063750824,0.6992666721343994,0.6015625,0.6083479225635529,1.5825940519571304,0.12992935115471482,0.2608844432979822,3.054236699187255e-05,0.12992935115471482,0.7030737102031708,0.19909217953681946,1.38653913885355,1.1874469593167305,512,,,,,,,,,,,
1381,0.7000093063750824,0.6992806843861386,0.703125,0.6645499989390373,1.7320177257061005,0.19830374605953693,0.2817700821906328,3.0461650527809692e-05,0.19830374605953693,0.7170849367976189,0.16275452077388763,2.094507373869419,1.9317528530955315,512,,,,,,,,,,,
1382,0.7000093063750824,0.6992945169961011,0.65234375,0.5541713871061802,1.4478814601898193,0.1076908279210329,0.23142576683312654,3.0380994113537377e-05,0.1076908279210329,0.7017675712704659,0.0796172022819519,1.0170176327228546,0.9374004304409027,512,,,,,,,,,,,
1383,0.7000093063750824,0.6993081711232662,0.79296875,0.8231247439980507,2.0196556225419044,0.12751098908483982,0.47466169111430645,3.0300397996947605e-05,0.12751098908483982,0.7303637340664864,0.13814177736639977,0.7859886065125465,0.6478468291461468,512,,,,,,,,,,,
1384,0.7000093063750824,0.6993216479266131,0.69140625,0.38899827003479004,1.001192182302475,0.13029270060360432,0.17759041767567396,3.021986242574707e-05,0.13029270060360432,0.7293701097369194,0.1650463081896305,1.4808119535446167,1.3157656453549862,512,0.0009216098696924746,0.0009216098696924746,0.02,5933,0.7000093063750824,5933,5933,11866,0,5933,38804
1385,0.7000093063750824,0.699334948565121,0.6484375,0.6095863990485668,1.6029725819826126,0.12940102629363537,0.24425886571407318,3.0139387647456392e-05,0.12940102629363537,0.7213818356394768,0.14724291488528252,1.4422156661748886,1.294972751289606,512,,,,,,,,,,,
1386,0.7000093063750824,0.6993480741977691,0.76953125,0.6557005904614925,1.7379888072609901,0.1579016325995326,0.24898259807378054,3.005897390940933e-05,0.1579016325995326,0.7200048714876175,-0.006364472210407257,2.072912637144327,2.0792771093547344,512,,,,,,,,,,,
1387,0.7000093063750824,0.6993610259835367,0.68359375,0.6274333633482456,1.6408936902880669,0.12803394440561533,0.26041948329657316,2.997862145875202e-05,0.12803394440561533,0.7213744968175888,0.1217513233423233,1.1068658828735352,0.9851145595312119,512,,,,,,,,,,,
1388,0.7000093063750824,0.6993738050814028,0.6328125,0.5374204441905022,1.4032605215907097,0.17234103195369244,0.22528623696416616,2.9898330542442322e-05,0.17234103195369244,0.7077856212854385,0.2234417460858822,2.308647468686104,2.0852057226002216,512,,,,,,,,,,,
1389,0.7000093063750824,0.6993864126503467,0.6484375,0.548561330884695,1.4232430681586266,0.14763908553868532,0.23906395491212606,2.981810140724889e-05,0.14763908553868532,0.7232958823442459,0.1700209230184555,1.550931990146637,1.3809110671281815,512,,,,,,,,,,,
1390,0.7000093063750824,0.6993988498493476,0.7265625,0.47437359765172005,1.226815938949585,0.1666202824562788,0.2106798030436039,2.9737934299750515e-05,0.1666202824562788,0.715886227786541,0.13741131126880646,0.9251571372151375,0.787745825946331,512,,,,,,,,,,,
1391,0.7000093063750824,0.6994111178373849,0.9296875,0.4984552338719368,1.3125913590192795,0.14419385511428118,0.19787899404764175,2.9657829466335363e-05,0.14419385511428118,0.711796872317791,0.18464073911309242,1.1011876463890076,0.9165469072759151,512,,,,,,,,,,,
1392,0.7000093063750824,0.6994232177734374,0.984375,0.446808859705925,1.1677287071943283,0.14381703827530146,0.18623748421669006,2.9577787153200197e-05,0.14381703827530146,0.7238549515604973,-0.08924980461597443,1.205507531762123,1.2947573363780975,512,0.0007590610184706748,0.0007590610184706748,0.02,8509,0.7000093063750824,8509,8509,17018,0,8509,42110
1393,0.7000093063750824,0.6994351508164847,0.6953125,0.5873435437679291,1.5399722531437874,0.1790995802730322,0.23985658958554268,2.9497807606349646e-05,0.1790995802730322,0.7087231352925301,0.16834041476249695,1.4984997808933258,1.3301593661308289,512,,,,,,,,,,,
1394,0.7000093063750824,0.6994469181255057,0.6328125,0.47666437178850174,1.245832897722721,0.14957402553409338,0.19860452227294445,2.94178910715954e-05,0.14957402553409338,0.7247411906719208,0.1359652355313301,1.4421258121728897,1.3061605766415596,512,,,,,,,,,,,
1395,0.7000093063750824,0.6994585208594799,0.703125,0.4744832292199135,1.2292573899030685,0.15060825739055872,0.20857050735503435,2.9338037794555516e-05,0.15060825739055872,0.7244970500469208,0.18032997101545334,1.4827180355787277,1.3023880645632744,512,,,,,,,,,,,
1396,0.7000093063750824,0.6994699601773863,0.70703125,0.5034930482506752,1.3133723586797714,0.12850598525255919,0.21236406452953815,2.9258248020653616e-05,0.12850598525255919,0.7271581888198853,0.13190731406211853,0.8158539719879627,0.6839466579258442,512,,,,,,,,,,,
1397,0.7000093063750824,0.699481237238204,0.70703125,0.5532995015382767,1.4469015002250671,0.1909958217293024,0.22976362332701683,2.917852199511815e-05,0.1909958217293024,0.7042626813054085,0.1075555570423603,1.432084608823061,1.3245290517807007,512,,,,,,,,,,,
1398,0.7000093063750824,0.6994923532009124,0.7890625,0.7200353629887104,1.8999695479869843,0.14431454241275787,0.2819557059556246,2.909885996298165e-05,0.14431454241275787,0.7199365049600601,0.1460362710058689,1.1217163801193237,0.9756801091134548,512,,,,,,,,,,,
1399,0.7000093063750824,0.6995033092244907,0.74609375,0.5057198852300644,1.3046275600790977,0.15714360494166613,0.2278568409383297,2.901926216907995e-05,0.15714360494166613,0.7169018313288689,0.16203360632061958,0.968026801943779,0.8059931956231594,512,,,,,,,,,,,
1400,0.7000093063750824,0.6995141064679181,0.671875,0.4783896878361702,1.2503885328769684,0.12440545670688152,0.19927709735929966,2.893972885805148e-05,0.12440545670688152,0.7352123856544495,0.11648495867848396,0.8295995593070984,0.7131146006286144,512,0.000727993668988347,0.000727993668988347,0.02,5255,0.7000093063750824,5255,5255,10510,0,5255,38515
1401,0.7000093063750824,0.6995247460901737,0.78125,0.542432876303792,1.3377628102898598,0.146150728687644,0.30597310420125723,2.8860260274336444e-05,0.146150728687644,0.7292162925004959,0.13838671147823334,1.1516509652137756,1.0132642537355423,512,,,,,,,,,,,
1402,0.7000093063750824,0.6995352292502367,0.71875,0.4699910916388035,1.2004691064357758,0.16704694647341967,0.22374628111720085,2.8780856662176183e-05,0.16704694647341967,0.7281884625554085,0.14203599840402603,1.7140314131975174,1.5719954147934914,512,,,,,,,,,,,
1403,0.7000093063750824,0.6995455571070865,0.609375,0.5349707454442978,1.4058487862348557,0.13254123600199819,0.2152746357023716,2.8701518265612272e-05,0.13254123600199819,0.7296093478798866,0.13240908831357956,0.9737462401390076,0.841337151825428,512,,,,,,,,,,,
1404,0.7000093063750824,0.6995557308197021,0.640625,0.3745048213750124,0.96688561886549,0.14073500921949744,0.16797742620110512,2.8622245328485907e-05,0.14073500921949744,0.7277343422174454,0.15390410646796227,1.1934374645352364,1.039533358067274,512,,,,,,,,,,,
1405,0.7000093063750824,0.6995657515470628,1.828125,0.58104133233428,1.5091599896550179,0.23628990352153778,0.251571255736053,2.854303809443707e-05,0.23628990352153778,0.7188696190714836,-0.1258864365518093,1.4603925794363022,1.5862790159881115,512,,,,,,,,,,,
1406,0.7000093063750824,0.6995756204481478,0.671875,0.36620204895734787,0.9525381773710251,0.155809604562819,0.15716496855020523,2.8463896806903812e-05,0.155809604562819,0.6936645358800888,0.2856319695711136,2.3999761417508125,2.114344172179699,512,,,,,,,,,,,
1407,0.7000093063750824,0.6995853386819362,0.6953125,0.4161004200577736,1.0709500089287758,0.16023883689194918,0.1899602897465229,2.8384821709121496e-05,0.16023883689194918,0.7120507508516312,0.20223857089877129,1.567202366888523,1.3649637959897518,512,,,,,,,,,,,
1408,0.7000094423390398,0.6995949074074074,0.67578125,0.47693612426519394,1.2470440864562988,0.14319788478314877,0.19821680057793856,2.8305813044122097e-05,0.14319788478314877,0.7084350511431694,0.06890077143907547,1.2264638468623161,1.1575630754232407,512,0.000924700521863997,0.000924700521863997,0.02,5657,0.7000094423390398,5657,5657,11314,0,5657,39550
1409,0.7000094423390398,0.6996043277835404,0.7421875,0.9395679980516434,2.477590963244438,0.13796136621385813,0.36958470940589905,2.822687105473337e-05,0.13796136621385813,0.7123168855905533,0.14113734290003777,1.3235593773424625,1.1824220344424248,512,,,,,,,,,,,
1410,0.7000094423390398,0.6996136009693146,0.73828125,0.7206413354724646,1.8789594694972038,0.15678109833970666,0.3048020815476775,2.8147995983578157e-05,0.15678109833970666,0.721433088183403,0.14139004424214363,1.2829917296767235,1.1416016854345798,512,,,,,,,,,,,
1411,0.7000094423390398,0.699622728123709,0.7109375,0.5670664235949516,1.477476254105568,0.190170057117939,0.24090678244829178,2.8069188073073633e-05,0.190170057117939,0.7081860229372978,0.16695410385727882,1.4385852366685867,1.271631132811308,512,,,,,,,,,,,
1412,0.7000094423390398,0.6996317104057029,0.66796875,0.42286912351846695,1.1132228001952171,0.16273875534534454,0.168198736384511,2.799044756543054e-05,0.16273875534534454,0.710151344537735,0.15345031023025513,1.1840168461203575,1.0305665358901024,512,,,,,,,,,,,
1413,0.7000094423390398,0.6996405489742755,0.6484375,0.36705972999334335,0.9614685773849487,0.18466155789792538,0.15083360485732555,2.791177470265252e-05,0.18466155789792538,0.7159350365400314,0.15965423732995987,1.3478202112019062,1.1881659738719463,512,,,,,,,,,,,
1414,0.7000094423390398,0.6996492449884061,0.71875,0.39016642794013023,1.0166763812303543,0.12994389794766903,0.16564606223255396,2.783316972653526e-05,0.12994389794766903,0.7205859124660492,0.15141351893544197,0.8732566311955452,0.7218431122601032,512,,,,,,,,,,,
1415,0.7000094423390398,0.6996577996070737,0.6484375,0.662079181522131,1.7061177343130112,0.14918512012809515,0.30018276162445545,2.775463287866582e-05,0.14918512012809515,0.7402514442801476,0.1507262885570526,1.400302678346634,1.2495763897895813,512,,,,,,,,,,,
1416,0.7000094423390398,0.6996662139892578,0.70703125,0.5729248877614737,1.497744545340538,0.16243449319154024,0.23839139472693205,2.7676164400421862e-05,0.16243449319154024,0.7149414047598839,0.20328350365161896,1.4337757676839828,1.230492264032364,512,0.0009221906075254083,0.0009221906075254083,0.02,5469,0.7000094423390398,5469,5469,10938,0,5469,39335
1417,0.7000094423390398,0.6996744892939373,0.9140625,0.5318165831267834,1.38633394241333,0.18876742757856846,0.2252313680946827,2.7597764532970905e-05,0.18876742757856846,0.6965698078274727,0.46308229863643646,3.1856103986501694,2.722528100013733,512,,,,,,,,,,,
1418,0.7000094423390398,0.6996826266800916,0.6796875,0.4974381923675537,1.3007415533065796,0.16649139486253262,0.20664688386023045,2.7519433517269665e-05,0.16649139486253262,0.7322973385453224,0.23478808999061584,2.3384074568748474,2.1036193668842316,512,,,,,,,,,,,
1419,0.7000094423390398,0.6996906273066997,1.1015625,0.5725141987204552,1.496305264532566,0.15341932605952024,0.23858614452183247,2.744117159406318e-05,0.15341932605952024,0.6916552558541298,-0.01909063383936882,1.5482046231627464,1.5672952570021152,512,,,,,,,,,,,
1420,0.7000094423390398,0.699698492332741,0.640625,0.7077234238386154,1.855048306286335,0.14627395756542683,0.28956806287169456,2.7362979003884152e-05,0.14627395756542683,0.7121679335832596,0.18926837295293808,0.9272805899381638,0.7380122169852257,512,,,,,,,,,,,
1421,0.7000094423390398,0.6997062229171946,0.96484375,0.5271474830806255,1.3950843289494514,0.18712173402309418,0.20233222283422947,2.7284855987052203e-05,0.18712173402309418,0.7254076898097992,0.10984484106302261,2.0100734680891037,1.900228627026081,512,,,,,,,,,,,
1422,0.7000094423390398,0.6997138202190398,0.6640625,0.3990228548645973,1.038513109087944,0.14179928693920374,0.1706470288336277,2.72068027836731e-05,0.14179928693920374,0.7237133458256721,0.13948491215705872,0.9019789397716522,0.7624940276145935,512,,,,,,,,,,,
1423,0.7000094423390398,0.6997212853972559,0.72265625,0.8765255771577358,2.260392427444458,0.12767285108566284,0.3957455921918154,2.7128819633638103e-05,0.12767285108566284,0.7338183373212814,0.24906275421380997,1.271946243941784,1.022883489727974,512,,,,,,,,,,,
1424,0.7000094423390398,0.6997286196108217,0.6328125,0.46663716062903404,1.216604620218277,0.15767117775976658,0.19744733721017838,2.705090677662311e-05,0.15767117775976658,0.7155395224690437,0.1876966543495655,1.142085075378418,0.9543884210288525,512,0.0006494976114481688,0.0006494976114481688,0.02,6154,0.7000094423390398,6154,6154,12308,0,6154,39589
1425,0.7000094423390398,0.6997358240187168,0.671875,0.6890131644904613,1.7967627197504044,0.1303105028346181,0.29115589521825314,2.6973064452088e-05,0.1303105028346181,0.722182609140873,0.1037852019071579,0.8907103538513184,0.7869251519441605,512,,,,,,,,,,,
1426,0.7000094423390398,0.6997428997799202,0.6484375,0.6161081381142139,1.606249064207077,0.1518912836909294,0.2607452105730772,2.689529289927586e-05,0.1518912836909294,0.699389636516571,0.18132290802896023,1.766663484275341,1.5853405762463808,512,,,,,,,,,,,
1427,0.7000094423390398,0.6997498480534112,0.75390625,0.49699248373508453,1.2766734436154366,0.12184592802077532,0.22936431970447302,2.6817592357212297e-05,0.12184592802077532,0.7219433411955833,0.18588661774992943,1.2593229971826077,1.0734363794326782,512,,,,,,,,,,,
1428,0.7000094423390398,0.6997566699981689,0.64453125,0.5064026042819023,1.33706883341074,0.13943104166537523,0.1974844541400671,2.673996306470463e-05,0.13943104166537523,0.7241015434265137,0.16923745721578598,2.127211805433035,1.957974348217249,512,,,,,,,,,,,
1429,0.7000094423390398,0.6997633667731726,0.75390625,0.47457486763596535,1.2248498052358627,0.10824357625097036,0.21325577981770039,2.6662405260341215e-05,0.10824357625097036,0.7180126830935478,0.13250038027763367,0.8469710573554039,0.7144706770777702,512,,,,,,,,,,,
1430,0.7000094423390398,0.6997699395374015,0.6875,0.6205515488982201,1.6121752634644508,0.16026059165596962,0.2682839557528496,2.658491918249073e-05,0.16026059165596962,0.730903297662735,0.19900443404912949,1.1056526377797127,0.9066482037305832,512,,,,,,,,,,,
1431,0.7000094423390398,0.6997763894498348,0.6640625,0.471635103225708,1.2193590253591537,0.137369723059237,0.20983822457492352,2.650750506930136e-05,0.137369723059237,0.7192480266094208,0.12400369718670845,0.8005202934145927,0.6765165962278843,512,,,,,,,,,,,
1432,0.7000094423390398,0.6997827176694517,0.66015625,0.5741214081645012,1.484361320734024,0.1394202969968319,0.25540041364729404,2.6430163158700115e-05,0.1394202969968319,0.7372411862015724,0.11327382922172546,1.7450080439448357,1.6317342147231102,512,0.0008574315579608083,0.0008574315579608083,0.02,5329,0.7000094423390398,5329,5329,10658,0,5329,39399
1433,0.7000094423390398,0.6997889253552313,0.65625,0.5239701848477125,1.3790661916136742,0.13124980591237545,0.2087222132831812,2.6352893688392123e-05,0.13124980591237545,0.7236181423068047,0.15243669971823692,1.11513090133667,0.962694201618433,512,,,,,,,,,,,
1434,0.7000094423390398,0.6997950136661529,0.73046875,0.4416034370660782,1.1278323829174042,0.1829468458890915,0.21035979874432087,2.6275696895859835e-05,0.1829468458890915,0.7047851383686066,0.22548871487379074,1.3478198572993279,1.122331142425537,512,,,,,,,,,,,
1435,0.7000094423390398,0.6998009837611957,0.64453125,0.5639772303402424,1.4807385429739952,0.1755527602508664,0.22828330472111702,2.619857301836237e-05,0.1755527602508664,0.7218481227755547,0.21859381347894669,2.3254871517419815,2.106893338263035,512,,,,,,,,,,,
1436,0.7000094423390398,0.699806836799339,0.63671875,0.7076380103826523,1.863400548696518,0.1355396518483758,0.28095695562660694,2.6121522292934697e-05,0.1355396518483758,0.7291845306754112,0.16915344074368477,1.192942999303341,1.0237895585596561,512,,,,,,,,,,,
1437,0.7000094423390398,0.6998125739395618,0.75,0.5265728309750557,1.3585716560482979,0.2019230704754591,0.23710352927446365,2.604454495638704e-05,0.2019230704754591,0.7122118920087814,0.1815776489675045,1.423255156725645,1.2416775077581406,512,,,,,,,,,,,
1438,0.7000094423390398,0.6998181963408434,0.65625,0.5127427950501442,1.3312392458319664,0.14532658830285072,0.22252674400806427,2.596764124530398e-05,0.14532658830285072,0.7341503724455833,0.17810052633285522,1.4903281554579735,1.3122276291251183,512,,,,,,,,,,,
1439,0.7000094423390398,0.6998237051621631,0.6875,0.3332820124924183,0.8656716421246529,0.24546173680573702,0.14427382871508598,2.5890811396043868e-05,0.24546173680573702,0.7061523348093033,0.25506775826215744,1.88169763982296,1.6266298815608025,512,,,,,,,,,,,
1440,0.7000095796791506,0.6998291015625,0.59375,0.4756891280412674,1.2319629490375519,0.13532657269388437,0.2095191590487957,2.581405564473801e-05,0.13532657269388437,0.7172289937734604,0.12481066584587097,1.0007765404880047,0.8759658746421337,512,0.0009725108393467963,0.0009725108393467963,0.02,4382,0.7000095796791506,4382,4381,8763,1,4382,38761
1441,0.7000095796791506,0.6998343867008333,0.78515625,0.8023640140891075,2.1033180728554726,0.22646811790764332,0.32808797620236874,2.5737374227290023e-05,0.22646811790764332,0.7012182399630547,0.26900772750377655,1.426628865301609,1.1576211377978325,512,,,,,,,,,,,
1442,0.7000095796791506,0.6998395617361421,0.60546875,0.4991668239235878,1.311507023870945,0.1415206901729107,0.20111967902630568,2.5660767379375018e-05,0.1415206901729107,0.7332568168640137,0.08974707126617432,1.979645200073719,1.8898981288075447,512,,,,,,,,,,,
1443,0.7000095796791506,0.6998446278274059,0.7421875,0.7021047733724117,1.8388585224747658,0.23106422740966082,0.2887316159904003,2.5584235336438922e-05,0.23106422740966082,0.6970361024141312,0.20761483162641525,1.732627734541893,1.5250129029154778,512,,,,,,,,,,,
1444,0.7000095796791506,0.6998495861336036,1.6171875,0.5697414763271809,1.5125175341963768,0.1445051059126854,0.2139716949313879,2.5507778333697818e-05,0.1445051059126854,0.7293774262070656,0.11648990586400032,2.0651030391454697,1.9486131332814693,512,,,,,,,,,,,
1445,0.7000095796791506,0.6998544378137147,2.5,0.6960238888859749,1.8040975779294968,0.29938741587102413,0.3050656337291002,2.5431396606137093e-05,0.29938741587102413,0.7016650140285492,-0.448458731174469,1.0087719708681107,1.4572307020425797,512,,,,,,,,,,,
1446,0.7000095796791506,0.6998591840267181,0.74609375,0.8141454420983791,2.116997465491295,0.16083727031946182,0.3501098845154047,2.5355090388510804e-05,0.16083727031946182,0.7283154204487801,0.1356000378727913,2.0480098724365234,1.9124098345637321,512,,,,,,,,,,,
1447,0.7000095796791506,0.6998638259315931,0.640625,0.763869371265173,2.007047325372696,0.16005599033087492,0.3077082484960556,2.5278859915340914e-05,0.16005599033087492,0.7136962711811066,0.2145724631845951,1.7588551342487335,1.5442826710641384,512,,,,,,,,,,,
1448,0.7000095796791506,0.6998683646873192,0.6171875,0.4971814602613449,1.3037921413779259,0.12738993763923645,0.202818282879889,2.5202705420916627e-05,0.12738993763923645,0.7310888394713402,0.1597401574254036,1.370314046740532,1.2105738893151283,512,0.00083936657756567,0.00083936657756567,0.02,7064,0.7000095796791506,7064,7064,14128,0,7064,41709
1449,0.7000095796791506,0.6998728014528751,0.66015625,0.8323443606495857,2.1763268187642097,0.15643730154260993,0.3459287928417325,2.5126627139293597e-05,0.15643730154260993,0.7147533968091011,0.22706517577171326,1.1571710482239723,0.9301058724522591,512,,,,,,,,,,,
1450,0.7000095796791506,0.6998771373872403,0.74609375,0.7359792441129684,1.9187257289886475,0.15509706735610962,0.3115143049508333,2.505062530429324e-05,0.15509706735610962,0.7374072074890137,0.15873746573925018,1.7145931348204613,1.555855669081211,512,,,,,,,,,,,
1451,0.7000095796791506,0.6998813736493941,0.6328125,0.6401601433753967,1.6822780072689056,0.13425969053059816,0.2576011214405298,2.4974700149502077e-05,0.13425969053059816,0.7280566394329071,0.14104081690311432,1.0503856875002384,0.9093448705971241,512,,,,,,,,,,,
1452,0.7000095796791506,0.6998855113983153,0.62109375,0.3882070668041706,1.0068876221776009,0.1231194594874978,0.1694973912090063,2.4898851908270904e-05,0.1231194594874978,0.7238134518265724,0.13214092701673508,0.7748292312026024,0.6426883041858673,512,,,,,,,,,,,
1453,0.7000095796791506,0.6998895517929836,0.8046875,0.5837393328547478,1.5219569578766823,0.2146697472780943,0.24695004243403673,2.482308081371413e-05,0.2146697472780943,0.7133495882153511,0.21155229955911636,1.254511021077633,1.0429587215185165,512,,,,,,,,,,,
1454,0.7000095796791506,0.6998934959923779,0.66015625,0.4887284003198147,1.2599551901221275,0.18097614590078592,0.2210398716852069,2.474738709870907e-05,0.18097614590078592,0.721328116953373,0.15702266991138458,1.2086998522281647,1.05167718231678,512,,,,,,,,,,,
1455,0.7000095796791506,0.6998973451554775,0.62890625,0.4566415920853615,1.1886994764208794,0.14302999433130026,0.19506283476948738,2.467177099589522e-05,0.14302999433130026,0.7250414788722992,0.12020300328731537,0.8029822632670403,0.6827792599797249,512,,,,,,,,,,,
1456,0.7000095796791506,0.6999011004412615,0.61328125,0.3829276096075773,0.9918079227209091,0.13157076574862003,0.16857872903347015,2.459623273767354e-05,0.13157076574862003,0.7373925521969795,0.19235123693943024,1.6198859140276909,1.4275346770882607,512,0.0007126763230189681,0.0007126763230189681,0.02,4368,0.7000095796791506,4368,4368,8736,0,4368,37824
1457,0.7000095796791506,0.6999047630087093,0.80859375,0.7352436371147633,1.904786854982376,0.17028971947729588,0.32322406116873026,2.4520772556205717e-05,0.17028971947729588,0.7315502837300301,0.13796570152044296,1.0945456773042679,0.9565799757838249,512,,,,,,,,,,,
1458,0.7000095796791506,0.6999083340167999,0.63671875,0.4986768662929535,1.3077281937003136,0.13593558315187693,0.20341376774013042,2.444539068341354e-05,0.13593558315187693,0.7242138385772705,0.21521244198083878,1.43594179302454,1.2207293510437012,512,,,,,,,,,,,
1459,0.7000095796791506,0.6999118146245126,0.8125,0.5706421751528978,1.4631334505975246,0.22928354796022177,0.2660851553082466,2.4370087350978043e-05,0.22928354796022177,0.7065185382962227,0.3000936955213547,2.647962763905525,2.3478690683841705,512,,,,,,,,,,,
1460,0.7000095796791506,0.6999152059908266,0.7109375,0.42064837366342545,1.0960150212049484,0.17327283415943384,0.17867697961628437,2.4294862790338917e-05,0.17327283415943384,0.7232983335852623,0.1689189001917839,1.7454052567481995,1.5764863565564156,512,,,,,,,,,,,
1461,0.7000095796791506,0.6999185092747211,1.0234375,0.48320385068655014,1.248090922832489,0.12533133896067739,0.21616311091929674,2.4219717232693745e-05,0.12533133896067739,0.725087858736515,0.13319218903779984,0.9460958801209927,0.8129036910831928,512,,,,,,,,,,,
1462,0.7000095796791506,0.6999217256351753,0.7109375,0.7727063968777657,2.018432602286339,0.18215335253626108,0.32310185953974724,2.4144650908997286e-05,0.18215335253626108,0.7115380689501762,0.17604126781225204,1.1268662549555302,0.9508249871432781,512,,,,,,,,,,,
1463,0.7000095796791506,0.6999248562311685,0.6875,0.49119457602500916,1.2926225811243057,0.17850528843700886,0.19584577158093452,2.4069664049960794e-05,0.17850528843700886,0.7124438136816025,0.15431398153305054,1.6664657518267632,1.5121517702937126,512,,,,,,,,,,,
1464,0.7000095796791506,0.6999279022216797,0.72265625,0.45949431881308556,1.203618936240673,0.19351454637944698,0.1887880377471447,2.3994756886051268e-05,0.19351454637944698,0.708867184817791,0.11318814754486084,1.0954909697175026,0.9823028221726418,512,0.0007755562546662986,0.0007755562546662986,0.02,5313,0.7000095796791506,5313,5313,10626,0,5313,40083
1465,0.7000095796791506,0.6999308647656881,0.796875,0.743511687964201,1.9757103025913239,0.1932786786928773,0.27735530212521553,2.391992964749083e-05,0.1932786786928773,0.721870094537735,0.14309746772050858,1.9965648651123047,1.8534673973917961,512,,,,,,,,,,,
1466,0.7000095796791506,0.6999337450221732,0.68359375,0.5909098535776138,1.5672935396432877,0.14056195225566626,0.2233422864228487,2.38451825642559e-05,0.14056195225566626,0.7271948084235191,0.1091725081205368,0.8890862762928009,0.7799137681722641,512,,,,,,,,,,,
1467,0.7000095796791506,0.699936544150114,0.5703125,0.36331139504909515,0.9413107633590698,0.11659596674144268,0.1596327992156148,2.3770515866076565e-05,0.11659596674144268,0.7422729283571243,0.07872701808810234,1.3422118872404099,1.2634848691523075,512,,,,,,,,,,,
1468,0.7000095796791506,0.6999392633084898,0.6015625,0.3558180630207062,0.9284772574901581,0.17163628898561,0.1497592469677329,2.3695929782435844e-05,0.17163628898561,0.7117700055241585,0.12519772350788116,1.5016039460897446,1.3764062225818634,512,,,,,,,,,,,
1469,0.7000095796791506,0.6999419036562795,0.65234375,0.4436333756893873,1.158579297363758,0.14040522929280996,0.18576422985643148,2.362142454256901e-05,0.14040522929280996,0.717578113079071,0.008664529770612717,2.0917223282158375,2.0830577984452248,512,,,,,,,,,,,
1470,0.7000095796791506,0.6999444663524628,1.6953125,0.5984422452747822,1.547964334487915,0.15444672107696533,0.26549700088799,2.354700037546285e-05,0.15444672107696533,0.7017602398991585,0.26265788450837135,1.111614629626274,0.8489567451179028,512,,,,,,,,,,,
1471,0.7000095796791506,0.6999469525560185,0.8203125,0.6684903353452682,1.754676029086113,0.19256109092384577,0.27105221524834633,2.3472657509854978e-05,0.19256109092384577,0.7092455849051476,0.20638227462768555,1.3242389485239983,1.1178566738963127,512,,,,,,,,,,,
1472,0.7000097079366489,0.699949363425926,0.80859375,0.4989701732993126,1.2769676819443703,0.13286023307591677,0.2350630685687065,2.3398396174233178e-05,0.13286023307591677,0.7132080048322678,0.15873362496495247,0.757200051099062,0.5984664261341095,512,0.0008068558527156711,0.0008068558527156711,0.02,5928,0.7000097079366489,5928,5927,11855,1,5928,40806
1473,0.7000097079366489,0.6999517001211643,0.70703125,0.5780857056379318,1.5319636315107346,0.16771239507943392,0.21981113962829113,2.3324216596834603e-05,0.16771239507943392,0.7205688282847404,0.2299979105591774,1.2779879495501518,1.0479900389909744,512,,,,,,,,,,,
1474,0.7000097079366489,0.6999539638007128,0.62109375,0.6610397137701511,1.7416681051254272,0.1266955640166998,0.2614824902266264,2.3250119005645147e-05,0.1266955640166998,0.7298876717686653,0.16255473345518112,0.8375946655869484,0.6750399321317673,512,,,,,,,,,,,
1475,0.7000097079366489,0.6999561556235507,1.4453125,0.4087991826236248,1.059623770415783,0.17921788897365332,0.17916159983724356,2.3176103628398732e-05,0.17921788897365332,0.7311840578913689,0.24552404507994652,2.5824923925101757,2.336968347430229,512,,,,,,,,,,,
1476,0.7000097079366489,0.6999582767486572,0.6796875,0.5228715538978577,1.352432258427143,0.18933477438986301,0.23202697932720184,2.3102170692576593e-05,0.18933477438986301,0.7101708725094795,0.24048654735088348,1.613593429327011,1.3731068819761276,512,,,,,,,,,,,
1477,0.7000097079366489,0.6999603283350114,0.6640625,0.5526437610387802,1.439375177025795,0.17622238211333752,0.23530282266438007,2.302832042540658e-05,0.17622238211333752,0.7217895239591599,0.23417653888463974,1.5215319991111755,1.2873554602265358,512,,,,,,,,,,,
1478,0.7000097079366489,0.6999623115415926,0.5625,0.3960873633623123,1.0364554598927498,0.12026440724730492,0.16380924358963966,2.2954553053862466e-05,0.12026440724730492,0.7251391410827637,0.17122797667980194,1.153324916958809,0.982096940279007,512,,,,,,,,,,,
1479,0.7000097079366489,0.69996422752738,0.69921875,0.6648126114159822,1.7464219778776169,0.1725318469107151,0.2681616833433509,2.288086880466329e-05,0.1725318469107151,0.728701151907444,0.18844033777713776,1.50696262717247,1.3185222893953323,512,,,,,,,,,,,
1480,0.7000097079366489,0.6999660774513526,0.8046875,0.5903982371091843,1.550432488322258,0.1509645851328969,0.23865301068872213,2.280726790427258e-05,0.1509645851328969,0.6903490945696831,0.23510975390672684,1.7438849583268166,1.5087752044200897,512,0.0007517716148868203,0.0007517716148868203,0.02,4754,0.7000097079366489,4754,4754,9508,0,4754,39161
1481,0.7000097079366489,0.69996786247249,0.84375,0.6418160870671272,1.68240524828434,0.13457354344427586,0.2624919284135103,2.273375057889769e-05,0.13457354344427586,0.7343114987015724,0.13512572273612022,1.0005581714212894,0.8654324486851692,512,,,,,,,,,,,
1482,0.7000097079366489,0.699969583749771,0.7734375,0.6193876788020134,1.6254653334617615,0.18101961445063353,0.25146693270653486,2.2660317054489145e-05,0.18101961445063353,0.7125732228159904,0.14128797128796577,1.1403567045927048,0.999068733304739,512,,,,,,,,,,,
1483,0.7000097079366489,0.6999712424421751,0.67578125,0.8107694238424301,2.1055696681141853,0.1594540113583207,0.3513072170317173,2.258696755673988e-05,0.1594540113583207,0.7089062184095383,0.13448291271924973,1.3494540080428123,1.2149710953235626,512,,,,,,,,,,,
1484,0.7000097079366489,0.6999728397086814,0.7265625,0.5997964218258858,1.5811590254306793,0.23232545889914036,0.2364058494567871,2.2513702311084596e-05,0.23232545889914036,0.6980712711811066,0.24074774980545044,1.667270578444004,1.4265228286385536,512,,,,,,,,,,,
1485,0.7000097079366489,0.6999743767082691,0.8203125,0.8160687685012817,2.139309525489807,0.13497894909232855,0.33362601697444916,2.244052154269907e-05,0.13497894909232855,0.7244970351457596,0.15209940820932388,0.7516827620565891,0.5995833538472652,512,,,,,,,,,,,
1486,0.7000097079366489,0.6999758545999174,0.671875,0.6954969428479671,1.8093648180365562,0.15298899728804827,0.29820157680660486,2.236742547649942e-05,0.15298899728804827,0.7054052650928497,0.13354121893644333,1.5178250148892403,1.384283795952797,512,,,,,,,,,,,
1487,0.7000097079366489,0.6999772745426054,0.65625,0.3652535807341337,0.9514317736029625,0.17381687555462122,0.1553972028195858,2.229441433714144e-05,0.17381687555462122,0.7235302478075027,0.14241623133420944,1.4652031064033508,1.3227868750691414,512,,,,,,,,,,,
1488,0.7000097079366489,0.6999786376953124,0.6875,0.6803820617496967,1.7745015993714333,0.15608710888773203,0.28726212959736586,2.2221488349019903e-05,0.15608710888773203,0.7231152281165123,0.17461971193552017,1.4785142317414284,1.3038945198059082,512,0.0007793752010911703,0.0007793752010911703,0.02,4233,0.7000097079366489,4233,4233,8466,0,4233,39022
1489,0.7000097079366489,0.6999799452170177,0.73828125,0.7798975501209497,2.0213929191231728,0.1803471203893423,0.3419328546151519,2.214864773626787e-05,0.1803471203893423,0.7165820151567459,0.23496617749333382,1.444512102752924,1.2095459252595901,512,,,,,,,,,,,
1490,0.7000097079366489,0.6999811982667005,0.63671875,0.5059402696788311,1.334868535399437,0.13573367334902287,0.19828374218195677,2.2075892722756054e-05,0.13573367334902287,0.7309301644563675,0.15361664816737175,1.055077288299799,0.9014606401324272,512,,,,,,,,,,,
1491,0.7000097079366489,0.6999823980033397,0.671875,0.5351326018571854,1.4022186174988747,0.15898175816982985,0.21939530037343502,2.2003223532092026e-05,0.15898175816982985,0.723132312297821,0.10100304707884789,1.4491538852453232,1.3481508381664753,512,,,,,,,,,,,
1492,0.7000097079366489,0.6999835455859148,0.62109375,0.4985331278294325,1.3005816712975502,0.15753395855426788,0.2101247040554881,2.1930640387619616e-05,0.15753395855426788,0.7265502586960793,0.1875988245010376,1.2679336443543434,1.0803348198533058,512,,,,,,,,,,,
1493,0.7000097079366489,0.6999846421734051,0.65625,0.45944955199956894,1.1970474570989609,0.11944788787513971,0.1952238567173481,2.1858143512418173e-05,0.11944788787513971,0.7309643402695656,0.12932411581277847,1.0509303733706474,0.921606257557869,512,,,,,,,,,,,
1494,0.7000097079366489,0.6999856889247894,0.7265625,0.5115625560283661,1.3480152189731598,0.1667196312919259,0.20217426400631666,2.1785733129301955e-05,0.1667196312919259,0.716076634824276,0.17665405943989754,1.0674811601638794,0.8908271007239819,512,,,,,,,,,,,
1495,0.7000097079366489,0.6999866869990472,0.73828125,0.7063426226377487,1.8465310111641884,0.15349906217306852,0.2939010765403509,2.171340946081934e-05,0.15349906217306852,0.7231078892946243,0.3323596343398094,2.1451988592743874,1.812839224934578,512,,,,,,,,,,,
1496,0.7000097079366489,0.6999876375551577,0.60546875,0.5750276558101177,1.4987405985593796,0.13075952418148518,0.24376739002764225,2.164117272925221e-05,0.13075952418148518,0.7179321125149727,0.16044671460986137,0.8071408309042454,0.646694116294384,512,0.0008264452335424721,0.0008264452335424721,0.02,3935,0.7000097079366489,3935,3935,7870,0,3935,38819
1497,0.7000097079366489,0.6999885417520999,0.77734375,0.4313320964574814,1.1281124353408813,0.1590802939608693,0.17895445600152016,2.1569023156615253e-05,0.1590802939608693,0.7143017426133156,0.12860186398029327,1.3661261945962906,1.2375243306159973,512,,,,,,,,,,,
1498,0.7000097079366489,0.6999894007488533,0.6875,0.45991918072104454,1.219101496040821,0.16365773975849152,0.17459294106811285,2.1496960964655288e-05,0.16365773975849152,0.7240966632962227,0.1325371041893959,1.5021508112549782,1.3696137070655823,512,,,,,,,,,,,
1499,0.7000097079366489,0.6999902157043969,0.703125,0.49429139122366905,1.2816614732146263,0.16730642411857843,0.2161911353468895,2.1424986374850552e-05,0.16730642411857843,0.7260644286870956,0.20052406191825867,1.492100939154625,1.2915768772363663,512,,,,,,,,,,,
1500,0.7000097079366489,0.69999098777771,0.9140625,0.6545361764729023,1.7166988775134087,0.27191203460097313,0.2667440138757229,2.1353099608410093e-05,0.27191203460097313,0.6930346414446831,0.17467844113707542,2.0626331120729446,1.8879546709358692,512,,,,,,,,,,,
1501,0.7000097079366489,0.6999917181277716,0.96875,0.5383471362292767,1.4027334079146385,0.1915060756728053,0.22862146608531475,2.1281300886272988e-05,0.1915060756728053,0.6676049530506134,0.36956095695495605,2.8782475143671036,2.5086865574121475,512,,,,,,,,,,,
1502,0.7000097079366489,0.6999924079135612,0.6875,0.5012686774134636,1.3078634291887283,0.1671610176563263,0.21113249845802784,2.1209590429107735e-05,0.1671610176563263,0.7183446958661079,0.19786351174116135,1.0033695474267006,0.8055060356855392,512,,,,,,,,,,,
1503,0.7000097079366489,0.6999930582940578,0.67578125,0.437526173889637,1.1370220482349396,0.1581836799159646,0.18881481885910034,2.1137968457311552e-05,0.1581836799159646,0.7200683429837227,0.1531384140253067,0.8821330145001411,0.7289946004748344,512,,,,,,,,,,,
1504,0.7000098425244529,0.6999936704282407,0.77734375,0.5192668009549379,1.366335280239582,0.18088887725025415,0.20720041170716286,2.1066435191009715e-05,0.18088887725025415,0.7182275205850601,0.1612432822585106,1.0608275830745697,0.8995843008160591,512,0.0006900191074237227,0.0006900191074237227,0.02,4205,0.7000098425244529,4205,4205,8410,0,4205,39905
1505,0.7000098425244529,0.699994245475089,0.59375,0.4756580665707588,1.2500820010900497,0.12024785950779915,0.19130604714155197,2.0994990850054857e-05,0.12024785950779915,0.7293969392776489,0.16078292950987816,1.0250395983457565,0.8642566688358784,512,,,,,,,,,,,
1506,0.7000098425244529,0.6999947845935821,0.91015625,0.6555007249116898,1.6876179799437523,0.13838743418455124,0.29874776117503643,2.0923635654026292e-05,0.13838743418455124,0.7223730310797691,0.13919209316372871,1.4297048896551132,1.2905127964913845,512,,,,,,,,,,,
1507,0.7000098425244529,0.699995288942699,0.67578125,0.5014287419617176,1.3108570873737335,0.16517653036862612,0.20862387400120497,2.08523698222294e-05,0.16517653036862612,0.7251586765050888,0.1261419802904129,1.1578628197312355,1.0317208394408226,512,,,,,,,,,,,
1508,0.7000098425244529,0.6999957596814191,0.6328125,0.7038234882056713,1.8557023704051971,0.14828793331980705,0.27709600888192654,2.0781193573694867e-05,0.14828793331980705,0.7328979447484016,0.1295509934425354,2.186322085559368,2.0567710921168327,512,,,,,,,,,,,
1509,0.7000098425244529,0.6999961979687214,0.5546875,0.540589913725853,1.4089021980762482,0.10540229408070445,0.22924900241196156,2.071010712717806e-05,0.10540229408070445,0.7249316275119781,0.11870809644460678,0.6539786718785763,0.5352705754339695,512,,,,,,,,,,,
1510,0.7000098425244529,0.6999966049635851,1.0234375,0.5214153565466404,1.3628897368907928,0.17686600890010595,0.21715670824050903,2.0639110701158337e-05,0.17686600890010595,0.7200707942247391,0.4694738984107971,2.110143221914768,1.640669323503971,512,,,,,,,,,,,
1511,0.7000098425244529,0.6999969818249896,0.59765625,0.3396230600774288,0.8823148682713509,0.11813797662034631,0.14684586878865957,2.05682045138384e-05,0.11813797662034631,0.7105517461895943,0.24028034880757332,1.3863344453275204,1.146054096519947,512,,,,,,,,,,,
1512,0.7000098425244529,0.699997329711914,0.84765625,0.5319594852626324,1.3856108114123344,0.1998507957905531,0.22638754732906818,2.0497388783143602e-05,0.1998507957905531,0.7017358243465424,0.09791884571313858,2.2906504683196545,2.192731622606516,512,0.0007756708655506372,0.0007756708655506372,0.02,4378,0.7000098425244529,4378,4378,8756,0,4378,38749
1513,0.7000098425244529,0.6999976497833376,0.8203125,0.7556593492627144,1.9526326358318329,0.16861499287188053,0.3372441306710243,2.0426663726721262e-05,0.16861499287188053,0.7070263475179672,0.04645527899265289,1.5434849485754967,1.4970296695828438,512,,,,,,,,,,,
1514,0.7000098425244529,0.6999979431982393,0.66796875,0.3529166765511036,0.9244104623794556,0.12861396744847298,0.1450339648872614,2.0356029561940077e-05,0.12861396744847298,0.7163281217217445,0.1161457970738411,0.7359648980200291,0.619819100946188,512,,,,,,,,,,,
1515,0.7000098425244529,0.6999982111155987,0.64453125,0.5956173576414585,1.546403855085373,0.17585943080484867,0.25849716179072857,2.0285486505889333e-05,0.17585943080484867,0.7314501628279686,0.1762380674481392,1.7967039793729782,1.620465911924839,512,,,,,,,,,,,
1516,0.7000098425244529,0.6999984546943947,0.7265625,0.6547698080539703,1.6929245591163635,0.1619402291253209,0.29122628830373287,2.0215034775378332e-05,0.1619402291253209,0.7337499856948853,0.17830374091863632,2.160597637295723,1.9822938963770866,512,,,,,,,,,,,
1517,0.7000098425244529,0.6999986750936067,0.6640625,0.438005018979311,1.13309745490551,0.14330965233966708,0.1941903866827488,2.0144674586935685e-05,0.14330965233966708,0.7203686311841011,0.15142915770411491,0.9404337033629417,0.7890045456588268,512,,,,,,,,,,,
1518,0.7000098425244529,0.6999988734722137,0.83203125,0.6856178157031536,1.7876036614179611,0.1645087250508368,0.29002604354172945,2.0074406156808647e-05,0.1645087250508368,0.7092236131429672,0.3253089487552643,1.5334607735276222,1.208151824772358,512,,,,,,,,,,,
1519,0.7000098425244529,0.6999990509891951,0.6171875,0.6427555344998837,1.6807173863053322,0.16759774833917618,0.2670265883207321,2.0004229700962468e-05,0.16759774833917618,0.7128027155995369,0.13828139379620552,1.8928490057587624,1.7545676119625568,512,,,,,,,,,,,
1520,0.7000098425244529,0.6999992088035301,0.64453125,0.7456282451748848,1.9371005520224571,0.17653665784746408,0.3223788905888796,1.9934145435079702e-05,0.17653665784746408,0.7189574986696243,0.19487480446696281,2.1747013218700886,1.9798265174031258,512,0.001066672964952886,0.001066672964952886,0.02,3606,0.7000098425244529,3606,3606,7212,0,3606,37952
1521,0.7000098425244529,0.6999993480741977,0.59375,0.7244312651455402,1.9150851219892502,0.1024478143081069,0.28016109205782413,1.9864153574559623e-05,0.1024478143081069,0.7343066185712814,0.08809457719326019,1.0109996870160103,0.9229051098227501,512,,,,,,,,,,,
1522,0.7000098425244529,0.6999994699601774,0.640625,0.538371667265892,1.407997913658619,0.09699390968307853,0.22343131806701422,1.9794254334517443e-05,0.09699390968307853,0.7301245033740997,0.11219489201903343,0.6893074885010719,0.5771125964820385,512,,,,,,,,,,,
1523,0.7000098425244529,0.6999995756204481,0.5859375,0.4975915662944317,1.3025905564427376,0.13476562406867743,0.2052626172080636,1.972444792978373e-05,0.13476562406867743,0.724555641412735,0.1295248121023178,1.1743581369519234,1.0448333248496056,512,,,,,,,,,,,
1524,0.7000098425244529,0.6999996662139892,0.7578125,0.5946442782878876,1.561862200498581,0.18651790544390678,0.24009002652019262,1.965473457490372e-05,0.18651790544390678,0.7234472557902336,0.21170233935117722,1.785634495317936,1.5739321559667587,512,,,,,,,,,,,
1525,0.7000098425244529,0.6999997428997798,0.75390625,0.7599233761429787,1.9997842237353325,0.14650984480977058,0.3030137149617076,1.9585114484136692e-05,0.14650984480977058,0.7282763347029686,0.14699587225914001,1.3757240027189255,1.2287281304597855,512,,,,,,,,,,,
1526,0.7000098425244529,0.6999998068367993,0.6640625,0.5279934927821159,1.366628721356392,0.14176527597010136,0.2333514504134655,1.9515587871455253e-05,0.14176527597010136,0.7176879718899727,0.118020910769701,0.8387471027672291,0.7207261919975281,512,,,,,,,,,,,
1527,0.7000098425244529,0.6999998591840266,0.828125,0.560168880969286,1.4709038510918617,0.15766266081482172,0.226577571593225,1.944615495054472e-05,0.15766266081482172,0.7239770442247391,0.08113138377666473,0.9662046059966087,0.885073222219944,512,,,,,,,,,,,
1528,0.7000098425244529,0.6999999011004412,0.671875,0.6776918508112431,1.7652176767587662,0.18281461391597986,0.28839388117194176,1.9376815934802496e-05,0.18281461391597986,0.7129028141498566,0.1958790384232998,1.6666947416961193,1.4708157032728195,512,0.0007927396800369024,0.0007927396800369024,0.02,3989,0.7000098425244529,3989,3989,7978,0,3989,39275
1529,0.7000098425244529,0.6999999337450221,0.7109375,0.49194946326315403,1.282009243965149,0.1909697875380516,0.20874662417918444,1.9307571037337313e-05,0.1909697875380516,0.7101586759090424,0.12158646807074547,2.3849278315901756,2.26334136351943,512,,,,,,,,,,,
1530,0.7000098425244529,0.6999999582767487,0.609375,0.48805336840450764,1.258029818534851,0.11616471502929926,0.22091970220208168,1.9238420470968665e-05,0.11616471502929926,0.7225659117102623,0.12199801206588745,0.6908148527145386,0.5688168406486511,512,,,,,,,,,,,
1531,0.7000098425244529,0.6999999758545999,0.90234375,0.6722063533961773,1.7260412648320198,0.14446668745949864,0.31094762682914734,1.9169364448226123e-05,0.14446668745949864,0.717902809381485,0.19388217851519585,0.9323282316327095,0.7384460531175137,512,,,,,,,,,,,
1532,0.7000098425244529,0.6999999876375551,0.69140625,0.44786421209573746,1.1667941138148308,0.16702650021761656,0.19037011824548244,1.9100403181348686e-05,0.16702650021761656,0.716499000787735,0.17752378061413765,0.9927922636270523,0.8152684830129147,512,,,,,,,,,,,
1533,0.7000098425244529,0.6999999947845935,0.609375,0.44601478055119514,1.1638219431042671,0.1264524101279676,0.18773792870342731,1.9031536882284125e-05,0.1264524101279676,0.7147729471325874,0.1532800868153572,0.8027551732957363,0.6494750864803791,512,,,,,,,,,,,
1534,0.7000098425244529,0.6999999984546943,0.765625,0.6444904059171677,1.7022821456193924,0.23949467111378908,0.2507189828902483,1.8962765762688312e-05,0.23949467111378908,0.7032836750149727,0.26195333153009415,2.183966025710106,1.9220126941800117,512,,,,,,,,,,,
1535,0.7000098425244529,0.6999999998068368,0.66796875,0.7152461782097816,1.8949053585529327,0.1284433677792549,0.27250724099576473,1.8894090033924654e-05,0.1284433677792549,0.7288574203848839,0.1719595082104206,0.8447972573339939,0.6728377491235733,512,,,,,,,,,,,
1536,0.7000099721581045,0.7,0.6484375,0.6815994307398796,1.7888666614890099,0.13592811673879623,0.2765861079096794,1.8825509907063327e-05,0.13592811673879623,0.7288574054837227,0.16661732643842697,1.169540397822857,1.00292307138443,512,0.0006888963398523629,0.0006888963398523629,0.02,3126,0.7000099721581045,3126,3126,6252,0,3126,39232
1537,0.7000099721581045,0.7,0.72265625,0.49560785852372646,1.2961062341928482,0.16368539072573185,0.205735694617033,1.875702559288069e-05,0.16368539072573185,0.713076151907444,0.1701192818582058,1.608292169868946,1.4381728880107403,512,,,,,,,,,,,
1538,0.7000099721581045,0.7,0.58984375,0.6143632791936398,1.5970303639769554,0.09847591817378998,0.2646764926612377,1.868863730185863e-05,0.09847591817378998,0.7238183245062828,0.10909131169319153,0.6749415844678879,0.5658502727746964,512,,,,,,,,,,,
1539,0.7000099721581045,0.7,0.83984375,0.4813719391822815,1.2293730676174164,0.14807777665555477,0.22932970989495516,1.8620345244183917e-05,0.14807777665555477,0.7161254659295082,0.14401817321777344,1.4794210270047188,1.3354028537869453,512,,,,,,,,,,,
1540,0.7000099721581045,0.7,0.8671875,0.7089425288140774,1.8524084985256195,0.21006649732589722,0.29590206779539585,1.8552149629747555e-05,0.21006649732589722,0.7104662954807281,0.13015539199113846,1.1911011412739754,1.060945749282837,512,,,,,,,,,,,
1541,0.7000099721581045,0.7,0.62109375,0.41177765652537346,1.0619293674826622,0.17266376689076424,0.185881688259542,1.848405066814412e-05,0.17266376689076424,0.7119726315140724,0.11785303056240082,1.3880294784903526,1.2701764479279518,512,,,,,,,,,,,
1542,0.7000099721581045,0.7,0.73828125,0.6305529810488224,1.6667630150914192,0.16352165304124355,0.24400347843766212,1.8416048568671184e-05,0.16352165304124355,0.730478510260582,0.08409685641527176,2.3832704797387123,2.2991736233234406,512,,,,,,,,,,,
1543,0.7000099721581045,0.7,0.73046875,0.6017511449754238,1.5700895488262177,0.1571168638765812,0.2533986512571573,1.8348143540328554e-05,0.1571168638765812,0.7189013585448265,0.22934917733073235,1.3188268020749092,1.0894776247441769,512,,,,,,,,,,,
1544,0.7000099721581045,0.7,0.65234375,0.5206896476447582,1.363543950021267,0.13170751463621855,0.21430344972759485,1.8280335791817733e-05,0.13170751463621855,0.7241650223731995,0.12949984520673752,0.9308345019817352,0.8013346567749977,512,0.0007635264191776514,0.0007635264191776514,0.02,3852,0.7000099721581045,3852,3852,7704,0,3852,37811
1545,0.7000099721581045,0.7,0.75390625,0.6362494677305222,1.6603813618421555,0.1874013328924775,0.26764723286032677,1.8212625531541232e-05,0.1874013328924775,0.7117113992571831,0.22992448508739471,1.2739007845520973,1.0439762994647026,512,,,,,,,,,,,
1546,0.7000099721581045,0.7,0.7734375,0.6386388465762138,1.6417213305830956,0.19366452749818563,0.2935478435829282,1.814501296760193e-05,0.19366452749818563,0.7176415771245956,0.3819577097892761,1.7012306526303291,1.319272942841053,512,,,,,,,,,,,
1547,0.7000099721581045,0.7,0.69140625,0.6354419477283955,1.6587719023227692,0.1277611656114459,0.2668097075074911,1.8077498307802465e-05,0.1277611656114459,0.7315429523587227,0.16616086661815643,1.1637215614318848,0.9975606948137283,512,,,,,,,,,,,
1548,0.7000099721581045,0.7,0.5703125,0.5751781687140465,1.4961971417069435,0.13769099581986666,0.2467669453471899,1.8010081759644538e-05,0.13769099581986666,0.7294726371765137,0.17445138841867447,1.5247928723692894,1.350341483950615,512,,,,,,,,,,,
1549,0.7000099721581045,0.7,0.5703125,0.6809651870280504,1.780300460755825,0.11915033403784037,0.2832303401082754,1.794276353032836e-05,0.11915033403784037,0.7412304580211639,0.09228380769491196,2.1511544585227966,2.0588706508278847,512,,,,,,,,,,,
1550,0.7000099721581045,0.7,0.60546875,0.49187035113573074,1.2845254391431808,0.13996632117778063,0.20599072333425283,1.787554382675193e-05,0.13996632117778063,0.7247851341962814,0.14913035929203033,1.170014202594757,1.0208838433027267,512,,,,,,,,,,,
1551,0.7000099721581045,0.7,0.66796875,0.6040291674435139,1.5548431426286697,0.1265168245881796,0.27554819732904434,1.7808422855510436e-05,0.1265168245881796,0.7274047583341599,0.11619961634278297,1.0369093120098114,0.9207096956670284,512,,,,,,,,,,,
1552,0.7000099721581045,0.7,0.6953125,0.6349335573613644,1.6672482565045357,0.16459511779248714,0.2567927660420537,1.774140082289563e-05,0.16459511779248714,0.7297216504812241,0.1196923702955246,1.6073916926980019,1.4876993224024773,512,0.0009399454575031996,0.0009399454575031996,0.02,3262,0.7000099721581045,3262,3262,6524,0,3262,38414
1553,0.7000099721581045,0.7,0.625,0.44272055104374886,1.149372786283493,0.12186260335147381,0.19220459833741188,1.767447793489518e-05,0.12186260335147381,0.7353051602840424,0.1519964151084423,0.8661591336131096,0.7141627185046673,512,,,,,,,,,,,
1554,0.7000099721581045,0.7,0.77734375,0.5825843922793865,1.5414345413446426,0.17413413524627686,0.22397268190979958,1.7607654397192036e-05,0.17413413524627686,0.7215917930006981,0.11179853975772858,1.27285598218441,1.1610574424266815,512,,,,,,,,,,,
1555,0.7000099721581045,0.7,0.62109375,0.5022042132914066,1.328188218176365,0.13986460119485855,0.1936426879838109,1.7540930415163782e-05,0.13986460119485855,0.7283691093325615,0.10407119244337082,1.4015142619609833,1.2974430695176125,512,,,,,,,,,,,
1556,0.7000099721581045,0.7,0.6953125,0.6886262185871601,1.7875466421246529,0.1656981948763132,0.2991993688046932,1.747430619388209e-05,0.1656981948763132,0.7146703824400902,0.15187570452690125,1.1692569330334663,1.017381228506565,512,,,,,,,,,,,
1557,0.7000099721581045,0.7,0.69140625,0.5960547626018524,1.5485456064343452,0.15145466662943363,0.2576808724552393,1.740778193811196e-05,0.15145466662943363,0.7254491895437241,0.12066979706287384,1.2807916551828384,1.1601218581199646,512,,,,,,,,,,,
1558,0.7000099721581045,0.7,0.546875,0.47584439627826214,1.2414729073643684,0.12897816393524408,0.2004797551780939,1.7341357852311174e-05,0.12897816393524408,0.7296508625149727,0.11477132886648178,1.7252416834235191,1.6104703545570374,512,,,,,,,,,,,
1559,0.7000099721581045,0.7,0.6328125,0.5439470820128918,1.416624367237091,0.1781521737575531,0.23170003108680248,1.7275034140629647e-05,0.1781521737575531,0.7095898240804672,0.2658553197979927,2.706990823149681,2.4411355033516884,512,,,,,,,,,,,
1560,0.7000099721581045,0.7,0.65625,0.3884410560131073,1.0109145194292068,0.20499204471707344,0.16617952287197113,1.7208811006908798e-05,0.20499204471707344,0.7104150280356407,0.1682571917772293,1.6882988288998604,1.520041637122631,512,0.0007673165528103709,0.0007673165528103709,0.02,2966,0.7000099721581045,2966,2966,5932,0,2966,39081
1561,0.7000099721581045,0.7,0.66796875,0.37868934869766235,0.9757972583174706,0.1068945424631238,0.1717461682856083,1.7142688654680955e-05,0.1068945424631238,0.7246997058391571,0.12226249277591705,0.7876224592328072,0.6653599664568901,512,,,,,,,,,,,
1562,0.7000099721581045,0.7,0.76171875,0.6124299503862858,1.590916059911251,0.16723964177072048,0.2649322208017111,1.7076667287168664e-05,0.16723964177072048,0.7193798497319221,0.194237370043993,1.2016879580914974,1.0074505880475044,512,,,,,,,,,,,
1563,0.7000099721581045,0.7,0.609375,0.38921375200152397,1.0142656788229942,0.17177143692970276,0.16516992077231407,1.7010747107284114e-05,0.17177143692970276,0.7202099487185478,0.21523062884807587,1.9629297628998756,1.7476991340517998,512,,,,,,,,,,,
1564,0.7000099721581045,0.7,0.59375,0.4854671135544777,1.2726520746946335,0.10646956041455269,0.19846032932400703,1.694492831762851e-05,0.10646956041455269,0.7228393256664276,0.11792654916644096,0.706054724752903,0.588128175586462,512,,,,,,,,,,,
1565,0.7000099721581045,0.7,0.64453125,0.3443290591239929,0.8987246975302696,0.14289031084626913,0.14469665382057428,1.6879211120491405e-05,0.14289031084626913,0.7151806578040123,0.1522270403802395,0.8820802718400955,0.729853231459856,512,,,,,,,,,,,
1566,0.7000099721581045,0.7,0.63671875,0.5368219017982483,1.4114230871200562,0.1634487397968769,0.2153098676353693,1.6813595717850188e-05,0.1634487397968769,0.7209228351712227,0.18084550648927689,0.9966364577412605,0.8157909512519836,512,,,,,,,,,,,
1567,0.7000099721581045,0.7,0.640625,0.5217285975813866,1.3578376471996307,0.12156490609049797,0.22315806429833174,1.674808231136932e-05,0.12156490609049797,0.7355126664042473,0.16305268555879593,1.359233818948269,1.196181133389473,512,,,,,,,,,,,
1568,0.7000099721581045,0.7,0.78125,0.8283870816230774,2.195078030228615,0.18635893752798438,0.3151857843622565,1.6682671102399805e-05,0.18635893752798438,0.7188232243061066,0.19456568732857704,2.313250605016947,2.1186849176883698,512,0.0008933356148190796,0.0008933356148190796,0.02,3238,0.7000099721581045,3238,3238,6476,0,3238,38439
1569,0.7000099721581045,0.7,0.7109375,0.4676872119307518,1.2174579203128815,0.16604952234774828,0.19977599568665028,1.661736229197856e-05,0.16604952234774828,0.7091454938054085,0.2117840051651001,1.0124348476529121,0.800650842487812,512,,,,,,,,,,,
1570,0.7000099721581045,0.7,0.7109375,0.6887210160493851,1.7802924737334251,0.1469979058019817,0.3067407999187708,1.6552156080827757e-05,0.1469979058019817,0.7267284989356995,0.23573127761483192,1.3038722351193428,1.0681409575045109,512,,,,,,,,,,,
1571,0.7000099721581045,0.7,0.671875,0.5171493701636791,1.3539982363581657,0.18460028152912855,0.2131210220977664,1.6487052669354297e-05,0.18460028152912855,0.7065161094069481,0.1314055733382702,1.2159722819924355,1.0845667086541653,512,,,,,,,,,,,
1572,0.7000099721581045,0.7,0.640625,0.5542936660349369,1.4711150601506233,0.12383093032985926,0.20856266282498837,1.6422052257649078e-05,0.12383093032985926,0.7199487090110779,0.13090814650058746,1.2142414823174477,1.0833333358168602,512,,,,,,,,,,,
1573,0.7000099721581045,0.7,0.58203125,0.467123094946146,1.2289410457015038,0.1362159438431263,0.18658344354480505,1.635715504548645e-05,0.1362159438431263,0.7150561287999153,0.18071673437952995,1.829174529761076,1.648457795381546,512,,,,,,,,,,,
1574,0.7000099721581045,0.7,0.6171875,0.4851442538201809,1.265753373503685,0.11668766383081675,0.20438066124916077,1.6292361232323584e-05,0.11668766383081675,0.7180492952466011,0.11462976783514023,0.7420246340334415,0.6273948661983013,512,,,,,,,,,,,
1575,0.7000099721581045,0.7,0.6171875,0.44960619881749153,1.1859876960515976,0.11331800278276205,0.1764552341774106,1.6227671017299873e-05,0.11331800278276205,0.7296020239591599,0.1044282577931881,0.7199179828166962,0.6154897250235081,512,,,,,,,,,,,
1576,0.7000099721581045,0.7,0.69921875,0.7321536727249622,1.8804242014884949,0.18187572341412306,0.3382231779396534,1.6163084599236278e-05,0.18187572341412306,0.728103019297123,0.055798694491386414,1.7833390533924103,1.7275403589010239,512,0.0008835353655740619,0.0008835353655740619,0.02,2740,0.7000099721581045,2740,2740,5480,0,2740,36056
1577,0.7000099721581045,0.7,0.73828125,0.6109750755131245,1.5984748229384422,0.18929808400571346,0.25296470895409584,1.6098602176634807e-05,0.18929808400571346,0.7140185385942459,0.25012498907744884,1.887064777314663,1.636939788237214,512,,,,,,,,,,,
1578,0.7000099721581045,0.7,0.6640625,0.47161444276571274,1.2297387272119522,0.18170512840151787,0.19939592480659485,1.603422394767779e-05,0.18170512840151787,0.7050976380705833,0.17776266857981682,2.1410771682858467,1.96331449970603,512,,,,,,,,,,,
1579,0.7000099721581045,0.7,0.77734375,0.6462407670915127,1.6998818963766098,0.1578356996178627,0.2584233395755291,1.596995011022735e-05,0.1578356996178627,0.7315454035997391,0.11184443533420563,1.248746007680893,1.1369015723466873,512,,,,,,,,,,,
1580,0.7000099721581045,0.7,0.6875,0.7080308683216572,1.88187675178051,0.14808510430157185,0.26367124170064926,1.590578086182475e-05,0.14808510430157185,0.7211645245552063,0.14124685153365135,1.0722397938370705,0.9309929423034191,512,,,,,,,,,,,
1581,0.7000099721581045,0.7,0.70703125,0.46464260667562485,1.205105535686016,0.18029404897242785,0.20290228072553873,1.584171639968982e-05,0.18029404897242785,0.7181957885622978,0.19775862246751785,1.365758791565895,1.1680001690983772,512,,,,,,,,,,,
1582,0.7000099721581045,0.7,0.6484375,0.5455314069986343,1.4213837385177612,0.1484711728990078,0.23174167051911354,1.5777756920720344e-05,0.1484711728990078,0.7039477452635765,0.13692374899983406,0.9464536793529987,0.8095299303531647,512,,,,,,,,,,,
1583,0.7000099721581045,0.7,0.66796875,0.5880203135311604,1.5753354653716087,0.12676490005105734,0.2065442055463791,1.5713902621491412e-05,0.12676490005105734,0.7328783869743347,0.2399461232125759,1.5181568413972855,1.2782107181847095,512,,,,,,,,,,,
1584,0.7000099721581045,0.7,0.59765625,0.40635303780436516,1.065857782959938,0.11379286041483283,0.1655149981379509,1.5650153698254916e-05,0.11379286041483283,0.7369360029697418,0.157325841486454,1.167745865881443,1.010420024394989,512,0.0008297294843941927,0.0008297294843941927,0.02,2808,0.7000099721581045,2808,2808,5616,0,2808,37617
1585,0.7000099721581045,0.7,0.58984375,0.6615197993814945,1.7518007829785347,0.11466149892657995,0.2528046276420355,1.558651034693882e-05,0.11466149892657995,0.7262890562415123,0.12153789773583412,0.8706728555262089,0.7491349577903748,512,,,,,,,,,,,
1586,0.7000099721581045,0.7,0.609375,0.6565057076513767,1.7183631137013435,0.13976852968335152,0.2710480447858572,1.5522972763146653e-05,0.13976852968335152,0.7308837696909904,0.08663948997855186,2.052139014005661,1.9654995240271091,512,,,,,,,,,,,
1587,0.7000099721581045,0.7,0.953125,0.6408535167574883,1.6726217493414879,0.13780037313699722,0.26935851760208607,1.5459541142156864e-05,0.13780037313699722,0.7110815420746803,0.13311028108000755,1.3897750079631805,1.256664726883173,512,,,,,,,,,,,
1588,0.7000099721581045,0.7,1.109375,0.4870945941656828,1.2477001026272774,0.16087208315730095,0.22834403440356255,1.539621567892222e-05,0.16087208315730095,0.7301440313458443,0.017002739012241364,1.7781084701418877,1.7611057311296463,512,,,,,,,,,,,
1589,0.7000099721581045,0.7,0.86328125,0.7329273261129856,1.7675013169646263,0.17197426781058311,0.45349049381911755,1.5332996568069246e-05,0.17197426781058311,0.7010302692651749,0.08692026510834694,2.2604556754231453,2.1735354103147984,512,,,,,,,,,,,
1590,0.7000099721581045,0.7,0.6640625,0.5719318203628063,1.4781027808785439,0.15515450481325388,0.2550238650292158,1.5269884003897565e-05,0.15515450481325388,0.7018554508686066,0.23222580552101135,1.8293550610542297,1.5971292555332184,512,,,,,,,,,,,
1591,0.7000099721581045,0.7,0.68359375,0.725457388907671,1.8863477483391762,0.14696398377418518,0.31200787890702486,1.5206878180379396e-05,0.14696398377418518,0.7267748787999153,0.23729420453310013,1.6225973814725876,1.3853031769394875,512,,,,,,,,,,,
1592,0.7000099721581045,0.7,0.65625,0.6600083447992802,1.7311682477593422,0.12435005232691765,0.2688569948077202,1.5143979291158838e-05,0.12435005232691765,0.7312866225838661,0.12542303279042244,1.2660975605249405,1.140674527734518,512,0.0008055305224843323,0.0008055305224843323,0.02,3449,0.7000099721581045,3449,3449,6898,0,3449,39198
1593,0.7000099721581045,0.7,1.109375,0.6361079998314381,1.6345071643590927,0.15027556801214814,0.29309278540313244,1.508118752955136e-05,0.15027556801214814,0.7047875821590424,-0.015272047370672226,1.3299679271876812,1.3452399745583534,512,,,,,,,,,,,
1594,0.7000099721581045,0.7,0.57421875,0.46218907088041306,1.210957057774067,0.12428546324372292,0.18961581401526928,1.5018503088543173e-05,0.12428546324372292,0.721940889954567,0.21972613036632538,1.1710995212197304,0.951373390853405,512,,,,,,,,,,,
1595,0.7000099721581045,0.7,0.6484375,0.5717927999794483,1.49098090082407,0.16571706254035234,0.24172448180615902,1.4955926160790656e-05,0.16571706254035234,0.703859843313694,0.1477118544280529,0.9539142325520515,0.8062023781239986,512,,,,,,,,,,,
1596,0.7000099721581045,0.7,0.7109375,0.4399624913930893,1.1239200085401535,0.21551673859357834,0.20929961930960417,1.4893456938619744e-05,0.21551673859357834,0.7221215590834618,0.1912321075797081,1.7561721727252007,1.5649400651454926,512,,,,,,,,,,,
1597,0.7000099721581045,0.7,0.71875,0.755596611648798,1.9786414578557014,0.17312520276755095,0.3110450869426131,1.4831095614025336e-05,0.17312520276755095,0.7181322947144508,0.19235051423311234,1.6807018779218197,1.4883513636887074,512,,,,,,,,,,,
1598,0.7000099721581045,0.7,0.6328125,0.3617178164422512,0.9451832994818687,0.13007597904652357,0.1509312503039837,1.4768842378670755e-05,0.13007597904652357,0.7285888493061066,0.16425804793834686,1.2400597929954529,1.075801745057106,512,,,,,,,,,,,
1599,0.7000099721581045,0.7,0.63671875,0.5786530375480652,1.511663019657135,0.11352817667648196,0.24183091707527637,1.4706697423887089e-05,0.11352817667648196,0.7273974418640137,0.13430247828364372,0.8428373746573925,0.7085348963737488,512,,,,,,,,,,,
1600,0.7000099721581045,0.7,1.2890625,0.6168891657143831,1.6005800142884254,0.17151421308517456,0.2687810342758894,1.4644660940672627e-05,0.17151421308517456,0.7165112346410751,0.08807612210512161,1.2376193534582853,1.1495432313531637,512,0.0008159974822774529,0.0008159974822774529,0.02,3491,0.7000099721581045,3491,3491,6982,0,3491,39083
1601,0.7000099721581045,0.7,0.76953125,0.7484283745288849,1.9446843788027763,0.1907513616606593,0.3232802916318178,1.4582733119692293e-05,0.1907513616606593,0.712700180709362,0.1810876801609993,1.8626307174563408,1.6815430372953415,512,,,,,,,,,,,
1602,0.7000099721581045,0.7,0.6484375,0.36852723360061646,0.9512062296271324,0.20429716212674975,0.16554293036460876,1.4520914151277037e-05,0.20429716212674975,0.708815909922123,0.20060831308364868,1.9237452074885368,1.7231368944048882,512,,,,,,,,,,,
1603,0.7000099721581045,0.7,0.6328125,0.5217079110443592,1.358791783452034,0.12159168906509876,0.22214117925614119,1.4459204225423267e-05,0.12159168906509876,0.7282519415020943,0.11708595976233482,1.1265164464712143,1.0094304867088795,512,,,,,,,,,,,
1604,0.7000099721581045,0.7,0.74609375,0.6571351252496243,1.687837153673172,0.20627965033054352,0.3034813031554222,1.439760353179223e-05,0.20627965033054352,0.6908398121595383,0.2445027306675911,1.6787580475211143,1.4342553168535233,512,,,,,,,,,,,
1605,0.7000099721581045,0.7,0.61328125,0.3769502751529217,0.9800038188695908,0.13639417383819818,0.16226967610418797,1.4336112259709505e-05,0.13639417383819818,0.7146850451827049,0.21198657155036926,1.4404209293425083,1.228434357792139,512,,,,,,,,,,,
1606,0.7000099721581045,0.7,0.82421875,0.7930625602602959,2.085443824529648,0.2203354323282838,0.3177759815007448,1.4274730598164331e-05,0.2203354323282838,0.7004662901163101,0.27868764102458954,1.862775206565857,1.5840875655412674,512,,,,,,,,,,,
1607,0.7000099721581045,0.7,0.578125,0.43842572905123234,1.1427682414650917,0.12781173456460238,0.18579453136771917,1.4213458735809072e-05,0.12781173456460238,0.7257275208830833,0.14221113175153732,0.8063407018780708,0.6641295701265335,512,,,,,,,,,,,
1608,0.7000099721581045,0.7,0.71875,0.5042262710630894,1.3220423758029938,0.15865029487758875,0.20591597259044647,1.4152296860958642e-05,0.15865029487758875,0.7327929511666298,0.1647772304713726,1.4225365072488785,1.2577592767775059,512,0.0006649424904026091,0.0006649424904026091,0.02,2389,0.7000099721581045,2389,2389,4778,0,2389,36839
1609,0.7000099721581045,0.7,0.6953125,0.6363499127328396,1.67933389544487,0.16315468773245811,0.24899910017848015,1.4091245161589905e-05,0.16315468773245811,0.7209179624915123,0.11295377463102341,1.368551418185234,1.2555976435542107,512,,,,,,,,,,,
1610,0.7000099721581045,0.7,0.6875,0.5923617202788591,1.5485401898622513,0.2140462026000023,0.24649530183523893,1.4030303825341123e-05,0.2140462026000023,0.7106298804283142,0.25198306888341904,2.533658392727375,2.281675323843956,512,,,,,,,,,,,
1611,0.7000099721581045,0.7,0.8046875,0.7764960564672947,2.0359341502189636,0.15465186443179846,0.3170841168612242,1.3969473039511333e-05,0.15465186443179846,0.7077929526567459,0.16808398440480232,0.8432249762117863,0.675140991806984,512,,,,,,,,,,,
1612,0.7000099721581045,0.7,0.66796875,0.7275365255773067,1.9317132532596588,0.15351196005940437,0.27294284012168646,1.3908752991059853e-05,0.15351196005940437,0.7274853363633156,0.14612699300050735,1.2556585222482681,1.1095315292477608,512,,,,,,,,,,,
1613,0.7000099721581045,0.7,0.78515625,0.6258952468633652,1.6220391616225243,0.15388735849410295,0.274613032117486,1.3848143866605617e-05,0.15388735849410295,0.7070751786231995,0.13216250948607922,1.0393077842891216,0.9071452748030424,512,,,,,,,,,,,
1614,0.7000099721581045,0.7,0.74609375,0.6538323052227497,1.7310999631881714,0.12995135597884655,0.2502100095152855,1.3787645852426661e-05,0.12995135597884655,0.7198828086256981,0.15012076124548912,0.7962684482336044,0.6461476869881153,512,,,,,,,,,,,
1615,0.7000099721581045,0.7,0.68359375,0.7636603266000748,1.9959498643875122,0.1541107166558504,0.3181722993031144,1.3727259134459514e-05,0.1541107166558504,0.7221972420811653,0.19222139567136765,1.1225340440869331,0.9303126484155655,512,,,,,,,,,,,
1616,0.7000099721581045,0.7,0.55859375,0.3499239832162857,0.9045505821704865,0.11097325710579753,0.155825087800622,1.3666983898298657e-05,0.11097325710579753,0.7334985285997391,0.10247759148478508,1.0345339477062225,0.9320563562214375,512,0.0007966536213643849,0.0007966536213643849,0.02,2464,0.7000099721581045,2464,2464,4928,0,2464,36377
1617,0.7000099721581045,0.7,0.671875,0.443707425147295,1.166229985654354,0.13018236542120576,0.1783379316329956,1.3606820329195941e-05,0.13018236542120576,0.7274853214621544,0.06082786060869694,1.217237539589405,1.1564096789807081,512,,,,,,,,,,,
1618,0.7000099721581045,0.7,1.171875,0.5966869201511145,1.5341196656227112,0.15470579266548157,0.2740224488079548,1.3546768612059985e-05,0.15470579266548157,0.7253002673387527,0.22898206114768982,1.4573562443256378,1.228374183177948,512,,,,,,,,,,,
1619,0.7000099721581045,0.7,0.73046875,0.5239508263766766,1.3438183516263962,0.17671638913452625,0.24391139764338732,1.3486828931455709e-05,0.17671638913452625,0.724924311041832,0.19325996190309525,1.7767735198140144,1.5835135579109192,512,,,,,,,,,,,
1620,0.7000099721581045,0.7,0.875,0.6717798858880997,1.747201256453991,0.14184152241796255,0.28849529661238194,1.3427001471603623e-05,0.14184152241796255,0.7306933403015137,0.10453274101018906,1.0013450905680656,0.8968123495578766,512,,,,,,,,,,,
1621,0.7000099721581045,0.7,0.671875,0.5857280679047108,1.5226052328944206,0.18059044796973467,0.252328229136765,1.3367286416379365e-05,0.18059044796973467,0.7251122891902924,0.17591522634029388,1.9117040559649467,1.7357888296246529,512,,,,,,,,,,,
1622,0.7000099721581045,0.7,0.58984375,0.4514854773879051,1.169767141342163,0.12582308612763882,0.19837060943245888,1.330768394931311e-05,0.12582308612763882,0.7328955009579659,0.12987499684095383,1.0254945009946823,0.8956195041537285,512,,,,,,,,,,,
1623,0.7000099721581045,0.7,0.78125,0.3849838972091675,1.0072764828801155,0.1829374898225069,0.1593413334339857,1.3248194253588991e-05,0.1829374898225069,0.7214623838663101,0.3184414356946945,2.1718536391854286,1.853412203490734,512,,,,,,,,,,,
1624,0.7000099721581045,0.7,0.56640625,0.44754551723599434,1.169103428721428,0.14223916362971067,0.1870950572192669,1.3188817512044544e-05,0.14223916362971067,0.7234081923961639,0.14572574570775032,1.3686604350805283,1.222934689372778,512,0.000742283882573247,0.000742283882573247,0.02,2571,0.7000099721581045,2571,2571,5142,0,2571,37942
1625,0.7000099721581045,0.7,0.61328125,0.5744162760674953,1.4979917332530022,0.12974852230399847,0.2426635716110468,1.3129553907170144e-05,0.12974852230399847,0.7338452041149139,0.15357552096247673,1.0888859778642654,0.9353104569017887,512,,,,,,,,,,,
1626,0.7000099721581045,0.7,0.62890625,0.422296367585659,1.091775692999363,0.1480003073811531,0.18791022896766663,1.3070403621108485e-05,0.1480003073811531,0.7324316054582596,0.11843135207891464,1.3663681373000145,1.2479367852210999,512,,,,,,,,,,,
1627,0.7000099721581045,0.7,0.76171875,0.5444676093757153,1.4172489419579506,0.17575124464929104,0.2326528336852789,1.3011366835653938e-05,0.17575124464929104,0.7280639410018921,0.1612817868590355,1.132843792438507,0.9715620055794716,512,,,,,,,,,,,
1628,0.7000099721581045,0.7,0.68359375,0.5598212741315365,1.465534470975399,0.152120606508106,0.23089355137199163,1.2952443732252057e-05,0.152120606508106,0.722338855266571,0.1617516577243805,0.9226024746894836,0.7608508169651031,512,,,,,,,,,,,
1629,0.7000099721581045,0.7,0.765625,0.6974694728851318,1.7173748910427094,0.15406792983412743,0.3961689006537199,1.2893634491998995e-05,0.15406792983412743,0.7163598611950874,0.1683814413845539,1.3131404928863049,1.144759051501751,512,,,,,,,,,,,
1630,0.7000099721581045,0.7,0.69921875,0.43659432604908943,1.1299929171800613,0.1211828300729394,0.19302013516426086,1.2834939295640963e-05,0.1211828300729394,0.7263134494423866,0.1218131072819233,0.8070403635501862,0.6852272562682629,512,,,,,,,,,,,
1631,0.7000099721581045,0.7,0.7578125,0.523447472602129,1.3675954788923264,0.17174011375755072,0.21860890183597803,1.277635832357365e-05,0.17174011375755072,0.7327148169279099,0.19876721501350403,1.5905737541615963,1.3918065391480923,512,,,,,,,,,,,
1632,0.7000099721581045,0.7,0.78125,0.5974486097693443,1.5594530254602432,0.1884801685810089,0.2509972620755434,1.2717891755841722e-05,0.1884801685810089,0.7186034992337227,0.1814427152276039,1.7260243818163872,1.5445816665887833,512,0.0008034000638872385,0.0008034000638872385,0.02,2509,0.7000099721581045,2509,2509,5018,0,2509,37796
1633,0.7000099721581045,0.7,0.67578125,0.5093735828995705,1.3382995575666428,0.1844053566455841,0.20525672286748886,1.265953977213819e-05,0.1844053566455841,0.7217700108885765,0.13098124414682388,1.9895466044545174,1.8585653603076935,512,,,,,,,,,,,
1634,0.7000099721581045,0.7,0.8125,0.39944805577397346,1.0365011915564537,0.16285581421107054,0.1739474143832922,1.2601302551803918e-05,0.16285581421107054,0.7321166843175888,0.1409703977406025,1.286217361688614,1.1452469639480114,512,,,,,,,,,,,
1635,0.7000099721581045,0.7,0.70703125,0.5976041294634342,1.5574016496539116,0.15555342938750982,0.2535198936238885,1.2543180273827043e-05,0.15555342938750982,0.7331030145287514,0.30447085574269295,2.243362218141556,1.9388913623988628,512,,,,,,,,,,,
1636,0.7000099721581045,0.7,0.6640625,0.6195174530148506,1.6277482584118843,0.13558860309422016,0.24957727454602718,1.248517311684243e-05,0.13558860309422016,0.7244555652141571,0.1438313126564026,1.0716360360383987,0.9278047233819962,512,,,,,,,,,,,
1637,0.7000099721581045,0.7,0.62890625,0.6425170712172985,1.6986567005515099,0.12269646394997835,0.2483646273612976,1.2427281259131163e-05,0.12269646394997835,0.7260302528738976,0.11566460505127907,1.0564933270215988,0.9408287219703197,512,,,,,,,,,,,
1638,0.7000099721581045,0.7,0.6015625,0.7253610715270042,1.9012116864323616,0.12896612798795104,0.29685212671756744,1.2369504878619926e-05,0.12896612798795104,0.7360326871275902,0.08843189477920532,1.9110915213823318,1.8226596266031265,512,,,,,,,,,,,
1639,0.7000099721581045,0.7,0.8515625,0.43667272850871086,1.107778713107109,0.14358106441795826,0.21547192241996527,1.2311844152880502e-05,0.14358106441795826,0.7177319303154945,0.16297056898474693,1.0031318254768848,0.8401612564921379,512,,,,,,,,,,,
1640,0.7000099721581045,0.7,0.6171875,0.493838369846344,1.2806118875741959,0.15089790942147374,0.21586795337498188,1.225429925912921e-05,0.15089790942147374,0.7201269716024399,0.14615436643362045,1.3573491275310516,1.2111947610974312,512,0.0007568727596662939,0.0007568727596662939,0.02,2139,0.7000099721581045,2139,2139,4278,0,2139,36912
1641,0.7000099721581045,0.7,0.7109375,0.4830770567059517,1.2817507237195969,0.129875629208982,0.1821190770715475,1.219687037422636e-05,0.129875629208982,0.7141455039381981,-0.006537996232509613,0.8187789730727673,0.8253169693052769,512,,,,,,,,,,,
1642,0.7000099721581045,0.7,0.7109375,0.5418029427528381,1.4124396443367004,0.1708111772313714,0.22938735224306583,1.2139557674675772e-05,0.1708111772313714,0.7211108207702637,0.14306701347231865,1.5218337550759315,1.378766741603613,512,,,,,,,,,,,
1643,0.7000099721581045,0.7,0.734375,0.670519907027483,1.7522010207176208,0.1819076156243682,0.27967741154134274,1.2082361336624103e-05,0.1819076156243682,0.7160546854138374,0.20077912509441376,1.0131017118692398,0.812322586774826,512,,,,,,,,,,,
1644,0.7000099721581045,0.7,0.73046875,0.5678137615323067,1.4920094013214111,0.23005549889057875,0.2286382745951414,1.2025281535860433e-05,0.23005549889057875,0.7013134732842445,0.23135953396558762,1.8600908294320107,1.628731295466423,512,,,,,,,,,,,
1645,0.7000099721581045,0.7,0.71484375,0.4556508883833885,1.1527403593063354,0.10733798053115606,0.2280198596417904,1.1968318447815646e-05,0.10733798053115606,0.7297192215919495,0.1072012297809124,0.6455188989639282,0.5383176691830158,512,,,,,,,,,,,
1646,0.7000099721581045,0.7,0.66015625,0.9040641449391842,2.3547386676073074,0.17043999303132296,0.38484946452081203,1.1911472247561906e-05,0.17043999303132296,0.7174560353159904,0.22928468137979507,2.12906014919281,1.899775467813015,512,,,,,,,,,,,
1647,0.7000099721581045,0.7,0.66015625,0.6214829236268997,1.6304879933595657,0.13928107172250748,0.25279349088668823,1.1854743109812188e-05,0.13928107172250748,0.7079760432243347,0.15238887071609497,0.869485393166542,0.7170965224504471,512,,,,,,,,,,,
1648,0.7000099721581045,0.7,0.64453125,0.558216217905283,1.454232670366764,0.16501237824559212,0.23733156826347113,1.1798131208919627e-05,0.16501237824559212,0.7164135575294495,0.2155095785856247,1.1402680948376656,0.9247585162520409,512,0.0006967605440877378,0.0006967605440877378,0.02,2073,0.7000099721581045,2073,2073,4146,0,2073,36649
1649,0.7000099721581045,0.7,0.6328125,0.6053717210888863,1.5891001299023628,0.12906751595437527,0.24535951111465693,1.1741636718877053e-05,0.12906751595437527,0.7250732332468033,0.15217987447977066,1.4465279839932919,1.2943481095135212,512,,,,,,,,,,,
1650,0.7000099721581045,0.7,0.72265625,0.5273168254643679,1.3767938762903214,0.12662542797625065,0.2211358482018113,1.1685259813316451e-05,0.12662542797625065,0.7157641425728798,-0.025501791387796402,1.61777675896883,1.6432785503566265,512,,,,,,,,,,,
1651,0.7000099721581045,0.7,0.74609375,0.6050887666642666,1.579104021191597,0.1190108209848404,0.25449824146926403,1.162900066550841e-05,0.1190108209848404,0.7256225422024727,0.13366393372416496,0.7753529697656631,0.6416890360414982,512,,,,,,,,,,,
1652,0.7000099721581045,0.7,0.73046875,0.5030342824757099,1.3023698180913925,0.13171849492937326,0.2219764208421111,1.15728594483616e-05,0.13171849492937326,0.7216992080211639,0.1717941127717495,1.0595910400152206,0.8877969272434711,512,,,,,,,,,,,
1653,0.7000099721581045,0.7,0.5625,0.4394855145365,1.1429474651813507,0.10832983069121838,0.1888267658650875,1.1516836334422233e-05,0.10832983069121838,0.7118432447314262,0.11332449316978455,0.6381473354995251,0.5248228423297405,512,,,,,,,,,,,
1654,0.7000099721581045,0.7,0.6953125,0.5799044705927372,1.5364074483513832,0.17335593327879906,0.22087876312434673,1.146093149587356e-05,0.17335593327879906,0.6974023208022118,0.1546349748969078,1.3726949244737625,1.2180599495768547,512,,,,,,,,,,,
1655,0.7000099721581045,0.7,0.6875,0.506497360765934,1.3245324492454529,0.13026741333305836,0.21030798740684986,1.140514510453531e-05,0.13026741333305836,0.7219824120402336,0.14119518175721169,0.8305727168917656,0.6893775351345539,512,,,,,,,,,,,
1656,0.7000099721581045,0.7,0.5859375,0.34886208921670914,0.9104906171560287,0.14615860674530268,0.14666719734668732,1.134947733186315e-05,0.14615860674530268,0.7193725481629372,0.14116448163986206,1.0086923018097878,0.8675278201699257,512,0.0007586199208162725,0.0007586199208162725,0.02,1979,0.7000099721581045,1979,1979,3958,0,1979,35784
1657,0.7000099721581045,0.7,0.61328125,0.49463269114494324,1.3003054857254028,0.1535903150215745,0.19858138915151358,1.1293928348948218e-05,0.1535903150215745,0.7145825028419495,0.17981814593076706,1.458630546927452,1.278812400996685,512,,,,,,,,,,,
1658,0.7000099721581045,0.7,0.625,0.5191760249435902,1.357438050210476,0.14131648559123278,0.215822521597147,1.1238498326516533e-05,0.14131648559123278,0.7262328863143921,0.10529356449842453,0.9344907030463219,0.8291971385478973,512,,,,,,,,,,,
1659,0.7000099721581045,0.7,0.59765625,0.6720067895948887,1.7688860148191452,0.11958301579579711,0.26749810203909874,1.1183187434928499e-05,0.11958301579579711,0.7235278114676476,0.09738145023584366,1.6941448263823986,1.596763376146555,512,,,,,,,,,,,
1660,0.7000099721581045,0.7,0.59765625,0.5392037983983755,1.4079990163445473,0.1271836692467332,0.225951774045825,1.1127995844178386e-05,0.1271836692467332,0.7434936389327049,0.1353490874171257,2.0907910764217377,1.955441989004612,512,,,,,,,,,,,
1661,0.7000099721581045,0.7,0.6953125,0.6732902452349663,1.7726116329431534,0.15303051471710205,0.2676617782562971,1.1072923723893818e-05,0.15303051471710205,0.7240917757153511,0.16348091512918472,1.7518053948879242,1.5883244797587395,512,,,,,,,,,,,
1662,0.7000099721581045,0.7,0.71484375,0.8078364543616772,2.1118202209472656,0.18966386187821627,0.3361689727753401,1.1017971243335213e-05,0.18966386187821627,0.7180102542042732,0.1781756430864334,1.4046682342886925,1.226492591202259,512,,,,,,,,,,,
1663,0.7000099721581045,0.7,0.78515625,0.45261596515774727,1.1877939999103546,0.14071375597268343,0.18376945704221725,1.0963138571395276e-05,0.14071375597268343,0.7350439131259918,0.1624830961227417,1.5610853359103203,1.3986022397875786,512,,,,,,,,,,,
1664,0.7000099721581045,0.7,0.66796875,0.712166465818882,1.8741583079099655,0.18512967647984624,0.2839217931032181,1.090842587659851e-05,0.18512967647984624,0.7201830819249153,0.1832426432520151,1.496502622961998,1.3132599797099829,512,0.0008014063350856304,0.0008014063350856304,0.02,1775,0.7000099721581045,1775,1775,3550,0,1775,35750
1665,0.7000099721581045,0.7,0.73046875,0.5615185089409351,1.458457075059414,0.19762386288493872,0.24311411194503307,1.0853833327100671e-05,0.19762386288493872,0.7036523371934891,0.249948151409626,2.4882252290844917,2.2382770776748657,512,,,,,,,,,,,
1666,0.7000099721581045,0.7,0.6171875,0.5900395698845387,1.5128115639090538,0.1349436966702342,0.27518704533576965,1.0799361090688249e-05,0.1349436966702342,0.7241943255066872,0.18330229446291924,1.2200627848505974,1.0367604903876781,512,,,,,,,,,,,
1667,0.7000099721581045,0.7,0.625,0.45285189524292946,1.1780560612678528,0.13228997960686684,0.1942223459482193,1.0745009334777945e-05,0.13228997960686684,0.7237060368061066,0.20272012054920197,1.1476686634123325,0.9449485428631306,512,,,,,,,,,,,
1669,0.7000099721581045,0.7,0.65625,0.4547908864915371,1.1851232945919037,0.17182581406086683,0.19303086213767529,1.06366679322787e-05,0.17182581406086683,0.7209325954318047,0.1896323561668396,1.3073301389813423,1.1176977828145027,512,,,,,,,,,,,
1670,0.7000099721581045,0.7,0.6328125,0.3507884070277214,0.9152335152029991,0.1864997111260891,0.14776162151247263,1.058267861866969e-05,0.1864997111260891,0.7190771326422691,0.101661816239357,2.635981075465679,2.534319259226322,512,,,,,,,,,,,
1671,0.7000099721581045,0.7,0.625,0.37491502426564693,0.9746002703905106,0.13866845332086086,0.16150584258139133,1.052881045152168e-05,0.13866845332086086,0.7320214733481407,0.10820222645998001,1.7422089204192162,1.6340066939592361,512,,,,,,,,,,,
1672,0.7000099724333352,0.7,0.65625,0.7146662548184395,1.8922024965286255,0.14371074922382832,0.27345268335193396,1.047506359639483e-05,0.14371074922382832,0.738212876021862,0.159334696829319,1.0709556713700294,0.9116209745407104,512,0.0007841783808544278,0.0007841783808544278,0.02,1651,0.7000099724333352,1651,1650,3301,1,1651,31447
1673,0.7000099724333352,0.7,0.76953125,0.5121212750673294,1.3345879465341568,0.21365980245172977,0.21729460824280977,1.0421438218476449e-05,0.21365980245172977,0.7057177424430847,0.12455503642559052,1.6230461224913597,1.4984910860657692,512,,,,,,,,,,,
1674,0.7000099724333352,0.7,0.734375,0.5794228464365005,1.5209004804491997,0.1872472371906042,0.2349262721836567,1.0367934482580477e-05,0.1872472371906042,0.7128612920641899,0.1543654091656208,1.5574928522109985,1.4031274430453777,512,,,,,,,,,,,
1675,0.7000099724333352,0.7,0.875,0.6534538213163614,1.6904705613851547,0.1568163139745593,0.28969244100153446,1.0314552553147045e-05,0.1568163139745593,0.7246215641498566,0.17440331354737282,1.0422002524137497,0.8677969388663769,512,,,,,,,,,,,
1676,0.7000099724333352,0.7,0.5859375,0.5479745306074619,1.4464645609259605,0.10896042315289378,0.2140642162412405,1.0261292594241872e-05,0.10896042315289378,0.7215185090899467,0.1456604227423668,1.2309530675411224,1.0852926447987556,512,,,,,,,,,,,
1677,0.7000099724333352,0.7,0.5859375,0.6710485890507698,1.7519784569740295,0.12881204765290022,0.2815020242705941,1.0208154769555827e-05,0.12881204765290022,0.7307128757238388,0.11061548814177513,1.1471142321825027,1.0364987440407276,512,,,,,,,,,,,
1678,0.7000099724333352,0.7,0.73046875,0.3610448557883501,0.9336744472384453,0.18869074806571007,0.1604008488357067,1.0155139242404404e-05,0.18869074806571007,0.7180395349860191,0.2929569445550442,2.1334526985883713,1.840495754033327,512,,,,,,,,,,,
1679,0.7000099724333352,0.7,0.7421875,0.637156592682004,1.6607158109545708,0.17158178612589836,0.2700617127120495,1.0102246175727236e-05,0.17158178612589836,0.7116381525993347,0.08236173912882805,1.4968700408935547,1.4145083017647266,512,,,,,,,,,,,
1680,0.7000099724333352,0.7,0.70703125,0.4943663813173771,1.288238413631916,0.1469372734427452,0.20984145533293486,1.004947573208756e-05,0.1469372734427452,0.7162524089217186,0.16610175371170044,0.9787644855678082,0.8126627318561077,512,0.0010147601133212447,0.0010147601133212447,0.02,1725,0.7000099724333352,1725,1725,3450,0,1725,34513
1681,0.7000099724333352,0.7,0.703125,0.6483520045876503,1.6772666200995445,0.14119007252156734,0.287436343729496,9.996828073671743e-06,0.14119007252156734,0.7244311273097992,0.157425656914711,0.890237495303154,0.732811838388443,512,,,,,,,,,,,
1682,0.7000099724333352,0.7,0.6875,0.4949325956404209,1.2812812253832817,0.1639416334219277,0.2185144815593958,9.944303362288814e-06,0.1639416334219277,0.7183642387390137,0.11129990965127945,1.0152239874005318,0.9039240777492523,512,,,,,,,,,,,
1683,0.7000099724333352,0.7,0.640625,0.47181906551122665,1.2198152095079422,0.1436652084812522,0.20993950217962265,9.891901759369898e-06,0.1436652084812522,0.7334472462534904,0.09320127964019775,1.4039149954915047,1.310713715851307,512,,,,,,,,,,,
1684,0.7000099724333352,0.7,0.96875,0.7277710139751434,1.925030305981636,0.18149410746991634,0.2803363185375929,9.83962342596776e-06,0.18149410746991634,0.708972305059433,-0.058078519999980927,2.059596598148346,2.117675118148327,507.625,,,,,,,,,,,
1685,0.7000099724333352,0.7,0.78125,0.6744787320494652,1.7424841523170471,0.1768501279875636,0.3013906851410866,9.78746852275631e-06,0.1768501279875636,0.693957507610321,0.3470271974802017,2.265376053750515,1.9183488562703133,512,,,,,,,,,,,
1686,0.7000099724333352,0.7,0.67578125,0.6171792633831501,1.6213664412498474,0.1426010401919484,0.248873645439744,9.735437210030101e-06,0.1426010401919484,0.736086405813694,0.1683608442544937,2.627572849392891,2.459212005138397,512,,,,,,,,,,,
1687,0.7000099724333352,0.7,0.63671875,0.610180675983429,1.5822758823633194,0.14111778838559985,0.26675640046596527,9.683529647703837e-06,0.14111778838559985,0.7116137444972992,0.182637058198452,2.388352006673813,2.205714948475361,512,,,,,,,,,,,
1688,0.7000099724333352,0.7,0.73046875,0.588271789252758,1.523717224597931,0.15025882562622428,0.2589244842529297,9.63174599531188e-06,0.15025882562622428,0.7272460833191872,0.13406340777873993,1.409658506512642,1.275595098733902,512,0.001048615900799632,0.001048615900799632,0.02,1672,0.7000099724333352,1672,1672,3344,0,1672,33978
1689,0.7000099724333352,0.7,2.40625,0.556637205183506,1.461592860519886,0.18865656480193138,0.22518650628626347,9.580086412007793e-06,0.18865656480193138,0.7080444246530533,-0.2696572057902813,1.6481326222419739,1.9177898280322552,512,,,,,,,,,,,
1690,0.7000099724333352,0.7,0.7109375,0.6160882227122784,1.6013535186648369,0.1360002914443612,0.26558041386306286,9.528551056563784e-06,0.1360002914443612,0.7299365028738976,0.14987723156809807,0.9121181629598141,0.762240931391716,512,,,,,,,,,,,
1691,0.7000099724333352,0.7,0.6875,0.4229503758251667,1.094817854464054,0.20489398203790188,0.18684988748282194,9.477140087370268e-06,0.20489398203790188,0.7141796797513962,0.16606412827968597,1.6694786846637726,1.5034145563840866,512,,,,,,,,,,,
1692,0.7000099724333352,0.7,0.77734375,0.3295181132853031,0.8558738455176353,0.1777332816272974,0.14266584068536758,9.42585366243537e-06,0.1777332816272974,0.7064965590834618,0.17545870691537857,2.1432885602116585,1.96782985329628,512,,,,,,,,,,,
1693,0.7000099724333352,0.7,0.61328125,0.593220666050911,1.5334271490573883,0.14449915196746588,0.26421115919947624,9.374691939384433e-06,0.14449915196746588,0.7181786894798279,0.10561290755867958,1.6413551680743694,1.5357422605156898,512,,,,,,,,,,,
1694,0.7000099724333352,0.7,1.3125,0.5906376987695694,1.540766291320324,0.15377118065953255,0.2490448858588934,9.323655075459542e-06,0.15377118065953255,0.7235595509409904,0.13510067760944366,0.9763144478201866,0.841213770210743,512,,,,,,,,,,,
1695,0.7000099724333352,0.7,0.74609375,0.7172747869044542,1.8958172649145126,0.13360447343438864,0.2777426401153207,9.272743227519016e-06,0.13360447343438864,0.7315990999341011,0.07225634157657623,1.3137820586562157,1.2415257170796394,512,,,,,,,,,,,
1696,0.7000099721581045,0.7,0.6328125,0.5951836593449116,1.569096252322197,0.1233521793037653,0.23449051938951015,9.221956552036992e-06,0.1233521793037653,0.7277856320142746,0.12496744096279144,0.8888594955205917,0.7638920545578003,512,0.0006274181650951505,0.0006274181650951505,0.02,2114,0.7000099721581045,2114,2115,4229,-1,2114,35879
1697,0.7000099721581045,0.7,0.67578125,0.5512416623532772,1.444055214524269,0.17628096509724855,0.22637400403618813,9.17129520510286e-06,0.17628096509724855,0.718930646777153,0.17821238189935684,1.9194773808121681,1.7412649989128113,512,,,,,,,,,,,
1698,0.7000099721581045,0.7,0.640625,0.6583529636263847,1.7167591601610184,0.13294155523180962,0.2782496977597475,9.12075934242082e-06,0.13294155523180962,0.7241381704807281,0.24681196361780167,1.3821295611560345,1.1353175975382328,512,,,,,,,,,,,
1699,0.7000099721581045,0.7,0.71875,0.5442953109741211,1.4053278118371964,0.1426232373341918,0.2440518867224455,9.070349119309423e-06,0.1426232373341918,0.7226244732737541,0.11108152940869331,1.9079403914511204,1.796858862042427,512,,,,,,,,,,,
1700,0.7000099721581045,0.7,1.8828125,0.3898879289627075,1.0055742859840393,0.2569924592971802,0.17590425070375204,9.020064690701069e-06,0.2569924592971802,0.688918448984623,-0.33358369022607803,1.8450192213058472,2.178602911531925,512,,,,,,,,,,,
1701,0.7000099721581045,0.7,0.765625,0.6162043400108814,1.5997928977012634,0.16247717384248972,0.26749288383871317,8.969906211141527e-06,0.16247717384248972,0.7369238063693047,0.2256067506968975,2.044569995254278,1.8189632445573807,512,,,,,,,,,,,
1702,0.7000099721581045,0.7,0.71484375,0.7385470159351826,1.9163351655006409,0.1697801137343049,0.3216859558597207,8.919873834789466e-06,0.1697801137343049,0.7311254590749741,0.25177305936813354,2.303725354373455,2.0519522950053215,512,,,,,,,,,,,
1703,0.7000099721581045,0.7,0.69140625,0.3773560896515846,0.9837088286876678,0.18643610086292028,0.15979444421827793,8.869967715416028e-06,0.18643610086292028,0.7264111116528511,0.15945937111973763,1.571409221738577,1.4119498506188393,512,,,,,,,,,,,
1704,0.7000099721581045,0.7,0.609375,0.46397119015455246,1.2116102427244186,0.148268005810678,0.19436301290988922,8.820188006404268e-06,0.148268005810678,0.7375390455126762,0.12865418940782547,2.0271463319659233,1.8984921425580978,512,0.0007565682171843946,0.0007565682171843946,0.02,1447,0.7000099721581045,1447,1447,2894,0,1447,33089
1705,0.7000099721581045,0.7,0.890625,0.6321551688015461,1.6254905015230179,0.1535135693848133,0.2901310957968235,8.770534860748747e-06,0.1535135693848133,0.7206493839621544,0.1524968259036541,1.3514829725027084,1.1989861465990543,512,,,,,,,,,,,
1706,0.7000099721581045,0.7,0.640625,0.37888795509934425,0.971095509827137,0.1154908025637269,0.1770497690886259,8.721008431055028e-06,0.1154908025637269,0.7286547794938087,0.20401886478066444,1.3639007098972797,1.1598818451166153,512,,,,,,,,,,,
1707,0.7000099721581045,0.7,0.78125,0.4371742121875286,1.130586750805378,0.12417288403958082,0.1941835479810834,8.671608869539233e-06,0.12417288403958082,0.7221606150269508,0.16599315404891968,1.2413497567176819,1.0753566026687622,512,,,,,,,,,,,
1708,0.7000099721581045,0.7,0.90625,0.6478957943618298,1.6904284730553627,0.15191606525331736,0.27289203368127346,8.622336328027553e-06,0.15191606525331736,0.708798810839653,0.16590524464845657,1.2087465599179268,1.0428413152694702,512,,,,,,,,,,,
1709,0.7000099721581045,0.7,0.56640625,0.4307304844260216,1.1266176849603653,0.13811885099858046,0.1786261685192585,8.573190957955812e-06,0.13811885099858046,0.7256200984120369,0.18209055811166763,2.2646367512643337,2.082546193152666,512,,,,,,,,,,,
1710,0.7000099721581045,0.7,0.80859375,0.7667255513370037,1.982077807188034,0.15870077908039093,0.3413328845053911,8.52417291036897e-06,0.15870077908039093,0.722404770553112,0.1404939852654934,1.0456999763846397,0.9052059911191463,512,,,,,,,,,,,
1711,0.7000099721581045,0.7,0.578125,0.5387842208147049,1.3823247328400612,0.10293779335916042,0.25035463832318783,8.475282335920664e-06,0.10293779335916042,0.7339770421385765,0.0876128152012825,1.1335196495056152,1.0459068343043327,512,,,,,,,,,,,
1712,0.7000099721581045,0.7,0.6328125,0.5511768758296967,1.4466102868318558,0.11126623675227165,0.22362259216606617,8.426519384872733e-06,0.11126623675227165,0.7359057366847992,0.10866780206561089,0.7297191955149174,0.6210513934493065,512,0.0005579453427344561,0.0005579453427344561,0.02,1493,0.7000099721581045,1493,1493,2986,0,1493,32646
1713,0.7000099721581045,0.7,0.68359375,0.5883563198149204,1.521251656115055,0.18828794546425343,0.2616462502628565,8.377884207094832e-06,0.18828794546425343,0.7211938127875328,0.1945420801639557,2.4015472009778023,2.2070051208138466,512,,,,,,,,,,,
1714,0.7000099721581045,0.7,0.65234375,0.5078734084963799,1.3320899605751038,0.16375584062188864,0.20692032482475042,8.329376952063867e-06,0.16375584062188864,0.7162988036870956,0.15508418902754784,1.551619853824377,1.3965356647968292,512,,,,,,,,,,,
1715,0.7000099721581045,0.7,0.67578125,0.5367056857794523,1.41105455160141,0.18168247025460005,0.21532629057765007,8.28099776886358e-06,0.18168247025460005,0.7241308391094208,0.1717015914618969,1.1610821522772312,0.9893805608153343,512,,,,,,,,,,,
1716,0.7000099721581045,0.7,0.625,0.6354471668601036,1.6702884137630463,0.13848412316292524,0.2553089838474989,8.232746806184117e-06,0.13848412316292524,0.7245385646820068,0.16601572930812836,1.1444091722369194,0.978393442928791,512,,,,,,,,,,,
1717,0.7000099721581045,0.7,0.71484375,0.43314361199736595,1.1105423048138618,0.15055595058947802,0.2020140653476119,8.184624212321517e-06,0.15055595058947802,0.7231127768754959,0.1992087960243225,1.6971781142055988,1.4979693181812763,512,,,,,,,,,,,
1718,0.7000099721581045,0.7,0.71875,0.8882692717015743,2.278425343334675,0.14518782775849104,0.4132996369153261,8.136630135177337e-06,0.14518782775849104,0.7288207709789276,0.1343132145702839,1.3300651833415031,1.1957519687712193,512,,,,,,,,,,,
1719,0.7000099721581045,0.7,0.64453125,0.4520651698112488,1.1578200608491898,0.104288543574512,0.21207439713180065,8.088764722258097e-06,0.104288543574512,0.7265380695462227,0.1209633368998766,0.9589471556246281,0.8379838187247515,512,,,,,,,,,,,
1720,0.7000099721581045,0.7,0.62890625,0.5282945968210697,1.36769899725914,0.1432950347661972,0.23319368995726109,8.041028120674893e-06,0.1432950347661972,0.7181078717112541,0.1859769970178604,1.507579319179058,1.3216023221611977,512,0.0010101408697664738,0.0010101408697664738,0.02,1270,0.7000099721581045,1270,1270,2540,0,1270,37144
1721,0.7000099721581045,0.7,0.6953125,0.4856365695595741,1.2823245972394943,0.18545576743781567,0.1893013259395957,7.993420477142933e-06,0.18545576743781567,0.7155956923961639,0.1974053494632244,1.2475608438253403,1.0501554943621159,512,,,,,,,,,,,
1722,0.7000099721581045,0.7,0.64453125,0.6801000535488129,1.7592960000038147,0.14178958907723427,0.3016131464391947,7.945941937981067e-06,0.14178958907723427,0.7263525351881981,0.3015856072306633,1.709300085902214,1.4077144786715508,512,,,,,,,,,,,
1723,0.7000099721581045,0.7,0.828125,0.38520110584795475,1.002606824040413,0.16441316343843937,0.1646692119538784,7.898592649111364e-06,0.16441316343843937,0.7289355248212814,0.17983383312821388,1.2566913142800331,1.0768574811518192,512,,,,,,,,,,,
1724,0.7000099721581045,0.7,0.88671875,0.46970925852656364,1.206319883465767,0.18672374170273542,0.21704143099486828,7.851372756058662e-06,0.18672374170273542,0.7125414609909058,0.12918953225016594,1.5900939106941223,1.4609043784439564,512,,,,,,,,,,,
1725,0.7000099721581045,0.7,0.78125,0.6418060902506113,1.687283955514431,0.19144143164157867,0.25758292991667986,7.804282403950092e-06,0.19144143164157867,0.721794418990612,0.2110201194882393,1.8347552493214607,1.6237351298332214,512,,,,,,,,,,,
1726,0.7000099721581045,0.7,20.5,0.7046137303113937,1.8054033666849136,0.14873951114714146,0.3297896618023515,7.757321737514645e-06,0.14873951114714146,0.709409162402153,0.1797105371952057,1.380537487566471,1.2008269503712654,512,,,,,,,,,,,
1727,0.7000099721581045,0.7,0.59765625,0.6580155082046986,1.7292066141963005,0.14812156464904547,0.26477970369160175,7.710490901082751e-06,0.14812156464904547,0.7185522317886353,0.09395615011453629,0.9450874850153923,0.851131334900856,512,,,,,,,,,,,
1728,0.7000099721581045,0.7,0.66015625,0.4404956251382828,1.1389953345060349,0.1539986664429307,0.1958398651331663,7.663790038585793e-06,0.1539986664429307,0.7292431518435478,0.20208484679460526,1.3158223181962967,1.1137374714016914,512,0.0007640207186341286,0.0007640207186341286,0.02,2950,0.7000099721581045,2950,2950,5900,0,2950,37733
1729,0.7000099721581045,0.7,0.609375,0.5838246066123247,1.5322849750518799,0.12443175073713064,0.23688037134706974,7.617219293555716e-06,0.12443175073713064,0.7228759601712227,0.1151985265314579,0.773607324808836,0.6584087982773781,512,,,,,,,,,,,
1730,0.7000099721581045,0.7,0.77734375,0.6803138069808483,1.7653975412249565,0.18056732788681984,0.29615931026637554,7.570778809124518e-06,0.18056732788681984,0.718706026673317,0.2584467902779579,1.6721810922026634,1.4137343019247055,512,,,,,,,,,,,
1731,0.7000099721581045,0.7,0.671875,0.605405081063509,1.6002534851431847,0.1444976143538952,0.23430731054395437,7.524468728023909e-06,0.1444976143538952,0.7183593511581421,0.15714238584041595,1.9788313284516335,1.8216889426112175,512,,,,,,,,,,,
1732,0.7000099721581045,0.7,1.890625,0.5363130830228329,1.406716525554657,0.11336418520659208,0.21847460605204105,7.478289192584764e-06,0.11336418520659208,0.7188427522778511,0.1764037162065506,1.1741515472531319,0.9977478310465813,512,,,,,,,,,,,
1733,0.7000099721581045,0.7,0.671875,0.3587633967399597,0.9317279383540154,0.20215316023677588,0.15543382056057453,7.43224034473674e-06,0.20215316023677588,0.7134228348731995,0.1192798763513565,1.9538049101829529,1.8345250338315964,512,,,,,,,,,,,
1734,0.7000099721581045,0.7,0.80078125,0.7221065275371075,1.8872545659542084,0.14215557649731636,0.30094691272825,7.38632232600786e-06,0.14215557649731636,0.7293896377086639,0.1276831440627575,1.344972774386406,1.2172896303236485,512,,,,,,,,,,,
1735,0.7000099721581045,0.7,0.65625,0.6950207985937595,1.8144371509552002,0.15251602604985237,0.29168636724352837,7.34053527752403e-06,0.15251602604985237,0.7133032158017159,0.17085109278559685,1.0185668841004372,0.8477157913148403,512,,,,,,,,,,,
1736,0.7000099721581045,0.7,0.67578125,0.5287226848304272,1.3884720876812935,0.1468220129609108,0.21371784806251526,7.2948793400086315e-06,0.1468220129609108,0.7208813428878784,0.11469016969203949,0.778747595846653,0.6640574261546135,512,0.000667341984808445,0.000667341984808445,0.02,1034,0.7000099721581045,1034,1034,2068,0,1034,35043
1737,0.7000099721581045,0.7,0.8125,0.5123621076345444,1.3433470726013184,0.224150400608778,0.209265299141407,7.249354653782081e-06,0.224150400608778,0.6999706923961639,0.26821165531873703,1.2662627026438713,0.9980510473251343,512,,,,,,,,,,,
1738,0.7000099721581045,0.7,0.75,0.6341342441737652,1.66167451441288,0.15252451784908772,0.25994434021413326,7.203961358761435e-06,0.15252451784908772,0.7115356251597404,0.3270229697227478,1.991985097527504,1.6649621278047562,512,,,,,,,,,,,
1739,0.7000099721581045,0.7,0.5859375,0.6517056226730347,1.7223135605454445,0.113837955519557,0.2525518499314785,7.158699594459884e-06,0.113837955519557,0.7319921553134918,0.09019714966416359,1.1358148194849491,1.0456176698207855,512,,,,,,,,,,,
1740,0.7000099721581045,0.7,0.734375,0.531257651746273,1.3736802712082863,0.19966739416122437,0.23619136586785316,7.1135694999864e-06,0.19966739416122437,0.7050317227840424,0.0388152077794075,1.6109088510274887,1.5720936432480812,512,,,,,,,,,,,
1741,0.7000099721581045,0.7,0.69140625,0.6656708233058453,1.7335284948349,0.13352159224450588,0.28365575708448887,7.068571214045256e-06,0.13352159224450588,0.7258984223008156,0.14188598841428757,0.8596014454960823,0.7177154570817947,512,,,,,,,,,,,
1742,0.7000099721581045,0.7,0.62109375,0.47051266953349113,1.21632581949234,0.13125541433691978,0.20947008207440376,7.023704874935627e-06,0.13125541433691978,0.7426903992891312,0.16219155117869377,1.2976778969168663,1.1354863457381725,512,,,,,,,,,,,
1743,0.7000099721581045,0.7,0.6953125,0.5956715121865273,1.5380210354924202,0.16601432487368584,0.2670440524816513,6.978970620551162e-06,0.16601432487368584,0.7235497906804085,0.23655303195118904,1.6351620331406593,1.3986090011894703,512,,,,,,,,,,,
1744,0.7000099721581045,0.7,0.6328125,0.33602365478873253,0.870111271739006,0.16047135554254055,0.14814220741391182,6.934368588379553e-06,0.16047135554254055,0.7309130802750587,0.1757310926914215,1.2923220545053482,1.1165909618139267,512,0.0006929517257958651,0.0006929517257958651,0.02,888,0.7000099721581045,888,888,1776,0,888,31380
1745,0.7000099721581045,0.7,0.69921875,0.5809008367359638,1.498666189610958,0.1544962371699512,0.26163932494819164,6.889898915502124e-06,0.1544962371699512,0.720698207616806,0.15652864426374435,1.006969079375267,0.8504404351115227,512,,,,,,,,,,,
1746,0.7000099721581045,0.7,0.66015625,0.5966897308826447,1.5231410413980484,0.14310465194284916,0.28500958159565926,6.845561738593392e-06,0.14310465194284916,0.728586420416832,0.11611304432153702,1.6236731112003326,1.5075600668787956,512,,,,,,,,,,,
1747,0.7000099721581045,0.7,0.6640625,0.7865442782640457,2.0507961586117744,0.17991408612579107,0.33267125859856606,6.801357193920665e-06,0.17991408612579107,0.7252587676048279,0.14425324648618698,2.0173884630203247,1.8731352165341377,512,,,,,,,,,,,
1748,0.7000099721581045,0.7,0.79296875,0.7171602509915829,1.8631768487393856,0.1640303172171116,0.31003599613904953,6.757285417343601e-06,0.1640303172171116,0.7185644581913948,0.1829180009663105,1.211157813668251,1.0282398127019405,512,,,,,,,,,,,
1749,0.7000099721581045,0.7,0.66015625,0.718990858644247,1.8863116204738617,0.13981335889548063,0.29244846664369106,6.71334654431382e-06,0.13981335889548063,0.7234032973647118,0.11646301299333572,1.3731214702129364,1.2566584572196007,512,,,,,,,,,,,
1750,0.7000099721581045,0.7,0.73828125,0.6538857072591782,1.6893544718623161,0.15638211369514465,0.2921172883361578,6.669540709874461e-06,0.15638211369514465,0.7284887358546257,0.1667354553937912,1.6498531475663185,1.4831176921725273,512,,,,,,,,,,,
1751,0.7000099721581045,0.7,0.703125,0.49709318578243256,1.2995642498135567,0.16767970193177462,0.20677867159247398,6.625868048659767e-06,0.16767970193177462,0.7018383368849754,0.2698657885193825,2.0278365164995193,1.7579707279801369,512,,,,,,,,,,,
1752,0.7000099721581045,0.7,0.6640625,0.5348039343953133,1.3947114273905754,0.1593439346179366,0.22590648755431175,6.582328694894729e-06,0.1593439346179366,0.731386698782444,0.19922517985105515,1.6117811426520348,1.4125559628009796,512,0.0007170719327405095,0.0007170719327405095,0.02,997,0.7000099721581045,997,997,1994,0,997,28344
1753,0.7000099721581045,0.7,0.8046875,0.6038177087903023,1.561033807694912,0.1881438223645091,0.268716748803854,6.538922782394574e-06,0.1881438223645091,0.7220385521650314,0.21007414907217026,1.6342731192708015,1.4241989701986313,512,,,,,,,,,,,
1754,0.7000099721581045,0.7,0.76953125,0.4570760279893875,1.1744451746344566,0.17169144190847874,0.21063367556780577,6.495650444564433e-06,0.17169144190847874,0.7125732079148293,0.3187405690550804,2.389929920434952,2.0711893513798714,512,,,,,,,,,,,
1755,0.7000099721581045,0.7,0.578125,0.563627015799284,1.45005302131176,0.10990035347640514,0.2579075824469328,6.452511814398899e-06,0.10990035347640514,0.7419897317886353,0.13570095226168633,1.7375486940145493,1.601847741752863,512,,,,,,,,,,,
1756,0.7000099721581045,0.7,0.703125,0.513790775090456,1.3378479108214378,0.14832712057977915,0.21909379214048386,6.409507024481615e-06,0.14832712057977915,0.7176049649715424,0.15911603718996048,1.4303197711706161,1.2712037339806557,512,,,,,,,,,,,
1757,0.7000099721581045,0.7,0.68359375,0.6107965409755707,1.6036226078867912,0.14981586392968893,0.24727593548595905,6.366636206984888e-06,0.14981586392968893,0.7230078130960464,0.14113982021808624,0.9064598232507706,0.7653200030326843,512,,,,,,,,,,,
1758,0.7000099721581045,0.7,0.6328125,0.4758693166077137,1.2305761873722076,0.11012096051126719,0.21145194955170155,6.3238994936692605e-06,0.11012096051126719,0.7280688285827637,0.10198397189378738,0.7477339878678322,0.6457500159740448,512,,,,,,,,,,,
1759,0.7000099721581045,0.7,0.65625,0.4773956164717674,1.2434775531291962,0.1609752681106329,0.2031757328659296,6.281297015883131e-06,0.1609752681106329,0.7206640467047691,0.1605861447751522,1.2355865836143494,1.0750004388391972,512,,,,,,,,,,,
1760,0.7000099721581045,0.7,0.8046875,0.7380022592842579,1.9358753636479378,0.19680937845259905,0.30049499683082104,6.238828904562316e-06,0.19680937845259905,0.7083080857992172,0.22256024554371834,1.3701654858887196,1.1476052403450012,512,0.0008967869798652828,0.0008967869798652828,0.02,864,0.7000099721581045,864,864,1728,0,864,31275
1761,0.7000099721581045,0.7,0.67578125,0.7032057009637356,1.8324158564209938,0.11406832886859775,0.2985104750841856,6.196495290229676e-06,0.11406832886859775,0.7238549590110779,0.09291954711079597,0.616460781544447,0.523541234433651,512,,,,,,,,,,,
1762,0.7000099721581045,0.7,0.73046875,0.5967805124819279,1.552764169871807,0.17030567582696676,0.2556615425273776,6.154296302994689e-06,0.17030567582696676,0.7101122811436653,-0.04673406481742859,1.800305336713791,1.8470394015312195,512,,,,,,,,,,,
1763,0.7000099721581045,0.7,0.6484375,0.7661563456058502,2.0072733014822006,0.1408517900854349,0.3144125174731016,6.112232072553087e-06,0.1408517900854349,0.7097387537360191,0.20686013251543045,1.350423440337181,1.1435633078217506,512,,,,,,,,,,,
1764,0.7000099721581045,0.7,0.6484375,0.6953438054770231,1.8269466012716293,0.12840876635164022,0.2801557555794716,6.070302728186428e-06,0.12840876635164022,0.7050390318036079,0.12340115755796432,1.5490118153393269,1.4256106577813625,512,,,,,,,,,,,
1765,0.7000099721581045,0.7,0.65625,0.4997784346342087,1.3019243627786636,0.1574366558343172,0.21255569905042648,6.028508398761684e-06,0.1574366558343172,0.717399887740612,0.1824067458510399,1.215894341468811,1.0334875956177711,512,,,,,,,,,,,
1766,0.7000099721581045,0.7,0.734375,0.5139028951525688,1.3446315377950668,0.1867018761113286,0.21264988090842962,5.986849212730916e-06,0.1867018761113286,0.7134985029697418,0.1847083941102028,1.6202863678336143,1.4355779737234116,512,,,,,,,,,,,
1767,0.7000099721581045,0.7,0.76171875,0.47457657381892204,1.223922722041607,0.2215090887621045,0.21418805979192257,5.945325298130799e-06,0.2215090887621045,0.7073144391179085,0.20318999886512756,1.502876877784729,1.2996868789196014,512,,,,,,,,,,,
1768,0.7000099721581045,0.7,0.65625,0.7708092965185642,2.0345818623900414,0.11714316345751286,0.301203778013587,5.903936782582253e-06,0.11714316345751286,0.7177489995956421,0.12147586792707443,0.7623776271939278,0.6409017592668533,512,0.0009424269082956016,0.0009424269082956016,0.02,858,0.7000099721581045,858,858,1716,0,858,24039
1769,0.7000099721581045,0.7,0.6796875,0.5440333820879459,1.421547643840313,0.12734109489247203,0.22703823260962963,5.862683793290081e-06,0.12734109489247203,0.7113842517137527,0.14571870863437653,1.0236100908368826,0.8778913822025061,512,,,,,,,,,,,
1770,0.7000099721581045,0.7,0.58984375,0.6264038383960724,1.6603241711854935,0.10101850889623165,0.2378691853955388,5.821566457042538e-06,0.10101850889623165,0.7435009554028511,0.08616117388010025,1.032359629869461,0.9461984559893608,512,,,,,,,,,,,
1771,0.7000099721581045,0.7,0.73828125,0.5164104253053665,1.3343026265501976,0.22454279707744718,0.23057735431939363,5.780584900210972e-06,0.22454279707744718,0.7038720473647118,0.2503657117486,2.3738963454961777,2.1235306337475777,512,,,,,,,,,,,
1772,0.7000099721581045,0.7,2.203125,0.5013392716646194,1.3112629726529121,0.17441888200119138,0.207946864888072,5.739739248749398e-06,0.17441888200119138,0.7323266267776489,0.34225501492619514,2.719665005803108,2.377409990876913,512,,,,,,,,,,,
1773,0.7000099721581045,0.7,0.69921875,0.446960985660553,1.1617811471223831,0.1364514622837305,0.19264603219926357,5.699029628194175e-06,0.1364514622837305,0.728198230266571,0.14777443557977676,0.8507407233119011,0.7029662877321243,512,,,,,,,,,,,
1774,0.7000099721581045,0.7,0.58984375,0.656879261136055,1.710551880300045,0.11430715676397085,0.27999125979840755,5.65845616366355e-06,0.11430715676397085,0.7384374812245369,0.1298736296594143,0.8038369007408619,0.6739632710814476,512,,,,,,,,,,,
1775,0.7000099721581045,0.7,0.7578125,0.6963179185986519,1.8278559818863869,0.1600231621414423,0.2821982381865382,5.618018979857309e-06,0.1600231621414423,0.7318408116698265,0.1814747415482998,1.1830620989203453,1.0015873573720455,512,,,,,,,,,,,
1776,0.7000099721581045,0.7,0.73046875,0.503058411180973,1.3160749226808548,0.1245900858193636,0.20834445022046566,5.577718201056392e-06,0.1245900858193636,0.7374682426452637,0.114022146910429,0.8538436889648438,0.7398215420544147,512,0.0008035778882913291,0.0008035778882913291,0.02,893,0.7000099721581045,893,893,1786,0,893,35436
1777,0.7000099721581045,0.7,0.66796875,0.5283664409071207,1.3797165304422379,0.18667262699455023,0.22139380313456059,5.537553951122509e-06,0.18667262699455023,0.720290519297123,0.20417644828557968,1.4333576038479805,1.2291811555624008,512,,,,,,,,,,,
1778,0.7000099721581045,0.7,2.578125,0.5343904104083776,1.3976113721728325,0.20046937838196754,0.2217534389346838,5.497526353497751e-06,0.20046937838196754,0.7068310379981995,0.3747197687625885,2.332734130322933,1.9580143615603447,512,,,,,,,,,,,
1779,0.7000099721581045,0.7,0.64453125,0.42733875662088394,1.1069863587617874,0.12051950395107269,0.18797953613102436,5.457635531204214e-06,0.12051950395107269,0.7262597531080246,0.13354043662548065,0.795171245932579,0.6616308093070984,512,,,,,,,,,,,
1780,0.7000099721581045,0.7,0.890625,0.4673761669546366,1.1906611323356628,0.16388328280299902,0.225630191154778,5.41788160684365e-06,0.16388328280299902,0.7237670794129372,0.16012590005993843,1.5315293371677399,1.3714034371078014,512,,,,,,,,,,,
1781,0.7000099721581045,0.7,0.81640625,0.5213394835591316,1.3667864426970482,0.22702954523265362,0.21303009986877441,5.378264702597035e-06,0.22702954523265362,0.7162206918001175,0.16354303061962128,2.0015511363744736,1.8380081057548523,512,,,,,,,,,,,
1782,0.7000099721581045,0.7,0.70703125,0.5887969620525837,1.5445271208882332,0.17892885953187943,0.23970604687929153,5.33878494022424e-06,0.17892885953187943,0.729252927005291,0.11261802166700363,1.1646867394447327,1.052068717777729,512,,,,,,,,,,,
1783,0.7000099721581045,0.7,0.68359375,0.5089327171444893,1.320465788245201,0.15178292710334063,0.2217544987797737,5.299442441063629e-06,0.15178292710334063,0.7109692320227623,0.17860959470272064,0.9545768797397614,0.7759672850370407,512,,,,,,,,,,,
1784,0.7000099721581045,0.7,0.6875,0.7044743672013283,1.8398418948054314,0.16906688548624516,0.2949288235977292,5.260237326031697e-06,0.16906688548624516,0.716915063560009,0.15664856135845184,1.2905441969633102,1.1338956356048584,487.125,0.0008842482347972691,0.0008842482347972691,0.02,948,0.7000099721581045,948,948,1896,0,948,34562
1785,0.7000099721581045,0.7,0.68359375,0.6978432424366474,1.8555403128266335,0.13996116071939468,0.2591360751539469,5.2211697156227204e-06,0.13996116071939468,0.7334521412849426,0.1261870414018631,1.203627996146679,1.0774409547448158,512,,,,,,,,,,,
1786,0.7000099721581045,0.7,0.65625,0.4741196148097515,1.2402312979102135,0.17939273547381163,0.19649475533515215,5.182239729908333e-06,0.17939273547381163,0.7087524309754372,0.1496024914085865,1.288731750100851,1.1391292586922646,512,,,,,,,,,,,
1787,0.7000099721581045,0.7,2.359375,0.491854764521122,1.2781216353178024,0.11749321315437555,0.21234730631113052,5.143447488537212e-06,0.11749321315437555,0.7128051295876503,0.21977031603455544,1.4762189574539661,1.2564486414194107,512,,,,,,,,,,,
1788,0.7000099721581045,0.7,0.64453125,0.5085562895983458,1.3212743252515793,0.14485025964677334,0.21980528812855482,5.104793110734668e-06,0.14485025964677334,0.7252465561032295,0.15175839886069298,1.0994219072163105,0.9476635083556175,512,,,,,,,,,,,
1789,0.7000099721581045,0.7,0.7421875,0.6205811016261578,1.596718281507492,0.10230786446481943,0.28383045457303524,5.066276715302304e-06,0.10230786446481943,0.7234545797109604,0.11767483130097389,0.6268545649945736,0.5091797336935997,512,,,,,,,,,,,
1790,0.7000099721581045,0.7,0.625,0.47321539372205734,1.2205399796366692,0.12035982962697744,0.21344602294266224,5.027898420617666e-06,0.12035982962697744,0.7290868982672691,0.11377497762441635,0.7324368171393871,0.6186618395149708,512,,,,,,,,,,,
1791,0.7000099721581045,0.7,0.6171875,0.5675799679011106,1.4803180918097496,0.14423885010182858,0.23962111957371235,4.989658344633818e-06,0.14423885010182858,0.735974095761776,0.11066402494907379,1.4385847747325897,1.327920749783516,512,,,,,,,,,,,
1792,0.7000099721581045,0.7,0.7109375,0.590666014701128,1.5460461974143982,0.1474260501563549,0.24385072477161884,4.951556604879048e-06,0.1474260501563549,0.7227367982268333,0.13662010058760643,0.8498400971293449,0.7132199965417385,512,0.0005609674844890833,0.0005609674844890833,0.02,770,0.7000099721581045,770,770,1540,0,770,29178
1793,0.7000099721581045,0.7,0.68359375,0.7115544341504574,1.8644623681902885,0.1442208355292678,0.2917631007730961,4.9135933184564554e-06,0.1442208355292678,0.7221630662679672,0.21384114027023315,1.2799521833658218,1.0661110430955887,512,,,,,,,,,,,
1794,0.7000099721581045,0.7,0.74609375,0.4482955075800419,1.1643828228116035,0.17335601709783077,0.19408839754760265,4.875768602043629e-06,0.17335601709783077,0.7149853333830833,0.11514576524496078,1.7587943151593208,1.64364854991436,512,,,,,,,,,,,
1795,0.7000099721581045,0.7,0.734375,0.6730190515518188,1.7642589509487152,0.10424189595505595,0.2751926211640239,4.838082571892272e-06,0.10424189595505595,0.7327001690864563,0.11949875205755234,0.7266765981912613,0.607177846133709,512,,,,,,,,,,,
1796,0.7000099721581045,0.7,0.671875,0.3964042104780674,1.0319581106305122,0.1949478043243289,0.16926672402769327,4.800535343827833e-06,0.1949478043243289,0.7200048491358757,0.21027613431215286,1.7373227253556252,1.5270465910434723,512,,,,,,,,,,,
1797,0.7000099721581045,0.7,1.0859375,0.570254273712635,1.4848712757229805,0.2067987285554409,0.24317188747227192,4.76312703324917e-06,0.2067987285554409,0.7230395376682281,0.09114237129688263,1.5886774808168411,1.4975351095199585,512,,,,,,,,,,,
1798,0.7000099721581045,0.7,0.640625,0.6178633719682693,1.6071992218494415,0.13857833947986364,0.26511391811072826,4.725857755128188e-06,0.13857833947986364,0.7301244959235191,0.1857706569135189,1.510773278772831,1.325002621859312,512,,,,,,,,,,,
1799,0.7000099721581045,0.7,0.74609375,0.6232454348355532,1.6053150296211243,0.11687731370329857,0.28330742102116346,4.688727624009482e-06,0.11687731370329857,0.7145556509494781,0.07707166485488415,0.9293859973549843,0.8523143325001001,512,,,,,,,,,,,
1800,0.7000099721581045,0.7,0.5859375,0.43898211419582367,1.1529970988631248,0.16649008449167013,0.17725167702883482,4.651736754009972e-06,0.16649008449167013,0.7266747802495956,0.16549236327409744,2.1272531747817993,1.9617608115077019,512,0.0009307328145951033,0.0009307328145951033,0.02,741,0.7000099721581045,741,741,1482,0,741,24018
1801,0.7000099721581045,0.7,0.57421875,0.5724485032260418,1.507681667804718,0.14322641678154469,0.22701069340109825,4.6148852588186135e-06,0.14322641678154469,0.7290502637624741,0.10700014233589172,2.4134254455566406,2.306425303220749,512,,,,,,,,,,,
1802,0.7000099721581045,0.7,0.6796875,0.7022913843393326,1.8374605104327202,0.12053150217980146,0.29069506376981735,4.5781732516959605e-06,0.12053150217980146,0.7311596572399139,0.10856088250875473,0.7780160792171955,0.6694551967084408,512,,,,,,,,,,,
1803,0.7000099721581045,0.7,0.6484375,0.7040627412497997,1.841588355600834,0.14314418751746416,0.2919350080192089,4.541600845473881e-06,0.14314418751746416,0.7165405228734016,0.19277487508952618,1.391041412949562,1.198266537860036,512,,,,,,,,,,,
1804,0.7000099721581045,0.7,0.66015625,0.6489545404911041,1.6783504039049149,0.11901495605707169,0.28817843459546566,4.505168152555173e-06,0.11901495605707169,0.7123925685882568,0.09175152517855167,1.4793302044272423,1.3875786792486906,512,,,,,,,,,,,
1805,0.7000099721581045,0.7,0.63671875,0.7009893842041492,1.8478142321109772,0.13233480509370565,0.27639590948820114,4.468875284913254e-06,0.13233480509370565,0.7365746945142746,0.11571172624826431,1.2419013306498528,1.1261896044015884,512,,,,,,,,,,,
1806,0.7000099721581045,0.7,0.68359375,0.4553939253091812,1.1952834203839302,0.1189604764804244,0.1846981029957533,4.432722354091778e-06,0.1189604764804244,0.7309692278504372,0.12397923693060875,1.134735994040966,1.0107567571103573,512,,,,,,,,,,,
1807,0.7000099721581045,0.7,0.66015625,0.515435591340065,1.336060144007206,0.12982881162315607,0.2258658315986395,4.396709471204325e-06,0.12982881162315607,0.7235131710767746,0.14743443951010704,0.7601022124290466,0.6126677729189396,512,,,,,,,,,,,
1808,0.7000099721581045,0.7,0.703125,0.5494590103626251,1.4360421150922775,0.17558039538562298,0.2289850963279605,4.360836746934055e-06,0.17558039538562298,0.7175122052431107,0.19684694707393646,1.3962527513504028,1.1994058042764664,512,0.0007768689538352191,0.0007768689538352191,0.02,612,0.7000099721581045,612,612,1224,0,612,16006
1809,0.7000099721581045,0.7,0.67578125,0.49904277361929417,1.3097333759069443,0.17791799968108535,0.20251735486090183,4.325104291533344e-06,0.17791799968108535,0.7134619057178497,0.21811340004205704,1.2118034176528454,0.9936900176107883,512,,,,,,,,,,,
1810,0.7000099721581045,0.7,0.84765625,0.6196869760751724,1.6237735524773598,0.2540040975436568,0.2540656942874193,4.289512214823466e-06,0.2540040975436568,0.6917846575379372,0.13483689352869987,1.8568094074726105,1.7219725139439106,512,,,,,,,,,,,
1811,0.7000099721581045,0.7,0.73046875,0.5548771806061268,1.4519057273864746,0.13253412675112486,0.22954019531607628,4.254060626194262e-06,0.13253412675112486,0.7269970402121544,0.1617124378681183,0.9878298863768578,0.8261174485087395,512,,,,,,,,,,,
1812,0.7000099721581045,0.7,0.71875,0.5692480318248272,1.4851478710770607,0.1605228716507554,0.23984608799219131,4.2187496346037695e-06,0.1605228716507554,0.7196825966238976,0.09264837950468063,1.5626838728785515,1.4700354933738708,512,,,,,,,,,,,
1813,0.7000099721581045,0.7,0.765625,0.4240935333073139,1.1165364533662796,0.12824505381286144,0.16859543696045876,4.1835793485779315e-06,0.12824505381286144,0.7257324084639549,0.1566174253821373,1.0059005692601204,0.8492831438779831,512,,,,,,,,,,,
1814,0.7000099721581045,0.7,0.6171875,0.48606017231941223,1.2630158886313438,0.17775992210954428,0.20989366061985493,4.148549876210223e-06,0.17775992210954428,0.7078833058476448,0.18032297864556313,1.2153706178069115,1.0350476391613483,512,,,,,,,,,,,
1815,0.7000099721581045,0.7,0.65625,0.5480909645557404,1.4196232855319977,0.1573065873235464,0.24125831853598356,4.113661325161367e-06,0.1573065873235464,0.7244970500469208,0.14691077172756195,1.1070184744894505,0.9601077027618885,512,,,,,,,,,,,
1816,0.7000099721581045,0.7,0.58203125,0.6014651730656624,1.5709446370601654,0.1292591355741024,0.2516770772635937,4.078913802658946e-06,0.1292591355741024,0.7344921827316284,0.16907162964344025,2.0545227229595184,1.8854510933160782,512,0.0008677022415213287,0.0008677022415213287,0.02,484,0.7000099721581045,484,484,968,0,484,33282
1817,0.7000099721581045,0.7,0.67578125,0.8253780007362366,2.170541860163212,0.16558517143130302,0.33060357347130775,4.044307415497112e-06,0.16558517143130302,0.7236547693610191,0.2020050659775734,1.2973414659500122,1.0953363999724388,512,,,,,,,,,,,
1818,0.7000099721581045,0.7,3.359375,0.6716696172952652,1.6899805068969727,0.17276147939264774,0.3453818950802088,4.009842270036252e-06,0.17276147939264774,0.7233129739761353,0.26158080250024796,2.141281306743622,1.8797005042433739,512,,,,,,,,,,,
1819,0.7000099721581045,0.7,0.625,0.5723396874964237,1.4844433516263962,0.13032509293407202,0.24991928040981293,3.975518472202644e-06,0.13032509293407202,0.731518529355526,0.18179822713136673,1.239727295935154,1.0579290688037872,512,,,,,,,,,,,
1820,0.7000099721581045,0.7,0.62109375,0.5244497712701559,1.3755125030875206,0.15746758040040731,0.21372914873063564,3.941336127488149e-06,0.15746758040040731,0.734853483736515,0.16070027649402618,1.7387585788965225,1.5780583024024963,512,,,,,,,,,,,
1821,0.7000099721581045,0.7,0.64453125,0.502483069896698,1.319595105946064,0.16035478375852108,0.20308078452944756,3.907295340949879e-06,0.16035478375852108,0.7121410891413689,0.16863039880990982,1.4602933079004288,1.291662909090519,512,,,,,,,,,,,
1822,0.7000099721581045,0.7,0.7265625,0.6690944917500019,1.7579609155654907,0.16137177869677544,0.2695980966091156,3.873396217209891e-06,0.16137177869677544,0.7166503742337227,0.21770890429615974,1.293449528515339,1.0757406242191792,512,,,,,,,,,,,
1823,0.7000099721581045,0.7,0.63671875,0.5152489766478539,1.3571002408862114,0.12775904964655638,0.2042602151632309,3.839638860454842e-06,0.12775904964655638,0.7296679317951202,0.17181534320116043,1.8309835493564606,1.6591682061553001,512,,,,,,,,,,,
1824,0.7000099721581045,0.7,0.72265625,0.5534755289554596,1.4388499557971954,0.17176022566854954,0.2383485259488225,3.8060233744356633e-06,0.17176022566854954,0.7231860309839249,0.23610278218984604,2.0438295900821686,1.8077268078923225,512,0.0008856097119860351,0.0008856097119860351,0.02,620,0.7000099721581045,620,620,1240,0,620,16964
1825,0.7000099721581045,0.7,0.66796875,0.5657392181456089,1.4839947447180748,0.14304985664784908,0.23036646284162998,3.7725498624672786e-06,0.14304985664784908,0.715639628469944,0.23107945546507835,1.2180690690875053,0.986989613622427,512,,,,,,,,,,,
1826,0.7000099721581045,0.7,0.671875,0.5999123752117157,1.5494653433561325,0.14206468872725964,0.26845085714012384,3.7392184274282537e-06,0.14206468872725964,0.725842259824276,0.1261003613471985,1.9504995942115784,1.8243992328643799,512,,,,,,,,,,,
1827,0.7000099721581045,0.7,0.6171875,0.6981999389827251,1.8516722917556763,0.13996371813118458,0.26408501248806715,3.7060291717604833e-06,0.13996371813118458,0.7320776358246803,0.10892079398036003,1.2825741842389107,1.1736533902585506,512,,,,,,,,,,,
1828,0.7000099721581045,0.7,0.75390625,0.45800819247961044,1.1878725215792656,0.1393578751012683,0.20003102906048298,3.6729821974688937e-06,0.1393578751012683,0.714370109140873,0.21208811923861504,1.3079155832529068,1.0958274640142918,512,,,,,,,,,,,
1829,0.7000099721581045,0.7,0.6015625,0.44121741876006126,1.1545469611883163,0.13575116358697414,0.1824754597619176,3.6400776061211227e-06,0.13575116358697414,0.7292553633451462,0.17768754065036774,1.0142180621623993,0.8365305215120316,512,,,,,,,,,,,
1830,0.7000099721581045,0.7,0.6171875,0.4726399667561054,1.2310632690787315,0.13940671645104885,0.2011789996176958,3.6073154988471967e-06,0.13940671645104885,0.7112280130386353,0.10984017699956894,1.462873362004757,1.353033185005188,512,,,,,,,,,,,
1831,0.7000099721581045,0.7,0.71484375,0.5779310241341591,1.5206585302948952,0.20794284529983997,0.23064756765961647,3.574695976339226e-06,0.20794284529983997,0.7041723504662514,0.16613731533288956,1.810407318174839,1.6442700028419495,512,,,,,,,,,,,
1832,0.7000099721581045,0.7,3.546875,0.6456095837056637,1.6831652894616127,0.13037299551069736,0.27322739362716675,3.542219138851094e-06,0.13037299551069736,0.7296508625149727,0.1288648545742035,0.8519877716898918,0.7231229171156883,512,0.0006843127775937319,0.0006843127775937319,0.02,1209,0.7000099721581045,1209,1209,2418,0,1209,33736
1833,0.7000099721581045,0.7,0.671875,0.3576299734413624,0.9298261255025864,0.17221089359372854,0.15390103310346603,3.509885086198167e-06,0.17221089359372854,0.726306140422821,0.19256727024912834,1.1493287831544876,0.9567615129053593,512,,,,,,,,,,,
1834,0.7000099721581045,0.7,0.7890625,0.43359000608325005,1.135336235165596,0.1376129798591137,0.17857281863689423,3.4776939177569468e-06,0.1376129798591137,0.7191113159060478,0.10882707685232162,0.9635964408516884,0.8547693639993668,512,,,,,,,,,,,
1835,0.7000099721581045,0.7,0.63671875,0.6385284066200256,1.6635982021689415,0.1357109248638153,0.2713362742215395,3.445645732464803e-06,0.1357109248638153,0.7364623919129372,0.1569136083126068,1.4254510626196861,1.2685374543070793,512,,,,,,,,,,,
1836,0.7000099721581045,0.7,0.640625,0.465565737336874,1.2078992128372192,0.16721148043870926,0.20290596038103104,3.4137406288196725e-06,0.16721148043870926,0.7355590686202049,0.14519018679857254,1.8874195143580437,1.7422293275594711,512,,,,,,,,,,,
1837,0.7000099721581045,0.7,0.7109375,0.6622877568006516,1.7374662831425667,0.13917176704853773,0.26946623530238867,3.3819787048797236e-06,0.13917176704853773,0.727553702890873,0.10486753098666668,1.0531291589140892,0.9482616279274225,512,,,,,,,,,,,
1838,0.7000099721581045,0.7,0.6953125,0.5759296454489231,1.498967707157135,0.2433608714491129,0.24627354182302952,3.350360058263058e-06,0.2433608714491129,0.6931176632642746,0.24884508550167084,2.6223876401782036,2.3735425546765327,512,,,,,,,,,,,
1839,0.7000099721581045,0.7,1.0625,0.5529763158410788,1.4351251646876335,0.18989180959761143,0.24056058004498482,3.3188847861474525e-06,0.18989180959761143,0.7217626646161079,0.15221169590950012,1.7033057622611523,1.5510940663516521,512,,,,,,,,,,,
1840,0.7000099721581045,0.7,0.765625,0.34515904262661934,0.8862584754824638,0.13787548802793026,0.1596779702231288,3.2875529852700147e-06,0.13787548802793026,0.7222778126597404,0.14242829754948616,1.320845652371645,1.1784173548221588,512,0.0006302243564277887,0.0006302243564277887,0.02,364,0.7000099721581045,364,364,728,0,364,30699
1841,0.7000099721581045,0.7,0.5625,0.394603019580245,1.0384659841656685,0.11495907045900822,0.1573006995022297,3.2563647519269048e-06,0.11495907045900822,0.7380785867571831,0.15730181336402893,1.216507963836193,1.0592061504721642,512,,,,,,,,,,,
1842,0.7000099721581045,0.7,0.74609375,0.6439363360404968,1.6758360639214516,0.17506882641464472,0.2754860557615757,3.225320181973035e-06,0.17506882641464472,0.7182714715600014,0.2678125202655792,1.7400903031229973,1.472277782857418,512,,,,,,,,,,,
1843,0.7000099721581045,0.7,0.73828125,0.5745258145034313,1.4894782528281212,0.17942154221236706,0.2515089828521013,3.1944193708217994e-06,0.17942154221236706,0.7036864832043648,0.17958258837461472,1.1279732584953308,0.9483906701207161,512,,,,,,,,,,,
1844,0.7000099721581045,0.7,0.67578125,0.6407548859715462,1.716211386024952,0.1379401944577694,0.2254700195044279,3.1636624134447344e-06,0.1379401944577694,0.7225927785038948,0.18425985053181648,1.2894625216722488,1.1052026711404324,512,,,,,,,,,,,
1845,0.7000099721581045,0.7,0.62109375,0.645661249756813,1.7226067706942558,0.11828396003693342,0.233942411839962,3.133049404371258e-06,0.11828396003693342,0.7285986095666885,0.1185869388282299,0.6805252023041248,0.5619382634758949,512,,,,,,,,,,,
1846,0.7000099721581045,0.7,0.6171875,0.5794998668134212,1.4973689317703247,0.11258234549313784,0.25869119353592396,3.1025804376883793e-06,0.11258234549313784,0.7239184305071831,0.15587404370307922,1.4669655822217464,1.3110915385186672,512,,,,,,,,,,,
1847,0.7000099721581045,0.7,0.671875,0.4891180582344532,1.2816557437181473,0.1673421086743474,0.20052012614905834,3.0722556070403973e-06,0.1673421086743474,0.714465320110321,0.14765067026019096,1.3415984846651554,1.1939478144049644,512,,,,,,,,,,,
1848,0.7000099721581045,0.7,0.640625,0.8045074976980686,2.110630176961422,0.15636762604117393,0.32727120723575354,3.0420750056286195e-06,0.15636762604117393,0.7230541631579399,0.1808703988790512,1.535023294389248,1.3541528955101967,512,0.000467622943688184,0.000467622943688184,0.02,370,0.7000099721581045,370,370,740,0,370,9715
1849,0.7000099721581045,0.7,0.68359375,0.5560445748269558,1.4642211496829987,0.16110765375196934,0.22076233103871346,3.012038726211064e-06,0.16110765375196934,0.7239916995167732,0.13821327686309814,1.1694870069622993,1.0312737300992012,512,,,,,,,,,,,
1850,0.7000099721581045,0.7,0.55859375,0.4796019457280636,1.244002066552639,0.0974510507658124,0.20933709666132927,2.9821468611022198e-06,0.0974510507658124,0.7208056449890137,0.10844990611076355,0.6201994381844997,0.5117495320737362,512,,,,,,,,,,,
1851,0.7000099721581045,0.7,0.640625,0.37629298865795135,0.962989903986454,0.12417981773614883,0.17729185614734888,2.9523995021726926e-06,0.12417981773614883,0.7180004864931107,0.15036004781723022,0.7811721339821815,0.6308120861649513,512,,,,,,,,,,,
1852,0.7000099721581045,0.7,1.3125,0.4894881658256054,1.277108184993267,0.12303290888667107,0.206189239397645,2.9227967408489653e-06,0.12303290888667107,0.7262377664446831,0.11083944141864777,1.0591864585876465,0.9483470171689987,512,,,,,,,,,,,
1853,0.7000099721581045,0.7,0.71875,0.46699948981404305,1.2013335600495338,0.15411822590976954,0.21381632052361965,2.8933386681131212e-06,0.15411822590976954,0.7286865189671516,0.26613616943359375,2.1777424551546574,1.9116062857210636,512,,,,,,,,,,,
1854,0.7000099721581045,0.7,0.59765625,0.5292033329606056,1.3757849037647247,0.13741186447441578,0.22786151245236397,2.8640253745025493e-06,0.13741186447441578,0.7289965599775314,0.2005649358034134,1.5134165659546852,1.3128516301512718,512,,,,,,,,,,,
1855,0.7000099721581045,0.7,0.62890625,0.695739708840847,1.8651902452111244,0.14234950207173824,0.24311176408082247,2.8348569501096544e-06,0.14234950207173824,0.7279736027121544,0.11115186661481857,1.0108198300004005,0.899667963385582,512,,,,,,,,,,,
1856,0.7000099721581045,0.7,0.7109375,0.32289067283272743,0.8391130715608597,0.16518749855458736,0.1393434852361679,2.8058334845816213e-06,0.16518749855458736,0.7255175709724426,0.04772460460662842,1.1744637973606586,1.1267391927540302,512,0.0007714630919508636,0.0007714630919508636,0.02,355,0.7000099721581045,355,355,710,0,355,8186
1857,0.7000099721581045,0.7,0.62109375,0.769229456782341,2.028776042163372,0.15089329984039068,0.30222224351018667,2.7769550671201017e-06,0.15089329984039068,0.7323291003704071,0.12255607545375824,1.654439091682434,1.5318830162286758,512,,,,,,,,,,,
1858,0.7000099721581045,0.7,0.66796875,0.4845746159553528,1.268097661435604,0.17029908299446106,0.20031023398041725,2.7482217864809477e-06,0.17029908299446106,0.7323998659849167,0.18517229706048965,1.385831631720066,1.2006593346595764,512,,,,,,,,,,,
1859,0.7000099721581045,0.7,0.6015625,0.5970221571624279,1.5761567577719688,0.14448834490031004,0.2330012135207653,2.7196337309739417e-06,0.14448834490031004,0.7318774238228798,0.13607207685709,1.3008663281798363,1.1647942513227463,512,,,,,,,,,,,
1860,0.7000099721581045,0.7,0.68359375,0.5409551970660686,1.4184357598423958,0.13362326566129923,0.22082234174013138,2.691190988462522e-06,0.13362326566129923,0.7203686311841011,0.1969582960009575,1.904665045440197,1.7077067494392395,512,,,,,,,,,,,
1861,0.7000099721581045,0.7,0.6171875,0.3916522450745106,1.015576258301735,0.11872486304491758,0.1712487069889903,2.6628936463635567e-06,0.11872486304491758,0.7398730218410492,0.09763611108064651,1.36908508092165,1.2714489698410034,512,,,,,,,,,,,
1862,0.7000099721581045,0.7,0.828125,0.6290308497846127,1.639586478471756,0.1160894576460123,0.26656755432486534,2.634741791646983e-06,0.1160894576460123,0.7241308391094208,0.17243680730462074,1.2373780235648155,1.0649412162601948,512,,,,,,,,,,,
1863,0.7000099721581045,0.7,0.77734375,0.4580506794154644,1.197617158293724,0.13305238261818886,0.19041511043906212,2.6067355108356173e-06,0.13305238261818886,0.7172949016094208,0.22665009275078773,1.513598196208477,1.2869481034576893,512,,,,,,,,,,,
1864,0.7000099721581045,0.7,1.2578125,0.5175555013120174,1.3423621132969856,0.17402341961860657,0.225987802259624,2.5788748900048676e-06,0.17402341961860657,0.7264672592282295,0.16163885965943336,1.8402086272835732,1.6785697676241398,512,0.000812860787846148,0.000812860787846148,0.02,400,0.7000099721581045,400,400,800,0,400,20461
1865,0.7000099721581045,0.7,0.640625,0.5152122993022203,1.3382702618837357,0.13067819457501173,0.2229790510609746,2.55116001478245e-06,0.13067819457501173,0.7296508550643921,0.16279280558228493,1.425322487950325,1.26252968236804,512,,,,,,,,,,,
1866,0.7000099721581045,0.7,0.60546875,0.5515153110027313,1.423218049108982,0.1313199233263731,0.24804040044546127,2.5235909703481665e-06,0.1313199233263731,0.7335131615400314,0.12953297048807144,1.2804544866085052,1.1509215161204338,512,,,,,,,,,,,
1867,0.7000099721581045,0.7,0.64453125,0.6402994841337204,1.6717351004481316,0.13336072023957968,0.26856623962521553,2.496167841433594e-06,0.13336072023957968,0.733832985162735,0.14810456335544586,1.2001687735319138,1.052064210176468,512,,,,,,,,,,,
1868,0.7000099721581045,0.7,0.73046875,0.3923632428050041,1.0361018851399422,0.14155813585966825,0.1528775990009308,2.468890712321864e-06,0.14155813585966825,0.731997050344944,0.1814894862473011,1.3451450616121292,1.163655575364828,512,,,,,,,,,,,
1869,0.7000099721581045,0.7,0.65625,0.4719916954636574,1.233221285045147,0.1754159787669778,0.19705649465322495,2.441759666847371e-06,0.1754159787669778,0.7141161784529686,0.1882152371108532,1.2787798047065735,1.0905645675957203,512,,,,,,,,,,,
1870,0.7000099721581045,0.7,0.7578125,0.6320661976933479,1.6733460873365402,0.2075419807806611,0.2420059572905302,2.4147747883955464e-06,0.2075419807806611,0.7072436287999153,0.16127532720565796,1.7231549881398678,1.5618796609342098,512,,,,,,,,,,,
1871,0.7000099721581045,0.7,0.79296875,0.49100060015916824,1.2731311321258545,0.1441311351954937,0.2147494126111269,2.387936159902582e-06,0.1441311351954937,0.7316576912999153,0.1326575130224228,1.1128007471561432,0.9801432341337204,512,,,,,,,,,,,
1872,0.7000099721581045,0.7,0.7734375,0.589631512761116,1.54174242913723,0.12089704256504774,0.245019662193954,2.361243863855184e-06,0.12089704256504774,0.7257421687245369,0.11132824420928955,1.2340237349271774,1.1226954907178879,512,0.0007743578753434122,0.0007743578753434122,0.02,248,0.7000099721581045,248,248,496,0,248,33380
1873,0.7000099721581045,0.7,0.671875,0.47641635686159134,1.2567994743585587,0.19693607278168201,0.18688636180013418,2.334697982290307e-06,0.19693607278168201,0.7075585573911667,0.19571653753519058,1.603835441172123,1.4081189036369324,512,,,,,,,,,,,
1874,0.7000099721581045,0.7,0.69140625,0.6307234987616539,1.6560103297233582,0.17815258773043752,0.25527292769402266,2.3082985967949167e-06,0.17815258773043752,0.7197216525673866,0.14305884391069412,1.5230965688824654,1.3800377249717712,512,,,,,,,,,,,
1875,0.7000099721581045,0.7,0.6328125,0.3920264393091202,1.0243872627615929,0.15716577228158712,0.16357159987092018,2.2820457885057325e-06,0.15716577228158712,0.7163256853818893,0.1472703441977501,1.011674702167511,0.8644043579697609,512,,,,,,,,,,,
1876,0.7000099721581045,0.7,0.765625,0.5533547475934029,1.4058831930160522,0.15875588729977608,0.27094929479062557,2.2559396381089838e-06,0.15875588729977608,0.7121459767222404,0.2243812531232834,1.1879066117107868,0.9635253585875034,512,,,,,,,,,,,
1877,0.7000099721581045,0.7,0.71875,0.7514820285141468,1.9348189905285835,0.188246363773942,0.3423991221934557,2.229980225840134e-06,0.188246363773942,0.6964770406484604,0.18281199783086777,1.6823031455278397,1.499491147696972,512,,,,,,,,,,,
1878,0.7000099721581045,0.7,0.6953125,0.8039377741515636,2.0873910933732986,0.15189048647880554,0.34878388326615095,2.204167631483689e-06,0.15189048647880554,0.7168969660997391,0.1267451010644436,1.0866006836295128,0.9598555825650692,512,,,,,,,,,,,
1879,0.7000099721581045,0.7,0.70703125,0.605462733656168,1.587374396622181,0.1251862202771008,0.2473611468449235,2.1785019343729063e-06,0.1251862202771008,0.6912475451827049,0.13711601868271828,0.9157848842442036,0.7786688655614853,512,,,,,,,,,,,
1880,0.7000099721581045,0.7,0.87109375,0.46992633305490017,1.215769425034523,0.14437741320580244,0.2082497151568532,2.152983213389559e-06,0.14437741320580244,0.7316943258047104,0.1706119403243065,1.4331521838903427,1.2625402435660362,512,0.0007150960154831409,0.0007150960154831409,0.02,278,0.7000099721581045,278,278,556,0,278,17183
1881,0.7000099721581045,0.7,0.6640625,0.4850887283682823,1.2719819657504559,0.14746070466935635,0.19798381440341473,2.127611546963698e-06,0.14746070466935635,0.7262817248702049,0.0687524825334549,1.8418818265199661,1.7731293439865112,512,,,,,,,,,,,
1882,0.7000099721581045,0.7,0.72265625,0.5999080613255501,1.5768627375364304,0.20443087071180344,0.2410403797402978,2.1023870130734257e-06,0.20443087071180344,0.7015234157443047,0.27050405740737915,1.3700988963246346,1.0995948389172554,512,,,,,,,,,,,
1883,0.7000099721581045,0.7,0.75,0.38359810784459114,0.9934211671352386,0.15922691021114588,0.16899729520082474,2.077309689244633e-06,0.15922691021114588,0.7043383494019508,0.16223331168293953,0.9384481534361839,0.7762148417532444,512,,,,,,,,,,,
1884,0.7000099721581045,0.7,0.65234375,0.519791167229414,1.3529413491487503,0.15536505170166492,0.22218328714370728,2.0523796525507623e-06,0.15536505170166492,0.7213769182562828,0.10208338499069214,1.5252875909209251,1.423204205930233,512,,,,,,,,,,,
1885,0.7000099721581045,0.7,0.609375,0.6542364172637463,1.7202541530132294,0.12503268755972385,0.26228032633662224,2.027596979612606e-06,0.12503268755972385,0.7369409129023552,0.18135803565382957,1.4366976097226143,1.2553395740687847,512,,,,,,,,,,,
1886,0.7000099721581045,0.7,0.71875,0.537067361176014,1.4112016558647156,0.15497133322060108,0.21627511084079742,2.0029617465980142e-06,0.15497133322060108,0.7239160090684891,0.19594503566622734,1.018480360507965,0.8225353248417377,512,,,,,,,,,,,
1887,0.7000099721581045,0.7,0.671875,0.6099840365350246,1.592999741435051,0.15701903775334358,0.2554366812109947,1.9784740292217108e-06,0.15701903775334358,0.7117382511496544,0.11115455254912376,1.0654732175171375,0.9543186649680138,512,,,,,,,,,,,
1888,0.7000099721581045,0.7,0.73046875,0.7236135117709637,1.8784588500857353,0.1505751796066761,0.31430928502231836,1.9541339027450256e-06,0.1505751796066761,0.733659639954567,0.08651339635252953,0.9657191969454288,0.8792058005928993,512,0.0004885752568952739,0.0004885752568952739,0.02,219,0.7000099721581045,219,219,438,0,219,5754
1889,0.7000099721581045,0.7,0.53125,0.5506374407559633,1.439937800168991,0.11835823114961386,0.22866044845432043,1.9299414419756856e-06,0.11835823114961386,0.7324658185243607,0.11632288992404938,1.8760999515652657,1.7597770616412163,512,,,,,,,,,,,
1890,0.7000099721581045,0.7,0.8125,0.8068440891802311,2.11861352622509,0.1710339691489935,0.3263683933764696,1.9058967212675804e-06,0.1710339691489935,0.7213427573442459,0.15304827690124512,2.225337192416191,2.072288915514946,512,,,,,,,,,,,
1891,0.7000099721581045,0.7,0.6875,0.522728705778718,1.3568102270364761,0.1720711002126336,0.2272160705178976,1.881999814520513e-06,0.1720711002126336,0.7187695130705833,0.1746693104505539,1.0115495771169662,0.8368802666664124,512,,,,,,,,,,,
1892,0.7000099721581045,0.7,0.5859375,0.4808260090649128,1.266085535287857,0.1468460727483034,0.1909629199653864,1.8582507951800277e-06,0.1468460727483034,0.7102709785103798,0.15911542624235153,1.6056368127465248,1.4465213865041733,512,,,,,,,,,,,
1893,0.7000099721581045,0.7,0.7109375,0.5803949851542711,1.5125741362571716,0.14074683096259832,0.24619850888848305,1.8346497362371095e-06,0.14074683096259832,0.7311278954148293,0.12083001434803009,1.3813546001911163,1.2605245858430862,512,,,,,,,,,,,
1894,0.7000099721581045,0.7,0.8671875,0.3866441622376442,1.0099704265594482,0.1711405860260129,0.1616785041987896,1.811196710228008e-06,0.1711405860260129,0.7098339721560478,0.1890280432999134,1.4029555767774582,1.2139275334775448,512,,,,,,,,,,,
1895,0.7000099721581045,0.7,0.77734375,0.5922512635588646,1.513435535132885,0.11374396458268166,0.2812651600688696,1.7878917892340086e-06,0.11374396458268166,0.7233618050813675,0.13628769665956497,1.0024586096405983,0.8661709129810333,512,,,,,,,,,,,
1896,0.7000099721581045,0.7,0.6875,0.6792758069932461,1.7680807709693909,0.15806812327355146,0.2903307043015957,1.7647350448812106e-06,0.15806812327355146,0.7304955944418907,0.11955010145902634,1.2047670036554337,1.0852169021964073,512,0.0007276844116859138,0.0007276844116859138,0.02,227,0.7000099721581045,227,227,454,0,227,5182
1897,0.7000099721581045,0.7,0.77734375,0.6755536608397961,1.7174155488610268,0.1733180396258831,0.32971670012921095,1.7417265483402834e-06,0.1733180396258831,0.700939953327179,0.1839401237666607,1.247184906154871,1.0632447823882103,512,,,,,,,,,,,
1898,0.7000099721581045,0.7,0.703125,0.3844916634261608,1.0014604404568672,0.18337299954146147,0.16366576496511698,1.718866370326283e-06,0.18337299954146147,0.701237790286541,0.2091275006532669,1.7191370278596878,1.510009527206421,512,,,,,,,,,,,
1899,0.7000099721581045,0.7,0.6796875,0.648901442065835,1.6929850056767464,0.13190473057329655,0.27338293474167585,1.6961545810984246e-06,0.13190473057329655,0.7179858162999153,0.1640828512609005,0.9318016804754734,0.7677188292145729,512,,,,,,,,,,,
1900,0.7000099721581045,0.7,0.60546875,0.45499223098158836,1.1799313500523567,0.15989961847662926,0.19883290491998196,1.6735912504598383e-06,0.15989961847662926,0.7306762635707855,0.1916462555527687,3.242022566497326,3.050376310944557,512,,,,,,,,,,,
1901,0.7000099721581045,0.7,0.59375,0.48760566115379333,1.3002442941069603,0.1290672468021512,0.17734853737056255,1.6511764477573965e-06,0.1290672468021512,0.7357519343495369,0.09883773326873779,1.7892377376556396,1.6904000043869019,512,,,,,,,,,,,
1902,0.7000099721581045,0.7,0.6953125,0.35010111704468727,0.914108045399189,0.20738596376031637,0.14680440165102482,1.6289102418814705e-06,0.20738596376031637,0.7095141410827637,0.13976069167256355,1.4684814661741257,1.3287207745015621,512,,,,,,,,,,,
1903,0.7000099721581045,0.7,1.4453125,0.5706692598760128,1.4775126427412033,0.14647383894771338,0.2517880480736494,1.6067927012657247e-06,0.14647383894771338,0.7341992035508156,0.12696929275989532,0.9983750730752945,0.8714057803153992,512,,,,,,,,,,,
1904,0.7000099721581045,0.7,0.63671875,0.4525905605405569,1.179283581674099,0.14970529917627573,0.19220294058322906,1.584823893886933e-06,0.14970529917627573,0.7210766300559044,0.08899863064289093,1.0923847928643227,1.0033861622214317,512,0.0007988985162228346,0.0007988985162228346,0.02,225,0.7000099721581045,225,225,450,0,225,8975
1905,0.7000099721581045,0.7,0.75,0.5838606096804142,1.501906156539917,0.15010208543390036,0.26736835576593876,1.563003887264719e-06,0.15010208543390036,0.7108618021011353,0.18566646426916122,0.9213269725441933,0.735660508275032,512,,,,,,,,,,,
1906,0.7000099721581045,0.7,0.69921875,0.8020935244858265,2.088917523622513,0.1563332313671708,0.3416688106954098,1.5413327484613993e-06,0.1563332313671708,0.7194433361291885,0.1403958797454834,1.25384521484375,1.1134493350982666,512,,,,,,,,,,,
1907,0.7000099721581045,0.7,0.640625,0.40762133710086346,1.0493415147066116,0.13351029809564352,0.18587463162839413,1.5198105440817511e-06,0.13351029809564352,0.7236596718430519,0.16899573430418968,1.1558858267962933,0.9868900924921036,512,,,,,,,,,,,
1908,0.7000099721581045,0.7,0.66796875,0.3719094730913639,0.968693196773529,0.19830778241157532,0.15830514207482338,1.4984373402728014e-06,0.19830778241157532,0.7026269510388374,0.2621716856956482,1.6071816198527813,1.345009934157133,512,,,,,,,,,,,
1909,0.7000099721581045,0.7,0.64453125,0.5854083113372326,1.5354393124580383,0.16315998323261738,0.2385251820087433,1.4772132027236485e-06,0.16315998323261738,0.7151049599051476,0.21011584997177124,1.7281118407845497,1.5179959908127785,512,,,,,,,,,,,
1910,0.7000099721581045,0.7,0.6171875,0.5685296803712845,1.4839018061757088,0.10067615518346429,0.23891540057957172,1.4561381966652243e-06,0.10067615518346429,0.7271777093410492,0.12654948979616165,0.7532499171793461,0.6267004273831844,512,,,,,,,,,,,
1911,0.7000099721581045,0.7,0.67578125,0.5830841846764088,1.5197151750326157,0.15754507202655077,0.2472065445035696,1.435212386870144e-06,0.15754507202655077,0.7293530181050301,0.18465613946318626,1.9605771526694298,1.7759210132062435,512,,,,,,,,,,,
1912,0.7000099721581045,0.7,0.6796875,0.3744361400604248,0.9662930741906166,0.15414652321487665,0.16836183331906796,1.4144358376524503e-06,0.15414652321487665,0.7139770239591599,0.1376010812819004,1.3600892461836338,1.2224881649017334,512,0.0006539160385727882,0.0006539160385727882,0.02,190,0.7000099721581045,190,190,380,0,190,798
1913,0.7000099721581045,0.7,0.60546875,0.7295583412051201,1.9226509928703308,0.12691682111471891,0.28813172597438097,1.39380861286747e-06,0.12691682111471891,0.7208740189671516,0.1337188296020031,1.0343446359038353,0.9006258063018322,512,,,,,,,,,,,
1914,0.7000099721581045,0.7,0.65234375,0.49955376237630844,1.3217732906341553,0.1347086001187563,0.19202594831585884,1.3733307759115743e-06,0.1347086001187563,0.7244018539786339,0.11082380637526512,1.031167633831501,0.9203438274562359,512,,,,,,,,,,,
1915,0.7000099721581045,0.7,0.6796875,0.6504376977682114,1.7121554985642433,0.12760670389980078,0.258867796510458,1.3530023897219968e-06,0.12760670389980078,0.7214233204722404,0.21192213147878647,1.5675619542598724,1.355639822781086,512,,,,,,,,,,,
1916,0.7000099721581045,0.7,0.625,0.6339227817952633,1.6609633639454842,0.1556392777711153,0.2600147109478712,1.3328235167766546e-06,0.1556392777711153,0.7152514308691025,0.23692014068365097,1.7085924074053764,1.4716722667217255,512,,,,,,,,,,,
1917,0.7000099721581045,0.7,0.59375,0.39534508623182774,1.0289040058851242,0.15846302453428507,0.16911137849092484,1.3127942190939546e-06,0.15846302453428507,0.7209423705935478,0.0882464125752449,1.5536298155784607,1.4653834030032158,512,,,,,,,,,,,
1918,0.7000099721581045,0.7,1.0078125,0.501156646758318,1.2962906062602997,0.2337804175913334,0.2223658338189125,1.2929145582325663e-06,0.2337804175913334,0.6819189190864563,0.27682748436927795,1.8402870409190655,1.5634595565497875,512,,,,,,,,,,,
1919,0.7000099721581045,0.7,0.7109375,0.5476215668022633,1.4271071776747704,0.15196142997592688,0.23235205840319395,1.273184595291288e-06,0.15196142997592688,0.7270776182413101,0.12258404493331909,1.1839600503444672,1.061376005411148,512,,,,,,,,,,,
1920,0.7000099721581045,0.7,0.64453125,0.640784565359354,1.6755663380026817,0.14898039773106575,0.26620499789714813,1.2536043909088191e-06,0.14898039773106575,0.7202148288488388,0.19403988867998123,1.5628444664180279,1.3688045777380466,512,0.00047727400669828057,0.00047727400669828057,0.02,169,0.7000099721581045,169,169,338,0,169,2021
1921,0.7000099721581045,0.7,0.69140625,0.6512104719877243,1.6998589634895325,0.16898568533360958,0.27350605092942715,1.2341740052635941e-06,0.16898568533360958,0.7167870923876762,0.24474917724728584,2.0578736811876297,1.8131245039403439,512,,,,,,,,,,,
1922,0.7000099721581045,0.7,0.65625,0.47848697006702423,1.2513720020651817,0.1324830623343587,0.19858845323324203,1.214893498073577e-06,0.1324830623343587,0.7129003629088402,0.17165804095566273,0.7898455038666725,0.6181874629110098,512,,,,,,,,,,,
1923,0.7000099721581045,0.7,0.6640625,0.44137290865182877,1.1626876890659332,0.1591944918036461,0.1748059280216694,1.1957629285960948e-06,0.1591944918036461,0.7113842591643333,0.21305716782808304,1.0345899164676666,0.8215327486395836,512,,,,,,,,,,,
1924,0.7000099721581045,0.7,0.74609375,0.6694969274103642,1.763867348432541,0.17297131847590208,0.2649111244827509,1.1767823556276647e-06,0.17297131847590208,0.7228857278823853,0.22179751843214035,2.0197972804307938,1.7979997619986534,512,,,,,,,,,,,
1925,0.7000099721581045,0.7,0.6484375,0.6836338602006435,1.794775851070881,0.14792679715901613,0.27684174943715334,1.157951837503779e-06,0.14792679715901613,0.7166405990719795,0.15545697137713432,1.001795582473278,0.8463386110961437,512,,,,,,,,,,,
1926,0.7000099721581045,0.7,0.65625,0.5257387086749077,1.3624086007475853,0.14028797391802073,0.2307389136403799,1.1392714320987596e-06,0.14028797391802073,0.7217407003045082,0.176147248595953,2.407119534909725,2.230972286313772,512,,,,,,,,,,,
1927,0.7000099721581045,0.7,0.625,0.5717676244676113,1.4740549325942993,0.15251442231237888,0.25857414305210114,1.1207411968255643e-06,0.15251442231237888,0.7323510646820068,0.13531919196248055,1.7778717651963234,1.6425525732338428,512,,,,,,,,,,,
1928,0.700009979589333,0.7,0.60546875,0.5691701397299767,1.506338082253933,0.14015110582113266,0.21841991040855646,1.10236118863562e-06,0.14015110582113266,0.7147118970751762,0.1345989629626274,1.0055917501449585,0.8709927871823311,512,0.0004114813345950097,0.0004114813345950097,0.02,172,0.700009979589333,172,145,317,27,172,145
1929,0.700009979589333,0.7,0.7265625,0.5111201219260693,1.2907659783959389,0.11205366160720587,0.25808280799537897,1.0841314640186228e-06,0.11205366160720587,0.7262988090515137,0.13250945508480072,0.840923547744751,0.7084140926599503,512,,,,,,,,,,,
1930,0.700009979589333,0.7,0.59765625,0.4799707531929016,1.2653271779417992,0.12698311172425747,0.18912957981228828,1.0660520790023998e-06,0.12698311172425747,0.7183788865804672,0.1626955047249794,0.7837167009711266,0.6210211962461472,512,,,,,,,,,,,
1931,0.700009979589333,0.7,0.75390625,0.5482003875076771,1.4152082353830338,0.17258425243198872,0.24600497540086508,1.0481230891527084e-06,0.17258425243198872,0.7156249806284904,0.276008665561676,1.8649085760116577,1.5888999104499817,512,,,,,,,,,,,
1932,0.700009979589333,0.7,0.56640625,0.41485293209552765,1.0917243137955666,0.12273692339658737,0.16540573351085186,1.0303445495730869e-06,0.12273692339658737,0.7389794737100601,0.049285054206848145,1.5030024945735931,1.453717440366745,512,,,,,,,,,,,
1933,0.700009979589333,0.7,0.70703125,0.46788372099399567,1.2162491902709007,0.1468722876161337,0.20158020965754986,1.0127165149046712e-06,0.1468722876161337,0.724797323346138,0.12568169832229614,1.6718091815710068,1.5461274832487106,512,,,,,,,,,,,
1934,0.700009979589333,0.7,0.671875,0.5980352386832237,1.5499505698680878,0.16381327714771032,0.2622773554176092,9.952390393260235e-07,0.16381327714771032,0.7070141583681107,0.09494516998529434,1.2808557003736496,1.1859105303883553,512,,,,,,,,,,,
1935,0.700009979589333,0.7,0.67578125,0.49280987679958344,1.282212607562542,0.143879652954638,0.2111506089568138,9.77912176552981e-07,0.143879652954638,0.7137450948357582,0.20240584760904312,1.0432433262467384,0.8408374786376953,512,,,,,,,,,,,
1936,0.7000100084885547,0.7,0.71875,0.6010251101106405,1.5578363984823227,0.1775521533563733,0.2634517168626189,9.607359798384785e-07,0.1775521533563733,0.7167382538318634,0.2779696360230446,1.5295212864875793,1.2515516504645348,512,0.00044197108945809305,0.00044197108945809305,0.02,171,0.7000100084885547,171,66,237,105,171,66
1937,0.7000100084885547,0.7,0.73046875,0.729470431804657,1.9241075068712234,0.1554027572274208,0.28640884533524513,9.437105019723891e-07,0.1554027572274208,0.7361132577061653,0.09451169148087502,1.9327810443937778,1.8382693529129028,512,,,,,,,,,,,
1938,0.7000100084885547,0.7,0.7734375,0.6181143373250961,1.6009438633918762,0.1420439318753779,0.2721297722309828,9.268357952813722e-07,0.1420439318753779,0.7244164869189262,0.19249728322029114,1.1383414268493652,0.9458441436290741,512,,,,,,,,,,,
1939,0.7000100084885547,0.7,0.78515625,0.6823842227458954,1.777684397995472,0.17940850649029016,0.2901464533060789,9.10111911628686e-07,0.17940850649029016,0.7222900241613388,0.28080303966999054,1.8820944502949715,1.601291410624981,512,,,,,,,,,,,
1940,0.7000100084885547,0.7,0.86328125,0.6378405801951885,1.6449169144034386,0.16732933558523655,0.28793321922421455,8.935389024140483e-07,0.16732933558523655,0.7246581986546516,0.3745504543185234,1.7952889576554298,1.4207385033369064,512,,,,,,,,,,,
1941,0.7000100084885547,0.7,0.71875,0.6117670722305775,1.5980246365070343,0.11503718607127666,0.25581494346261024,8.771168185734757e-07,0.11503718607127666,0.7298168912529945,-0.006543643772602081,1.0346190705895424,1.0411627143621445,512,,,,,,,,,,,
1942,0.7000100084885547,0.7,0.5859375,0.41139956191182137,1.068748563528061,0.12657637847587466,0.17791671305894852,8.608457105791446e-07,0.12657637847587466,0.7214916869997978,0.13648320361971855,1.134248185902834,0.9977649822831154,512,,,,,,,,,,,
1943,0.7000100084885547,0.7,2.046875,0.5677022561430931,1.4595758467912674,0.15582130383700132,0.2607339331880212,8.447256284391858e-07,0.15582130383700132,0.7266528159379959,0.1855304092168808,2.044028341770172,1.8584979325532913,512,,,,,,,,,,,
1944,0.7000100084885547,0.7,0.77734375,0.5056384168565273,1.3213676437735558,0.14170403825119138,0.21086995117366314,8.287566216975795e-07,0.14170403825119138,0.719846174120903,0.07446419447660446,1.3167242780327797,1.2422600835561752,512,0.000536261941306293,0.000536261941306293,0.02,131,0.7000100084885547,131,131,262,0,131,1362
1945,0.7000100084885547,0.7,0.7109375,0.384929608553648,1.007170595228672,0.16316811181604862,0.159282716922462,8.129387394339827e-07,0.16316811181604862,0.7211694121360779,0.11441948264837265,1.68129375949502,1.5668742768466473,512,,,,,,,,,,,
1946,0.7000100084885547,0.7,0.69921875,0.689458891749382,1.8178293704986572,0.1685158982872963,0.27143989875912666,7.972720302635906e-07,0.1685158982872963,0.7077123895287514,0.14841750636696815,1.149061568081379,1.0006440617144108,512,,,,,,,,,,,
1947,0.7000100084885547,0.7,0.640625,0.46369583532214165,1.215374045073986,0.1216201763600111,0.18976477906107903,7.817565423369588e-07,0.1216201763600111,0.7261865064501762,0.17071721330285072,1.323465645313263,1.1527484320104122,512,,,,,,,,,,,
1948,0.7000100084885547,0.7,0.69140625,0.6793031319975853,1.7633608356118202,0.1405176781117916,0.295133407227695,7.663923233398928e-07,0.1405176781117916,0.7063061520457268,0.09257972985506058,1.0263278186321259,0.9337480887770653,512,,,,,,,,,,,
1949,0.7000100084885547,0.7,0.7421875,0.5965058542788029,1.5336657240986824,0.1771918460726738,0.27392769884318113,7.51179420493281e-07,0.1771918460726738,0.7194335758686066,0.14125747978687286,1.7223307564854622,1.5810732766985893,512,,,,,,,,,,,
1950,0.7000100084885547,0.7,0.72265625,0.6045494489371777,1.5882340595126152,0.15969667583703995,0.24373394809663296,7.36117880552939e-07,0.15969667583703995,0.6968896314501762,0.1489265039563179,2.149621903896332,2.000695399940014,512,,,,,,,,,,,
1951,0.7000100084885547,0.7,0.73046875,0.5660544447600842,1.4811016470193863,0.17717268131673336,0.23421478271484375,7.212077498094882e-07,0.17717268131673336,0.7181298360228539,0.15502052009105682,0.9892950057983398,0.834274485707283,512,,,,,,,,,,,
1952,0.700010032433624,0.7,0.734375,0.6497392132878304,1.6757898554205894,0.16472521238029003,0.29311676137149334,7.064490740882057e-07,0.16472521238029003,0.7176684364676476,0.22622495889663696,2.226538270711899,2.000313311815262,512,0.0006595339509658515,0.0006595339509658515,0.02,119,0.700010032433624,119,32,151,87,119,32
1953,0.700010032433624,0.7,0.640625,0.6656833253800869,1.7455671578645706,0.14284171350300312,0.2716549374163151,6.918418987488795e-07,0.14284171350300312,0.7245214655995369,0.07586158066987991,0.9332767799496651,0.8574151992797852,512,,,,,,,,,,,
1954,0.700010032433624,0.7,0.68359375,0.35792021080851555,0.9238770306110382,0.1472838493064046,0.16072960384190083,6.773862686856702e-07,0.1472838493064046,0.7222289964556694,0.0984940156340599,1.167371317744255,1.0688773021101952,512,,,,,,,,,,,
1955,0.700010032433624,0.7,0.6640625,0.4675499740988016,1.2314795926213264,0.13753588777035475,0.18533844221383333,6.630822283269721e-07,0.13753588777035475,0.7160986065864563,0.19587009400129318,1.0584143549203873,0.8625442609190941,512,,,,,,,,,,,
1956,0.700010032433624,0.7,0.6953125,0.6010990478098392,1.5816456601023674,0.13955061230808496,0.23986652679741383,6.489298216352912e-07,0.13955061230808496,0.7235668748617172,0.13931838423013687,0.8328496292233467,0.6935312449932098,512,,,,,,,,,,,
1957,0.700010032433624,0.7,0.765625,0.5676729045808315,1.4722237586975098,0.18816163577139378,0.2479971218854189,6.349290921070783e-07,0.18816163577139378,0.7120117098093033,0.19947787001729012,1.76616782695055,1.56668995693326,512,,,,,,,,,,,
1958,0.700010032433624,0.7,0.5703125,0.5803805552423,1.512065701186657,0.11548636853694916,0.24666316993534565,6.210800827726349e-07,0.11548636853694916,0.7163305431604385,0.07526374980807304,1.2347069941461086,1.1594432443380356,512,,,,,,,,,,,
1959,0.700010032433624,0.7,0.7890625,0.4702422730624676,1.2323864251375198,0.17258035112172365,0.1925901100039482,6.073828361959411e-07,0.17258035112172365,0.6983349397778511,0.24465427547693253,1.7219844684004784,1.4773301929235458,512,,,,,,,,,,,
1960,0.700010032433624,0.7,0.78125,0.5067873243242502,1.3217474073171616,0.152823893353343,0.21397171542048454,5.938373944745612e-07,0.152823893353343,0.7190038859844208,0.12588663399219513,1.2346816807985306,1.1087950468063354,512,0.0007388981175608933,0.0007388981175608933,0.02,96,0.700010032433624,96,96,192,0,96,114
1961,0.700010032433624,0.7,0.765625,0.485713854432106,1.2643728628754616,0.1715033669024706,0.20748722553253174,5.804437992394829e-07,0.1715033669024706,0.7104491889476776,0.12260578200221062,1.085279032588005,0.9626732505857944,512,,,,,,,,,,,
1962,0.700010032433624,0.7,0.7421875,0.3727873433381319,0.9581818208098412,0.18294259533286095,0.17147674690932035,5.672020916550224e-07,0.18294259533286095,0.692456029355526,0.15549219772219658,1.1340598836541176,0.978567685931921,512,,,,,,,,,,,
1963,0.700010032433624,0.7,0.64453125,0.35879295878112316,0.9350327104330063,0.1683831587433815,0.15221863705664873,5.541123124186642e-07,0.1683831587433815,0.7288647145032883,0.09863967448472977,1.9061461761593819,1.807506501674652,512,,,,,,,,,,,
1964,0.700010032433624,0.7,0.76953125,0.4550951085984707,1.1673756167292595,0.14686415810137987,0.2117004133760929,5.411745017609493e-07,0.14686415810137987,0.7118017449975014,0.2039712630212307,1.0627297572791576,0.8587584942579269,512,,,,,,,,,,,
1965,0.700010032433624,0.7,0.8046875,0.6155156530439854,1.6180806159973145,0.1411126866005361,0.24711824674159288,5.283886994453757e-07,0.1411126866005361,0.7144286930561066,0.12674599513411522,1.1447204500436783,1.017974454909563,512,,,,,,,,,,,
1966,0.700010032433624,0.7,0.5390625,0.37850237637758255,0.9807943776249886,0.12713810056447983,0.16618246491998434,5.157549447682208e-07,0.12713810056447983,0.7267895117402077,0.16840548440814018,2.2220803014934063,2.053674817085266,512,,,,,,,,,,,
1967,0.700010032433624,0.7,0.62890625,0.5004610978066921,1.29959274828434,0.13490156829357147,0.21695595514029264,5.032732765584857e-07,0.13490156829357147,0.7175243943929672,0.14491739124059677,0.8055413104593754,0.6606239192187786,512,,,,,,,,,,,
1968,0.7000100547273094,0.7,0.578125,0.4722636044025421,1.2380044609308243,0.1377161629498005,0.19309732597321272,4.909437331777179e-07,0.1377161629498005,0.729426234960556,0.09544827044010162,1.2555579543113708,1.1601096838712692,512,0.0006173559813760221,0.0006173559813760221,0.02,84,0.7000100547273094,84,3,87,81,84,3
1969,0.7000100547273094,0.7,0.70703125,0.7501906380057335,1.955437310039997,0.1386184310540557,0.3178675537928939,4.787663525199438e-07,0.1386184310540557,0.7253149151802063,0.196021918207407,1.8076637089252472,1.6116417907178402,512,,,,,,,,,,,
1970,0.7000100547273094,0.7,0.62890625,0.7110185772180557,1.8867136761546135,0.14349628798663616,0.2678879927843809,4.667411720115145e-07,0.14349628798663616,0.7275243923068047,0.1654372364282608,1.5331515818834305,1.3677143454551697,512,,,,,,,,,,,
1971,0.7000100547273094,0.7,0.6640625,0.5538712572306395,1.4500562101602554,0.15708901640027761,0.22834150306880474,4.548682286109995e-07,0.15708901640027761,0.7140624970197678,0.18537553399801254,1.05999556183815,0.8746200278401375,512,,,,,,,,,,,
1972,0.7000100547273094,0.7,0.60546875,0.6555395238101482,1.7173266783356667,0.12175071984529495,0.26915664225816727,4.431475588090872e-07,0.12175071984529495,0.7408251762390137,0.14239257760345936,1.29065047390759,1.1482578963041306,512,,,,,,,,,,,
1973,0.7000100547273094,0.7,0.63671875,0.6764076314866543,1.7538327500224113,0.16510948445647955,0.29588727559894323,4.315791986284623e-07,0.16510948445647955,0.722709946334362,0.21957026049494743,1.687984835356474,1.4684145748615265,512,,,,,,,,,,,
1974,0.7000100547273094,0.7,0.69921875,0.6164517179131508,1.6192370057106018,0.17255097068846226,0.24879839457571507,4.2016318362368966e-07,0.17255097068846226,0.725651815533638,0.17522137239575386,1.0779490172863007,0.9027276448905468,512,,,,,,,,,,,
1975,0.7000100547273094,0.7,0.7421875,0.6088825296610594,1.6123993173241615,0.2294646091759205,0.2326992154121399,4.088995488811198e-07,0.2294646091759205,0.7031201049685478,0.25112754851579666,1.7013059332966805,1.4501783847808838,512,,,,,,,,,,,
1976,0.7000100701402276,0.7,0.703125,0.4800598844885826,1.260749265551567,0.2163446769118309,0.19397761393338442,3.9778832901876675e-07,0.2163446769118309,0.705629862844944,0.2234935387969017,1.4417981505393982,1.2183046117424965,512,0.0006639883504249156,0.0006639883504249156,0.02,58,0.7000100701402276,58,2,60,56,58,2
1977,0.7000100701402276,0.7,0.61328125,0.8310054615139961,2.1540856063365936,0.11990246269851923,0.3641127198934555,3.868295581862136e-07,0.11990246269851923,0.7339892536401749,0.16340789943933487,0.873275276273489,0.7098673768341541,512,,,,,,,,,,,
1978,0.7000100701402276,0.7,0.640625,0.6932880319654942,1.8379823863506317,0.14074525982141495,0.26289032958447933,3.7602327006450167e-07,0.14074525982141495,0.7255981266498566,0.04241777956485748,2.027704708278179,1.9852869287133217,512,,,,,,,,,,,
1979,0.7000100701402276,0.7,0.55859375,0.3984910286962986,1.031831480562687,0.10505995061248541,0.175717044621706,3.653694978660138e-07,0.10505995061248541,0.7339599505066872,0.10354191064834595,0.9565185755491257,0.8529766649007797,512,,,,,,,,,,,
1980,0.7000100701402276,0.7,0.65234375,0.6101042442023754,1.56186593323946,0.1541598355397582,0.28693473525345325,3.5486827433440785e-07,0.1541598355397582,0.7109032869338989,0.17680878192186356,0.9133755080401897,0.7365667261183262,512,,,,,,,,,,,
1981,0.7000100701402276,0.7,0.6953125,0.4637601859867573,1.2149318158626556,0.21704645454883575,0.19040201790630817,3.445196317444666e-07,0.21704645454883575,0.7049389556050301,0.14438696205615997,1.9538183398544788,1.8094313777983189,512,,,,,,,,,,,
1982,0.7000100701402276,0.7,0.64453125,0.5910185873508453,1.5471506789326668,0.15039559034630656,0.2438146723434329,3.343236019020535e-07,0.15039559034630656,0.7246435433626175,0.10422888398170471,0.9356638416647911,0.8314349576830864,512,,,,,,,,,,,
1983,0.7000100701402276,0.7,0.6953125,0.5117237083613873,1.3392047956585884,0.15045514982193708,0.21147301979362965,3.2428021614396286e-07,0.15045514982193708,0.7317187488079071,0.04420710168778896,1.835702907294035,1.791495805606246,512,,,,,,,,,,,
1984,0.7000100805989936,0.7,0.609375,0.5367822870612144,1.4049520194530487,0.14216146478429437,0.22166089713573456,3.143895053378698e-07,0.14216146478429437,0.7326293662190437,0.10253437981009483,1.538556482642889,1.4360221028327942,512,0.0003465654735919088,0.0003465654735919088,0.02,38,0.7000100805989936,38,0,38,38,38,0
1985,0.7000100805989936,0.7,0.6796875,0.49196402728557587,1.290539026260376,0.17360250279307365,0.2002609521150589,3.04651499882197e-07,0.17360250279307365,0.721118152141571,0.1866845190525055,1.6266847252845764,1.440000206232071,512,,,,,,,,,,,
1986,0.7000100805989936,0.7,0.66015625,0.5878528766334057,1.5485879629850388,0.12338987365365028,0.23278430476784706,2.95066229706048e-07,0.12338987365365028,0.7229906991124153,0.1045563779771328,0.8615436553955078,0.756987277418375,512,,,,,,,,,,,
1987,0.7000100805989936,0.7,0.65625,0.44628874957561493,1.1716833859682083,0.15271204244345427,0.18070673383772373,2.8563372426909094e-07,0.15271204244345427,0.7233325019478798,0.09633790701627731,1.4773696288466454,1.381031721830368,512,,,,,,,,,,,
1988,0.7000100805989936,0.7,0.7265625,0.625116229057312,1.630703166127205,0.18433430511504412,0.263588335365057,2.7635401256149163e-07,0.18433430511504412,0.725573718547821,0.1674695387482643,1.0806731209158897,0.9132035821676254,512,,,,,,,,,,,
1989,0.7000100805989936,0.7,0.69921875,0.8247748240828514,2.149838201701641,0.16147860419005156,0.3494793362915516,2.672271231038248e-07,0.16147860419005156,0.722900390625,0.1687750592827797,1.4656066596508026,1.296831600368023,512,,,,,,,,,,,
1990,0.7000100805989936,0.7,0.75,0.7402907833456993,1.941148579120636,0.14054462779313326,0.30215671472251415,2.582530839469521e-07,0.14054462779313326,0.7167114242911339,0.2061561606824398,1.1547336541116238,0.948577493429184,512,,,,,,,,,,,
1991,0.7000100805989936,0.7,0.62890625,0.452592633664608,1.1668798699975014,0.16436762921512127,0.2046129247173667,2.4943192267198323e-07,0.16436762921512127,0.722714826464653,0.2083364650607109,1.9945834875106812,1.7862470224499702,512,,,,,,,,,,,
1992,0.7000100916082209,0.7,0.6015625,0.5353008825331926,1.404894731938839,0.15664947871118784,0.21722908318042755,2.407636663901591e-07,0.15664947871118784,0.7270434349775314,0.18109438195824623,1.452203206717968,1.2711088247597218,512,0.00038429273990914226,0.00038429273990914226,0.02,40,0.7000100916082209,40,0,40,40,40,0
1993,0.7000100916082209,0.7,0.73828125,0.4253556728363037,1.1152627915143967,0.22096561640501022,0.17369374074041843,2.3224834174276898e-07,0.22096561640501022,0.7092382609844208,0.24932990223169327,1.364974245429039,1.1156443431973457,512,,,,,,,,,,,
1994,0.7000100916082209,0.7,0.63671875,0.6156360488384962,1.6149719208478928,0.14484733529388905,0.2505918201059103,2.238859749010891e-07,0.14484733529388905,0.7244067192077637,0.1333836428821087,1.1290747001767159,0.9956910572946072,512,,,,,,,,,,,
1995,0.7000100916082209,0.7,0.69921875,0.4803615026175976,1.2506664097309113,0.18527491763234138,0.2049744725227356,2.1567659156628285e-07,0.18527491763234138,0.7135033905506134,0.092999666929245,1.706317089498043,1.613317422568798,512,,,,,,,,,,,
1996,0.7000100916082209,0.7,0.68359375,0.7823333963751793,2.0258056297898293,0.15583279076963663,0.34490149281919,2.0762021696933976e-07,0.15583279076963663,0.7176879793405533,0.19108938425779343,1.0700377747416496,0.8789483904838562,512,,,,,,,,,,,
1997,0.7000100916082209,0.7,0.5546875,0.6209154389798641,1.6120126992464066,0.08205218520015478,0.26954918913543224,1.9971687587097554e-07,0.08205218520015478,0.7354345470666885,0.08970406651496887,0.571051225066185,0.4813471585512161,512,,,,,,,,,,,
1998,0.7000100916082209,0.7,0.68359375,0.42669302225112915,1.1227683052420616,0.1769221192225814,0.17024079989641905,1.91966592561571e-07,0.1769221192225814,0.7202368006110191,0.21556559577584267,1.34591244161129,1.1303468458354473,512,,,,,,,,,,,
1999,0.7000100916082209,0.7,0.62890625,0.46098682656884193,1.208196647465229,0.14625901635736227,0.18873306084424257,1.8436939086109995e-07,0.14625901635736227,0.7271679565310478,0.23374556377530098,1.978767529129982,1.745021965354681,512,,,,,,,,,,,
2000,0.7000100971128346,0.7,0.68359375,0.5204098895192146,1.353251226246357,0.15384164080023766,0.22374837286770344,1.7692529411904578e-07,0.15384164080023766,0.7206103205680847,0.14818579331040382,1.2826081700623035,1.1344223767518997,512,0.00033815912320278585,0.00033815912320278585,0.02,20,0.7000100971128346,20,0,20,20,20,0
2001,0.7000100971128346,0.7,1.546875,0.47967042215168476,1.2526343315839767,0.2157512828707695,0.2009123768657446,1.6963432521432955e-07,0.2157512828707695,0.6821044832468033,-0.18513408303260803,1.4305399805307388,1.6156740635633469,512,,,,,,,,,,,
2002,0.7000100971128346,0.7,0.703125,0.556271318346262,1.4383054599165916,0.12296877708286047,0.24736513569951057,1.6249650655525417e-07,0.12296877708286047,0.7215991094708443,0.10837284103035927,1.0897831693291664,0.9814103282988071,512,,,,,,,,,,,
2003,0.7000100971128346,0.7,0.6484375,0.3937476649880409,1.0298494100570679,0.15037165582180023,0.16332526877522469,1.555118600794103e-07,0.15037165582180023,0.7143139541149139,0.08806519210338593,1.2860786244273186,1.1980134323239326,512,,,,,,,,,,,
2004,0.7000100971128346,0.7,0.6171875,0.5142164416611195,1.3572272509336472,0.14466428570449352,0.20100427232682705,1.4868040725365407e-07,0.14466428570449352,0.7318847477436066,0.09961405396461487,1.140953041613102,1.041338987648487,512,,,,,,,,,,,
2005,0.7000100971128346,0.7,0.5859375,0.5536217037588358,1.4441523030400276,0.1409957306459546,0.2334891716018319,1.4200216907397367e-07,0.1409957306459546,0.7338452115654945,0.11548175662755966,1.365451917052269,1.2499701604247093,512,,,,,,,,,,,
2006,0.7000100971128346,0.7,0.6015625,0.8059214204549789,2.1002066507935524,0.11735631246119738,0.3419794347137213,1.3547716606548966e-07,0.11735631246119738,0.7209032997488976,0.16406849399209023,1.8252279125154018,1.6611594185233116,512,,,,,,,,,,,
2007,0.7000100971128346,0.7,0.80078125,0.4856274612247944,1.2679540067911148,0.14707958698272705,0.20364426355808973,1.2910541828235478e-07,0.14707958698272705,0.7300610095262527,0.1363421529531479,1.8940657675266266,1.7577236145734787,512,,,,,,,,,,,
2008,0.700010100140372,0.7,0.63671875,0.6637705620378256,1.7300931960344315,0.13680526986718178,0.28133266046643257,1.228869453076986e-07,0.13680526986718178,0.728945292532444,0.18069930747151375,0.9256449192762375,0.7449456118047237,512,0.0003819998528342694,0.0003819998528342694,0.02,11,0.700010100140372,11,0,11,11,11,0
2009,0.700010100140372,0.7,0.76953125,0.4748493693768978,1.2322248443961143,0.19209840428084135,0.2067125840112567,1.1682176625358309e-07,0.19209840428084135,0.7000976428389549,0.2839209735393524,1.1986287087202072,0.9147077351808548,512,,,,,,,,,,,
2010,0.700010100140372,0.7,0.796875,0.6724656783044338,1.7760154530405998,0.18042221991345286,0.26175924576818943,1.1090989976091926e-07,0.18042221991345286,0.703913576900959,-0.014221780002117157,1.8383839279413223,1.8526057079434395,512,,,,,,,,,,,
2011,0.700010100140372,0.7,0.72265625,0.5706586949527264,1.4982130825519562,0.1748321345075965,0.23105561919510365,1.0515136399943393e-07,0.1748321345075965,0.7134716585278511,0.169819425791502,1.2675523720681667,1.0977329462766647,512,,,,,,,,,,,
2012,0.700010100140372,0.7,0.94921875,0.5633174255490303,1.4603248909115791,0.2391909807920456,0.24669752921909094,9.954617666758648e-08,0.2391909807920456,0.7079223319888115,0.1552990898489952,2.543287843465805,2.38798875361681,512,,,,,,,,,,,
2013,0.700010100140372,0.7,0.640625,0.36587707325816154,0.9522693678736687,0.12214965466409922,0.15644899383187294,9.409435499254104e-08,0.12214965466409922,0.7309277057647705,0.2804102972149849,1.352131001651287,1.0717207044363022,512,,,,,,,,,,,
2014,0.700010100140372,0.7,0.61328125,0.7260662280023098,1.9015039429068565,0.10935417376458645,0.29869667813181877,8.879591573010548e-08,0.10935417376458645,0.741518534719944,0.13068052753806114,1.296362567692995,1.165682040154934,512,,,,,,,,,,,
2015,0.700010100140372,0.7,0.7578125,0.6125979907810688,1.5991985723376274,0.21567363291978836,0.25715890899300575,8.36508751646703e-08,0.21567363291978836,0.6925854459404945,0.09429805725812912,1.6697034910321236,1.5754054337739944,512,,,,,,,,,,,
2016,0.7000101031679096,0.7,0.8046875,0.49463971704244614,1.3068442642688751,0.23708724044263363,0.1920639043673873,7.865924910916977e-08,0.23708724044263363,0.7024413868784904,0.24945592880249023,1.9456759467720985,1.6962200179696083,512,0.0003795167722273618,0.0003795167722273618,0.02,11,0.7000101031679096,11,0,11,11,11,0
2017,0.7000101031679096,0.7,0.69921875,0.6575390100479126,1.692822888493538,0.15586402267217636,0.29971950128674507,7.382105290503205e-08,0.15586402267217636,0.7237231284379959,0.12561747059226036,1.4171164743602276,1.2914990037679672,512,,,,,,,,,,,
2018,0.7000101031679096,0.7,0.80859375,0.46164487674832344,1.2058976590633392,0.1988925989717245,0.19302615616470575,6.913630142211802e-08,0.1988925989717245,0.7077758759260178,0.1554870903491974,1.8317897394299507,1.6763026490807533,512,,,,,,,,,,,
2019,0.7000101031679096,0.7,0.71875,0.4786217398941517,1.253213882446289,0.1875168327242136,0.19715499877929688,6.46050090586936e-08,0.1875168327242136,0.725451648235321,0.2610182724893093,2.194456100463867,1.9334378279745579,512,,,,,,,,,,,
2020,0.7000101031679096,0.7,0.70703125,0.5242454931139946,1.3720642402768135,0.18507948704063892,0.21655841264873743,6.022718974137975e-08,0.18507948704063892,0.7192968651652336,0.2639010101556778,1.7061028704047203,1.4422018602490425,512,,,,,,,,,,,
2021,0.7000101031679096,0.7,0.6875,0.669436264783144,1.7627379149198532,0.14210437331348658,0.2658567661419511,5.600285692510809e-08,0.14210437331348658,0.7203759476542473,0.12590067461133003,0.8854612372815609,0.7595605626702309,512,,,,,,,,,,,
2022,0.7000101031679096,0.7,0.59765625,0.4189205691218376,1.101844735443592,0.13705169782042503,0.16761146485805511,5.193202359308202e-08,0.13705169782042503,0.729172371327877,0.13246071338653564,0.9117674231529236,0.7793067097663879,512,,,,,,,,,,,
2023,0.7000101031679096,0.7,0.72265625,0.600575614720583,1.5650996789336205,0.17387307435274124,0.2548263259232044,4.801470225672122e-08,0.17387307435274124,0.7193554565310478,0.25609084963798523,1.7888481467962265,1.5327572971582413,512,,,,,,,,,,,
2024,0.7000101048192937,0.7,0.80859375,0.5896962285041809,1.5549516454339027,0.22797345789149404,0.23200659081339836,4.4250904955656095e-08,0.22797345789149404,0.6925878673791885,0.359896644949913,1.855653554201126,1.495756909251213,512,0.0005008047446608543,0.0005008047446608543,0.02,6,0.7000101048192937,6,0,6,6,6,0
2025,0.7000101048192937,0.7,0.84765625,0.8144677765667439,2.1179620027542114,0.18740393035113811,0.35012207366526127,4.06406432576556e-08,0.18740393035113811,0.7133471295237541,0.15864281728863716,1.0485806167125702,0.889937799423933,512,,,,,,,,,,,
2026,0.7000101048192937,0.7,0.76171875,0.6475126855075359,1.6985960900783539,0.1426453860476613,0.26356343552470207,3.718392825862171e-08,0.1426453860476613,0.7236083820462227,0.14465907216072083,0.9110152646899223,0.7663561925292015,512,,,,,,,,,,,
2027,0.7000101048192937,0.7,0.68359375,0.5830008499324322,1.5380339920520782,0.17104778997600079,0.22863515093922615,3.388077058252281e-08,0.17104778997600079,0.7244018539786339,0.22031410783529282,1.4069026485085487,1.186588540673256,512,,,,,,,,,,,
2028,0.7000101048192937,0.7,0.68359375,0.3139340281486511,0.813544400036335,0.15845220303162932,0.13777080457657576,3.073118038139921e-08,0.15845220303162932,0.7185180559754372,0.18193389847874641,1.2543167062103748,1.0723828077316284,512,,,,,,,,,,,
2029,0.7000101048192937,0.7,0.7265625,0.7164490558207035,1.8799458295106888,0.19561567809432745,0.2911118036136031,2.7735167335302125e-08,0.19561567809432745,0.6885375902056694,0.25927113369107246,1.2920338474214077,1.0327627137303352,512,,,,,,,,,,,
2030,0.7000101048192937,0.7,1.546875,0.6757572330534458,1.7251557633280754,0.25467404443770647,0.3225933834910393,2.4892740652265877e-08,0.25467404443770647,0.7003857269883156,-0.1620187982916832,2.043502926826477,2.2055217251181602,512,,,,,,,,,,,
2031,0.7000101048192937,0.7,0.64453125,0.5994583964347839,1.5793460980057716,0.16498607909306884,0.2371944524347782,2.2203909068302387e-08,0.16498607909306884,0.7104614153504372,0.13570169359445572,1.5402428358793259,1.4045411422848701,512,,,,,,,,,,,
2032,0.7000101061954471,0.7,0.63671875,0.3378125634044409,0.8737418577075005,0.17661907523870468,0.14993253722786903,1.9668680847356735e-08,0.17661907523870468,0.7206908911466599,0.2308100461959839,1.587604820728302,1.3567947745323181,512,0.000348999397829175,0.000348999397829175,0.02,5,0.7000101061954471,5,0,5,5,5,0
2033,0.7000101061954471,0.7,0.6328125,0.4982866980135441,1.3105087578296661,0.1616697534918785,0.19945087749511003,1.728706378126832e-08,0.1616697534918785,0.7154882699251175,0.1464414894580841,1.1316616833209991,0.985220193862915,512,,,,,,,,,,,
2034,0.7000101061954471,0.7,0.578125,0.3710213899612427,0.9632411524653435,0.11797655560076237,0.16106604039669037,1.5059065189787503e-08,0.11797655560076237,0.7376171723008156,0.1450420692563057,1.1223410367965698,0.9772989675402641,512,,,,,,,,,,,
2035,0.7000101061954471,0.7,0.6796875,0.6678083762526512,1.7425258234143257,0.14205685630440712,0.2811358869075775,1.2984691920514547e-08,0.14205685630440712,0.7354199066758156,0.1526809185743332,1.7736469730734825,1.6209660544991493,512,,,,,,,,,,,
2036,0.7000101061954471,0.7,0.6015625,0.5226418785750866,1.3695118352770805,0.12560253497213125,0.2142513394355774,1.1063950348888518e-08,0.12560253497213125,0.7252563312649727,0.1317918673157692,0.7788678482174873,0.6470759809017181,512,,,,,,,,,,,
2037,0.7000101061954471,0.7,0.6171875,0.6442064195871353,1.6754696741700172,0.1440858542919159,0.27667091973125935,9.296846378181734e-09,0.1440858542919159,0.7317358180880547,0.18018338829278946,1.85970364138484,1.6795202530920506,512,,,,,,,,,,,
2038,0.7000101061954471,0.7,0.64453125,0.43167850002646446,1.1098864898085594,0.14290025644004345,0.19823011476546526,7.68338543946645e-09,0.14290025644004345,0.7114868015050888,0.17349054291844368,0.9506626725196838,0.7771721296012402,512,,,,,,,,,,,
2039,0.7000101061954471,0.7,0.6875,0.7386435456573963,1.9472100883722305,0.14598412532359362,0.29110355116426945,6.223572491614871e-09,0.14598412532359362,0.735461413860321,0.13227199763059616,1.2270364612340927,1.0947644636034966,512,,,,,,,,,,,
2040,0.7000101064706777,0.7,0.75390625,0.5473636798560619,1.4208194762468338,0.16837404761463404,0.2378582712262869,4.917412021249179e-09,0.16837404761463404,0.7132934406399727,0.22884811088442802,1.765917468816042,1.537069357931614,512,0,0,0.02,1,0.7000101064706777,1,0,1,1,1,0
2041,0.7000101064706777,0.7,0.64453125,0.34711167588829994,0.8929565697908401,0.1529329977929592,0.15889694169163704,3.764908042774851e-09,0.1529329977929592,0.726433090865612,0.11812594532966614,1.2420009449124336,1.1238749995827675,512,,,,,,,,,,,
2042,0.7000101064706777,0.7,0.734375,0.5694068260490894,1.4831169545650482,0.13895375607535243,0.24235819280147552,2.7660640983251383e-09,0.13895375607535243,0.7071411088109016,0.17414705082774162,0.7856247946619987,0.6114777438342571,512,,,,,,,,,,,
2043,0.7000101064706777,0.7,0.6875,0.5357294119894505,1.3990360349416733,0.13196543417870998,0.2243863381445408,1.9208832577943814e-09,0.13196543417870998,0.7091674730181694,0.16464285552501678,0.8548536524176598,0.690210796892643,512,,,,,,,,,,,
2044,0.7000101064706777,0.7,0.62109375,0.577122051268816,1.498371496796608,0.1272482518106699,0.2504831161350012,1.22936811877139e-09,0.1272482518106699,0.728198230266571,0.18833854049444199,1.0817210748791695,0.8933825343847275,512,,,,,,,,,,,
2045,0.7000101064706777,0.7,0.64453125,0.6467932164669037,1.6832689344882965,0.1299759796820581,0.2767104245722294,6.915208065894075e-10,0.1299759796820581,0.7299633547663689,0.16076435148715973,0.8797367848455906,0.7189724333584309,512,,,,,,,,,,,
2046,0.7000101064706777,0.7,0.63671875,0.6495865620672703,1.7130629196763039,0.12351463176310062,0.25538111850619316,3.073429742872502e-10,0.12351463176310062,0.7188134640455246,0.2131948545575142,1.8387978933751583,1.6256030388176441,512,,,,,,,,,,,
2047,0.7000101064706777,0.7,0.78515625,0.6298260800540447,1.6610845550894737,0.17570446338504553,0.2474792916327715,7.683580260930968e-11,0.17570446338504553,0.6981909200549126,0.2979665584862232,1.4897219240665436,1.1917553655803204,512,,,,,,,,,,,
2048,0.7000101067459085,0.7,0.73046875,0.5117581188678741,1.341955989599228,0.1425715433433652,0.20882611349225044,0,0.1425715433433652,0.7142065390944481,0.18609414994716644,0.9599703140556812,0.7738761641085148,512,0,0,0.02,1,0.7000101067459085,1,0,1,1,1,0
