step,train/sparsity,train/target_sparsity,train/grad_norm,train/loss,train/ntp_loss,train/onpolicy_kd_loss,train/aux_loss,train/lr,onpolicy/kl_loss,onpolicy/overlap_ratio_top100,onpolicy/entropy_gap,onpolicy/student_entropy,onpolicy/teacher_entropy,onpolicy/gen_tokens,pgd/kl_at_full_pgd,pgd/kl_at_k_actual,pgd/kl_budget,pgd/k_actual,pgd/post_sparsity,pgd/prunings,pgd/revivals,pgd/turnover,pgd/net_growth,pgd/n_prune_cand,pgd/n_revive_cand
1,0,0.0013662975971344914,2.578125,0.5461880639195442,1.6551152765750885,0,0,3.90625e-07,0,1,0,1.6382315084338188,1.6382315084338188,512,,,,,,,,,,,
2,0,0.0027308161611910853,1.9609375,0.3582522701472044,1.0856129005551338,0,0,7.8125e-07,0,1,0,0.663851872086525,0.663851872086525,512,,,,,,,,,,,
3,0,0.0040935568511486055,2.171875,0.4083922430872917,1.2372352257370949,0.00033762484417820815,0.00031698954990133643,1.1718750000000001e-06,0.00033762484417820815,0.9900878891348839,0.0006336010992527008,0.5511242635548115,0.5504906624555588,512,,,,,,,,,,,
4,0,0.005454520825986419,1.9609375,0.33093232475221157,1.0025313049554825,0.00037439853986143135,0.00029387043468886986,1.5625e-06,0.00037439853986143135,0.9878124743700027,0.0008483082056045532,0.8064631223678589,0.8056148141622543,512,,,,,,,,,,,
5,0,0.006813709244684052,2.078125,0.3476004935801029,1.0530124083161354,0.00037161644286243245,0.0003223654530302156,1.953125e-06,0.00037161644286243245,0.9897704869508743,0.004684995859861374,1.2875203900039196,1.2828353941440582,512,,,,,,,,,,,
6,0,0.008171123266220092,1.9296875,0.30670157074928284,0.9290721341967583,0.00043705563075491227,0.0003265385748818517,2.3437500000000002e-06,0.00043705563075491227,0.9895385578274727,0.00588507205247879,0.9649823941290379,0.9590973220765591,512,,,,,,,,,,,
7,0,0.009526764049574065,2.234375,0.41948262974619865,1.270687609910965,0.00046061569446465,0.00047177596206893213,2.734375e-06,0.00046061569446465,0.9889233261346817,0.024216897785663605,1.6943237334489822,1.6701068356633186,512,,,,,,,,,,,
8,1.8715686440295815e-08,0.010880632753725493,1.953125,0.49543791450560093,1.500780612230301,0.0008130398673529271,0.0005463319939735811,3.125e-06,0.0008130398673529271,0.9860058352351189,0.05082789808511734,1.9550103768706322,1.9041824787855148,512,3.7523295879364014,0,0.02,63,1.8715686440295815e-08,68,0,68,68,2543358532.0,0
9,1.8715686440295815e-08,0.012232730537652968,1.6953125,0.4112080857157707,1.2451696321368217,0.000562390803679591,0.0009154144863714464,3.5156250000000003e-06,0.000562390803679591,0.9875805601477623,0.030692465603351593,1.0217399187386036,0.991047453135252,512,,,,,,,,,,,
10,1.8715686440295815e-08,0.013583058560336014,1.625,0.3667588550597429,1.1097602769732475,0.0006943349617358763,0.0016301531723001972,3.90625e-06,0.0006943349617358763,0.9865282773971558,0.029459290206432343,0.6998095214366913,0.6703502312302589,512,,,,,,,,,,,
11,1.8715686440295815e-08,0.014931617980753997,1.7578125,0.4842386730015278,1.4652193635702133,0.0011241683532716706,0.002170465813833289,4.296875e-06,0.0011241683532716706,0.9830663800239563,0.06512598693370819,1.247984953224659,1.1828589662909508,512,,,,,,,,,,,
12,1.8715686440295815e-08,0.01627840995788574,1.703125,0.5420884191989899,1.639924205839634,0.001541968020319473,0.002767936632153578,4.6875000000000004e-06,0.001541968020319473,0.983815886080265,0.07897308096289635,1.1450428999960423,1.066069819033146,512,,,,,,,,,,,
13,1.8715686440295815e-08,0.017623435650710617,1.171875,0.4503943808376789,1.3605683520436287,0.0026447490527061746,0.004263020935468376,5.078125000000001e-06,0.0026447490527061746,0.9750659018754959,0.10001743584871292,1.4467654377222061,1.3467480018734932,512,,,,,,,,,,,
14,1.8715686440295815e-08,0.018966696218208144,1.125,0.47983764857053757,1.446879804134369,0.004115623887628317,0.007173642865382135,5.46875e-06,0.004115623887628317,0.9774462506175041,0.16285574808716774,1.6815192736685276,1.5186635255813599,512,,,,,,,,,,,
15,1.8715686440295815e-08,0.02030819281935692,1.03125,0.45372840017080307,1.3649081215262413,0.00305730001127813,0.010026347590610385,5.859375e-06,0.00305730001127813,0.9732568114995956,0.10173575580120087,1.3176241889595985,1.2158884331583977,512,,,,,,,,,,,
16,1.1111062670510913e-06,0.021647926613136536,9.625,0.4140450023114681,1.2412487789988518,0.007122153649106622,0.013433005311526358,6.25e-06,0.007122153649106622,0.9664892330765724,0.16294042766094208,1.5849213674664497,1.4219809398055077,512,2.6678926944732666,0,0.02,3969,1.1111062670510913e-06,3969,0,3969,3969,2543354312.0,0
17,1.1111062670510913e-06,0.022985898758526288,1.1875,0.33942269533872604,1.014455795288086,0.006997354605118744,0.014097765437327325,6.6406250000000005e-06,0.006997354605118744,0.9676244929432869,0.19745225459337234,1.457770198583603,1.2603179439902306,512,,,,,,,,,,,
18,1.1111062670510913e-06,0.024322110414505004,1.125,0.5373688191175461,1.6102486625313759,0.004017564584501088,0.018141631386242807,7.031250000000001e-06,0.004017564584501088,0.9652929380536079,0.05501466430723667,0.7788310926407576,0.7238164283335209,512,,,,,,,,,,,
19,1.1111062670510913e-06,0.025656562740052125,1.0078125,0.4174389373511076,1.2469066828489304,0.005264521692879498,0.018059756373986602,7.421875e-06,0.005264521692879498,0.9610570967197418,0.09654455073177814,0.6994027104228735,0.6028581596910954,512,,,,,,,,,,,
20,1.1111062670510913e-06,0.026989256894147017,1.0546875,0.4858681336045265,1.45245024189353,0.008460373268462718,0.019877383019775152,7.8125e-06,0.008460373268462718,0.9602807387709618,0.17043671011924744,1.3244140148162842,1.1539773046970367,512,,,,,,,,,,,
21,1.1111062670510913e-06,0.028320194035768506,0.84375,0.4362295474857092,1.3027081564068794,0.006288132397457957,0.019199502072297037,8.203125000000001e-06,0.006288132397457957,0.9554076939821243,0.06137104704976082,1.4218991734087467,1.360528126358986,512,,,,,,,,,,,
22,1.1111062670510913e-06,0.029649375323895964,1.046875,0.3792690746486187,1.1288104504346848,0.007829147099982947,0.020489726099185646,8.59375e-06,0.007829147099982947,0.9563696011900902,0.20044765062630177,1.859895396977663,1.6594477463513613,512,,,,,,,,,,,
23,1.1111062670510913e-06,0.03097680191750883,0.74609375,0.45464396849274635,1.3589613288640976,0.005667986581102014,0.018747595720924437,8.984375e-06,0.005667986581102014,0.9527319148182869,0.029862210154533386,0.6491971984505653,0.619334988296032,512,,,,,,,,,,,
24,6.993171284553121e-05,0.032302474975585936,0.7421875,0.3758364412933588,1.1191967874765396,0.006753347115591168,0.019701441167853773,9.375000000000001e-06,0.006753347115591168,0.9513329938054085,-0.009583372622728348,0.6492838151752949,0.6588671877980232,512,3.051204204559326,0.0007229127222672105,0.02,250047,6.993171284553121e-05,250047,0,250047,250047,2543341115.0,0
25,6.993171284553121e-05,0.03362639565710664,0.859375,0.3177613243460655,0.9434043020009995,0.010105108085554093,0.01950874284375459,9.765625e-06,0.010105108085554093,0.9472363144159317,-0.020838864147663116,0.85337233543396,0.8742111995816231,512,,,,,,,,,,,
26,6.993171284553121e-05,0.03494856512105032,0.84375,0.47262921556830406,1.4094120413064957,0.009163963550236076,0.02279762481339276,1.0156250000000001e-05,0.009163963550236076,0.9408813342452049,0.03370803967118263,1.4135290756821632,1.3798210360109806,512,,,,,,,,,,,
27,6.993171284553121e-05,0.03626898452639579,0.8828125,0.38058130256831646,1.1279020011425018,0.011129993363283575,0.02537464606575668,1.0546875e-05,0.011129993363283575,0.9400219693779945,0.014263398945331573,0.805155523121357,0.7908921241760254,512,,,,,,,,,,,
28,6.993171284553121e-05,0.03758765503212251,0.75,0.5337573625147343,1.59354817122221,0.010212612221948802,0.02389830758329481,1.09375e-05,0.010212612221948802,0.9344750791788101,0.01712784171104431,0.704017885029316,0.6868900433182716,512,,,,,,,,,,,
29,6.993171284553121e-05,0.038904577797209836,0.498046875,0.45797780342400074,1.3579564914107323,0.009338600153569132,0.029854986118152738,1.1328125000000001e-05,0.009338600153569132,0.937253400683403,0.018694523721933365,1.186491634696722,1.1677971109747887,512,,,,,,,,,,,
30,6.993171284553121e-05,0.0402197539806366,0.53125,0.4574226140975952,1.3539628237485886,0.009513010270893574,0.03216629242524505,1.171875e-05,0.009513010270893574,0.9361181631684303,0.03001582622528076,1.0855418741703033,1.0555260479450226,512,,,,,,,,,,,
31,6.993171284553121e-05,0.04153318474138215,0.484375,0.40390569157898426,1.1932310536503792,0.010212714958470315,0.030725556192919612,1.2109375000000001e-05,0.010212714958470315,0.9345092624425888,0.03898511081933975,1.1710699126124382,1.1320848017930984,512,,,,,,,,,,,
32,0.047321904720510066,0.04284487123842596,0.7109375,0.49605291709303856,1.4669402986764908,0.013520080654416233,0.03625029418617487,1.25e-05,0.013520080654416233,0.9350878745317459,0.08745535463094711,0.8132049851119518,0.7257496304810047,512,2.698899507522583,0.0007845181389711797,0.02,15752961.0,0.047321904720510066,15752953.0,0,15752953.0,15752953.0,2387143720.0,0
33,0.047321904720510066,0.04415481463074684,0.5703125,0.35445511154830456,1.039154663681984,0.009699739632196724,0.034951686626300216,1.2890625e-05,0.009699739632196724,0.9263061359524727,0.010204194113612175,0.9652241915464401,0.955019997432828,512,,,,,,,,,,,
34,0.047321904720510066,0.045463016077324156,0.59375,0.3916526008397341,1.150149255990982,0.011430121783632785,0.03667675028555095,1.3281250000000001e-05,0.011430121783632785,0.9338183403015137,0.04293319582939148,1.325955267995596,1.2830220721662045,512,,,,,,,,,,,
35,0.047321904720510066,0.04676947673713728,0.55078125,0.6236152350902557,1.8521300107240677,0.009259657061193138,0.03761304379440844,1.3671875e-05,0.009259657061193138,0.9370580911636353,0.04942503571510315,0.8040032219141722,0.754578186199069,512,,,,,,,,,,,
36,0.047321904720510066,0.048074197769165036,0.609375,0.4198432881385088,1.241411380469799,0.010174147668294609,0.030840932857245207,1.4062500000000001e-05,0.010174147668294609,0.9339037835597992,-0.0070749931037425995,0.8362020887434483,0.8432770818471909,512,,,,,,,,,,,
37,0.047321904720510066,0.04937718033238687,1.09375,0.355536837130785,1.0413539931178093,0.01591316401027143,0.03603033232502639,1.4453125e-05,0.01591316401027143,0.9287695065140724,-0.1381344310939312,1.9399656616151333,2.0781000927090645,512,,,,,,,,,,,
38,0.047321904720510066,0.050678425585782144,0.50390625,0.5091448351740837,1.5044796541333199,0.010179181408602744,0.038383411476388574,1.484375e-05,0.010179181408602744,0.9326733350753784,-0.012057919055223465,0.5102028250694275,0.522260744124651,512,,,,,,,,,,,
39,0.047321904720510066,0.051977934688329695,0.482421875,0.2986460905522108,0.8736510574817657,0.009775704063940793,0.03133705700747669,1.5234375000000001e-05,0.009775704063940793,0.9353881627321243,-0.011604174971580505,0.5399367101490498,0.5515408851206303,512,,,,,,,,,,,
40,0.181728559551817,0.05327570879900888,0.53125,0.40271067433059216,1.1844846457242966,0.011732229497283697,0.035850698594003916,1.5625e-05,0.011732229497283697,0.9381737932562828,-0.046552568674087524,1.2008921056985855,1.247444674372673,512,3.0193490982055664,0.012919008731842041,0.02,488341791.0,0.181728559551817,488341828.0,0,488341828.0,488341828.0,2371405818.0,0
41,0.181728559551817,0.054571749076799146,0.66015625,0.4885103330016136,1.4523112028837204,0.01612289878539741,0.02802307461388409,1.6015625e-05,0.01612289878539741,0.9294018447399139,-0.006975144147872925,1.6603719964623451,1.667347140610218,512,,,,,,,,,,,
42,0.181728559551817,0.055866056680679316,0.79296875,0.2975955009460449,0.8764791190624237,0.017225526040419936,0.025325396796688437,1.6406250000000002e-05,0.017225526040419936,0.9354882687330246,0.11757172644138336,0.9957391768693924,0.878167450428009,512,,,,,,,,,,,
43,0.181728559551817,0.057158632769628764,0.7734375,0.42433921433985233,1.2550749704241753,0.014126314781606197,0.03080139704979956,1.6796875e-05,0.014126314781606197,0.9321655184030533,0.13207785785198212,1.4235116094350815,1.2914337515830994,512,,,,,,,,,,,
44,0.181728559551817,0.058449478502626856,1.25,0.50099778175354,1.482638530433178,0.01117773074656725,0.035536523442715406,1.71875e-05,0.01117773074656725,0.927006833255291,0.0671158991754055,1.2449634484946728,1.1778475493192673,512,,,,,,,,,,,
45,0.181728559551817,0.05973859503865241,0.55859375,0.3299501780420542,0.9720731154084206,0.00797527184477076,0.027775882510468364,1.7578125000000002e-05,0.00797527184477076,0.9362475723028183,-0.0063642896711826324,0.5052601285278797,0.5116244181990623,512,,,,,,,,,,,
46,0.181728559551817,0.06102598353668489,0.74609375,0.2728853113949299,0.802681926637888,0.011880893900524825,0.02424321207217872,1.796875e-05,0.011880893900524825,0.9343359097838402,0.042315222322940826,1.619961503893137,1.5776462815701962,512,,,,,,,,,,,
47,0.181728559551817,0.062311645155703636,0.5390625,0.4394666217267513,1.2995967343449593,0.012116445635911077,0.032120273215696216,1.8359375e-05,0.012116445635911077,0.9336865022778511,0.058953989297151566,1.4734702669084072,1.4145162776112556,512,,,,,,,,,,,
48,0.25313208911670065,0.0635955810546875,0.65234375,0.4208298996090889,1.237667292356491,0.013050732901319861,0.037574798334389925,1.8750000000000002e-05,0.013050732901319861,0.9207397326827049,0.07926689833402634,1.34331626445055,1.2640493661165237,512,2.0465731620788574,0.01852426677942276,0.02,259431576.0,0.25313208911670065,259431575.0,0,259431575.0,259431575.0,1883110864.0,0
49,0.25313208911670065,0.06487779239261583,0.953125,0.3054427709430456,0.8958341032266617,0.01697873033117503,0.02975000231526792,1.9140625e-05,0.01697873033117503,0.9178466647863388,-0.06285783275961876,1.0330337472259998,1.0958915799856186,512,,,,,,,,,,,
50,0.25313208911670065,0.06615828032846807,0.515625,0.5135052911937237,1.5163259953260422,0.0130615463713184,0.03975056693889201,1.953125e-05,0.0130615463713184,0.9225048944354057,0.04412224516272545,1.3574333377182484,1.313311092555523,512,,,,,,,,,,,
51,0.25313208911670065,0.06743704602122307,0.51171875,0.5633468721061945,1.6648811027407646,0.01234880171250552,0.04223055182956159,1.9921875e-05,0.01234880171250552,0.9237426593899727,0.0021435320377349854,0.8047006912529469,0.8025571592152119,512,,,,,,,,,,,
52,0.25313208911670065,0.06871409062986017,0.43359375,0.2724504992365837,0.7947622537612915,0.014783380436711013,0.030845301691442728,2.0312500000000002e-05,0.014783380436711013,0.9253320097923279,0.04730831831693649,1.3367334231734276,1.289425104856491,512,,,,,,,,,,,
53,0.25313208911670065,0.06998941531335874,0.6953125,0.46217549033463,1.358608178794384,0.019471751584205776,0.04192354762926698,2.0703125e-05,0.019471751584205776,0.8924975469708443,0.028548091650009155,1.961681567132473,1.9331334754824638,448.125,,,,,,,,,,,
54,0.25313208911670065,0.07126302123069762,0.57421875,0.5360698960721493,1.5821691378951073,0.013563304208219051,0.04228504188358784,2.109375e-05,0.013563304208219051,0.9228466674685478,0.01228150725364685,1.5277794413268566,1.5154979340732098,512,,,,,,,,,,,
55,0.25313208911670065,0.07253490954085626,0.51953125,0.4290501233190298,1.2629918903112411,0.01761322538368404,0.03715991950593889,2.1484375000000002e-05,0.01761322538368404,0.9225585758686066,0.04625051096081734,0.8890165202319622,0.8427660092711449,512,,,,,,,,,,,
56,0.30445338850585585,0.073805081402814,0.416015625,0.36952544935047626,1.0819969102740288,0.009786934067960829,0.03777711815200746,2.1875e-05,0.009786934067960829,0.9190868884325027,0.026342321187257767,0.576044162735343,0.5497018415480852,512,1.969889521598816,0.019693296402692795,0.02,186466445.0,0.30445338850585585,186466490.0,0,186466490.0,186466490.0,1623616934.0,0
57,0.30445338850585585,0.07507353797554969,0.63671875,0.4771006554365158,1.3971781134605408,0.020586233586072922,0.04858138645067811,2.2265625e-05,0.020586233586072922,0.9058740064501762,0.040603676810860634,0.970508648082614,0.9299049712717533,512,,,,,,,,,,,
58,0.30445338850585585,0.0763402804180427,0.58203125,0.45415072701871395,1.3236730173230171,0.021698384662158787,0.05254127224907279,2.2656250000000002e-05,0.021698384662158787,0.9044262543320656,0.05194191262125969,1.0278256386518478,0.9758837260305882,512,,,,,,,,,,,
59,0.30445338850585585,0.07760530988927244,0.439453125,0.4225878082215786,1.2360877320170403,0.0180005868896842,0.04448135499842465,2.3046875e-05,0.0180005868896842,0.9030663967132568,0.03577464446425438,1.0315229073166847,0.9957482628524303,512,,,,,,,,,,,
60,0.30445338850585585,0.07886862754821777,0.5546875,0.45524509623646736,1.3322837501764297,0.016733637428842485,0.04724682355299592,2.34375e-05,0.016733637428842485,0.9045092612504959,-0.009679745882749557,0.733028095215559,0.7427078410983086,512,,,,,,,,,,,
61,0.30445338850585585,0.08013023455385804,0.5078125,0.4816148206591606,1.407424807548523,0.015445623197592795,0.05201397789642215,2.3828125e-05,0.015445623197592795,0.9065038859844208,-0.00469406321644783,0.587237011641264,0.5919310748577118,512,,,,,,,,,,,
62,0.30445338850585585,0.08139013206517264,1.625,0.42501578852534294,1.2382487133145332,0.027102545835077763,0.04967786883935332,2.4218750000000003e-05,0.027102545835077763,0.8940991088747978,0.06779593974351883,1.6342806965112686,1.5664847567677498,512,,,,,,,,,,,
63,0.30445338850585585,0.08264832124114035,0.671875,0.39532073959708214,1.154067374765873,0.02345076436176896,0.043874211609363556,2.4609375e-05,0.02345076436176896,0.8985937312245369,-0.015885666012763977,1.3399816863238811,1.3558673523366451,512,,,,,,,,,,,
64,0.3365291667018962,0.08390480324074068,0.5625,0.44872966036200523,1.310911864042282,0.020474935183301568,0.04887490952387452,2.5e-05,0.020474935183301568,0.9016308411955833,-0.012952230870723724,1.4314466789364815,1.4443989098072052,512,1.8355292081832886,0.018373973667621613,0.02,116541527.0,0.3365291667018962,116541429.0,0,116541429.0,116541429.0,1437151237.0,0
65,0.3365291667018962,0.08515957922295293,0.72265625,0.340437488630414,0.9854383021593094,0.028798303799703717,0.04619039362296462,2.5390625000000002e-05,0.028798303799703717,0.8917626887559891,0.09183652326464653,1.2839069478213787,1.1920704245567322,512,,,,,,,,,,,
66,0.3365291667018962,0.08641265034675598,0.703125,0.43247854709625244,1.2556771785020828,0.0188516725320369,0.05486383521929383,2.578125e-05,0.0188516725320369,0.8893212825059891,0.10241814702749252,0.8302007578313351,0.7277826108038425,512,,,,,,,,,,,
67,0.3365291667018962,0.08766401777112916,0.87890625,0.4105772692710161,1.1834434196352959,0.022442733170464635,0.06073008244857192,2.6171875e-05,0.022442733170464635,0.8957934528589249,0.055204033851623535,1.000385545194149,0.9451815113425255,512,,,,,,,,,,,
68,0.3365291667018962,0.08891368265505194,0.48046875,0.4435897767543793,1.2850963100790977,0.016721733671147376,0.05911511508747935,2.6562500000000002e-05,0.016721733671147376,0.895766593515873,0.010846540331840515,0.9480018429458141,0.9371553026139736,512,,,,,,,,,,,
69,0.3365291667018962,0.09016164615750312,0.625,0.5764362439513206,1.6656439900398254,0.019758559996262193,0.08113244501873851,2.6953125000000003e-05,0.019758559996262193,0.8974731341004372,0.05820811539888382,0.6700538396835327,0.6118457242846489,512,,,,,,,,,,,
70,0.3365291667018962,0.09140790943746209,0.55078125,0.40167749486863613,1.164790615439415,0.021171864005737007,0.05241387616842985,2.734375e-05,0.021171864005737007,0.8925561457872391,0.04003310948610306,0.7712713964283466,0.7312382869422436,512,,,,,,,,,,,
71,0.3365291667018962,0.09265247365390822,0.75,0.5430974215269089,1.5867025256156921,0.025258655194193125,0.059047174639999866,2.7734375e-05,0.025258655194193125,0.8940014317631721,-0.03581396862864494,0.9984756819903851,1.03428965061903,512,,,,,,,,,,,
72,0.3686049421456297,0.09389533996582031,0.64453125,0.5223121419548988,1.5139693096280098,0.02490591909736395,0.06879471708089113,2.8125000000000003e-05,0.02490591909736395,0.8877246081829071,0.06368394941091537,1.1332694366574287,1.0695854872465134,512,1.7441757917404175,0.019552219659090042,0.02,116541527.0,0.3686049421456297,116541423.0,0,116541423.0,116541423.0,1320622468.0,0
73,0.3686049421456297,0.09513650953217782,0.78515625,0.5477682165801525,1.5825911536812782,0.032042406499385834,0.07731246296316385,2.8515625e-05,0.032042406499385834,0.8763036876916885,-0.06265575438737869,1.0645922534167767,1.1272480078041553,512,,,,,,,,,,,
74,0.3686049421456297,0.09637598351196013,0.65625,0.4403398148715496,1.2758379429578781,0.028060408076271415,0.05852507706731558,2.890625e-05,0.028060408076271415,0.8825317248702049,0.07118390128016472,0.9960553050041199,0.9248714037239552,512,,,,,,,,,,,
75,0.3686049421456297,0.09761376306414604,0.65625,0.5949215423315763,1.7096963301301003,0.030263387598097324,0.09309611795470119,2.9296875000000002e-05,0.030263387598097324,0.8790429756045341,0.08145692199468613,1.355015218257904,1.273558296263218,512,,,,,,,,,,,
76,0.3686049421456297,0.09884984934771493,0.84765625,0.36762614734470844,1.0590353608131409,0.03696913900785148,0.054983234498649836,2.96875e-05,0.03696913900785148,0.8713696077466011,0.008865822106599808,1.6660698093473911,1.6572039872407913,512,,,,,,,,,,,
77,0.3686049421456297,0.10008424352164624,0.60546875,0.44155822321772575,1.2788984030485153,0.03162269457243383,0.05915675824508071,3.0078125e-05,0.03162269457243383,0.8791357353329659,-0.007447410374879837,0.887447576969862,0.8948949873447418,512,,,,,,,,,,,
78,0.3686049421456297,0.10131694674491881,0.55078125,0.553423997014761,1.6032322719693184,0.026919836993329227,0.07381005631759763,3.0468750000000002e-05,0.026919836993329227,0.882280245423317,0.03517837077379227,0.7408103793859482,0.7056320086121559,512,,,,,,,,,,,
79,0.3686049421456297,0.102547960176512,0.671875,0.44906746223568916,1.3015095368027687,0.03751264768652618,0.05930090602487326,3.0859375e-05,0.03751264768652618,0.8665942177176476,0.026545904576778412,1.4422708749771118,1.4157249704003334,512,,,,,,,,,,,
80,0.3936642004125906,0.10377728497540517,0.6796875,0.3752928841859102,1.0779883116483688,0.028521677711978555,0.05926281260326505,3.125e-05,0.028521677711978555,0.885546863079071,0.0994124561548233,0.9975333772599697,0.8981209211051464,512,1.7651222944259644,0.01779838278889656,0.02,91048067.0,0.3936642004125906,91048200.0,0,91048200.0,91048200.0,1204076632.0,0
81,0.3936642004125906,0.10500492230057716,0.74609375,0.25717223063111305,0.7322219535708427,0.034837807063013315,0.047087814193218946,3.1640625e-05,0.034837807063013315,0.8624243140220642,0.12748808041214943,0.7990946397185326,0.6716065593063831,512,,,,,,,,,,,
82,0.3936642004125906,0.10623087331100739,0.6875,0.3568778485059738,1.0159294456243515,0.030854824697598815,0.0655185510404408,3.203125e-05,0.030854824697598815,0.8639379590749741,0.07762457802891731,0.6653413735330105,0.5877167955040932,512,,,,,,,,,,,
83,0.3936642004125906,0.10745513916567526,0.5703125,0.4811615627259016,1.3904067352414131,0.0358909631613642,0.06765854777768254,3.2421875e-05,0.0358909631613642,0.8679638579487801,0.068760447204113,1.1139121614396572,1.0451517142355442,512,,,,,,,,,,,
84,0.3936642004125906,0.10867772102355956,0.5859375,0.3765033110976219,1.087151825428009,0.03333011013455689,0.053767279256135225,3.2812500000000005e-05,0.03333011013455689,0.8648266419768333,0.10226799547672272,1.2304618656635284,1.1281938701868057,512,,,,,,,,,,,
85,0.3936642004125906,0.10989862004363969,3.046875,0.5486180279403925,1.5962680503726006,0.12132475466933101,0.0662107802927494,3.3203125e-05,0.12132475466933101,0.8577465638518333,0.7049867361783981,1.6175279505550861,0.912541214376688,512,,,,,,,,,,,
86,0.3936642004125906,0.11111783738489507,2.90625,0.5086887963116169,1.4767307713627815,0.024026806000620127,0.06475038919597864,3.359375e-05,0.024026806000620127,0.8581200987100601,0.08598979748785496,0.8872167114168406,0.8012269139289856,512,,,,,,,,,,,
87,0.3936642004125906,0.11233537420630454,1.59375,0.41442639008164406,1.19460728764534,0.04060041764751077,0.06123021570965648,3.3984375000000004e-05,0.04060041764751077,0.8684814274311066,-0.14613008126616478,1.0259434804320335,1.1720735616981983,512,,,,,,,,,,,
88,0.4249882110441574,0.11355123166684747,1.6328125,0.47589823976159096,1.3702401146292686,0.04379091365262866,0.07187572121620178,3.4375e-05,0.04379091365262866,0.8636254593729973,-0.14264489337801933,0.8089897036552429,0.9516345970332623,512,1.7543078660964966,0.01962987706065178,0.02,113810083.0,0.4249882110441574,113810035.0,11,113810046.0,113810024.0,1113022042.0,11
89,0.4249882110441574,0.11476541092550321,1.4453125,0.40268298611044884,1.1435214132070541,0.051680234959349036,0.07673004409298301,3.4765625e-05,0.051680234959349036,0.8486791625618935,0.11774266511201859,1.035057496279478,0.9173148311674595,512,,,,,,,,,,,
90,0.4249882110441574,0.1159779131412506,1.0625,0.4008074179291725,1.1299864798784256,0.056214964017271996,0.08458141889423132,3.5156250000000004e-05,0.056214964017271996,0.8470214605331421,-0.0020102187991142273,0.7281072251498699,0.7301174439489841,512,,,,,,,,,,,
91,0.4249882110441574,0.11718873947306908,1,0.3134221136569977,0.877285785973072,0.03835990373045206,0.07247814442962408,3.5546875e-05,0.03835990373045206,0.8575146123766899,0.050889793783426285,0.6346210949122906,0.5837313011288643,512,,,,,,,,,,,
92,0.4249882110441574,0.11839789107993802,2.546875,0.4556026980280876,1.2957564741373062,0.13309164973907173,0.08485773298889399,3.59375e-05,0.13309164973907173,0.824355460703373,0.38151388615369797,1.5755836851894855,1.1940697990357876,512,,,,,,,,,,,
93,0.4249882110441574,0.11960536912083625,0.90625,0.39743079431355,1.1332597136497498,0.03613384533673525,0.07107595168054104,3.6328125000000004e-05,0.03613384533673525,0.8569726198911667,0.06787242740392685,0.6626524180173874,0.5947799906134605,512,,,,,,,,,,,
94,0.4249882110441574,0.12081117475474312,0.75,0.5652852728962898,1.607468694448471,0.051496683387085795,0.1055169184692204,3.671875e-05,0.051496683387085795,0.8480566143989563,0.10195383429527283,0.8757360838353634,0.7737822495400906,512,,,,,,,,,,,
95,0.4249882110441574,0.1220153091406381,1.7890625,0.4215689357370138,1.1979961916804314,0.05636112694628537,0.07948538474738598,3.7109375e-05,0.05636112694628537,0.841918908059597,-0.2157198116183281,1.176897443830967,1.392617255449295,512,,,,,,,,,,,
96,0.45631220929034344,0.1232177734375,1.2109375,0.39473647624254227,1.1229421868920326,0.07090796600095928,0.07322892174124718,3.7500000000000003e-05,0.07090796600095928,0.8043847307562828,0.11993934027850628,2.242656260728836,2.12271692045033,448.125,1.5417604446411133,0.01806964911520481,0.02,113810083.0,0.45631220929034344,113809986.0,12,113809998.0,113809974.0,999210069.0,12
97,0.45631220929034344,0.12441856880430817,1.34375,0.37515108473598957,1.0498150438070297,0.0696112709119916,0.08700636308640242,3.7890625e-05,0.0696112709119916,0.8242236077785492,0.2499166913330555,1.2833813279867172,1.0334646366536617,512,,,,,,,,,,,
98,0.45631220929034344,0.12561769640004203,1.1015625,0.46670598164200783,1.3206694051623344,0.04922696412540972,0.09359107632189989,3.828125e-05,0.04922696412540972,0.8321069031953812,0.21524788066744804,0.9099988378584385,0.6947509571909904,512,,,,,,,,,,,
99,0.45631220929034344,0.12681515738368035,0.92578125,0.41616435907781124,1.171944074332714,0.08556554187089205,0.08915999438613653,3.8671875e-05,0.08556554187089205,0.779772937297821,0.04660433530807495,2.9264372140169144,2.8798328787088394,448.125,,,,,,,,,,,
100,0.45631220929034344,0.12801095291420259,1.046875,0.25566545873880386,0.7235153764486313,0.06304029794409871,0.05122838728129864,3.90625e-05,0.06304029794409871,0.8295483067631721,0.12144781649112701,1.458874151110649,1.337426334619522,512,,,,,,,,,,,
101,0.45631220929034344,0.12920508415058812,0.87109375,0.33318523317575455,0.9399284943938255,0.05269741266965866,0.0697236848063767,3.9453125000000005e-05,0.05269741266965866,0.8389574885368347,0.0036603063344955444,0.6929358504712582,0.6892755441367626,512,,,,,,,,,,,
102,0.45631220929034344,0.1303975522518158,0.80859375,0.5324892029166222,1.520110160112381,0.04860616289079189,0.09349342482164502,3.984375e-05,0.04860616289079189,0.8413134515285492,0.0664358139038086,1.004833810031414,0.9383979961276054,512,,,,,,,,,,,
103,0.45631220929034344,0.13158835837686494,1.453125,0.7020327150821686,1.990459568798542,0.0753022397402674,0.13691228348761797,4.0234375e-05,0.0753022397402674,0.8263647258281708,-0.14013446681201458,1.4191124457865953,1.55924691259861,512,,,,,,,,,,,
104,0.4846995999114682,0.13277750368471503,1.2890625,0.45333193615078926,1.2714261785149574,0.06581399356946349,0.1023069228976965,4.0625000000000005e-05,0.06581399356946349,0.8391162008047104,0.11669620126485825,1.6151646003127098,1.4984683990478516,512,1.1372979879379272,0.019390679895877838,0.02,103140387.0,0.4846995999114682,103140363.0,7,103140370.0,103140356.0,885409062.0,7
105,0.4846995999114682,0.13396498933434486,1.671875,0.38956964015960693,1.071535363793373,0.0659936610609293,0.10897862445563078,4.1015625e-05,0.0659936610609293,0.8136962577700615,0.14703066274523735,0.82382757589221,0.6767969131469727,512,,,,,,,,,,,
106,0.4846995999114682,0.13515081648473382,1.03125,0.5007073692977428,1.3882968202233315,0.07525272481143475,0.12899814546108246,4.140625e-05,0.07525272481143475,0.8212695047259331,0.11841290444135666,1.679175816476345,1.5607629120349884,512,,,,,,,,,,,
107,0.4846995999114682,0.13633498629486127,0.7734375,0.4184863120317459,1.1659818291664124,0.06504664104431868,0.10215844167396426,4.1796875000000005e-05,0.06504664104431868,0.821957990527153,0.04375706985592842,1.0511378720402718,1.0073808021843433,512,,,,,,,,,,,
108,0.4846995999114682,0.13751749992370604,2.515625,0.4547799676656723,1.2807345762848854,0.10110459150746465,0.09738648124039173,4.21875e-05,0.10110459150746465,0.800173319876194,0.21346666663885117,1.3553736843168736,1.1419070176780224,512,,,,,,,,,,,
109,0.4846995999114682,0.1386983585302476,1.5546875,0.4823222681879997,1.3577062711119652,0.07498012855648994,0.10387629270553589,4.2578125e-05,0.07498012855648994,0.8206933215260506,-0.018892036750912666,0.840473398566246,0.8593654353171587,512,,,,,,,,,,,
110,0.4846995999114682,0.13987756327346523,1.40625,0.4770650137215853,1.3466802090406418,0.059068352449685335,0.0989712867885828,4.2968750000000004e-05,0.059068352449685335,0.8160839602351189,0.05868513695895672,0.9560280907899141,0.8973429538309574,512,,,,,,,,,,,
111,0.4846995999114682,0.14105511531233786,0.85546875,0.42283354699611664,1.1902510821819305,0.06037676986306906,0.09106268780305982,4.3359375e-05,0.06037676986306906,0.81367427110672,0.02491386979818344,0.9462789259850979,0.9213650561869144,512,,,,,,,,,,,
112,0.50865144825945,0.1422310158058448,0.87890625,0.5118245165795088,1.4203196465969086,0.08647475391626358,0.13066369807347655,4.375e-05,0.08647475391626358,0.8186279013752937,0.1761899646371603,1.4214172326028347,1.2452272679656744,512,1.0194348096847534,0.019943105056881905,0.02,87024701.0,0.50865144825945,87024648.0,18,87024666.0,87024630.0,782274648.0,18
113,0.50865144825945,0.1434052659129655,1.7578125,0.5152612440288067,1.4167511686682701,0.09910356160253286,0.14464650955051184,4.4140625000000004e-05,0.09910356160253286,0.7986767292022705,0.30713409185409546,1.1801352091133595,0.873001117259264,512,,,,,,,,,,,
114,0.50865144825945,0.1445778667926788,1.7734375,0.4682859927415848,1.2969507351517677,0.11269441293552518,0.12209768034517765,4.453125e-05,0.11269441293552518,0.7989037707448006,0.334897194057703,2.600467048585415,2.265569854527712,512,,,,,,,,,,,
115,0.50865144825945,0.14574881960396407,1.3671875,0.5534712336957455,1.5213423073291779,0.0886559640057385,0.15584318526089191,4.4921875e-05,0.0886559640057385,0.7932958751916885,0.289237417280674,1.6359910070896149,1.3467535898089409,512,,,,,,,,,,,
116,0.50865144825945,0.1469181255058007,1.6484375,0.3741290085017681,1.0489120483398438,0.10053233383223414,0.0848121801391244,4.5312500000000004e-05,0.10053233383223414,0.749929167330265,0.03252260014414787,2.046884909272194,2.014362309128046,448.125,,,,,,,,,,,
117,0.50865144825945,0.14808578565716743,1.5390625,0.4119584783911705,1.1584704741835594,0.06365924933925271,0.08988848933950067,4.5703125e-05,0.06365924933925271,0.8133153989911079,0.0251004658639431,0.6433119885623455,0.6182115226984024,512,,,,,,,,,,,
118,0.50865144825945,0.14925180121704376,1.1796875,0.5252581536769867,1.475735418498516,0.06855359161272645,0.11595588736236095,4.609375e-05,0.06855359161272645,0.8078319951891899,0.021072447299957275,1.1423571407794952,1.121284693479538,512,,,,,,,,,,,
119,0.50865144825945,0.15041617334440907,0.7265625,0.4241972751915455,1.1810230910778046,0.06406482122838497,0.10442313738167286,4.6484375e-05,0.06406482122838497,0.808947741985321,0.04559110850095749,0.6749939695000648,0.6294028609991074,512,,,,,,,,,,,
120,0.529609314944665,0.1515789031982422,1.0546875,0.35343180038034916,0.971136748790741,0.08442138321697712,0.09986865241080523,4.6875e-05,0.08442138321697712,0.8008886501193047,0.06857369840145111,1.1906558014452457,1.1220821030437946,512,1.0017483234405518,0.01921689696609974,0.02,76146613.0,0.529609314944665,76146563.0,14,76146577.0,76146549.0,695244401.0,14
121,0.529609314944665,0.15273999193752244,1.078125,0.625607218593359,1.7301319316029549,0.09799979627132416,0.1656474769115448,4.7265625000000005e-05,0.09799979627132416,0.745324682444334,0.1156030222773552,2.1900585368275642,2.074455514550209,448.125,,,,,,,,,,,
122,0.529609314944665,0.1538994407212293,1.734375,0.4851114936172962,1.3158712163567543,0.11005141120404005,0.15416355710476637,4.765625e-05,0.11005141120404005,0.7772558405995369,0.2423921935260296,1.849006548523903,1.6066143549978733,512,,,,,,,,,,,
123,0.529609314944665,0.1550572507083416,0.91015625,0.42733269929885864,1.177794724702835,0.08492908719927073,0.11715277843177319,4.8046875e-05,0.08492908719927073,0.7910302504897118,0.024157024919986725,1.2960446327924728,1.2718876078724861,512,,,,,,,,,,,
124,0.529609314944665,0.15621342305783867,0.94140625,0.5528144277632236,1.5284941345453262,0.10366850951686502,0.14670101460069418,4.8437500000000005e-05,0.10366850951686502,0.7866161838173866,0.13364186882972717,1.474563591182232,1.3409217223525047,512,,,,,,,,,,,
125,0.529609314944665,0.15736795892869992,1.125,0.5032953638583422,1.404151625931263,0.09198333974927664,0.12098578736186028,4.8828125e-05,0.09198333974927664,0.7591772302985191,0.1256156787276268,2.192948717623949,2.0673330388963223,448.125,,,,,,,,,,,
126,0.529609314944665,0.15852085947990416,1.40625,0.40400672517716885,1.1230845898389816,0.07103646593168378,0.10117814224213362,4.921875e-05,0.07103646593168378,0.7971215546131134,0.07128991186618805,0.630802571773529,0.559512659907341,512,,,,,,,,,,,
127,0.529609314944665,0.15967212587043084,0.90234375,0.5576715655624866,1.5457298681139946,0.08040050277486444,0.14418391697108746,4.9609375000000005e-05,0.08040050277486444,0.7915502563118935,0.10975917056202888,0.9572419263422489,0.84748275578022,512,,,,,,,,,,,
128,0.545982653960521,0.16082175925925932,0.76953125,0.509094625711441,1.4036633148789406,0.08089876268059015,0.1390476208180189,5e-05,0.08089876268059015,0.7913915738463402,0.13488496840000153,0.7476557306945324,0.6127707622945309,512,0.869530975818634,0.018399972468614578,0.02,59489540.0,0.545982653960521,59489525.0,14,59489539.0,59489511.0,619095315.0,14
129,0.545982653960521,0.1619697608053684,1.4609375,0.4050779715180397,1.0899940803647041,0.10495256027206779,0.13751487713307142,5.0390625e-05,0.10495256027206779,0.7875854298472404,0.22586456313729286,0.9588610045611858,0.732996441423893,512,,,,,,,,,,,
130,0.545982653960521,0.1631161316677375,1.359375,0.4218309298157692,1.1414517313241959,0.11084696976467967,0.13682376127690077,5.0781250000000004e-05,0.11084696976467967,0.7914037704467773,0.26065903529524803,1.732469316571951,1.4718102812767029,512,,,,,,,,,,,
131,0.545982653960521,0.16426087300534603,0.9296875,0.4297269657254219,1.1755801066756248,0.09656789666041732,0.12662275601178408,5.1171875e-05,0.09656789666041732,0.780458964407444,0.15454181656241417,1.192554835230112,1.038013018667698,512,,,,,,,,,,,
132,0.545982653960521,0.16540398597717285,16.625,0.5498419739305973,1.5050491392612457,0.3569090133532882,0.16113859973847866,5.15625e-05,0.3569090133532882,0.7706273943185806,-0.555723425000906,1.5753430090844631,2.131066434085369,512,,,,,,,,,,,
133,0.545982653960521,0.16654547174219728,18.625,0.549704235047102,1.5120128020644188,0.10313505679368973,0.1537575125694275,5.1953125000000004e-05,0.10313505679368973,0.7813745066523552,0.036973901093006134,0.7306843474507332,0.693710446357727,512,,,,,,,,,,,
134,0.545982653960521,0.1676853314593987,1.9609375,0.648848183453083,1.7609129026532173,0.12082162639126182,0.20529361441731453,5.234375e-05,0.12082162639126182,0.7839111089706421,-0.08543526753783226,0.6983706839382648,0.7838059514760971,512,,,,,,,,,,,
135,0.545982653960521,0.16882356628775597,5.09375,0.49089188501238823,1.3438935354351997,0.22958148643374443,0.1436575511470437,5.2734375e-05,0.22958148643374443,0.7249755598604679,0.31358492374420166,1.8089718669652939,1.4953869432210922,448.125,,,,,,,,,,,
136,0.5572393048549283,0.16996017738624847,0.98828125,0.4729593899101019,1.2918744459748268,0.08801114186644554,0.14133580215275288,5.3125000000000004e-05,0.08801114186644554,0.7909081652760506,0.0021846145391464233,0.8628744557499886,0.8606898412108421,512,0.7413042783737183,0.01890712045133114,0.02,40899058.0,0.5572393048549283,40899023.0,55,40899078.0,40898968.0,559613095.0,55
137,0.5572393048549283,0.17109516591385565,1.109375,0.5631405971944332,1.5324889570474625,0.12502821302041411,0.17399764619767666,5.3515625e-05,0.12502821302041411,0.7713427543640137,0.16007934510707855,1.100273210555315,0.9401938654482365,512,,,,,,,,,,,
138,0.5572393048549283,0.17222853302955626,1.0703125,0.3792645297944546,1.0207512229681015,0.09426008677110076,0.1285352036356926,5.3906250000000006e-05,0.09426008677110076,0.7769628763198853,0.17113670706748962,0.882439948618412,0.7113032415509224,512,,,,,,,,,,,
139,0.5572393048549283,0.17336027989232972,1.375,0.39231809601187706,1.0512986853718758,0.11251163389533758,0.13754395674914122,5.4296875000000004e-05,0.11251163389533758,0.7402172535657883,0.18262482434511185,2.4671945981681347,2.284569773823023,448.125,,,,,,,,,,,
140,0.5572393048549283,0.17449040766115545,1.203125,0.5550052188336849,1.513470284640789,0.10995630780234933,0.168363643810153,5.46875e-05,0.10995630780234933,0.7664648443460464,0.11178338900208473,1.1100348494946957,0.9982514604926109,512,,,,,,,,,,,
141,0.5572393048549283,0.17561891749501227,0.90625,0.4531586095690727,1.237783931195736,0.10318318707868457,0.1354239247739315,5.5078125000000006e-05,0.10318318707868457,0.7811547666788101,0.01671813428401947,1.2724431529641151,1.2557250186800957,512,,,,,,,,,,,
142,0.5572393048549283,0.17674581055287958,1,0.5133047513663769,1.4203973338007927,0.08586209919303656,0.13507156539708376,5.546875e-05,0.08586209919303656,0.7864428386092186,0.02013690397143364,1.1657063364982605,1.1455694325268269,512,,,,,,,,,,,
143,0.5572393048549283,0.1778710879937367,0.90625,0.3355481009930372,0.9103369563817978,0.10654321312904358,0.10647545382380486,5.5859375e-05,0.10654321312904358,0.7531249895691872,0.08036059141159058,2.1990130618214607,2.11865247040987,448.125,,,,,,,,,,,
144,0.5699030434414422,0.17899475097656248,0.80859375,0.4549249894917011,1.238406777381897,0.10868421802297235,0.14015375450253487,5.6250000000000005e-05,0.10868421802297235,0.7799120843410492,0.16349415853619576,1.8593480736017227,1.695853915065527,512,0.6683416962623596,0.01938578486442566,0.02,46011440.0,0.5699030434414422,46011409.0,47,46011456.0,46011362.0,518696474.0,47
145,0.5699030434414422,0.1801168006603364,0.87890625,0.4850114695727825,1.3104696944355965,0.11710668401792645,0.15926195168867707,5.6640625e-05,0.11710668401792645,0.763322725892067,0.22448084503412247,2.0745049603283405,1.850024115294218,512,,,,,,,,,,,
146,0.5699030434414422,0.18123723820403775,1.6015625,0.48050836101174355,1.2956809625029564,0.1347077814862132,0.16040491871535778,5.703125e-05,0.1347077814862132,0.7633666917681694,0.5471367165446281,2.3711290135979652,1.823992297053337,512,,,,,,,,,,,
147,0.5699030434414422,0.18235606476664543,0.859375,0.6097494028508663,1.6706859543919563,0.1105050751939416,0.1770394602790475,5.7421875000000005e-05,0.1105050751939416,0.7724413797259331,0.11488762870430946,0.7746390625834465,0.659751433879137,512,,,,,,,,,,,
148,0.5699030434414422,0.18347328150713876,1.234375,0.4362262263894081,1.1768799051642418,0.15776317659765482,0.14501769375056028,5.78125e-05,0.15776317659765482,0.7637153416872025,0.06704585999250412,1.196697637438774,1.12965177744627,511.625,,,,,,,,,,,
149,0.5699030434414422,0.1845888895844972,1.265625,0.34696323797106743,0.9430199339985847,0.1412717867642641,0.10838375426828861,5.8203125e-05,0.1412717867642641,0.774055153131485,0.34677600488066673,1.6555486433207989,1.3087726384401321,512,,,,,,,,,,,
150,0.5699030434414422,0.18570289015769958,0.9296875,0.5018017701804638,1.3759786114096642,0.09481739345937967,0.1446327781304717,5.8593750000000005e-05,0.09481739345937967,0.7820629477500916,0.03083396703004837,0.5855012647807598,0.5546672977507114,512,,,,,,,,,,,
151,0.5699030434414422,0.18681528438572526,1.09375,0.588090855628252,1.623768299818039,0.13790654856711626,0.1583251478150487,5.8984375e-05,0.13790654856711626,0.7382250726222992,0.1349158212542534,2.29017224162817,2.1552564203739166,448.125,,,,,,,,,,,
152,0.5794008447666361,0.1879260734275536,0.765625,0.5744894593954086,1.5787129923701286,0.11220553237944841,0.16216407157480717,5.9375e-05,0.11220553237944841,0.7819530963897705,0.06615361198782921,1.390435740351677,1.3242821283638477,512,0.6636503338813782,0.019805897027254105,0.02,34508580.0,0.5794008447666361,34508547.0,35,34508582.0,34508512.0,472696389.0,35
153,0.5794008447666361,0.18903525844216346,1.5390625,0.3607643209397793,0.9436324313282967,0.11060910997912288,0.14959273301064968,5.9765625000000004e-05,0.11060910997912288,0.7683715596795082,0.15076475217938423,1.0041015520691872,0.8533367998898029,512,,,,,,,,,,,
154,0.5794008447666361,0.19014284058853426,1.3671875,0.43218037486076355,1.1470541581511497,0.12500318512320518,0.16258329059928656,6.015625e-05,0.12500318512320518,0.7713354304432869,0.03856396675109863,1.2029598951339722,1.1643959283828735,512,,,,,,,,,,,
155,0.5794008447666361,0.19124882102564533,0.921875,0.46498912386596203,1.2639005184173584,0.1030706511810422,0.14515736047178507,6.0546875e-05,0.1030706511810422,0.7706420719623566,-4.622712731361389e-05,0.9165066257119179,0.9165528528392315,512,,,,,,,,,,,
156,0.5794008447666361,0.19235320091247557,1.4453125,0.5630986839532852,1.5367568284273148,0.10622175317257643,0.1696027247235179,6.0937500000000004e-05,0.10622175317257643,0.7766772285103798,-0.08589953184127808,2.072679102420807,2.158578634262085,512,,,,,,,,,,,
157,0.5794008447666361,0.1934559814080043,1.0078125,0.49939053505659103,1.360932633280754,0.09980156598612666,0.15237196907401085,6.132812500000001e-05,0.09980156598612666,0.7694946080446243,0.09011678770184517,0.749212734401226,0.6590959466993809,512,,,,,,,,,,,
158,0.5794008447666361,0.19455716367121098,0.92578125,0.39485064521431923,1.0703247636556625,0.152288431301713,0.12619232386350632,6.171875e-05,0.152288431301713,0.7591161802411079,0.34813519567251205,1.6257830709218979,1.2776478752493858,512,,,,,,,,,,,
159,0.5794008447666361,0.19565674886107443,0.83203125,0.48141084611415863,1.306969702243805,0.08750136382877827,0.15185097139328718,6.2109375e-05,0.08750136382877827,0.7721459791064262,0.11647400259971619,0.6770002245903015,0.5605262219905853,512,,,,,,,,,,,
160,0.5972092607836703,0.19675473813657401,0.9609375,0.3816744964569807,1.0182647481560707,0.10138552822172642,0.13832457549870014,6.25e-05,0.10138552822172642,0.7630395293235779,0.161745835095644,1.5462886914610863,1.3845428563654423,512,0.30070632696151733,0.019874388352036476,0.02,64703587.0,0.5972092607836703,64703642.0,42,64703684.0,64703600.0,438183954.0,42
161,0.5972092607836703,0.19785113265668913,1.2890625,0.5864067673683167,1.5769813731312752,0.16399606317281723,0.20000873692333698,6.2890625e-05,0.16399606317281723,0.7651659846305847,0.4380151778459549,1.992529608309269,1.554514430463314,512,,,,,,,,,,,
162,0.5972092607836703,0.19894593358039855,1.0390625,0.5509356111288071,1.4901213124394417,0.13740598410367966,0.17938045877963305,6.328125e-05,0.13740598410367966,0.7491161823272705,0.13923032581806183,1.607119470834732,1.4678891450166702,512,,,,,,,,,,,
163,0.5972092607836703,0.20003914206668175,1.2265625,0.5187524575740099,1.3925180733203888,0.13102215807884932,0.17945901211351156,6.367187500000001e-05,0.13102215807884932,0.7565234079957008,-0.06483574211597443,1.2066991478204727,1.2715348899364471,512,,,,,,,,,,,
164,0.5972092607836703,0.2011307592745181,0.8671875,0.4532306306064129,1.2041485458612442,0.10539563186466694,0.16927760373800993,6.40625e-05,0.10539563186466694,0.7492553442716599,0.1730533502995968,0.9527465663850307,0.779693216085434,512,,,,,,,,,,,
165,0.5972092607836703,0.20222078636288643,2.8125,0.34789127111434937,0.9255346208810806,0.14036495704203844,0.1286813160404563,6.4453125e-05,0.14036495704203844,0.7415405064821243,0.26245517656207085,1.1658543571829796,0.9033991806209087,512,,,,,,,,,,,
166,0.5972092607836703,0.20330922449076608,0.84765625,0.5803912617266178,1.5565246641635895,0.12260424345731735,0.20223666448146105,6.484375e-05,0.12260424345731735,0.7586449906229973,0.1846361681818962,1.4078863486647606,1.2232501804828644,512,,,,,,,,,,,
167,0.5972092607836703,0.2043960748171365,1.8984375,0.3551585879176855,0.9397160187363625,0.12315375823527575,0.13652206771075726,6.5234375e-05,0.12315375823527575,0.7272533923387527,0.42057915776968,1.185748152434826,0.7651689946651459,512,,,,,,,,,,,
168,0.61724369907792,0.20548133850097655,0.80859375,0.6179203279316425,1.6631083562970161,0.13658788334578276,0.20937743596732616,6.562500000000001e-05,0.13658788334578276,0.7500658929347992,0.19115151464939117,1.3548870459198952,1.163735531270504,512,0.23422600328922272,0.019441664218902588,0.02,72791535.0,0.61724369907792,72791494.0,52,72791546.0,72791442.0,373485023.0,52
169,0.61724369907792,0.20656501670126556,0.96875,0.7672934234142303,2.064534902572632,0.1813152153044939,0.26059657894074917,6.601562500000001e-05,0.1813152153044939,0.7427368089556694,0.11351832002401352,1.3056938126683235,1.19217549264431,512,,,,,,,,,,,
170,0.61724369907792,0.20764711057698293,0.875,0.5566375777125359,1.4870084077119827,0.1616711411625147,0.19977207109332085,6.640625e-05,0.1616711411625147,0.7475756704807281,0.14574243128299713,1.4292790666222572,1.28353663533926,512,,,,,,,,,,,
171,0.61724369907792,0.20872762128710745,0.98046875,0.48061903938651085,1.2821869552135468,0.1397514883428812,0.17423431482166052,6.6796875e-05,0.1397514883428812,0.7489794716238976,0.06643738597631454,1.3795758187770844,1.3131384328007698,512,,,,,,,,,,,
172,0.61724369907792,0.2098065499906186,0.97265625,0.5561581738293171,1.482164479792118,0.12655445374548435,0.2031633025035262,6.71875e-05,0.12655445374548435,0.7420385628938675,0.09864671155810356,0.557389609515667,0.4587428979575634,512,,,,,,,,,,,
173,0.61724369907792,0.21088389784649572,1.046875,0.6498114876449108,1.7503130584955215,0.15090291760861874,0.21881256066262722,6.7578125e-05,0.15090291760861874,0.7509789764881134,0.09344352036714554,0.9716359227895737,0.8781924024224281,512,,,,,,,,,,,
174,0.61724369907792,0.21195966601371763,0.828125,0.5502549726516008,1.470035307109356,0.13323815073817968,0.19740389939397573,6.796875000000001e-05,0.13323815073817968,0.7379345372319221,0.14167629927396774,0.6427713893353939,0.5010950900614262,512,,,,,,,,,,,
175,0.61724369907792,0.21303385565126373,0.94140625,0.8159831427037716,2.201074056327343,0.14305570255964994,0.27160196378827095,6.8359375e-05,0.14305570255964994,0.7278979122638702,0.23045872151851654,0.9599356576800346,0.7294769361615181,512,,,,,,,,,,,
176,0.632895627097478,0.21410646791811344,1.0078125,0.5185134615749121,1.3625986501574516,0.13348021637648344,0.20865420158952475,6.875e-05,0.13348021637648344,0.7418823167681694,0.2975637838244438,1.7644477523863316,1.4668839685618877,512,0.18805475533008575,0.019397612661123276,0.02,56868386.0,0.632895627097478,56868442.0,44,56868486.0,56868398.0,300698981.0,44
177,0.632895627097478,0.21517750397324562,2.140625,0.44562356173992157,1.168409090489149,0.2182604791596532,0.18196528777480125,6.9140625e-05,0.2182604791596532,0.6917724460363388,0.12382160499691963,1.1922683119773865,1.0684467069804668,512,,,,,,,,,,,
178,0.632895627097478,0.21624696497563958,1.03125,0.5114092379808426,1.3357039093971252,0.163806464523077,0.21402099542319775,6.953125e-05,0.163806464523077,0.7313159108161926,0.20134560018777847,0.9314337745308876,0.7300881743431091,512,,,,,,,,,,,
179,0.632895627097478,0.21731485208427473,1.125,0.4697393663227558,1.2446672022342682,0.13186854496598244,0.17878535855561495,6.9921875e-05,0.13186854496598244,0.7386498749256134,0.08737758547067642,0.65659199655056,0.5692144110798836,512,,,,,,,,,,,
180,0.632895627097478,0.21838116645812988,0.95703125,0.5652913488447666,1.4983170703053474,0.1768318135291338,0.21468692924827337,7.031250000000001e-05,0.1768318135291338,0.7294213771820068,0.43333251029253006,1.7802621871232986,1.3469296768307686,512,,,,,,,,,,,
181,0.632895627097478,0.21944590925618446,0.9453125,0.5656632073223591,1.5026083290576935,0.14619974792003632,0.2115225400775671,7.0703125e-05,0.14619974792003632,0.7415820211172104,0.14260879531502724,0.831941518932581,0.6893327236175537,512,,,,,,,,,,,
182,0.632895627097478,0.22050908163741786,0.9609375,0.5114151053130627,1.3530347868800163,0.14702259935438633,0.1967078996822238,7.109375e-05,0.14702259935438633,0.7295727431774139,0.19095458835363388,1.5208163261413574,1.3298617377877235,512,,,,,,,,,,,
183,0.632895627097478,0.22157068476080893,0.7890625,0.718235082924366,1.9165118411183357,0.13238141033798456,0.2599580157548189,7.1484375e-05,0.13238141033798456,0.7432397231459618,0.21728550642728806,1.0782116204500198,0.8609261140227318,512,,,,,,,,,,,
184,0.6461019193971312,0.222630719785337,0.87890625,0.5376100279390812,1.4007623940706253,0.16663977410644293,0.22835884615778923,7.1875e-05,0.16663977410644293,0.7213110327720642,0.2238910123705864,1.2595638185739517,1.0356728062033653,512,0.13502830266952515,0.019791889935731888,0.02,47982700.0,0.6461019193971312,47982697.0,66,47982763.0,47982631.0,243836438.0,66
185,0.6461019193971312,0.22368918786998152,1.4140625,0.5600092932581902,1.4511080011725426,0.21449128538370132,0.2458897829055786,7.226562500000001e-05,0.21449128538370132,0.7204809412360191,-0.017700806260108948,1.4793475344777107,1.4970483407378197,512,,,,,,,,,,,
186,0.6461019193971312,0.2247460901737213,1.078125,0.6937626786530018,1.8024907112121582,0.1970505816861987,0.2998203858733177,7.265625000000001e-05,0.1970505816861987,0.7080493047833443,0.10817255824804306,0.9377706497907639,0.8295980915427208,512,,,,,,,,,,,
187,0.6461019193971312,0.22580142785553572,0.97265625,0.4140492379665375,1.0689677596092224,0.14835582207888365,0.18572685681283474,7.3046875e-05,0.14835582207888365,0.706423319876194,0.0023318342864513397,0.8425415344536304,0.8402097001671791,512,,,,,,,,,,,
188,0.6461019193971312,0.22685520207440418,0.9296875,0.671220451593399,1.765103667974472,0.17450593970716,0.26889760233461857,7.34375e-05,0.17450593970716,0.726328119635582,0.026739452034235,1.4476832710206509,1.4209438189864159,512,,,,,,,,,,,
189,0.6461019193971312,0.22790741398930547,0.90625,0.5538269951939583,1.4129991009831429,0.15320937242358923,0.26526441238820553,7.3828125e-05,0.15320937242358923,0.7175243943929672,0.179399274289608,0.8133098185062408,0.6339105442166328,512,,,,,,,,,,,
190,0.6461019193971312,0.22895806475921907,0.96875,0.6535007320344448,1.7512368187308311,0.14720213040709496,0.22906838357448578,7.421875e-05,0.14720213040709496,0.7227441221475601,0.0700056254863739,1.4455779641866684,1.3755723387002945,512,,,,,,,,,,,
191,0.6461019193971312,0.2300071555431243,0.90234375,0.6977716982364655,1.836672991514206,0.16057594120502472,0.27778658270835876,7.460937500000001e-05,0.16057594120502472,0.7120043784379959,0.21183503046631813,0.8635057881474495,0.6516707576811314,512,,,,,,,,,,,
192,0.6580700886713994,0.2310546875,0.91015625,0.6518170014023781,1.7366172522306442,0.15535743720829487,0.2385857291519642,7.500000000000001e-05,0.15535743720829487,0.7189599499106407,0.24308282136917114,1.9924651011824608,1.7493822798132896,512,0.10413272678852081,0.018726618960499763,0.02,43484321.0,0.6580700886713994,43484211.0,72,43484283.0,43484139.0,195832122.0,72
193,0.6580700886713994,0.23210066178882552,1.21875,0.5615448392927647,1.4402553364634514,0.17006663046777248,0.26139562763273716,7.5390625e-05,0.17006663046777248,0.7227905094623566,0.09239524602890015,0.6428602896630764,0.5504650436341763,512,,,,,,,,,,,
194,0.6580700886713994,0.23314507956858035,1.2109375,0.7799008972942829,2.060564436018467,0.21594885550439358,0.3027714882045984,7.578125e-05,0.21594885550439358,0.7142675742506981,0.27495360746979713,1.8123107552528381,1.537357147783041,512,,,,,,,,,,,
195,0.6580700886713994,0.2341879419982433,1.4140625,0.7373172976076603,1.9487385526299477,0.17367118783295155,0.2855562102049589,7.6171875e-05,0.17367118783295155,0.697988249361515,0.07338304072618484,1.2112617269158363,1.1378786861896515,512,,,,,,,,,,,
196,0.6580700886713994,0.23522925023679375,1.03125,0.5253266990184784,1.3700442984700203,0.18830180540680885,0.22185473330318928,7.65625e-05,0.18830180540680885,0.7090917751193047,0.29669715091586113,1.357209786772728,1.0605126358568668,512,,,,,,,,,,,
197,0.6580700886713994,0.23626900544321103,1.046875,0.4781164415180683,1.2306975275278091,0.22085018642246723,0.21814007312059402,7.695312500000001e-05,0.22085018642246723,0.7118774428963661,0.3864756301045418,2.246268905699253,1.8597932755947113,512,,,,,,,,,,,
198,0.6580700886713994,0.237307208776474,0.875,0.6150495372712612,1.60695880651474,0.1875283857807517,0.256827624514699,7.734375e-05,0.1875283857807517,0.7250292673707008,0.2611689828336239,1.3413341119885445,1.0801651291549206,512,,,,,,,,,,,
199,0.6580700886713994,0.23834386139556205,1.3359375,0.3623960167169571,0.9262789785861969,0.17549311555922031,0.17189073003828526,7.7734375e-05,0.17549311555922031,0.7175097540020943,0.2998378239572048,1.3791828639805317,1.0793450400233269,512,,,,,,,,,,,
200,0.667794260352549,0.2393789644594546,2.1875,0.743711993098259,1.9386908560991287,0.23223603889346123,0.3149817641824484,7.8125e-05,0.23223603889346123,0.6976684480905533,-0.10482879728078842,1.0299279391765594,1.1347567364573479,512,0.0854959711432457,0.01901908591389656,0.02,35331010.0,0.667794260352549,35331049.0,62,35331111.0,35330987.0,152351460.0,62
201,0.667794260352549,0.2404125191271305,1.71875,0.6774990595877171,1.750798024237156,0.16642748191952705,0.30222933553159237,7.8515625e-05,0.16642748191952705,0.7248168811202049,0.0668908841907978,0.7027287445962429,0.6358378604054451,512,,,,,,,,,,,
202,0.667794260352549,0.24144452655756904,1.03125,0.6098543927073479,1.5775067582726479,0.1836631027981639,0.2705367635935545,7.890625000000001e-05,0.1836631027981639,0.6973071172833443,0.16648315638303757,2.0260233357548714,1.8595401793718338,448.125,,,,,,,,,,,
203,0.667794260352549,0.24247498790974972,1.546875,0.8607133626937866,2.2476290240883827,0.22248174622654915,0.3605932183563709,7.929687500000001e-05,0.22248174622654915,0.7138012573122978,0.2769576609134674,1.564654715359211,1.2876970544457436,512,,,,,,,,,,,
204,0.667794260352549,0.24350390434265134,1.6875,0.5210416279733181,1.3165641129016876,0.2257724516093731,0.2623498495668173,7.96875e-05,0.2257724516093731,0.6950537115335464,0.30483686178922653,1.096451573073864,0.7916147112846375,512,,,,,,,,,,,
205,0.667794260352549,0.2445312770152533,0.96484375,0.6613381169736385,1.7189562022686005,0.2380855530500412,0.28509858436882496,8.0078125e-05,0.2380855530500412,0.7155566215515137,0.21603547781705856,1.651902437210083,1.4358669593930244,512,,,,,,,,,,,
206,0.667794260352549,0.24555710708653491,1.1875,0.5399953089654446,1.4133152216672897,0.19454502034932375,0.22303412482142448,8.046875e-05,0.19454502034932375,0.7222143188118935,0.034719109535217285,1.3018277287483215,1.2671086192131042,512,,,,,,,,,,,
207,0.667794260352549,0.24658139571547508,1.171875,0.5273768715560436,1.382997788488865,0.1564447171986103,0.21511391922831535,8.0859375e-05,0.1564447171986103,0.7223950177431107,0.13275758549571037,1.1011136323213577,0.9683560468256474,512,,,,,,,,,,,
208,0.678733976510008,0.24760414406105316,1.1171875,0.47380276396870613,1.2443878576159477,0.23004282638430595,0.1913780253380537,8.125000000000001e-05,0.23004282638430595,0.7096996903419495,0.33385535329580307,2.8878550305962563,2.553999677300453,512,0.058700114488601685,0.018729381263256073,0.02,39747386.0,0.678733976510008,39747502.0,58,39747560.0,39747444.0,117028150.0,58
209,0.678733976510008,0.24862535328224858,1.5,0.5826752185821533,1.4817783832550049,0.24354969710111618,0.28390402160584927,8.164062500000001e-05,0.24354969710111618,0.6958862394094467,0.33085600659251213,1.149093247950077,0.8182372413575649,512,,,,,,,,,,,
210,0.678733976510008,0.24964502453804013,1.2578125,0.5007419586181641,1.2715034261345863,0.20951381884515285,0.24589640088379383,8.203125e-05,0.20951381884515285,0.7075561210513115,0.2116239294409752,1.7728711739182472,1.561247244477272,512,,,,,,,,,,,
211,0.678733976510008,0.2506631589874072,1.0625,0.7754428274929523,2.0439673885703087,0.24631953611969948,0.30585927329957485,8.2421875e-05,0.24631953611969948,0.7035790756344795,0.2122926115989685,1.3434159681200981,1.1311233565211296,512,,,,,,,,,,,
212,0.678733976510008,0.2516797577893293,1.0234375,0.502319049090147,1.3042113482952118,0.17180981673300266,0.2179675605148077,8.28125e-05,0.17180981673300266,0.7122289836406708,0.1767750158905983,0.9203035682439804,0.7435285523533821,512,,,,,,,,,,,
213,0.678733976510008,0.2526948221027851,1.5703125,0.5981906205415726,1.5141834616661072,0.20599752478301525,0.29851535335183144,8.3203125e-05,0.20599752478301525,0.678950197994709,-0.14636348187923431,0.8444348573684692,0.9907983392477036,512,,,,,,,,,,,
214,0.678733976510008,0.2537083530867541,1.2265625,0.5060746073722839,1.2849969565868378,0.22558097541332245,0.24856235645711422,8.359375000000001e-05,0.22558097541332245,0.7067211717367172,0.1461903527379036,1.8018655851483345,1.655675232410431,512,,,,,,,,,,,
215,0.678733976510008,0.2547203519002156,1.4140625,0.4220823608338833,1.0680090636014938,0.23481471464037895,0.21102833934128284,8.398437500000001e-05,0.23481471464037895,0.7077978327870369,0.32188618928194046,1.6349807307124138,1.3130945414304733,512,,,,,,,,,,,
216,0.6916107191495909,0.25573081970214845,1.4609375,0.6906464286148548,1.8050814270973206,0.2065372932702303,0.28778643161058426,8.4375e-05,0.2065372932702303,0.6896655261516571,0.44024980440735817,2.3214543126523495,1.8812045082449913,512,0.03160686045885086,0.019652895629405975,0.02,46785259.0,0.6916107191495909,46785336.0,63,46785399.0,46785273.0,77282712.0,63
217,0.6916107191495909,0.25673975765153206,1.2421875,0.5661729723215103,1.43162751942873,0.2517302092164755,0.284048093482852,8.4765625e-05,0.2517302092164755,0.691030278801918,0.39032619819045067,1.421612948179245,1.0312867499887943,512,,,,,,,,,,,
218,0.6916107191495909,0.25774716690734584,1.2890625,0.45498327910900116,1.1596613302826881,0.21680573001503944,0.21907579898834229,8.515625e-05,0.21680573001503944,0.6788354441523552,0.24690042808651924,1.1846998557448387,0.9377994276583195,512,,,,,,,,,,,
219,0.6916107191495909,0.2587530486285686,1.3359375,0.5826437212526798,1.5030172914266586,0.23577612079679966,0.26256960444152355,8.5546875e-05,0.23577612079679966,0.6483105309307575,0.1707729697227478,2.848956525325775,2.6781835556030273,448.125,,,,,,,,,,,
220,0.6916107191495909,0.2597574039741798,1.3984375,0.6058446131646633,1.5890418961644173,0.237278264015913,0.24685083329677582,8.593750000000001e-05,0.237278264015913,0.6918603405356407,0.7461730279028416,2.5553691536188126,1.809196125715971,512,,,,,,,,,,,
221,0.6916107191495909,0.2607602341031587,0.8828125,0.49324817955493927,1.2448413148522377,0.18122113682329655,0.24985007010400295,8.6328125e-05,0.18122113682329655,0.7020751908421516,0.16492772847414017,1.2693734765052795,1.1044457480311394,512,,,,,,,,,,,
222,0.6916107191495909,0.2617615401744842,1.0234375,0.39128876850008965,0.976489469408989,0.2297204900532961,0.20923404209315777,8.671875e-05,0.2297204900532961,0.6930224522948265,0.18446695059537888,0.9097753688693047,0.7253084182739258,512,,,,,,,,,,,
223,0.6916107191495909,0.26276132334713576,0.91796875,0.7116575054824352,1.8342346921563148,0.22281857673078775,0.32230309024453163,8.7109375e-05,0.22281857673078775,0.6968188509345055,0.18206897377967834,0.879861406981945,0.6977924332022667,512,,,,,,,,,,,
224,0.6992170743956022,0.26375958478009265,0.9765625,0.5514413379132748,1.4211892113089561,0.2291710376739502,0.2498450856655836,8.75e-05,0.2291710376739502,0.7056274265050888,0.26461169123649597,1.479087509214878,1.214475817978382,512,0.021368803456425667,0.01936951093375683,0.02,27636413.0,0.6992170743956022,27636404.0,116,27636520.0,27636288.0,30495353.0,116
225,0.6992170743956022,0.26475632563233376,1.4609375,0.6205082386732101,1.5886579006910324,0.25933791883289814,0.2916700206696987,8.789062500000001e-05,0.25933791883289814,0.6622949093580246,0.2597135230898857,2.531265415251255,2.2715518921613693,448.125,,,,,,,,,,,
226,0.6992170743956022,0.26575154706283843,1.1640625,0.532296746969223,1.3532128408551216,0.1963221626356244,0.2598075345158577,8.828125000000001e-05,0.1963221626356244,0.6812866032123566,0.31038689985871315,0.8996578976511955,0.5892709977924824,512,,,,,,,,,,,
227,0.6992170743956022,0.26674525023058615,1.015625,0.7597597576677799,1.9559011161327362,0.19321541860699654,0.3464010953903198,8.8671875e-05,0.19321541860699654,0.6580346710979939,0.27491559088230133,2.3916583955287933,2.116742804646492,448.125,,,,,,,,,,,
228,0.6992170743956022,0.26773743629455565,1.0625,0.5921641737222672,1.5141614004969597,0.2536104805767536,0.280275397002697,8.90625e-05,0.2536104805767536,0.6983129605650902,0.3580191843211651,1.469116173684597,1.111096989363432,512,,,,,,,,,,,
229,0.6992170743956022,0.26872810641372635,0.9375,0.5154409743845463,1.3096533566713333,0.22272302210330963,0.25228890776634216,8.9453125e-05,0.22272302210330963,0.703483872115612,0.23480425775051117,1.2970145270228386,1.0622102692723274,512,,,,,,,,,,,
230,0.6992170743956022,0.26971726174707766,1.421875,0.635035190731287,1.6319259107112885,0.30084397830069065,0.29242310859262943,8.984375e-05,0.30084397830069065,0.6839111149311066,0.07518691569566727,1.949473187327385,1.8742862716317177,512,,,,,,,,,,,
231,0.6992170743956022,0.27070490345358844,2.984375,0.44404255971312523,1.1269487664103508,0.2575870370492339,0.2186346910893917,9.023437500000001e-05,0.2575870370492339,0.6686108335852623,-0.19824318774044514,0.8545448184013367,1.0527880061417818,512,,,,,,,,,,,
232,0.7000022167079204,0.2716910326922381,0.91015625,0.37300940230488777,0.9207594096660614,0.17538338899612427,0.2095720637589693,9.062500000000001e-05,0.17538338899612427,0.7049755752086639,0.14372338727116585,0.9769335649907589,0.833210177719593,512,0.0028165364637970924,0.0028165364637970924,0.02,2852759.0,0.7000022167079204,2852759.0,89,2852848.0,2852670.0,2852759.0,89
233,0.7000022167079204,0.2726756506220059,0.91015625,0.6226023286581039,1.60633135586977,0.18831446394324303,0.2803422901779413,9.1015625e-05,0.18831446394324303,0.6932250782847404,0.14299268275499344,1.012734293937683,0.8697416111826897,512,,,,,,,,,,,
234,0.7000022167079204,0.2736587584018707,0.92578125,0.46703772991895676,1.1805138364434242,0.23776052705943584,0.2347519602626562,9.140625e-05,0.23776052705943584,0.6800878718495369,0.28743351995944977,1.4270462170243263,1.1396126970648766,512,,,,,,,,,,,
235,0.7000022167079204,0.274640357190812,1.140625,0.5488815456628799,1.3931510522961617,0.2583939749747515,0.27012631110846996,9.1796875e-05,0.2583939749747515,0.6875683441758156,0.31293005868792534,1.3872128129005432,1.0742827542126179,512,,,,,,,,,,,
236,0.7000022167079204,0.2756204481478091,1.1875,0.6474663838744164,1.6692677810788155,0.19199922680854797,0.2927515245974064,9.21875e-05,0.19199922680854797,0.6941625848412514,0.17167598381638527,0.843454897403717,0.6717789135873318,512,,,,,,,,,,,
237,0.7000022167079204,0.27659903243184086,1.0625,0.7887143902480602,2.087888330221176,0.21248365007340908,0.30215518176555634,9.257812500000001e-05,0.21248365007340908,0.6912475451827049,0.19387726485729218,0.837922565639019,0.6440453007817268,512,,,,,,,,,,,
238,0.7000022167079204,0.2775761112018867,0.8984375,0.5440728440880775,1.3954040110111237,0.23281030729413033,0.25330151431262493,9.296875e-05,0.23281030729413033,0.7031396254897118,0.307991661131382,1.6546276658773422,1.3466360047459602,512,,,,,,,,,,,
239,0.7000022167079204,0.27855168561692595,1.3984375,0.5223334804177284,1.3343280330300331,0.184384997934103,0.2485006246715784,9.3359375e-05,0.184384997934103,0.7078295648097992,0.310345645993948,1.2591310441493988,0.9487853981554508,512,,,,,,,,,,,
240,0.7000022167079204,0.2795257568359375,1.078125,0.5964144058525562,1.529570832848549,0.2099103219807148,0.2777454797178507,9.375e-05,0.2099103219807148,0.6898022294044495,0.3421037271618843,1.0290486589074135,0.6869449317455292,512,0.0007178905070759356,0.0007178905070759356,0.02,112,0.7000022167079204,112,112,224,0,112,8166
241,0.7000022167079204,0.2804983260179007,0.87109375,0.48974277079105377,1.2592184320092201,0.23844658583402634,0.22485055029392242,9.4140625e-05,0.23844658583402634,0.6975463852286339,0.25019651651382446,1.553669199347496,1.3034726828336716,512,,,,,,,,,,,
242,0.7000022167079204,0.2814693943217949,0.97265625,0.5184253975749016,1.3344808965921402,0.19980552606284618,0.23650507256388664,9.453125000000001e-05,0.19980552606284618,0.7014550715684891,0.12056786194443703,0.7854330539703369,0.6648651920258999,512,,,,,,,,,,,
243,0.7000022167079204,0.28243896290659903,1.2890625,0.386214904487133,0.9912252128124237,0.26531042344868183,0.17912291549146175,9.492187500000001e-05,0.26531042344868183,0.6883373856544495,0.10477644577622414,1.5952433794736862,1.490466933697462,512,,,,,,,,,,,
244,0.7000022167079204,0.28340703293129244,0.9609375,0.8379624336957932,2.199653632938862,0.19826358743011951,0.33962636068463326,9.53125e-05,0.19826358743011951,0.6905419901013374,0.26857708021998405,1.1911421865224838,0.9225651063024998,512,,,,,,,,,,,
245,0.7000022167079204,0.28437360555485447,0.83203125,0.8238147683441639,2.142762489616871,0.17771343514323235,0.35364584997296333,9.5703125e-05,0.17771343514323235,0.7126123011112213,0.1968245655298233,1.0669959783554077,0.8701714128255844,512,,,,,,,,,,,
246,0.7000022167079204,0.285338681936264,1.046875,0.49954571947455406,1.2566937282681465,0.22110012359917164,0.2570810988545418,9.609375e-05,0.22110012359917164,0.6871874928474426,0.27512118965387344,1.5244471803307533,1.2493259906768799,512,,,,,,,,,,,
247,0.7000022167079204,0.2863022632345004,1.1328125,0.6110597290098667,1.5568115711212158,0.21162034384906292,0.2948845122009516,9.6484375e-05,0.21162034384906292,0.7074536085128784,0.22049469500780106,0.9646966904401779,0.7442019954323769,512,,,,,,,,,,,
248,0.7000022167079204,0.2872643506085431,1.34375,0.7063210345804691,1.8523603826761246,0.20684370584785938,0.288006316870451,9.687500000000001e-05,0.20684370584785938,0.705451637506485,0.035052016377449036,1.9758889377117157,1.9408369213342667,512,0.0006971115944907069,0.0006971115944907069,0.02,385,0.7000022167079204,385,385,770,0,385,8439
249,0.7000022167079204,0.28822494521737096,0.8984375,0.83652488514781,2.1926919147372246,0.19647886976599693,0.3422318547964096,9.726562500000001e-05,0.19647886976599693,0.7133617848157883,0.18658489733934402,1.107786513864994,0.92120161652565,512,,,,,,,,,,,
250,0.7000022167079204,0.2891840482199633,1.1484375,0.4827844835817814,1.2340808436274529,0.23457844369113445,0.22890238091349602,9.765625e-05,0.23457844369113445,0.7082372680306435,0.17740429192781448,1.8939444571733475,1.716540165245533,512,,,,,,,,,,,
251,0.7000022167079204,0.2901416607752995,0.9140625,0.6774687021970749,1.753935068845749,0.18653076887130737,0.2990003079175949,9.8046875e-05,0.18653076887130737,0.7072900161147118,0.18689456582069397,1.405641332268715,1.218746766448021,512,,,,,,,,,,,
252,0.7000022167079204,0.29109778404235837,0.9375,0.6936455257236958,1.8010815382003784,0.21013132017105818,0.30087450705468655,9.84375e-05,0.21013132017105818,0.7044579982757568,0.3342369329184294,1.603226751089096,1.2689898181706667,512,,,,,,,,,,,
253,0.7000022167079204,0.29205241918011937,0.921875,0.6002251319587231,1.5570641458034515,0.18072906136512756,0.2617998383939266,9.8828125e-05,0.18072906136512756,0.6835082918405533,0.031145822256803513,2.1123184114694595,2.081172589212656,448.125,,,,,,,,,,,
254,0.7000022167079204,0.2930055673475619,0.9765625,0.7324476949870586,1.9059579372406006,0.17604290507733822,0.3135804422199726,9.921875000000001e-05,0.17604290507733822,0.7032006680965424,0.1604008898139,0.7867690660059452,0.6263681761920452,512,,,,,,,,,,,
255,0.7000022167079204,0.2939572297036648,1.109375,0.49222828075289726,1.241791695356369,0.25146075431257486,0.24980911053717136,9.960937500000001e-05,0.25146075431257486,0.6867870911955833,0.22691695392131805,1.4220611974596977,1.1951442435383797,512,,,,,,,,,,,
256,0.7000022178088432,0.2949074074074073,1.03125,0.7053210772573948,1.814776249229908,0.25171878561377525,0.3225602563470602,0.0001,0.25171878561377525,0.697158195078373,0.12155448272824287,1.631221730262041,1.5096672475337982,512,0.0003403762821108103,0.0003403762821108103,0.02,734,0.7000022178088432,734,734,1468,0,734,8792
257,0.7000022178088432,0.295856101617769,1.046875,0.5873086676001549,1.5037066116929054,0.17651501949876547,0.2760165501385927,9.999992316419739e-05,0.17651501949876547,0.6972021460533142,0.26850494742393494,1.7234749421477318,1.4549699947237968,512,,,,,,,,,,,
258,0.7000022178088432,0.2968033134937286,1.2109375,0.6123647540807724,1.5947967320680618,0.228848272934556,0.260853948071599,9.99996926570257e-05,0.228848272934556,0.6863305643200874,0.516424760222435,1.5356581918895245,1.0192334316670895,512,,,,,,,,,,,
259,0.7000022178088432,0.29774904419426557,0.90234375,0.6129867397248745,1.5894043296575546,0.22391805425286293,0.26813114434480667,9.99993084791934e-05,0.22391805425286293,0.700573705136776,0.25778232887387276,1.253151386976242,0.9953690581023693,512,,,,,,,,,,,
260,0.7000022178088432,0.2986932948783593,1.4296875,0.42897794768214226,1.09349175542593,0.2232095543295145,0.20644135028123856,9.999877063188124e-05,0.2232095543295145,0.6851245015859604,0.0916086733341217,1.2367455810308456,1.145136907696724,512,,,,,,,,,,,
261,0.7000022178088432,0.29963606670498844,1.0859375,0.6619711704552174,1.7256000116467476,0.21021365001797676,0.2803731504827738,9.999807911674221e-05,0.21021365001797676,0.7020825073122978,0.10486985743045807,1.4726815149188042,1.367811657488346,512,,,,,,,,,,,
262,0.7000022178088432,0.30057736083313263,1.125,0.5216557681560516,1.344587966799736,0.17866655997931957,0.2361870091408491,9.999723393590168e-05,0.17866655997931957,0.7029003798961639,0.2953092083334923,1.3160652481019497,1.0207560397684574,512,,,,,,,,,,,
263,0.7000022178088432,0.3015171784217711,1.1953125,0.5887294672429562,1.5108080208301544,0.24309655837714672,0.27322062104940414,9.999623509195724e-05,0.24309655837714672,0.6996484324336052,0.3421783372759819,1.4942235127091408,1.1520451754331589,512,,,,,,,,,,,
264,0.7000022178088432,0.3024555206298828,0.7734375,0.5649377666413784,1.4581816419959068,0.1772828809916973,0.253750953823328,9.999508258797877e-05,0.1772828809916973,0.6909252554178238,0.19606415182352066,1.500903032720089,1.3048388808965683,512,0.0006451807566918433,0.0006451807566918433,0.02,980,0.7000022178088432,980,980,1960,0,980,9038
265,0.7000022178088432,0.30339238861644696,0.828125,0.683428194373846,1.772208794951439,0.22407187148928642,0.2987856585532427,9.999377642750839e-05,0.22407187148928642,0.7079101577401161,0.14495102688670158,1.626758612692356,1.4818075858056545,512,,,,,,,,,,,
266,0.7000022178088432,0.30432778354044315,0.86328125,0.5747482217848301,1.4928549230098724,0.21983335725963116,0.24880626425147057,9.999231661456054e-05,0.21983335725963116,0.6974926590919495,0.20214031264185905,1.2073440067470074,1.0052036941051483,512,,,,,,,,,,,
267,0.7000022178088432,0.3052617065608501,1.1015625,0.7327919565141201,1.921618863940239,0.18030164577066898,0.29896277375519276,9.999070315362182e-05,0.18030164577066898,0.6986083760857582,0.015489347279071808,0.9600892812013626,0.9445999339222908,512,,,,,,,,,,,
268,0.7000022178088432,0.30619415883664725,1.53125,0.531233623623848,1.3590104430913925,0.25718204863369465,0.25078835524618626,9.998893604965111e-05,0.25718204863369465,0.6946240141987801,-0.019708681851625443,1.4174613133072853,1.4371699951589108,512,,,,,,,,,,,
269,0.7000022178088432,0.3071251415268139,1.046875,0.5963277034461498,1.548469990491867,0.17655193526297808,0.25858357176184654,9.998701530807949e-05,0.17655193526297808,0.709658183157444,0.2437218390405178,0.9516705498099327,0.7079487107694149,512,,,,,,,,,,,
270,0.7000022178088432,0.308054655790329,1.0234375,0.8799408785998821,2.2846316769719124,0.15605693776160479,0.38185570761561394,9.998494093481021e-05,0.15605693776160479,0.7022705003619194,0.23427774757146835,1.049337349832058,0.8150596022605896,512,,,,,,,,,,,
271,0.7000022178088432,0.3089827027861718,1.0234375,0.5456020683050156,1.4223976656794548,0.2222269894555211,0.2309418935328722,9.998271293621873e-05,0.2222269894555211,0.7054980248212814,0.24750572815537453,1.2887362465262413,1.0412305183708668,512,,,,,,,,,,,
272,0.7000022178088432,0.3099092836733218,1.03125,0.6815815232694149,1.7579611837863922,0.18841078039258718,0.3074372988194227,9.998033131915266e-05,0.18841078039258718,0.7089184373617172,0.19603892788290977,0.8548997119069099,0.6588607840240002,512,0.00047634070506319404,0.00047634070506319404,0.02,1204,0.7000022178088432,1204,1204,2408,0,1204,9262
273,0.7000022178088432,0.3108343996107578,0.9140625,0.4568943791091442,1.174732118844986,0.19299855828285217,0.2097962312400341,9.99777960909317e-05,0.19299855828285217,0.705026850104332,0.2220074012875557,1.348050594329834,1.1260431930422783,512,,,,,,,,,,,
274,0.7000022178088432,0.3117580517574592,0.96484375,0.6072232648730278,1.6036260649561882,0.22576764598488808,0.23644433729350567,9.997510725934773e-05,0.22576764598488808,0.7036718651652336,0.3252498283982277,1.669952817261219,1.3447029888629913,512,,,,,,,,,,,
275,0.7000022178088432,0.31268024127240535,0.91015625,0.5053204521536827,1.2999783158302307,0.18140628561377525,0.2312957216054201,9.997226483266471e-05,0.18140628561377525,0.7028027102351189,0.16781215742230415,0.8307403586804867,0.6629282012581825,512,,,,,,,,,,,
276,0.7000022178088432,0.31360096931457515,0.859375,0.7452944442629814,1.9458395540714264,0.17686620447784662,0.312628373503685,9.996926881961862e-05,0.17686620447784662,0.7020507678389549,0.24691327288746834,1.2916372083127499,1.0447239354252815,512,,,,,,,,,,,
277,0.7000022178088432,0.314520237042948,0.859375,0.5266285538673401,1.3563168570399284,0.22536402195692062,0.23952716775238514,9.996611922941747e-05,0.22536402195692062,0.7011547759175301,0.16166818141937256,1.3708944544196129,1.2092262730002403,512,,,,,,,,,,,
278,0.7000022178088432,0.3154380456165032,2.890625,0.5321272425353527,1.3639953657984734,0.37574232555925846,0.248511403799057,9.996281607174138e-05,0.37574232555925846,0.6798168793320656,1.0352824330329895,2.0222518742084503,0.9869694411754608,512,,,,,,,,,,,
279,0.7000022178088432,0.31635439619421957,0.9375,0.6184891574084759,1.6021077930927277,0.1928588654845953,0.2721017301082611,9.995935935674234e-05,0.1928588654845953,0.696464829146862,0.3148421347141266,1.689654428511858,1.3748122937977314,512,,,,,,,,,,,
280,0.7000022178088432,0.3172692899350766,1.125,0.45830148085951805,1.1408925130963326,0.22521503828465939,0.24789980985224247,9.995574909504435e-05,0.22521503828465939,0.6961572021245956,0.1836933046579361,1.4356272965669632,1.251933991909027,512,0.0004881165805272758,0.0004881165805272758,0.02,1507,0.7000022178088432,1507,1507,3014,0,1507,9564
281,0.7000022178088432,0.31818272799805364,1.1015625,0.47148653119802475,1.2172889038920403,0.18556868471205235,0.21145808324217796,9.995198529774328e-05,0.18556868471205235,0.7075073048472404,0.16447242349386215,0.9262121617794037,0.7617397382855415,512,,,,,,,,,,,
282,0.7000022178088432,0.3190947115421295,1.625,0.3859722204506397,0.9830622300505638,0.2700124457478523,0.18655048683285713,9.994806797640692e-05,0.2700124457478523,0.6778515502810478,-0.0013443045318126678,1.1944391131401062,1.1957834176719189,512,,,,,,,,,,,
283,0.7000022178088432,0.3200052417262836,1.1953125,0.5942031033337116,1.5340472608804703,0.17588744964450598,0.26656810753047466,9.99439971430749e-05,0.17588744964450598,0.7082763463258743,0.26216932386159897,0.8960302993655205,0.6338609755039215,512,,,,,,,,,,,
284,0.7000022178088432,0.3209143197094953,0.94140625,0.665077205747366,1.6890878677368164,0.18011165037751198,0.3262975476682186,9.993977281025862e-05,0.18011165037751198,0.7048461735248566,0.13397960737347603,1.0334568098187447,0.8994772024452686,512,,,,,,,,,,,
285,0.7000022178088432,0.3218219466507435,0.7734375,0.7101012691855431,1.8387690484523773,0.17291243746876717,0.3130528870970011,9.99353949909413e-05,0.17291243746876717,0.7178076058626175,0.1353049874305725,1.2516382336616516,1.116333246231079,512,,,,,,,,,,,
286,0.7000022178088432,0.3227281237090075,0.91796875,0.5878933854401112,1.5355936139822006,0.20854467153549194,0.24590141512453556,9.99308636985779e-05,0.20854467153549194,0.6965600326657295,0.06566984206438065,2.048648476600647,1.9829786345362663,512,,,,,,,,,,,
287,0.7000022178088432,0.3236328520432667,0.8046875,0.5939221233129501,1.564000442624092,0.21080616675317287,0.23576348647475243,9.992617894709497e-05,0.21080616675317287,0.6997607424855232,0.2376481145620346,1.4425514116883278,1.2049032971262932,512,,,,,,,,,,,
288,0.7000022200106887,0.3245361328125,0.84375,0.7167240604758263,1.842196710407734,0.19070465303957462,0.32969432324171066,9.992134075089084e-05,0.19070465303957462,0.7181176692247391,0.2427053228020668,1.1817538663744926,0.9390485435724258,512,0.0007775680278427899,0.0007775680278427899,0.02,1567,0.7000022200106887,1567,1567,3134,0,1567,9633
289,0.7000022200106887,0.32543796717568674,0.84765625,0.43376869335770607,1.113116167485714,0.16801550425589085,0.20133437030017376,9.991634912483533e-05,0.16801550425589085,0.7195532023906708,0.1727348268032074,1.286403328180313,1.1136685013771057,512,,,,,,,,,,,
290,0.7000022200106887,0.3263383562918063,0.8359375,0.6275272257626057,1.6270858123898506,0.19758978113532066,0.27451170794665813,9.991120408426991e-05,0.19758978113532066,0.7206689268350601,0.2885640114545822,1.527905948460102,1.2393419370055199,512,,,,,,,,,,,
291,0.7000022200106887,0.3272373013198375,0.8359375,0.7845183908939362,2.037453703582287,0.18671261053532362,0.33987467736005783,9.990590564500746e-05,0.18671261053532362,0.7084301635622978,0.12785502150654793,1.085930097848177,0.958075076341629,512,,,,,,,,,,,
292,0.7000022200106887,0.32813480341875984,0.86328125,0.3735400326550007,0.9343021512031555,0.16278122179210186,0.19763731956481934,9.990045382333242e-05,0.16278122179210186,0.7186742946505547,0.1339283511042595,0.9028374589979649,0.7689091078937054,512,,,,,,,,,,,
293,0.7000022200106887,0.3290308637475526,1.625,0.6266572382301092,1.6121115759015083,0.15916757099330425,0.2868496999144554,9.989484863600057e-05,0.15916757099330425,0.7051733285188675,0.17721145786345005,0.9115675166249275,0.7343560587614775,512,,,,,,,,,,,
294,0.7000022200106887,0.3299254834651947,0.7265625,0.44596877321600914,1.1441193968057632,0.17650145292282104,0.20730107836425304,9.988909010023908e-05,0.17650145292282104,0.7203759625554085,0.27373336628079414,1.4137926250696182,1.140059258788824,512,,,,,,,,,,,
295,0.7000022200106887,0.33081866373066543,0.83203125,0.6083560697734356,1.5793016403913498,0.18083364330232143,0.2642014566808939,9.988317823374643e-05,0.18083364330232143,0.7158447057008743,0.3334541581571102,1.2413752861320972,0.907921127974987,512,,,,,,,,,,,
296,0.7000022200106887,0.33171040570294424,1.1796875,0.6260382644832134,1.6311883628368378,0.20847049355506897,0.2658972404897213,9.987711305469231e-05,0.20847049355506897,0.704848624765873,0.20741265267133713,2.0538764595985413,1.8464638069272041,512,0.000870032818056643,0.000870032818056643,0.02,1850,0.7000022200106887,1850,1850,3700,0,1850,9916
297,0.7000022200106887,0.33260071054100987,0.73046875,0.39656347781419754,1.0277265533804893,0.16958117857575417,0.17398090288043022,9.987089458171765e-05,0.16958117857575417,0.7163745015859604,0.18457656353712082,0.926880057901144,0.7423034943640232,512,,,,,,,,,,,
298,0.7000022200106887,0.33348957940384183,0.75,0.7786470241844654,2.02533920109272,0.24063733033835888,0.3341971505433321,9.986452283393452e-05,0.24063733033835888,0.6986474394798279,0.1967216208577156,1.7184835374355316,1.521761916577816,512,,,,,,,,,,,
299,0.7000022200106887,0.3343770134504195,0.78515625,0.5934789665043354,1.5431116744875908,0.18229920975863934,0.25530937500298023,9.985799783092603e-05,0.18229920975863934,0.7091479524970055,0.18337619304656982,0.8053653091192245,0.6219891160726547,512,,,,,,,,,,,
300,0.7000022200106887,0.3352630138397217,1.171875,0.6853921264410019,1.7797026932239532,0.24349156953394413,0.29724304750561714,9.985131959274637e-05,0.24349156953394413,0.7191039696335793,0.3690462112426758,3.334215596318245,2.965169385075569,512,,,,,,,,,,,
301,0.7000022200106887,0.3361475817307278,1.7734375,0.5751285031437874,1.483494646847248,0.2505419906228781,0.2593189459294081,9.98444881399206e-05,0.2505419906228781,0.6939502060413361,-0.026730194687843323,1.7103826627135277,1.737112857401371,512,,,,,,,,,,,
302,0.7000022200106887,0.33703071828241704,0.84375,0.742264200001955,1.9217476844787598,0.2067788764834404,0.3275376446545124,9.983750349344476e-05,0.2067788764834404,0.7102612257003784,0.11875257641077042,1.9878895804286003,1.86913700401783,512,,,,,,,,,,,
303,0.7000022200106887,0.33791242465376853,0.99609375,0.4433487765491009,1.155751921236515,0.20554505288600922,0.18772917985916138,9.983036567478567e-05,0.20554505288600922,0.7076635435223579,0.25837942212820053,1.4916544631123543,1.2332750409841537,512,,,,,,,,,,,
304,0.7000022200106887,0.3387927020037615,0.78515625,0.7984091565012932,2.0948625057935715,0.19411142729222775,0.324559036642313,9.982307470588098e-05,0.19411142729222775,0.7148974537849426,0.30751100927591324,2.356053352355957,2.048542343080044,512,0.0009994005085900426,0.0009994005085900426,0.02,1734,0.7000022200106887,1734,1734,3468,0,1734,9799
305,0.7000022200106887,0.3396715514913753,0.8046875,0.6247727759182453,1.6192425712943077,0.16439361311495304,0.274008197709918,9.98156306091389e-05,0.16439361311495304,0.7082251012325287,0.1763237938284874,0.8621954917907715,0.6858716979622841,512,,,,,,,,,,,
306,0.7000022200106887,0.34054897427558894,0.80078125,0.8182927034795284,2.1294739171862602,0.16485959384590387,0.3502007834613323,9.980803340743843e-05,0.16485959384590387,0.7084032893180847,0.2021150253713131,1.0844027251005173,0.8822876997292042,512,,,,,,,,,,,
307,0.7000022200106887,0.3414249715153817,0.78515625,0.5670024678111076,1.475441537797451,0.20241144485771656,0.24274764396250248,9.980028312412904e-05,0.20241144485771656,0.7055395245552063,0.23026101291179657,0.982259601354599,0.7519985884428024,512,,,,,,,,,,,
308,0.7000022200106887,0.3422995443697329,0.8984375,0.5403543412685394,1.3775042816996574,0.17986027896404266,0.25993308424949646,9.979237978303066e-05,0.17986027896404266,0.7205370888113976,0.11614863201975822,1.7778292074799538,1.6616805754601955,512,,,,,,,,,,,
309,0.7000022200106887,0.3431726939976215,0.80078125,0.5215524435043335,1.3617460653185844,0.15408436674624681,0.21871582698076963,9.978432340843372e-05,0.15408436674624681,0.7164355292916298,0.13544325903058052,1.2916710302233696,1.156227771192789,512,,,,,,,,,,,
310,0.7000022200106887,0.3440444215580269,0.81640625,0.48582686856389046,1.267546370625496,0.22120234183967113,0.2046562172472477,9.977611402509892e-05,0.22120234183967113,0.7103539779782295,0.17446371912956238,1.113740585744381,0.9392768666148186,512,,,,,,,,,,,
311,0.7000022200106887,0.34491472820992825,0.73828125,0.5217921026051044,1.351722963154316,0.1603123266249895,0.22946515958756208,9.976775165825725e-05,0.1603123266249895,0.7190893515944481,0.23468491435050964,1.437746249139309,1.2030613347887993,512,,,,,,,,,,,
312,0.7000022200106887,0.34578361511230465,0.83984375,0.7894373647868633,2.066843993961811,0.1704635936766863,0.325390312820673,9.975923633360985e-05,0.1704635936766863,0.710805632174015,0.1766265109181404,0.9261763393878937,0.7495498284697533,512,0.0007938146591186523,0.0007938146591186523,0.02,1701,0.7000022200106887,1701,1701,3402,0,1701,9767
313,0.7000022200106887,0.3466510834241354,0.7578125,0.5361560396850109,1.402998000383377,0.16915786918252707,0.22171721048653126,9.975056807732802e-05,0.16915786918252707,0.7134667932987213,0.22857093065977097,1.2985603287816048,1.0699893981218338,512,,,,,,,,,,,
314,0.7000022200106887,0.34751713430439984,0.8203125,0.5958123728632927,1.542467586696148,0.14872697088867426,0.2630243953317404,9.974174691605305e-05,0.14872697088867426,0.7135522365570068,0.12661343440413475,0.783237911760807,0.6566244773566723,512,,,,,,,,,,,
315,0.7000022200106887,0.34838176891207695,0.921875,0.536801990121603,1.389278069138527,0.21207096055150032,0.23739456571638584,9.973277287689618e-05,0.21207096055150032,0.7051025256514549,0.1585838980972767,1.0375257842242718,0.8789418861269951,512,,,,,,,,,,,
316,0.7000022200106887,0.34924498840614593,0.75390625,0.6730441115796566,1.762799233198166,0.17870378214865923,0.2767283208668232,9.97236459874385e-05,0.17870378214865923,0.7079492062330246,0.16303566843271255,1.5477442108094692,1.3847085423767567,512,,,,,,,,,,,
317,0.7000022200106887,0.3501067939455863,1.140625,0.452865457162261,1.1564828753471375,0.19726607482880354,0.21583664044737816,9.971436627573092e-05,0.19726607482880354,0.7117651179432869,0.27705172821879387,1.7037018239498138,1.42665009573102,512,,,,,,,,,,,
318,0.7000022200106887,0.3509671866893768,1.078125,0.5017272420227528,1.2446452677249908,0.17341461777687073,0.27574027702212334,9.970493377029396e-05,0.17341461777687073,0.7076806351542473,0.165708526968956,1.0865151956677437,0.9208066686987877,512,,,,,,,,,,,
319,0.7000022200106887,0.35182616779649695,1.390625,0.6143410690128803,1.6061868593096733,0.1735006980597973,0.2554526515305042,9.969534850011782e-05,0.1735006980597973,0.7108276188373566,0.14743572473526,0.8763383775949478,0.7289026528596878,512,,,,,,,,,,,
320,0.7000022260657637,0.35268373842592593,0.76171875,0.7778925150632858,2.0394023582339287,0.14525265246629715,0.31784758903086185,9.968561049466214e-05,0.14525265246629715,0.7223095670342445,0.1336851865053177,1.2713377438485622,1.1376525573432446,512,0.000619416416157037,0.000619416416157037,0.02,2266,0.7000022260657637,2266,2266,4532,0,2266,10350
321,0.7000022260657637,0.3535398997366428,2.0625,0.6452833488583565,1.7004885599017143,0.32067206129431725,0.25491543859243393,9.967571978385604e-05,0.32067206129431725,0.6694799512624741,0.9678727239370346,2.2193377017974854,1.2514649778604507,512,,,,,,,,,,,
322,0.7000022260657637,0.3543946528876269,0.90234375,0.5064828097820282,1.3194401934742928,0.18003423977643251,0.21535609662532806,9.966567639809795e-05,0.18003423977643251,0.7153954952955246,0.16286952421069145,1.187413651496172,1.0245441272854805,512,,,,,,,,,,,
323,0.7000022260657637,0.3552479990378574,0.88671875,0.6134085468947887,1.60044813901186,0.19121810607612133,0.25836549885571003,9.965548036825554e-05,0.19121810607612133,0.7207885384559631,0.10039462894201279,1.6199142783880234,1.5195196494460106,512,,,,,,,,,,,
324,0.7000022260657637,0.35609993934631345,0.90234375,0.7558832429349422,1.9793542623519897,0.1977656204253435,0.31120090931653976,9.964513172566561e-05,0.1977656204253435,0.7074072137475014,0.28077512234449387,1.3904575482010841,1.1096824258565903,512,,,,,,,,,,,
325,0.7000022260657637,0.35695047497197424,1.015625,0.5702311396598816,1.4790339693427086,0.18964730761945248,0.24893916584551334,9.9634630502134e-05,0.18964730761945248,0.7098120003938675,0.08495716750621796,1.4618213772773743,1.3768642097711563,512,,,,,,,,,,,
326,0.7000022260657637,0.35779960707381925,0.91796875,0.793999657034874,2.066646434366703,0.22049583960324526,0.3394130412489176,9.96239767299355e-05,0.22049583960324526,0.7157128676772118,0.17247506976127625,1.6137537434697151,1.4412786737084389,512,,,,,,,,,,,
327,0.7000022260657637,0.3586473368108272,1.078125,0.5665047727525234,1.4912785664200783,0.19103692192584276,0.22540253214538097,9.96131704418138e-05,0.19103692192584276,0.7256371900439262,0.14324917271733284,1.6957448460161686,1.5524956732988358,512,,,,,,,,,,,
328,0.7000022260657637,0.3594936653419777,0.76171875,0.5623823404312134,1.4471086859703064,0.20961266197264194,0.2570801507681608,9.960221167098124e-05,0.20961266197264194,0.6979614272713661,0.16812484711408615,1.318924255669117,1.1507994085550308,512,0.0006253946339711547,0.0006253946339711547,0.02,2291,0.7000022260657637,2291,2291,4582,0,2291,10379
329,0.7000022260657637,0.36033859382624983,0.8828125,0.680028323084116,1.7775713056325912,0.19361107051372528,0.28312051109969616,9.959110045111887e-05,0.19361107051372528,0.7128808423876762,0.10760863497853279,1.4872674494981766,1.3796588145196438,512,,,,,,,,,,,
330,0.7000022260657637,0.3611821234226227,0.73828125,0.40908651798963547,1.064129825681448,0.17021620646119118,0.17552622966468334,9.957983681637631e-05,0.17021620646119118,0.7204101458191872,0.18314176052808762,1.2633611597120762,1.0802193991839886,512,,,,,,,,,,,
331,0.7000022260657637,0.36202425529007554,1.234375,0.603391207754612,1.5456192716956139,0.2349842581897974,0.28283886425197124,9.956842080137154e-05,0.2349842581897974,0.6954907029867172,-0.08920798823237419,1.0262646116316319,1.115472599864006,512,,,,,,,,,,,
332,0.7000022260657637,0.3628649905875877,1.1796875,0.8352802582085133,2.1434052512049675,0.15787330828607082,0.38774693571031094,9.955685244119091e-05,0.15787330828607082,0.7256738170981407,0.21097682416439056,1.2873115092515945,1.076334685087204,512,,,,,,,,,,,
333,0.7000022260657637,0.36370433047413825,0.86328125,0.4921226091682911,1.2812524512410164,0.18803360126912594,0.21002814173698425,9.9545131771389e-05,0.18803360126912594,0.7009374871850014,0.3327556774020195,1.3553370088338852,1.0225813314318657,512,,,,,,,,,,,
334,0.7000022260657637,0.3645422761087064,0.92578125,0.5905914455652237,1.558336578309536,0.17708514351397753,0.2313343994319439,9.95332588279885e-05,0.17708514351397753,0.7248095646500587,0.2694433704018593,1.7108573615550995,1.4414139911532402,512,,,,,,,,,,,
335,0.7000022260657637,0.3653788286502715,1.0703125,0.44535307958722115,1.1663158982992172,0.1830221749842167,0.18323887325823307,9.952123364748005e-05,0.1830221749842167,0.7113280966877937,0.24392802268266678,1.834022618830204,1.5900945961475372,512,,,,,,,,,,,
336,0.7000022260657637,0.36621398925781246,0.9296875,0.6249199211597443,1.657376877963543,0.18164031766355038,0.23631979525089264,9.950905626682228e-05,0.18164031766355038,0.7185375913977623,0.26707374304533005,1.1593916043639183,0.8923178613185883,512,0.0006827553734183311,0.0006827553734183311,0.02,2460,0.7000022260657637,2460,2460,4920,0,2460,10547
337,0.7000022260657637,0.36704775909030873,0.81640625,0.3915245234966278,0.9972961619496346,0.15605367720127106,0.18914173357188702,9.949672672344153e-05,0.15605367720127106,0.7258031964302063,0.2006325125694275,0.9252122044563293,0.7245796918869019,512,,,,,,,,,,,
338,0.7000022260657637,0.3678801393067395,1.0859375,0.7706092894077301,2.00350771099329,0.15551537554711103,0.3316717967391014,9.948424505523179e-05,0.15551537554711103,0.7262621894478798,0.48834432289004326,1.8902609422802925,1.4019166193902493,512,,,,,,,,,,,
339,0.7000022260657637,0.3687111310660839,0.99609375,0.71090292558074,1.8562022745609283,0.22185299172997475,0.298048947006464,9.947161130055463e-05,0.22185299172997475,0.7109252661466599,0.3381991758942604,2.375735893845558,2.0375367179512978,512,,,,,,,,,,,
340,0.7000022260657637,0.3695407355273211,0.98828125,0.40958085656166077,1.057861603796482,0.20788308512419462,0.1832924447953701,9.945882549823906e-05,0.20788308512419462,0.7121752798557281,0.09522290527820587,1.3976172357797623,1.3023943305015564,512,,,,,,,,,,,
341,0.7000022260657637,0.3703689538494304,1.6328125,0.45248658768832684,1.1756127215921879,0.18837948236614466,0.1955586588010192,9.944588768758134e-05,0.18837948236614466,0.7141576930880547,0.02170562744140625,1.0086382180452347,0.9869325906038284,512,,,,,,,,,,,
342,0.7000022260657637,0.37119578719139096,0.87109375,0.41339464858174324,1.077279269695282,0.20551997981965542,0.175431739538908,9.943279790834499e-05,0.20551997981965542,0.6949731260538101,0.10160717368125916,1.783476933836937,1.6818697601556778,512,,,,,,,,,,,
343,0.7000022260657637,0.3720212367121819,0.77734375,0.5953255519270897,1.5388184934854507,0.15729622542858124,0.26519831269979477,9.941955620076052e-05,0.15729622542858124,0.7156664878129959,0.1846298761665821,1.1259699612855911,0.941340085119009,512,,,,,,,,,,,
344,0.7000022260657637,0.3728453035707827,0.859375,0.6321394443511963,1.6794446036219597,0.18986272905021906,0.2361294161528349,9.940616260552544e-05,0.18986272905021906,0.7090185210108757,0.20051708817481995,1.3420025929808617,1.1414855048060417,512,0.0005874889902770519,0.0005874889902770519,0.02,2428,0.7000022260657637,2428,2428,4856,0,2428,10514
345,0.7000022260657637,0.37366798892617226,1,0.45084527879953384,1.1601157262921333,0.1508889039978385,0.20608203299343586,9.939261716380406e-05,0.1508889039978385,0.698867179453373,0.4129466526210308,1.4396655857563019,1.026718933135271,512,,,,,,,,,,,
346,0.7000022260657637,0.3744892939373299,0.9296875,0.8019877932965755,2.0911727398633957,0.2138201054185629,0.33909318782389164,9.937891991722736e-05,0.2138201054185629,0.7151953056454659,0.22392430901527405,1.5697980150580406,1.3458737060427666,512,,,,,,,,,,,
347,0.7000022260657637,0.37530921976323484,0.76953125,0.541863314807415,1.413012757897377,0.16480728797614574,0.2289972249418497,9.936507090789293e-05,0.16480728797614574,0.7112695053219795,0.2825905568897724,1.4158209040760994,1.133230347186327,512,,,,,,,,,,,
348,0.7000022260657637,0.3761277675628662,0.78125,0.48717619851231575,1.2592945992946625,0.19092874601483345,0.21699687838554382,9.935107017836471e-05,0.19092874601483345,0.712958961725235,0.1516093946993351,1.4148444645106792,1.2632350698113441,512,,,,,,,,,,,
349,0.7000022260657637,0.3769449384952032,1.1015625,0.3714897818863392,0.9650996699929237,0.16256729885935783,0.16062688827514648,9.933691777167302e-05,0.16256729885935783,0.722895510494709,0.1001376248896122,0.7108139619231224,0.6106763370335102,512,,,,,,,,,,,
350,0.7000022260657637,0.37776073371922525,0.8125,0.6495607756078243,1.7086774408817291,0.16044958867132664,0.2596884947270155,9.932261373131433e-05,0.16044958867132664,0.7181249856948853,0.06065523996949196,1.0828640162944794,1.0222087763249874,512,,,,,,,,,,,
351,0.7000022260657637,0.3785751543939113,0.76171875,0.6654962003231049,1.737812303006649,0.16232789494097233,0.27884277515113354,9.930815810125113e-05,0.16232789494097233,0.7148266434669495,0.05524550750851631,0.9190195426344872,0.8637740351259708,512,,,,,,,,,,,
352,0.7000022332217615,0.37938820167824067,1.65625,0.49046915769577026,1.2763140723109245,0.19555595517158508,0.2099560648202896,9.92935509259118e-05,0.19555595517158508,0.7129907086491585,-0.11342446133494377,1.1624877825379372,1.275912243872881,512,0.0008003239636309445,0.0008003239636309445,0.02,2670,0.7000022332217615,2670,2670,5340,0,2670,10784
353,0.7000022332217615,0.38019987673119265,0.8359375,0.4413074478507042,1.1391377076506615,0.20256697572767735,0.1981575395911932,9.927879225019052e-05,0.20256697572767735,0.718754880130291,0.18287810310721397,1.053183276206255,0.870305173099041,512,,,,,,,,,,,
354,0.7000022332217615,0.3810101807117462,0.84375,0.46328068152070045,1.2164551988244057,0.18467392213642597,0.18742557987570763,9.926388211944706e-05,0.18467392213642597,0.7106591686606407,-0.04853445664048195,1.7375972494482994,1.7861317060887814,512,,,,,,,,,,,
355,0.7000022332217615,0.3818191147788807,0.9375,0.7187562361359596,1.8680251687765121,0.2627825662493706,0.3100239196792245,9.924882057950672e-05,0.2627825662493706,0.6978588774800301,0.21286414563655853,2.470844641327858,2.2579804956912994,512,,,,,,,,,,,
356,0.7000022332217615,0.38262668009157536,0.90625,0.7626275010406971,1.9831611067056656,0.22854569740593433,0.32783117331564426,9.923360767666011e-05,0.22854569740593433,0.7058105245232582,0.2829897478222847,2.1774351224303246,1.8944453746080399,512,,,,,,,,,,,
357,0.7000022332217615,0.38343287780880925,0.96875,0.5146263539791107,1.3411372229456902,0.22286537662148476,0.2183364499360323,9.921824345766304e-05,0.22286537662148476,0.7091503739356995,0.48397543281316757,1.6511838287115097,1.1672083958983421,512,,,,,,,,,,,
358,0.7000022332217615,0.3842377090895617,0.796875,0.55528724193573,1.4649196192622185,0.1703055463731289,0.21776891872286797,9.920272796973642e-05,0.1703055463731289,0.7167895436286926,0.16135049611330032,1.0369191840291023,0.875568687915802,512,,,,,,,,,,,
359,0.7000022332217615,0.38504117509281194,0.79296875,0.4405115507543087,1.1446318477392197,0.14458496402949095,0.19025155156850815,9.918706126056602e-05,0.14458496402949095,0.714052714407444,0.14296451210975647,1.5073500722646713,1.3643855601549149,512,,,,,,,,,,,
360,0.7000022332217615,0.38584327697753906,0.83203125,0.7143154442310333,1.8503806293010712,0.1830392237752676,0.31421162001788616,9.917124337830243e-05,0.1830392237752676,0.7185253724455833,0.26554473489522934,1.6539739593863487,1.3884292244911194,512,0.0006878973799757659,0.0006878973799757659,0.02,2633,0.7000022332217615,2633,2633,5266,0,2633,10744
361,0.7000022332217615,0.38664401590272224,0.82421875,0.5849124118685722,1.5171943828463554,0.20847678743302822,0.25526737980544567,9.915527437156083e-05,0.20847678743302822,0.7178442403674126,0.17739567160606384,1.0860354527831078,0.9086397811770439,512,,,,,,,,,,,
362,0.7000022332217615,0.387443393027341,0.94921875,0.6011852696537971,1.5581368878483772,0.2243386898189783,0.26363660767674446,9.913915428942087e-05,0.2243386898189783,0.714103989303112,0.3545055314898491,2.060000754892826,1.705495223402977,512,,,,,,,,,,,
363,0.7000022332217615,0.38824140951037406,0.85546875,0.4111492857336998,1.0641769170761108,0.21061860490590334,0.18172995932400227,9.912288318142653e-05,0.21061860490590334,0.6928588673472404,0.2724823132157326,1.7830647006630898,1.5105823874473572,512,,,,,,,,,,,
364,0.7000022332217615,0.3890380665108009,0.77734375,0.6632634401321411,1.7503619939088821,0.16513747442513704,0.2595271114259958,9.910646109758596e-05,0.16513747442513704,0.724804662168026,0.1816629245877266,0.9690927788615227,0.7874298542737961,512,,,,,,,,,,,
365,0.7000022332217615,0.3898333651876008,1.0859375,0.6920530572533607,1.82106863707304,0.19570462312549353,0.2760617919266224,9.908988808837132e-05,0.19570462312549353,0.7131274417042732,0.05662711709737778,1.2253095284104347,1.168682411313057,512,,,,,,,,,,,
366,0.7000022332217615,0.39062730669975276,0.9765625,0.8028895296156406,2.103429391980171,0.17561086919158697,0.32956912368535995,9.907316420471863e-05,0.17561086919158697,0.7210522368550301,0.16742253303527832,1.0313224270939827,0.8638998940587044,512,,,,,,,,,,,
367,0.7000022332217615,0.39141989220623613,0.921875,0.5958177894353867,1.5359463319182396,0.14663487300276756,0.26956205628812313,9.905628949802761e-05,0.14663487300276756,0.7175658866763115,0.22588582709431648,0.9071711525321007,0.6812853254377842,512,,,,,,,,,,,
368,0.7000022332217615,0.3922111228660301,0.81640625,0.47324253618717194,1.2278337553143501,0.19124500453472137,0.20623447559773922,9.903926402016153e-05,0.19124500453472137,0.7120776176452637,0.2199358269572258,1.4754327684640884,1.2554969415068626,512,0.0006817010580562055,0.0006817010580562055,0.02,2672,0.7000022332217615,2672,2672,5344,0,2672,10779
369,0.7000022332217615,0.39300099983811376,0.7734375,0.40983492881059647,1.0667295083403587,0.18126692436635494,0.17519447952508926,9.902208782344702e-05,0.18126692436635494,0.721123032271862,0.3012964278459549,1.9949084147810936,1.6936119869351387,512,,,,,,,,,,,
370,0.7000022332217615,0.39378952428146635,1.125,0.7071068994700909,1.8262631595134735,0.17150890547782183,0.3164849765598774,9.900476096067398e-05,0.17150890547782183,0.7225390523672104,0.1470193862915039,1.1009912192821503,0.9539718329906464,512,,,,,,,,,,,
371,0.7000022332217615,0.39457669735506734,0.8046875,0.5314722545444965,1.354193888604641,0.21144916862249374,0.25632800720632076,9.898728348509534e-05,0.21144916862249374,0.6993798613548279,0.27573346346616745,1.6696545705199242,1.3939211070537567,512,,,,,,,,,,,
372,0.7000022332217615,0.3953625202178955,0.81640625,0.4797137603163719,1.246871255338192,0.23895270843058825,0.20680676773190498,9.89696554504269e-05,0.23895270843058825,0.6969482377171516,0.15391671657562256,2.0928485989570618,1.9389318823814392,512,,,,,,,,,,,
373,0.7000022332217615,0.3961469940289303,0.76171875,0.5882747173309326,1.5424817651510239,0.1527991835027933,0.24016875959932804,9.89518769108473e-05,0.1527991835027933,0.7227123826742172,0.15509599074721336,0.9129226468503475,0.7578266561031342,512,,,,,,,,,,,
374,0.7000022332217615,0.39693011994715094,0.83984375,0.5317052602767944,1.3917856812477112,0.18624483048915863,0.21944230236113071,9.893394792099762e-05,0.18624483048915863,0.7282226458191872,0.1854390949010849,1.012064903974533,0.8266258090734482,512,,,,,,,,,,,
375,0.7000022332217615,0.3977118991315365,0.69140625,0.443878848105669,1.149073600769043,0.14636912569403648,0.19601378217339516,9.891586853598139e-05,0.14636912569403648,0.732165515422821,0.11151875928044319,1.3626647219061852,1.251145962625742,512,,,,,,,,,,,
376,0.7000022332217615,0.3984923327410662,0.80078125,0.5735256038606167,1.4779662638902664,0.19653986766934395,0.2599900346249342,9.889763881136439e-05,0.19653986766934395,0.7158056497573853,0.2804218977689743,1.3423537909984589,1.0619318932294846,512,0.0006182187353260815,0.0006182187353260815,0.02,2772,0.7000022332217615,2772,2772,5544,0,2772,10885
377,0.7000022332217615,0.39927142193471943,0.7578125,0.5677375607192516,1.4759784117341042,0.17387239169329405,0.24443835206329823,9.887925880317443e-05,0.17387239169329405,0.723762184381485,0.17755244299769402,1.8847072422504425,1.7071547992527485,512,,,,,,,,,,,
378,0.7000022332217615,0.4000491678714752,0.6875,0.5555300451815128,1.4523839950561523,0.18626726418733597,0.23104032035917044,9.886072856790125e-05,0.18626726418733597,0.7044824063777924,0.17868444323539734,1.1929986625909805,1.0143142193555832,512,,,,,,,,,,,
379,0.7000022332217615,0.40082557171031274,1.6484375,0.47159396670758724,1.2252411469817162,0.2357441559433937,0.20383142679929733,9.884204816249622e-05,0.2357441559433937,0.7080566138029099,0.1301271915435791,1.8764172568917274,1.7462900653481483,512,,,,,,,,,,,
380,0.7000022332217615,0.40160063461021145,0.6640625,0.6957924030721188,1.8283432349562645,0.14947944227606058,0.2801185604184866,9.882321764437234e-05,0.14947944227606058,0.7282128632068634,0.1507296897470951,0.8500730022788048,0.6993433125317097,512,,,,,,,,,,,
381,0.7000022332217615,0.4023743577301502,0.89453125,0.6683786436915398,1.7404335178434849,0.18068772740662098,0.28495622240006924,9.880423707140391e-05,0.18068772740662098,0.7226122990250587,0.16308651119470596,1.669897310435772,1.506810799241066,512,,,,,,,,,,,
382,0.7000022332217615,0.4031467422291084,0.7578125,0.6794693917036057,1.78773832321167,0.16135136224329472,0.271259730681777,9.878510650192643e-05,0.16135136224329472,0.7169042974710464,0.2806176617741585,1.483119636774063,1.2025019749999046,512,,,,,,,,,,,
383,0.7000022332217615,0.4039177892660653,0.7265625,0.496943399310112,1.286375567317009,0.16796897817403078,0.21951346099376678,9.876582599473642e-05,0.16796897817403078,0.7139062210917473,0.11595278605818748,1.0925585478544235,0.976605761796236,512,,,,,,,,,,,
384,0.7000022425796046,0.4046875,0.75390625,0.5250843688845634,1.3771891668438911,0.18737947288900614,0.21397555619478226,9.874639560909117e-05,0.18737947288900614,0.7119946256279945,0.19033223763108253,1.2735883221030235,1.083256084471941,512,0.0006622090004384518,0.0006622090004384518,0.02,3003,0.7000022425796046,3003,3003,6006,0,3003,11148
385,0.7000022425796046,0.4054558755898917,0.77734375,0.4305786695331335,1.1108431071043015,0.16498881205916405,0.19394070841372013,9.872681540470872e-05,0.16498881205916405,0.7123095616698265,0.20566600561141968,1.054705873131752,0.8490398675203323,512,,,,,,,,,,,
386,0.7000022425796046,0.4062229171947195,0.765625,0.3244754485785961,0.8417816981673241,0.20212816633284092,0.14147718530148268,9.870708544176745e-05,0.20212816633284092,0.7250536978244781,0.11463778838515282,1.818389244377613,1.7037514559924603,512,,,,,,,,,,,
387,0.7000022425796046,0.406988625973463,0.69140625,0.7124882116913795,1.8726594746112823,0.17852359358221292,0.28639568015933037,9.868720578090605e-05,0.17852359358221292,0.7158251777291298,0.14641842246055603,1.1018527522683144,0.9554343298077583,512,,,,,,,,,,,
388,0.7000022425796046,0.40775300308510115,0.8828125,0.4731092192232609,1.2275542914867401,0.18663796596229076,0.20610990934073925,9.866717648322335e-05,0.18663796596229076,0.7190551608800888,0.28770390897989273,1.4097918942570686,1.122087985277176,512,,,,,,,,,,,
389,0.7000022425796046,0.4085160496886129,1.0859375,0.5203180238604546,1.3498641476035118,0.17283687368035316,0.22685707546770573,9.864699761027801e-05,0.17283687368035316,0.7324731349945068,0.20826323330402374,1.2796884253621101,1.0714251920580864,512,,,,,,,,,,,
390,0.7000022425796046,0.4092777669429779,0.73828125,0.5676190219819546,1.5022149831056595,0.14279451593756676,0.21784253604710102,9.862666922408843e-05,0.14279451593756676,0.7245531976222992,0.18558940291404724,0.8961582034826279,0.7105688005685806,512,,,,,,,,,,,
391,0.7000022425796046,0.4100381560071752,0.87890625,0.5606186389923096,1.4680707082152367,0.1672175582498312,0.23077357560396194,9.860619138713254e-05,0.1672175582498312,0.7195434421300888,0.1196846030652523,1.0477052815258503,0.928020678460598,512,,,,,,,,,,,
392,0.7000022425796046,0.41079721804018365,0.73046875,0.7431548424065113,1.9591567739844322,0.21736673451960087,0.29282754845917225,9.858556416234755e-05,0.21736673451960087,0.7160009667277336,0.2621755562722683,1.7639377564191818,1.5017622001469135,512,0.0006363310967572033,0.0006363310967572033,0.02,2964,0.7000022425796046,2964,2964,5928,0,2964,11111
393,0.7000022425796046,0.41155495420098304,0.75,0.6845693476498127,1.8011475205421448,0.13839272037148476,0.2733049839735031,9.856478761312987e-05,0.13839272037148476,0.7172265499830246,0.16918017342686653,0.9637054651975632,0.7945252917706966,512,,,,,,,,,,,
394,0.7000022425796046,0.41231136564855225,0.7421875,0.5586717426776886,1.4590602740645409,0.1434583831578493,0.23388437926769257,9.854386180333479e-05,0.1434583831578493,0.7268383651971817,0.19683852419257164,1.0705198645591736,0.8736813403666019,512,,,,,,,,,,,
395,0.7000022425796046,0.4130664535418703,0.88671875,0.3933251015841961,1.015360102057457,0.16894533578306437,0.17653409764170647,9.852278679727635e-05,0.16894533578306437,0.7201074212789536,0.18752629309892654,1.2373322769999504,1.0498059839010239,512,,,,,,,,,,,
396,0.7000022425796046,0.41382021903991695,0.9453125,0.4569953456521034,1.2156513333320618,0.1577785974368453,0.16918296553194523,9.850156265972721e-05,0.1577785974368453,0.7214379757642746,-0.08098910748958588,1.1277304366230965,1.2087195441126823,512,,,,,,,,,,,
397,0.7000022425796046,0.4145726633016711,0.75,0.5000546835362911,1.3211662843823433,0.1696848701685667,0.19415091536939144,9.848018945591826e-05,0.1696848701685667,0.7161108106374741,0.11920049414038658,1.157144881784916,1.0379443876445293,512,,,,,,,,,,,
398,0.7000022425796046,0.41532378748611154,0.64453125,0.5020078253000975,1.3200316652655602,0.15212422143667936,0.20120411459356546,9.84586672515386e-05,0.15212422143667936,0.7258300706744194,0.1948843002319336,1.3016255050897598,1.1067412048578262,512,,,,,,,,,,,
399,0.7000022425796046,0.4160735927522182,0.86328125,0.6578034423291683,1.7235454469919205,0.16846422292292118,0.2697982434183359,9.84369961127353e-05,0.16846422292292118,0.7206982299685478,0.21699164435267448,1.0826283507049084,0.8656367063522339,512,,,,,,,,,,,
400,0.7000022425796046,0.41682208025896994,0.9296875,0.7711901664733887,2.0158926770091057,0.1972730178385973,0.32104713190346956,9.841517610611309e-05,0.1972730178385973,0.7170092612504959,0.23289524018764496,0.9960817843675613,0.7631865441799164,512,0.0005695107392966747,0.0005695107392966747,0.02,3055,0.7000022425796046,3055,3055,6110,0,3055,11202
401,0.7000022425796046,0.4175692511653458,0.8203125,0.6499631144106388,1.687562420964241,0.19479027576744556,0.2820227239280939,9.839320729873428e-05,0.19479027576744556,0.7233056500554085,0.18686166033148766,1.91176438331604,1.7249027229845524,512,,,,,,,,,,,
402,0.7000022425796046,0.4183151066303253,0.7265625,0.5376101173460484,1.4082528799772263,0.17777765356004238,0.2208686675876379,9.837108975811854e-05,0.17777765356004238,0.7246533110737801,0.08331406861543655,1.6701749563217163,1.5868608877062798,512,,,,,,,,,,,
403,0.7000022425796046,0.4190596478128875,0.85546875,0.40920582599937916,1.0731954351067543,0.18858079612255096,0.16682218108326197,9.834882355224261e-05,0.18858079612255096,0.7354418709874153,0.12927894294261932,1.141937032341957,1.0126580893993378,512,,,,,,,,,,,
404,0.7000022425796046,0.4198028758720114,0.86328125,0.6378969140350819,1.6706817150115967,0.17865468002855778,0.26233911793679,9.832640874954016e-05,0.17865468002855778,0.7169018313288689,0.07242431119084358,1.4086450971662998,1.3362207859754562,512,,,,,,,,,,,
405,0.7000022425796046,0.4205447919666767,0.828125,0.5504896584898233,1.4430314004421234,0.20402280427515507,0.22511896677315235,9.830384541890159e-05,0.20402280427515507,0.7177343592047691,0.24211017787456512,1.1019146889448166,0.8598045110702515,512,,,,,,,,,,,
406,0.7000022425796046,0.4212853972558623,0.80859375,0.603430163115263,1.5797587111592293,0.1599060334265232,0.24881747923791409,9.828113362967372e-05,0.1599060334265232,0.7110693156719208,0.3046305924654007,0.9927711486816406,0.6881405562162399,512,,,,,,,,,,,
407,0.7000022425796046,0.4220246928985471,0.79296875,0.5312071554362774,1.3650667518377304,0.19973293133080006,0.2446518037468195,9.825827345165972e-05,0.19973293133080006,0.7113036885857582,0.21148181706666946,1.4041730388998985,1.192691221833229,512,,,,,,,,,,,
408,0.7000022425796046,0.4227626800537109,0.68359375,0.5410734917968512,1.3947621434926987,0.1597179677337408,0.2448543943464756,9.82352649551188e-05,0.1597179677337408,0.718068815767765,0.21322372555732727,0.9749432802200317,0.7617195546627045,512,0.0007442244095727801,0.0007442244095727801,0.02,2984,0.7000022425796046,2984,2984,5968,0,2984,11130
409,0.7000022425796046,0.42349935988033266,0.671875,0.758573092520237,1.9986038208007812,0.17506198026239872,0.30010238476097584,9.821210821076599e-05,0.17506198026239872,0.7028588652610779,0.27739527076482773,1.9117576703429222,1.6343623995780945,512,,,,,,,,,,,
410,0.7000022425796046,0.42423473353739133,0.984375,0.4726310111582279,1.217497631907463,0.1549694947898388,0.21471747942268848,9.8188803289772e-05,0.1549694947898388,0.7183007597923279,0.12005459517240524,0.8253844678401947,0.7053298726677895,512,,,,,,,,,,,
411,0.7000022425796046,0.42496880218386646,0.765625,0.5155841186642647,1.3340454921126366,0.16329405084252357,0.22833058796823025,9.81653502637629e-05,0.16329405084252357,0.7117748856544495,0.10712296888232231,1.0135228261351585,0.9063998572528362,512,,,,,,,,,,,
412,0.7000022425796046,0.4257015669787372,0.828125,0.4779297634959221,1.2509307563304901,0.20533191971480846,0.19734119437634945,9.814174920481998e-05,0.20533191971480846,0.7254785001277924,0.2918599471449852,1.7064911425113678,1.4146311953663826,512,,,,,,,,,,,
413,0.7000022425796046,0.42643302908098246,0.7421875,0.7083635367453098,1.8403076082468033,0.17786149587482214,0.3062484320253134,9.811800018547949e-05,0.17786149587482214,0.7143383473157883,0.2631595954298973,1.285009577870369,1.0218499824404716,512,,,,,,,,,,,
414,0.7000022425796046,0.4271631896495819,0.859375,0.6757332198321819,1.76903685182333,0.1843767138198018,0.2786394711583853,9.809410327873244e-05,0.1843767138198018,0.7123486176133156,0.09513040632009506,1.1587578356266022,1.063627429306507,512,,,,,,,,,,,
415,0.7000022425796046,0.4278920498435145,0.734375,0.7058102898299694,1.8529658243060112,0.18205584399402142,0.2858531568199396,9.807005855802432e-05,0.18205584399402142,0.7275048717856407,0.16104859113693237,1.5462098717689514,1.385161280632019,512,,,,,,,,,,,
416,0.7000022519374478,0.42861961082175914,0.890625,0.47692741826176643,1.2520875334739685,0.21869583427906036,0.19314701855182648,9.804586609725499e-05,0.21869583427906036,0.7071166709065437,0.06964404135942459,1.6525493785738945,1.58290533721447,512,0.0007991917664185166,0.0007991917664185166,0.02,3161,0.7000022519374478,3161,3161,6322,0,3161,11343
417,0.7000022519374478,0.42934587374329564,0.78125,0.44301266223192215,1.147283397614956,0.17106780130416155,0.19517914950847626,9.80215259707783e-05,0.17106780130416155,0.7199242934584618,0.22021543979644775,1.309768795967102,1.0895533561706543,512,,,,,,,,,,,
418,0.7000022519374478,0.43007083976710286,0.79296875,0.5833416916429996,1.529195562005043,0.2242518812417984,0.2385064670816064,9.799703825340198e-05,0.2242518812417984,0.7087499722838402,0.3238227441906929,2.0573799684643745,1.7335572242736816,512,,,,,,,,,,,
419,0.7000022519374478,0.4307945100521599,0.83984375,0.621042687445879,1.612921305000782,0.1875282023102045,0.2690261695533991,9.79724030203874e-05,0.1875282023102045,0.7201733216643333,0.23269397020339966,1.2667328864336014,1.0340389162302017,512,,,,,,,,,,,
420,0.7000022519374478,0.4315168857574463,0.77734375,0.5919716469943523,1.555460348725319,0.21606110781431198,0.23839305993169546,9.794762034744925e-05,0.21606110781431198,0.7043286040425301,0.18897392600774765,1.3853733092546463,1.1963993832468987,512,,,,,,,,,,,
421,0.7000022519374478,0.432237968041941,0.76171875,0.41657255217432976,1.0661113411188126,0.12997650727629662,0.19622966274619102,9.792269031075538e-05,0.12997650727629662,0.7248608246445656,0.2145192287862301,1.31298366189003,1.0984644331037998,512,,,,,,,,,,,
422,0.7000022519374478,0.43295775806462317,0.70703125,0.7013142891228199,1.8528947159647942,0.14397965371608734,0.27230003476142883,9.789761298692657e-05,0.14397965371608734,0.7211230248212814,0.16109921783208847,0.8992684073746204,0.738169189542532,512,,,,,,,,,,,
423,0.7000022519374478,0.43367625698447226,0.83984375,0.7441543973982334,1.9776474237442017,0.18925675190985203,0.27736581303179264,9.78723884530363e-05,0.18925675190985203,0.7105322182178497,0.11362765729427338,2.0203207209706306,1.9066930636763573,512,,,,,,,,,,,
424,0.7000022516622172,0.43439346596046735,0.7578125,0.6280729323625565,1.5820883959531784,0.1562046455219388,0.3211628347635269,9.784701678661045e-05,0.1562046455219388,0.7240893542766571,0.18652813509106636,1.3444643802940845,1.1579362452030182,512,0.0007358503062278032,0.0007358503062278032,0.02,3030,0.7000022516622172,3030,3031,6061,-1,3030,11209
425,0.7000022516622172,0.4351093861515874,0.73828125,0.513579711318016,1.3502911925315857,0.16370163206011057,0.2060109432786703,9.782149806562711e-05,0.16370163206011057,0.7238525226712227,0.14936508610844612,1.1884860396385193,1.0391209535300732,512,,,,,,,,,,,
426,0.7000022516622172,0.4358240187168121,0.79296875,0.3827657736837864,0.9824690744280815,0.1854249695315957,0.17742716148495674,9.779583236851631e-05,0.1854249695315957,0.716789536178112,0.18529285490512848,1.179792083799839,0.9944992288947105,512,,,,,,,,,,,
427,0.7000022516622172,0.4365373648151204,0.83984375,0.6376056037843227,1.660770483314991,0.1727708838880062,0.2713676989078522,9.777001977415987e-05,0.1727708838880062,0.7252539023756981,0.17069092020392418,1.0283262319862843,0.8576353117823601,512,,,,,,,,,,,
428,0.7000022516622172,0.4372494256054913,0.70703125,0.3411399535834789,0.8773266300559044,0.16744101140648127,0.15643075853586197,9.774406036189103e-05,0.16744101140648127,0.7232275083661079,0.10891655832529068,1.4419043958187103,1.3329878374934196,512,,,,,,,,,,,
429,0.7000022516622172,0.43796020224690435,0.75390625,0.5119696483016014,1.3397903144359589,0.156041344627738,0.2116327602416277,9.771795421149428e-05,0.156041344627738,0.7056176587939262,0.16093368083238602,1.3120308741927147,1.1510971933603287,512,,,,,,,,,,,
430,0.7000022516622172,0.4386696958983386,0.6875,0.4596827030181885,1.1884528398513794,0.12551288027316332,0.20452499017119408,9.76917014032051e-05,0.12551288027316332,0.728337399661541,0.1248440183699131,0.6851347647607327,0.5602907463908195,512,,,,,,,,,,,
431,0.7000022516622172,0.43937790771877316,0.796875,0.6242309771478176,1.6605253368616104,0.16254212148487568,0.23108354583382607,9.766530201770969e-05,0.16254212148487568,0.7248168736696243,0.050608012825250626,1.2747881934046745,1.224180180579424,512,,,,,,,,,,,
432,0.7000022516622172,0.44008483886718747,0.7421875,0.4665166474878788,1.2016489878296852,0.15864572301506996,0.2120377579703927,9.763875613614482e-05,0.15864572301506996,0.7281371876597404,0.20372291281819344,1.2601716667413712,1.0564487539231777,512,0.0008891195175237954,0.0008891195175237954,0.02,2917,0.7000022516622172,2917,2917,5834,0,2917,11095
433,0.7000022516622172,0.44079049050256064,0.84375,0.8094499781727791,2.142578572034836,0.2032450381666422,0.3103000521659851,9.761206384009742e-05,0.2032450381666422,0.7269042953848839,0.3747827708721161,2.4613136425614357,2.0865308716893196,512,,,,,,,,,,,
434,0.7000022516622172,0.44149486378387154,0.72265625,0.7180784661322832,1.9089497849345207,0.14256301522254944,0.2670455062761903,9.758522521160446e-05,0.14256301522254944,0.7169482186436653,0.20975662767887115,0.8412260264158249,0.6314693987369537,512,,,,,,,,,,,
435,0.7000022516622172,0.44219795987009997,0.6875,0.6661018431186676,1.7442871183156967,0.1417935537174344,0.274203198030591,9.755824033315263e-05,0.1417935537174344,0.7145629823207855,0.16855328157544136,1.142535500228405,0.9739822186529636,512,,,,,,,,,,,
436,0.7000022516622172,0.44289977992022483,0.703125,0.6906169690191746,1.8093729987740517,0.11749737150967121,0.2834055721759796,9.753110928767815e-05,0.11749737150967121,0.729680173099041,0.16521836817264557,0.7862776331603527,0.6210592649877071,512,,,,,,,,,,,
437,0.7000022516622172,0.4436003250932251,0.703125,0.6131929159164429,1.62039964646101,0.1609660843387246,0.23776061832904816,9.750383215856641e-05,0.1609660843387246,0.7349560409784317,0.21105973795056343,1.7021780163049698,1.4911182783544064,512,,,,,,,,,,,
438,0.7000022516622172,0.44429959654808043,0.703125,0.5734553001821041,1.5104584619402885,0.1756239989772439,0.22728479467332363,9.747640902965184e-05,0.1756239989772439,0.7322875782847404,0.28881581872701645,1.8906634151935577,1.6018475964665413,512,,,,,,,,,,,
439,0.7000022516622172,0.44499759544376977,0.671875,0.5268405303359032,1.383963905274868,0.1662048203870654,0.21252246666699648,9.744883998521755e-05,0.1662048203870654,0.7189379557967186,0.19869312644004822,1.1522387564182281,0.9535456299781799,512,,,,,,,,,,,
440,0.7000022516622172,0.4456943229392722,0.69921875,0.6430680677294731,1.6949992775917053,0.17679494712501764,0.2536917617544532,9.742112510999515e-05,0.17679494712501764,0.7264965549111366,0.15912356972694397,1.4922826662659645,1.3331590965390205,512,0.0007213016506284475,0.0007213016506284475,0.02,3000,0.7000022516622172,3000,3000,6000,0,3000,11181
441,0.7000022516622172,0.44638978019356723,0.84765625,0.5010751038789749,1.3261417150497437,0.17121401615440845,0.19226764142513275,9.73932644891644e-05,0.17121401615440845,0.7349096536636353,0.06554614380002022,2.0396988838911057,1.9741527400910854,512,,,,,,,,,,,
442,0.7000022516622172,0.44708396836563397,0.82421875,0.6793457493185997,1.7691915035247803,0.17657288815826178,0.289431918412447,9.736525820835303e-05,0.17657288815826178,0.7116992101073265,0.17196618020534515,1.091274306178093,0.9193081259727478,512,,,,,,,,,,,
443,0.7000022516622172,0.4477768886144513,0.7421875,0.4979845918715,1.3047728538513184,0.19312375504523516,0.20427132304757833,9.733710635363645e-05,0.19312375504523516,0.7134081795811653,0.06388993561267853,2.01524218916893,1.9513522535562515,512,,,,,,,,,,,
444,0.7000022516622172,0.448468542098999,0.7265625,0.4397030174732208,1.1424152478575706,0.15131495147943497,0.19001811649650335,9.730880901153747e-05,0.15131495147943497,0.7164697125554085,0.18175829946994781,1.122462771832943,0.9407044723629951,512,,,,,,,,,,,
445,0.7000022516622172,0.4491589299782559,0.67578125,0.4375753328204155,1.1503199934959412,0.16342205461114645,0.17566581070423126,9.728036626902607e-05,0.16342205461114645,0.7261962741613388,0.17342586070299149,1.048719860613346,0.8752939999103546,512,,,,,,,,,,,
446,0.7000022516622172,0.4498480534112011,0.6484375,0.3676590137183666,0.948535606265068,0.13125978130847216,0.16558259911835194,9.725177821351907e-05,0.13125978130847216,0.7361157089471817,0.10391326993703842,1.2169474847614765,1.113034214824438,512,,,,,,,,,,,
447,0.7000022516622172,0.45053591355681416,0.7109375,0.40210018306970596,1.0569023489952087,0.1544225225225091,0.16158299148082733,9.72230449328799e-05,0.1544225225225091,0.7240502834320068,0.1692357249557972,1.3900233209133148,1.2207875959575176,512,,,,,,,,,,,
448,0.7000022607448297,0.45122251157407406,0.69140625,0.7537129148840904,1.9637799337506294,0.15088646113872528,0.3201985517516732,9.719416651541839e-05,0.15088646113872528,0.7352783158421516,0.08873685449361801,1.6023167110979557,1.5135798566043377,512,0.0007454829756170511,0.0007454829756170511,0.02,3041,0.7000022607448297,3041,3041,6082,0,3041,11255
449,0.7000022607448297,0.45190784862195993,0.6875,0.3691067211329937,0.9635541811585426,0.17353097721934319,0.1549510145559907,9.716514304989036e-05,0.17353097721934319,0.713381327688694,0.2127840630710125,1.1080180555582047,0.8952339924871922,512,,,,,,,,,,,
450,0.7000022607448297,0.45259192585945124,0.7109375,0.7156535983085632,1.8910301253199577,0.23245951160788536,0.2776170251891017,9.713597462549747e-05,0.23245951160788536,0.7131030261516571,0.3041628412902355,1.6061450988054276,1.301982257515192,512,,,,,,,,,,,
451,0.7000022607448297,0.4532747444455271,0.7890625,0.45899974554777145,1.1976300179958344,0.18025176413357258,0.19327825866639614,9.710666133188688e-05,0.18025176413357258,0.7205785885453224,0.18003550916910172,1.0626700893044472,0.8826345801353455,512,,,,,,,,,,,
452,0.7000022607448297,0.4539563055391664,0.703125,0.46875862777233124,1.2180533856153488,0.21425748616456985,0.20242724381387234,9.707720325915104e-05,0.21425748616456985,0.7012182474136353,0.2658272311091423,1.4648184031248093,1.198991172015667,512,,,,,,,,,,,
453,0.7000022607448297,0.4546366102993488,0.7734375,0.6048732399940491,1.5659864842891693,0.19386084005236626,0.26696266420185566,9.704760049782732e-05,0.19386084005236626,0.7132348343729973,0.1796218454837799,1.5847276523709297,1.4051058068871498,512,,,,,,,,,,,
454,0.7000022607448297,0.4553156598850533,0.6953125,0.49141041934490204,1.278511792421341,0.16200283728539944,0.21061061695218086,9.70178531388978e-05,0.16200283728539944,0.7252416834235191,0.23067012801766396,2.6234555691480637,2.3927854411303997,512,,,,,,,,,,,
455,0.7000022607448297,0.455993455455259,0.6953125,0.4607015773653984,1.1915527656674385,0.17108901869505644,0.2045125588774681,9.698796127378895e-05,0.17108901869505644,0.7251342609524727,0.13969161361455917,1.1281553581357002,0.988463744521141,512,,,,,,,,,,,
456,0.7000022607448297,0.45666999816894527,0.65625,0.7435840517282486,1.9533289819955826,0.12414822913706303,0.2999558802694082,9.69579249943714e-05,0.12414822913706303,0.7251001000404358,0.1135682500898838,0.7459738068282604,0.6324055567383766,512,0.0005452996701933444,0.0005452996701933444,0.02,3290,0.7000022607448297,3290,3290,6580,0,3290,11502
457,0.7000022607448297,0.4573452891850913,0.84375,0.702510692179203,1.8642296344041824,0.17507283482700586,0.26459054462611675,9.692774439295962e-05,0.17507283482700586,0.719128392636776,0.061360396444797516,1.2727997675538063,1.2114393711090088,512,,,,,,,,,,,
458,0.7000022607448297,0.4580193296626761,0.69921875,0.4081149958074093,1.0629953816533089,0.14668750716373324,0.17371666058897972,9.689741956231163e-05,0.14668750716373324,0.725705549120903,0.20675794780254364,1.3770568780601025,1.1702989302575588,512,,,,,,,,,,,
459,0.7000022607448297,0.4586921207606792,0.70703125,0.3704761117696762,0.9604031294584274,0.1446238113567233,0.16225170716643333,9.686695059562876e-05,0.1446238113567233,0.7308202981948853,0.18661143630743027,0.9741209745407104,0.7875095382332802,512,,,,,,,,,,,
460,0.7000022607448297,0.4593636636380797,0.73046875,0.5814933106303215,1.52432082593441,0.195289202965796,0.23778001964092255,9.683633758655529e-05,0.195289202965796,0.7122412025928497,0.22826069965958595,1.2734783291816711,1.0452176295220852,512,,,,,,,,,,,
461,0.7000022607448297,0.4600339594538564,0.67578125,0.6487024798989296,1.705495037138462,0.13248144462704659,0.26026997435837984,9.680558062917822e-05,0.13248144462704659,0.7162475287914276,0.26016703620553017,1.4909880794584751,1.230821043252945,512,,,,,,,,,,,
462,0.7000022607448297,0.4607030093669891,0.7265625,0.5414007008075714,1.428283728659153,0.14056415669620037,0.21232433430850506,9.677467981802696e-05,0.14056415669620037,0.7258959785103798,0.15260381624102592,1.1883198916912079,1.035716075450182,512,,,,,,,,,,,
463,0.7000022607448297,0.46137081453645673,0.7890625,0.4568328894674778,1.2114586010575294,0.1862200228497386,0.1728834416717291,9.67436352480731e-05,0.1862200228497386,0.7302489951252937,0.08656962215900421,2.030391812324524,1.9438221901655197,512,,,,,,,,,,,
464,0.7000022607448297,0.46203737612123835,0.7578125,0.731826052069664,1.924617923796177,0.15428415313363075,0.2930366974323988,9.671244701472999e-05,0.15428415313363075,0.7353369072079659,0.17457250505685806,0.888651505112648,0.71407900005579,512,0.0007611151086166501,0.0007611151086166501,0.02,3259,0.7000022607448297,3259,3259,6518,0,3259,11471
465,0.7000022607448297,0.46270269528031344,0.734375,0.6874422021210194,1.8166981562972069,0.1384490178897977,0.26645992510020733,9.668111521385256e-05,0.1384490178897977,0.7252026200294495,0.2116817645728588,1.2026564702391624,0.9909747056663036,512,,,,,,,,,,,
466,0.7000022607448297,0.4633667731726611,0.81640625,0.5639579147100449,1.4648992866277695,0.19458634033799171,0.24406401999294758,9.664963994173695e-05,0.19458634033799171,0.7279077097773552,0.10244579613208771,1.3083343505859375,1.2058885544538498,512,,,,,,,,,,,
467,0.7000022607448297,0.46402961095726036,0.75,0.7618791647255421,2.0186594873666763,0.16839016135782003,0.29006527177989483,9.661802129512029e-05,0.16839016135782003,0.7165331840515137,0.21706607192754745,1.1070139855146408,0.8899479135870934,512,,,,,,,,,,,
468,0.7000022607448297,0.4646912097930908,0.7421875,0.7003182768821716,1.873402588069439,0.17649933323264122,0.24877396412193775,9.658625937118034e-05,0.17649933323264122,0.7272851467132568,0.1615748405456543,1.6376383192837238,1.4760634787380695,512,,,,,,,,,,,
469,0.7000022607448297,0.46535157083913137,0.71875,0.5798701979219913,1.5146289020776749,0.12688772194087505,0.24255346320569515,9.655435426753521e-05,0.12688772194087505,0.7274779975414276,0.14529093727469444,0.7538446523249149,0.6085537150502205,512,,,,,,,,,,,
470,0.7000022607448297,0.46601069525436106,0.7890625,0.4831838756799698,1.25864776968956,0.1589708412066102,0.20554577186703682,9.652230608224307e-05,0.1589708412066102,0.7093969583511353,0.20201706886291504,1.5413636974990368,1.3393466286361217,512,,,,,,,,,,,
471,0.7000022607448297,0.4666685841977596,0.85546875,0.45528703555464745,1.179302453994751,0.12820876250043511,0.2003551796078682,9.649011491380184e-05,0.12820876250043511,0.7220141515135765,0.1993575058877468,1.099170334637165,0.8998128287494183,512,,,,,,,,,,,
472,0.7000022607448297,0.4673252388283059,1.28125,0.5499786250293255,1.453087918460369,0.15841727517545223,0.21351394709199667,9.645778086114892e-05,0.15841727517545223,0.7312890440225601,0.1406203731894493,1.1757781095802784,1.035157736390829,512,0.0007511632284149528,0.0007511632284149528,0.02,4003,0.7000022607448297,4003,4003,8006,0,4003,12215
473,0.7000022607448297,0.467980660304979,4.90625,0.5793448984622955,1.5245730802416801,0.20868154242634773,0.23101740702986717,9.642530402366079e-05,0.20868154242634773,0.7055859118700027,0.19614455848932266,1.8067494928836823,1.6106049343943596,512,,,,,,,,,,,
474,0.7000022607448297,0.4686348497867584,1.6640625,0.7119707129895687,1.8862967193126678,0.21838381327688694,0.2711901944130659,9.639268450115282e-05,0.21838381327688694,0.7127856314182281,0.14616340026259422,1.5390062667429447,1.3928428664803505,512,,,,,,,,,,,
475,0.7000022607448297,0.4692878084326232,6.75,0.6262465268373489,1.6391566395759583,0.1605460736900568,0.2585600297898054,9.635992239387888e-05,0.1605460736900568,0.7200170904397964,0.04505857825279236,1.1749687641859055,1.129910185933113,512,,,,,,,,,,,
476,0.7000022607448297,0.4699395374015525,0.76171875,0.49851319938898087,1.3113647475838661,0.15675056539475918,0.19928124640136957,9.632701780253111e-05,0.15675056539475918,0.7346288934350014,0.07245515286922455,1.2458029985427856,1.173347845673561,512,,,,,,,,,,,
477,0.7000022607448297,0.4705900378525257,0.82421875,0.41991386003792286,1.0935905426740646,0.13933293148875237,0.1788756726309657,9.629397082823952e-05,0.13933293148875237,0.7249999865889549,0.13880977779626846,0.7586404010653496,0.6198306232690811,512,,,,,,,,,,,
478,0.7000022607448297,0.4712393109445219,0.84765625,0.39331303909420967,1.0321794375777245,0.16296149604022503,0.15967821516096592,9.626078157257176e-05,0.16296149604022503,0.7204076945781708,0.21232977882027626,1.3514362797141075,1.1391065008938313,512,,,,,,,,,,,
479,0.7000022607448297,0.4718873578365201,0.671875,0.5663532912731171,1.478571467101574,0.1518222549930215,0.23765056394040585,9.622745013753273e-05,0.1518222549930215,0.7154296636581421,0.18693414330482483,1.0436732098460197,0.8567390665411949,512,,,,,,,,,,,
480,0.7000022728549797,0.47253417968749994,0.8125,0.5819923505187035,1.5326230600476265,0.1952261421829462,0.2309900689870119,9.619397662556435e-05,0.1952261421829462,0.7176904082298279,0.01821335405111313,1.9432694390416145,1.9250560849905014,512,0.0006550279795192182,0.0006550279795192182,0.02,3979,0.7000022728549797,3979,3979,7958,0,3979,12235
481,0.7000022728549797,0.4731797776564404,0.69921875,0.43766303174197674,1.1452022045850754,0.17794242594391108,0.1810493916273117,9.616036113954516e-05,0.17794242594391108,0.7212866097688675,0.12631338834762573,2.159015014767647,2.032701626420021,512,,,,,,,,,,,
482,0.7000022728549797,0.4738241529023205,0.7265625,0.5870905071496964,1.5453566387295723,0.15091925580054522,0.23370542004704475,9.612660378279012e-05,0.15091925580054522,0.7225268185138702,0.12470439448952675,1.2900091670453548,1.165304772555828,512,,,,,,,,,,,
483,0.7000022728549797,0.4744673065841198,0.859375,0.6331007443368435,1.6534995287656784,0.1305191209539771,0.26498751901090145,9.609270465905012e-05,0.1305191209539771,0.7363769337534904,0.24088703840970993,1.36826553940773,1.1273785009980202,512,,,,,,,,,,,
484,0.7000022728549797,0.47510923986081727,0.7109375,0.599093422293663,1.5722078308463097,0.16890175081789494,0.24322669953107834,9.605866387251186e-05,0.16890175081789494,0.7210400253534317,0.20286162942647934,1.1329567916691303,0.930095162242651,512,,,,,,,,,,,
485,0.7000022728549797,0.475749953891392,0.87109375,0.5394607037305832,1.4140690863132477,0.16573849692940712,0.22066026646643877,9.602448152779737e-05,0.16573849692940712,0.707941859960556,0.10430605709552765,1.462928220629692,1.3586221635341644,512,,,,,,,,,,,
486,0.7000022728549797,0.47638944983482356,0.828125,0.5309299044311047,1.396720103919506,0.13707212917506695,0.21215838007628918,9.599015772996375e-05,0.13707212917506695,0.7275121957063675,0.2677154242992401,1.1752648800611496,0.9075494557619095,512,,,,,,,,,,,
487,0.7000022728549797,0.477027728850091,1.0078125,0.48591393046081066,1.2841205224394798,0.14869793690741062,0.18834587465971708,9.59556925845029e-05,0.14869793690741062,0.7287377864122391,0.15741832554340363,0.959385946393013,0.8019676208496094,512,,,,,,,,,,,
488,0.7000022728549797,0.4776647920961732,0.640625,0.5311223305761814,1.3875226080417633,0.11933794245123863,0.22193889878690243,9.592108619734106e-05,0.11933794245123863,0.7380102351307869,0.1268407590687275,0.9178755208849907,0.7910347618162632,512,0.0007620846736244857,0.0007620846736244857,0.02,3936,0.7000022728549797,3936,3936,7872,0,3936,12194
489,0.7000022728549797,0.4783006407320499,0.76953125,0.4538450352847576,1.1834606975317001,0.14781732484698296,0.19182723388075829,9.588633867483864e-05,0.14781732484698296,0.7170898243784904,0.1478598713874817,0.905006930232048,0.7571470588445663,512,,,,,,,,,,,
490,0.7000022728549797,0.47893527591670004,2.375,0.45725223794579506,1.174796685576439,0.28870427422225475,0.21081609651446342,9.585145012378978e-05,0.28870427422225475,0.7061108276247978,0.6748427972197533,1.9015639796853065,1.2267211824655533,512,,,,,,,,,,,
491,0.7000022728549797,0.47956869880910263,0.85546875,0.6201250925660133,1.6137158647179604,0.1909844046458602,0.2654510047286749,9.581642065142208e-05,0.1909844046458602,0.7151757627725601,0.18041111528873444,1.2923573181033134,1.111946202814579,512,,,,,,,,,,,
492,0.7000022728549797,0.48020091056823727,0.74609375,0.551153376698494,1.4485770016908646,0.14517702721059322,0.2215846898034215,9.578125036539624e-05,0.14517702721059322,0.7406518310308456,0.1385352611541748,1.2806525900959969,1.142117328941822,512,,,,,,,,,,,
493,0.7000022728549797,0.4808319123530829,1.0078125,0.4343688525259495,1.147408850491047,0.14709667023271322,0.16886036843061447,9.574593937380575e-05,0.14709667023271322,0.7120776176452637,0.06843380257487297,0.892408225685358,0.8239744231104851,512,,,,,,,,,,,
494,0.7000022728549797,0.4814617053226187,0.69921875,0.5120199844241142,1.3366172015666962,0.16535399854183197,0.21495844051241875,9.571048778517654e-05,0.16535399854183197,0.7132641524076462,0.18246712535619736,1.6789791136980057,1.4965119883418083,512,,,,,,,,,,,
495,0.7000022728549797,0.48209029063582415,0.78125,0.4083929881453514,1.0595776066184044,0.18907620199024677,0.17797688022255898,9.567489570846666e-05,0.18907620199024677,0.7290624976158142,0.16921380162239075,1.6932158768177032,1.5240020751953125,512,,,,,,,,,,,
496,0.7000022728549797,0.4827176694516783,0.83984375,0.6776296086609364,1.7560933977365494,0.16268914472311735,0.297329556196928,9.563916325306594e-05,0.16268914472311735,0.7248095571994781,0.21187105774879456,1.5631290599703789,1.3512580022215843,512,0.0007625619182363153,0.0007625619182363153,0.02,3801,0.7000022728549797,3801,3801,7602,0,3801,12056
497,0.7000022728549797,0.48334384292916005,0.66015625,0.5180375389754772,1.3593069538474083,0.1603081189095974,0.21050375699996948,9.560329052879568e-05,0.1603081189095974,0.7313378751277924,0.08608726412057877,2.5706104040145874,2.4845231398940086,512,,,,,,,,,,,
498,0.7000022728549797,0.48396881222724913,4.53125,0.4622667543590069,1.2053200528025627,0.16281044390052557,0.1954882238060236,9.556727764590823e-05,0.16281044390052557,0.7311865091323853,0.13571881502866745,0.9862574338912964,0.8505386188626289,512,,,,,,,,,,,
499,0.7000022728549797,0.48459257850492443,0.70703125,0.48530956730246544,1.2692782953381538,0.15867389552295208,0.20135666150599718,9.553112471508676e-05,0.15867389552295208,0.7355786040425301,0.10594906657934189,1.2890142276883125,1.1830651611089706,512,,,,,,,,,,,
500,0.7000022728549797,0.48521514292116513,0.73046875,0.5674148872494698,1.4935925975441933,0.12391240522265434,0.22584637440741062,9.549483184744483e-05,0.12391240522265434,0.720996081829071,0.10925953090190887,0.6703727804124355,0.5611132495105267,512,,,,,,,,,,,
501,0.7000022728549797,0.4858365066349506,0.7890625,0.43661344796419144,1.14773777872324,0.18860108498483896,0.17533322609961033,9.545839915452613e-05,0.18860108498483896,0.7080590650439262,0.06982411071658134,1.731097787618637,1.6612736769020557,512,,,,,,,,,,,
502,0.7000022728549797,0.48645667080526,0.6953125,0.4458201751112938,1.1656242311000824,0.12177065014839172,0.1853459756821394,9.542182674830405e-05,0.12177065014839172,0.7368017435073853,0.09811824560165405,1.0682701170444489,0.9701518714427948,512,,,,,,,,,,,
503,0.7000022728549797,0.48707563659107234,0.79296875,0.6561561785638332,1.7137869223952293,0.1816827366128564,0.2745650354772806,9.53851147411814e-05,0.1816827366128564,0.7126611098647118,0.1452862247824669,1.7115473970770836,1.5662611722946167,512,,,,,,,,,,,
504,0.7000022728549797,0.48769340515136717,0.90625,0.9725757986307144,2.5594946295022964,0.1591247683390975,0.38770462572574615,9.534826324599003e-05,0.1591247683390975,0.7231323048472404,0.21753014251589775,1.1974936351180077,0.9799634926021099,512,0.0005869253072887659,0.0005869253072887659,0.02,4045,0.7000022728549797,4045,4045,8090,0,4045,12302
505,0.7000022728549797,0.4883099776451235,1.0234375,0.5446959249675274,1.4042221009731293,0.21167040523141623,0.24637155048549175,9.531127237599053e-05,0.21167040523141623,0.716054692864418,0.00657152384519577,1.9654484167695045,1.9588768929243088,512,,,,,,,,,,,
506,0.7000022728549797,0.4889253552313203,0.86328125,0.4822100140154362,1.2818855196237564,0.1832323893904686,0.17935687489807606,9.527414224487182e-05,0.1832323893904686,0.7138940244913101,0.11926665902137756,0.8972994312644005,0.7780327722430229,512,,,,,,,,,,,
507,0.7000022728549797,0.48953953906893727,0.80078125,0.5538993310183287,1.4504018053412437,0.12048826087266207,0.2280809674412012,9.523687296675083e-05,0.12048826087266207,0.7185571193695068,0.2356583308428526,0.928123664110899,0.6924653332680464,512,,,,,,,,,,,
508,0.7000022728549797,0.4901525303169533,0.69921875,0.6843456476926804,1.798187717795372,0.13038488384336233,0.2755869533866644,9.519946465617218e-05,0.13038488384336233,0.7304736152291298,0.1734725795686245,1.4064835719764233,1.2330109924077988,512,,,,,,,,,,,
509,0.7000022728549797,0.49076433013434756,0.6953125,0.4227947201579809,1.1026187241077423,0.13908298313617706,0.17857732810080051,9.516191742810773e-05,0.13908298313617706,0.7170849442481995,0.2914049103856087,1.9375916123390198,1.646186701953411,512,,,,,,,,,,,
510,0.7000022728549797,0.49137493968009943,0.703125,0.4004119858145714,1.0416695922613144,0.15538640227168798,0.17170000821352005,9.512423139795637e-05,0.15538640227168798,0.7254687324166298,0.22599824517965317,1.3226786702871323,1.096680425107479,512,,,,,,,,,,,
511,0.7000022728549797,0.4919843601131881,0.80859375,0.6023915708065033,1.579358920454979,0.17722690384835005,0.24607003387063742,9.508640668154355e-05,0.17722690384835005,0.7180761620402336,0.22708158940076828,1.6504629403352737,1.4233813509345055,512,,,,,,,,,,,
512,0.7000022863412833,0.49259259259259247,0.76171875,0.38042212650179863,0.9973961785435677,0.16112953703850508,0.15539809316396713,9.504844339512095e-05,0.16112953703850508,0.7184716537594795,0.15310164168477058,1.5558218210935593,1.4027201794087887,512,0.0006251923623494804,0.0006251923623494804,0.02,4017,0.7000022863412833,4017,4017,8034,0,4017,12321
513,0.7000022863412833,0.49319963827729224,0.69140625,0.6364248655736446,1.6888892203569412,0.14749906631186604,0.23967090994119644,9.501034165536619e-05,0.14749906631186604,0.7227783054113388,0.19367225840687752,1.181659296154976,0.9879870377480984,512,,,,,,,,,,,
514,0.7000022863412833,0.4938054983262663,0.61328125,0.4688461720943451,1.2256147041916847,0.1293056197464466,0.19513119384646416,9.497210157938234e-05,0.1293056197464466,0.72705078125,0.11713235825300217,0.8655508756637573,0.7484185174107552,512,,,,,,,,,,,
515,0.7000022863412833,0.4944101738984937,1.0078125,0.42031605914235115,1.0924481078982353,0.19730880670249462,0.18123682867735624,9.49337232846977e-05,0.19730880670249462,0.6977343633770943,0.6525858081877232,2.6071091257035732,1.95452331751585,512,,,,,,,,,,,
516,0.7000022863412833,0.49501366615295406,0.7578125,0.3888351321220398,1.0119524598121643,0.16191221121698618,0.16633574571460485,9.489520688926534e-05,0.16191221121698618,0.7216918841004372,0.048456717282533646,1.1940529271960258,1.1455962099134922,512,,,,,,,,,,,
517,0.7000022863412833,0.4956159762486264,0.671875,0.5448683612048626,1.4459416195750237,0.13764368370175362,0.20517456345260143,9.48565525114628e-05,0.13764368370175362,0.7334008440375328,0.20825965702533722,1.3393874391913414,1.1311277821660042,512,,,,,,,,,,,
518,0.7000022863412833,0.4962171053444897,1.0703125,0.6652508042752743,1.7334700673818588,0.1897625718265772,0.28244138695299625,9.481776027009167e-05,0.1897625718265772,0.7231249883770943,-0.09201004356145859,2.036919981241226,2.128930024802685,512,,,,,,,,,,,
519,0.7000022863412833,0.4968170545995235,0.77734375,0.5343038141727448,1.4001315757632256,0.15964052639901638,0.21897082962095737,9.477883028437728e-05,0.15964052639901638,0.7259911969304085,0.12085304781794548,1.0698586516082287,0.9490056037902832,512,,,,,,,,,,,
520,0.7000022863412833,0.4974158251727069,0.828125,0.49230702966451645,1.295082539319992,0.16522067319601774,0.19675685837864876,9.473976267396831e-05,0.16522067319601774,0.7272802665829659,0.188897043466568,1.1859402060508728,0.9970431625843048,512,0.0006948015070520341,0.0006948015070520341,0.02,4056,0.7000022863412833,4056,4056,8112,0,4056,12354
521,0.7000022863412833,0.4980134182230189,0.828125,0.5309937261044979,1.3811091184616089,0.16601377446204424,0.2279626876115799,9.470055755893638e-05,0.16601377446204424,0.7301831096410751,0.23719472438097,1.3641994073987007,1.1270046830177307,512,,,,,,,,,,,
522,0.7000022863412833,0.49860983490943905,0.67578125,0.41306357830762863,1.084373690187931,0.1568466378375888,0.1673340667039156,9.466121505977577e-05,0.1568466378375888,0.7230639606714249,0.16769859939813614,1.1111456230282784,0.9434470236301422,512,,,,,,,,,,,
523,0.7000022863412833,0.4992050763909464,0.69140625,0.39635640382766724,1.0345421731472015,0.12958441860973835,0.16653777845203876,9.462173529740296e-05,0.12958441860973835,0.7421142309904099,0.13503726199269295,0.8678377456963062,0.7328004837036133,512,,,,,,,,,,,
524,0.7000022863412833,0.49979914382651985,1.140625,0.4644426889717579,1.231257826089859,0.18777021393179893,0.17614421714097261,9.458211839315636e-05,0.18777021393179893,0.7376293912529945,-0.002910211682319641,2.1037866100668907,2.1066968217492104,512,,,,,,,,,,,
525,0.7000022863412833,0.5003920383751392,0.76171875,0.630595725029707,1.6547103896737099,0.1439150171354413,0.2561856973916292,9.454236446879579e-05,0.1439150171354413,0.720451645553112,0.0754503607749939,1.1600549444556236,1.0846045836806297,512,,,,,,,,,,,
526,0.7000022863412833,0.5009837611957833,0.74609375,0.7369517609477043,1.953318640589714,0.15887634828686714,0.2798683736473322,9.450247364650227e-05,0.15887634828686714,0.7352904975414276,0.16665976122021675,1.0469985343515873,0.8803387731313705,512,,,,,,,,,,,
527,0.7000022863412833,0.5015743134474312,0.73046875,0.5588606484234333,1.4672928154468536,0.10221504606306553,0.22622423991560936,9.446244604887751e-05,0.10221504606306553,0.7345971465110779,0.11435817182064056,0.7008657492697239,0.5865075774490833,512,,,,,,,,,,,
528,0.7000022863412833,0.5021636962890624,0.7734375,0.5076146312057972,1.3411554470658302,0.14514180831611156,0.1970706544816494,9.442228179894362e-05,0.14514180831611156,0.7189233303070068,0.20905699208378792,1.0109976902604103,0.8019406981766224,512,0.0006367441383190453,0.0006367441383190453,0.02,3920,0.7000022863412833,3920,3920,7840,0,3920,12222
529,0.7000022863412833,0.5027519108796561,0.94140625,0.4756847098469734,1.2476235404610634,0.14393562730401754,0.1938452459871769,9.43819810201427e-05,0.14393562730401754,0.7277001813054085,0.271002396941185,1.8056787624955177,1.5346763655543327,512,,,,,,,,,,,
530,0.7000022863412833,0.5033389583781912,0.80078125,0.5971670784056187,1.5703872293233871,0.22236132621765137,0.23920992389321327,9.434154383633646e-05,0.22236132621765137,0.7150292992591858,0.2142096757888794,1.2930897399783134,1.078880064189434,512,,,,,,,,,,,
531,0.7000022863412833,0.5039248399436473,0.8515625,0.454425573348999,1.2012879475951195,0.1385309435427189,0.1757591813802719,9.430097037180583e-05,0.1385309435427189,0.729174792766571,0.04226813465356827,1.1734464168548584,1.1311782822012901,512,,,,,,,,,,,
532,0.7000022863412833,0.5045095567350035,0.75390625,0.7145822457969189,1.9002355933189392,0.1433938918635249,0.2651650933548808,9.426026075125061e-05,0.1433938918635249,0.7339135557413101,0.10552281141281128,1.2619367465376854,1.1564139351248741,512,,,,,,,,,,,
533,0.7000022863412833,0.5050931099112386,0.671875,0.4786389321088791,1.2480572164058685,0.18443809635937214,0.20236370339989662,9.421941509978904e-05,0.18443809635937214,0.7231591567397118,0.23092763125896454,1.9108021780848503,1.6798745468258858,512,,,,,,,,,,,
534,0.7000022863412833,0.5056755006313324,0.91015625,0.661772433668375,1.7395236566662788,0.1710715815424919,0.2658472638577223,9.417843354295748e-05,0.1710715815424919,0.7239574864506721,0.2646391950547695,1.3909581005573273,1.1263189055025578,512,,,,,,,,,,,
535,0.7000022863412833,0.5062567300542637,0.7421875,0.47490763291716576,1.2445199340581894,0.14855517074465752,0.19459407776594162,9.413731620670994e-05,0.14855517074465752,0.7364843338727951,0.1673024371266365,0.9936104640364647,0.8263080269098282,512,,,,,,,,,,,
536,0.7000022863412833,0.5068367993390118,0.796875,0.6784783639013767,1.765967033803463,0.16319292411208153,0.29002791456878185,9.409606321741775e-05,0.16319292411208153,0.7318481355905533,0.18429938703775406,1.6845217421650887,1.5002223551273346,512,0.0008005650015547872,0.0008005650015547872,0.02,4191,0.7000022863412833,4191,4191,8382,0,4191,12495
537,0.7000022863412833,0.5074157096445561,0.828125,0.5759622231125832,1.531611256301403,0.19531487207859755,0.2137287501245737,9.405467470186922e-05,0.19531487207859755,0.7315893396735191,0.15552403777837753,1.7158136814832687,1.5602896437048912,512,,,,,,,,,,,
538,0.7000022863412833,0.5079934621298755,0.80078125,0.619433518499136,1.632446549832821,0.17159288749098778,0.24462463054805994,9.401315078726909e-05,0.17159288749098778,0.7297241017222404,0.14290929213166237,1.93228355422616,1.7893742620944977,512,,,,,,,,,,,
539,0.7000022863412833,0.5085700579539493,0.75390625,0.41465965285897255,1.0939379632472992,0.13990792073309422,0.1626063846051693,9.397149160123833e-05,0.13990792073309422,0.7153393402695656,0.16374917700886726,0.7792065888643265,0.6154574118554592,512,,,,,,,,,,,
540,0.7000022863412833,0.5091454982757568,0.703125,0.5502651631832123,1.452883206307888,0.15897326916456223,0.21458693221211433,9.392969727181359e-05,0.15897326916456223,0.7213134542107582,0.14973679184913635,1.1715751737356186,1.0218383818864822,512,,,,,,,,,,,
541,0.7000022863412833,0.5097197842542772,0.77734375,0.47811721824109554,1.2585211545228958,0.152021580375731,0.19031885638833046,9.388776792744692e-05,0.152021580375731,0.7299169823527336,0.28507741540670395,1.1144235208630562,0.8293461054563522,512,,,,,,,,,,,
542,0.7000022863412833,0.5102929170484894,0.734375,0.4501500278711319,1.1795765236020088,0.16318029910326004,0.18451442196965218,9.384570369700531e-05,0.16318029910326004,0.7221947982907295,0.19074361771345139,1.4188772290945053,1.228133611381054,512,,,,,,,,,,,
543,0.7000022863412833,0.5108648978173732,0.69140625,0.6496377699077129,1.7094226479530334,0.17176933586597443,0.25917657371610403,9.380350470977032e-05,0.17176933586597443,0.7203222438693047,0.278533186763525,1.8987877517938614,1.6202545650303364,512,,,,,,,,,,,
544,0.7000023031303549,0.5114357277199074,0.765625,0.5714609771966934,1.4907162860035896,0.16437636595219374,0.2409835932776332,9.376117109543769e-05,0.16437636595219374,0.7174706757068634,0.3149373084306717,1.5581562146544456,1.243218906223774,512,0.0006408640765585005,0.0006408640765585005,0.02,3886,0.7000023031303549,3886,3886,7772,0,3886,12253
545,0.7000023031303549,0.5120054079150711,1.0234375,0.46539944782853127,1.2287068963050842,0.17383752204477787,0.18159440625458956,9.371870298411687e-05,0.17383752204477787,0.7348071113228798,0.060051701962947845,0.8939028531312943,0.8338511511683464,512,,,,,,,,,,,
546,0.7000023031303549,0.5125739395618438,1.0390625,0.7237816154956818,1.9163080975413322,0.1311306757852435,0.27696940302848816,9.367610050633075e-05,0.1311306757852435,0.7396654859185219,0.01722906529903412,1.0218555629253387,1.0046264976263046,512,,,,,,,,,,,
547,0.7000023031303549,0.5131413238192046,1.078125,0.8311567641794682,2.199297808110714,0.20046662352979183,0.3193589374423027,9.363336379301512e-05,0.20046662352979183,0.7124413922429085,-0.1438731960952282,1.5144355297088623,1.6583087258040905,512,,,,,,,,,,,
548,0.7000023031303549,0.5137075618461325,1.2265625,0.557099811732769,1.449706956744194,0.15156935155391693,0.23847417160868645,9.35904929755184e-05,0.15156935155391693,0.7297631725668907,0.22882679104804993,1.5491783022880554,1.3203515112400055,512,,,,,,,,,,,
549,0.7000023031303549,0.5142726548016071,1.203125,0.6445515416562557,1.6740966215729713,0.1918577877804637,0.27908981032669544,9.35474881856011e-05,0.1918577877804637,0.7294946014881134,0.27630719542503357,1.8451473340392113,1.5688401386141777,512,,,,,,,,,,,
550,0.7000023031303549,0.5148366038446074,0.9609375,0.6579372324049473,1.7238273173570633,0.153003741055727,0.2699217740446329,9.350434955543557e-05,0.153003741055727,0.7367968410253525,0.2624431923031807,1.7212160602211952,1.4587728679180145,512,,,,,,,,,,,
551,0.7000023031303549,0.5153994101341123,0.8359375,0.2925379481166601,0.7687252759933472,0.16795809846371412,0.11775332130491734,9.346107721760543e-05,0.16795809846371412,0.7110961750149727,-0.02908805012702942,1.6869989708065987,1.716087020933628,512,,,,,,,,,,,
552,0.7000023031303549,0.5159610748291016,1.0078125,0.6378119867295027,1.6995328664779663,0.14184296410530806,0.23323065880686045,9.341767130510528e-05,0.14184296410530806,0.7314428612589836,0.09792140126228333,1.3290063068270683,1.231084905564785,512,0.0004977876087650657,0.0004977876087650657,0.02,4021,0.7000023031303549,4021,4021,8042,0,4021,12387
553,0.7000023031303549,0.5165215990885541,0.921875,0.3902348577976227,1.0266988351941109,0.14505409356206656,0.15583098214119673,9.337413195134024e-05,0.14505409356206656,0.7373608201742172,0.08813629299402237,1.4069200195372105,1.318783726543188,512,,,,,,,,,,,
554,0.7000023031303549,0.517080984071449,0.91015625,0.41583384573459625,1.0936426892876625,0.15527889411896467,0.1664598248898983,9.333045929012556e-05,0.15527889411896467,0.726733386516571,0.12528057396411896,0.9660631418228149,0.840782567858696,512,,,,,,,,,,,
555,0.7000023031303549,0.5176392309367657,0.91796875,0.6135188844054937,1.5960534363985062,0.17610519379377365,0.263094624504447,9.32866534556862e-05,0.17610519379377365,0.7265014350414276,0.29396431893110275,2.3878804445266724,2.0939161255955696,512,,,,,,,,,,,
556,0.7000023031303549,0.5181963408434833,0.9375,0.46203554794192314,1.1876154839992523,0.1364633459597826,0.2124921828508377,9.32427145826564e-05,0.1364633459597826,0.7294628694653511,0.23768311738967896,1.196099005639553,0.9584158882498741,512,,,,,,,,,,,
557,0.7000023031303549,0.5187523149505808,0.72265625,0.5535774640738964,1.4588869735598564,0.2363642891868949,0.21862042509019375,9.319864280607935e-05,0.2363642891868949,0.6997460722923279,0.2550479285418987,1.4459444433450699,1.1908965148031712,512,,,,,,,,,,,
558,0.7000023031303549,0.5193071544170379,0.6171875,0.42106643691658974,1.1094125881791115,0.1318257823586464,0.166546237654984,9.315443826140661e-05,0.1318257823586464,0.7401879727840424,0.09565342590212822,1.694876927882433,1.5992235019803047,512,,,,,,,,,,,
559,0.7000023031303549,0.5198608604018335,0.77734375,0.6979812476783991,1.8442300409078598,0.1591816246509552,0.27086455933749676,9.311010108449788e-05,0.1591816246509552,0.7252807542681694,0.1454957015812397,1.1508801355957985,1.0053844340145588,512,,,,,,,,,,,
560,0.7000023028551242,0.5204134340639467,0.98046875,0.5944959595799446,1.5655550807714462,0.14800528064370155,0.2359477449208498,9.306563141162046e-05,0.14800528064370155,0.7342114076018333,0.05059637501835823,0.8558536767959595,0.8052573017776012,512,0.0006296635256148875,0.0006296635256148875,0.02,4357,0.7000023028551242,4357,4358,8715,-1,4357,12722
561,0.7000023028551242,0.5209648765623569,0.78125,0.6385966427624226,1.6485027223825455,0.16514157690107822,0.2866385988891125,9.302102937944885e-05,0.16514157690107822,0.7247265428304672,0.14484339207410812,1.801415354013443,1.6565719619393349,512,,,,,,,,,,,
562,0.7000023028551242,0.5215151890560433,0.609375,0.4331970140337944,1.1442847326397896,0.1441648080945015,0.16843345947563648,9.297629512506439e-05,0.1441648080945015,0.7227636650204659,0.20919999852776527,1.1844754442572594,0.9752754457294941,512,,,,,,,,,,,
563,0.7000023028551242,0.5220643727039849,0.9375,0.36996328830718994,0.9443758726119995,0.14143506065011024,0.17672494240105152,9.293142878595475e-05,0.14143506065011024,0.7363549619913101,0.27154019102454185,1.2275351658463478,0.955994974821806,512,,,,,,,,,,,
564,0.7000023028551242,0.5226124286651611,1.328125,0.5928588509559631,1.5629396587610245,0.25460470747202635,0.23360230773687363,9.288643050001361e-05,0.25460470747202635,0.7182470634579659,0.8571272827684879,2.8653899393975735,2.0082626566290855,512,,,,,,,,,,,
565,0.7000023028551242,0.5231593580985511,0.68359375,0.3795383684337139,0.9839150831103325,0.14769992791116238,0.1662011155858636,9.284130040554013e-05,0.14769992791116238,0.7293676510453224,0.19440965354442596,1.775253213942051,1.580843560397625,512,,,,,,,,,,,
566,0.7000023028551242,0.5237051621631339,0.734375,0.35714708641171455,0.9373021200299263,0.1568594751879573,0.14496170729398727,9.279603864123858e-05,0.1568594751879573,0.7279442995786667,0.1533229798078537,1.422813169658184,1.2694901898503304,512,,,,,,,,,,,
567,0.7000023028551242,0.524249842017889,0.73828125,0.3543439358472824,0.9310201928019524,0.1274511544033885,0.14274927135556936,9.275064534621792e-05,0.1274511544033885,0.7155517265200615,0.136862363666296,0.8881061524152756,0.7512437887489796,512,,,,,,,,,,,
568,0.7000023028551242,0.5247933988217955,0.81640625,0.7297522500157356,1.9461264833807945,0.1325236912816763,0.26524389535188675,9.270512065999137e-05,0.1325236912816763,0.7333032041788101,0.14550048857927322,0.9439638033509254,0.7984633147716522,512,0.0005696905427612364,0.0005696905427612364,0.02,4238,0.7000023028551242,4238,4238,8476,0,4238,12601
569,0.7000023028551242,0.5253358337338323,0.7421875,0.5459379367530346,1.4395465031266212,0.18249566946178675,0.21481085382401943,9.265946472247598e-05,0.18249566946178675,0.7506933361291885,0.07324251532554626,2.316036745905876,2.24279423058033,512,,,,,,,,,,,
570,0.7000023028551242,0.5258771479129791,0.83203125,0.44198472425341606,1.1349213421344757,0.14096362423151731,0.20442627556622028,9.261367767399213e-05,0.14096362423151731,0.7339013516902924,0.07384497672319412,1.3237039893865585,1.2498590126633644,512,,,,,,,,,,,
571,0.7000023028551242,0.5264173425182148,0.828125,0.4741595219820738,1.2447465658187866,0.12807958852499723,0.19210042990744114,9.256775965526326e-05,0.12807958852499723,0.728818342089653,0.16807318851351738,0.8216272071003914,0.653554018586874,512,,,,,,,,,,,
572,0.7000023028551242,0.5269564187085186,0.875,0.4241228401660919,1.0929045975208282,0.12436922919005156,0.19231608510017395,9.252171080741524e-05,0.12436922919005156,0.7294360101222992,0.14474373310804367,0.763445571064949,0.6187018379569054,512,,,,,,,,,,,
573,0.7000023028551242,0.5274943776428699,1.09375,0.5611373484134674,1.4909281730651855,0.1789792450144887,0.20948797091841698,9.247553127197609e-05,0.1789792450144887,0.7290063351392746,0.09168154746294022,0.8776546232402325,0.7859730757772923,512,,,,,,,,,,,
574,0.7000023028551242,0.5280312204802478,2.875,0.5033316761255264,1.3119410797953606,0.12162221781909466,0.21330635994672775,9.242922119087548e-05,0.12162221781909466,0.7258984297513962,0.080049529671669,0.6469778791069984,0.5669283494353294,512,,,,,,,,,,,
575,0.7000023028551242,0.5285669483796313,1.0625,0.4632280133664608,1.2312083765864372,0.1820977358147502,0.17251281719654799,9.23827807064443e-05,0.1820977358147502,0.716972641646862,0.10508981347084045,0.9580745920538902,0.8529847785830498,512,,,,,,,,,,,
576,0.7000023204698879,0.5291015625,1.3125,0.529086172580719,1.3912241980433464,0.1597426631487906,0.21206719800829887,9.233620996141421e-05,0.1597426631487906,0.7176977470517159,-0.023430123925209045,1.2313147522509098,1.2547448761761189,512,0.0008954275981523097,0.0008954275981523097,0.02,5655,0.7000023204698879,5655,5655,11310,0,5655,14085
577,0.7000023204698879,0.5296350640003329,0.78125,0.5775270499289036,1.5098147317767143,0.1913389703258872,0.24026716593652964,9.228950909891726e-05,0.1913389703258872,0.7239745929837227,0.27288834005594254,1.596145898103714,1.3232575580477715,512,,,,,,,,,,,
578,0.7000023204698879,0.5301674540396089,0.77734375,0.5633845031261444,1.4695902094244957,0.14464085549116135,0.23763547465205193,9.224267826248536e-05,0.14464085549116135,0.7294653132557869,0.2122286558151245,0.9554089084267616,0.7431802526116371,512,,,,,,,,,,,
579,0.7000023204698879,0.5306987337768078,0.91015625,0.45402707532048225,1.1708820313215256,0.15399811323732138,0.20495759136974812,9.219571759604992e-05,0.15399811323732138,0.7253515496850014,0.25432033464312553,1.260816715657711,1.0064963810145855,512,,,,,,,,,,,
580,0.7000023204698879,0.5312289043709084,0.6640625,0.44697289541363716,1.1622131243348122,0.11479667946696281,0.19225014187395573,9.214862724394133e-05,0.11479667946696281,0.7364379689097404,0.1800534501671791,1.0383165702223778,0.8582631200551987,512,,,,,,,,,,,
581,0.7000023204698879,0.53175796698089,0.6953125,0.6115897335112095,1.6214951127767563,0.1499015772715211,0.23180708102881908,9.210140735088863e-05,0.1499015772715211,0.7259618788957596,0.16540375351905823,1.4499336704611778,1.2845299169421196,512,,,,,,,,,,,
582,0.7000023204698879,0.5322859227657317,1,0.7012774460017681,1.84920122474432,0.13608616590499878,0.27588186226785183,9.205405806201895e-05,0.13608616590499878,0.7205053493380547,0.11982294544577599,1.0013992637395859,0.8815763182938099,512,,,,,,,,,,,
583,0.7000023204698879,0.5328127728844131,0.76171875,0.651259571313858,1.7382118329405785,0.14459298737347126,0.2353019630536437,9.200657952285707e-05,0.14459298737347126,0.7328906208276749,0.13665958493947983,1.2912076860666275,1.1545481011271477,512,,,,,,,,,,,
584,0.7000023204698879,0.5333385184959128,3.359375,0.7038262262940407,1.863063894212246,0.19755231961607933,0.26974278688430786,9.195897187932512e-05,0.19755231961607933,0.7191625759005547,0.12108055502176285,1.4150112979114056,1.2939307428896427,512,0.0007638315437361598,0.0007638315437361598,0.02,5007,0.7000023204698879,5007,5007,10014,0,5007,13429
585,0.7000023204698879,0.5338631607592106,0.69140625,0.4921874776482582,1.2847796902060509,0.15142854861915112,0.20669746957719326,9.19112352777419e-05,0.15142854861915112,0.7364526018500328,0.09498215466737747,1.1526858285069466,1.057703673839569,512,,,,,,,,,,,
586,0.7000023204698879,0.5343867008332853,0.6953125,0.6814574189484119,1.8161239176988602,0.1505419109016657,0.2488984875380993,9.186336986482267e-05,0.1505419109016657,0.7298486232757568,0.16215839982032776,1.258391723036766,1.0962333232164383,512,,,,,,,,,,,
587,0.7000023204698879,0.5349091398771161,0.81640625,0.5207966342568398,1.3682152554392815,0.14786871150135994,0.209956344217062,9.181537578767848e-05,0.14786871150135994,0.729682594537735,0.21083341166377068,1.0915775671601295,0.8807441554963589,512,,,,,,,,,,,
588,0.7000023204698879,0.5354304790496826,1.0078125,0.4979355074465275,1.3079449757933617,0.13904466480016708,0.20095045492053032,9.176725319381589e-05,0.13904466480016708,0.7270092368125916,0.18774225562810898,0.9320764243602753,0.7443341687321663,512,,,,,,,,,,,
589,0.7000023204698879,0.5359507195099636,0.80859375,0.5483271777629852,1.4465806260704994,0.1685740314424038,0.21501681953668594,9.171900223113643e-05,0.1685740314424038,0.7280053570866585,0.039883315563201904,1.552017405629158,1.5121340900659561,512,,,,,,,,,,,
590,0.7000023204698879,0.5364698624169384,0.71484375,0.3432515971362591,0.8953382074832916,0.14008705131709576,0.144818096421659,9.167062304793614e-05,0.14008705131709576,0.7276244834065437,0.04625360295176506,1.6841302290558815,1.6378766261041164,512,,,,,,,,,,,
591,0.7000023204698879,0.5369879089295864,0.68359375,0.6086696162819862,1.6169276982545853,0.14939737878739834,0.22752557508647442,9.162211579290517e-05,0.14939737878739834,0.7333056479692459,0.21666043996810913,1.0109457299113274,0.7942852899432182,512,,,,,,,,,,,
592,0.7000023204698879,0.5375048602068866,0.65234375,0.5533696636557579,1.4522758349776268,0.12006943766027689,0.22460187505930662,9.157348061512727e-05,0.12006943766027689,0.7413940280675888,0.16523855552077293,1.080384723842144,0.9151461683213711,512,0.0007217773818410933,0.0007217773818410933,0.02,3965,0.7000023204698879,3965,3965,7930,0,3965,12387
593,0.7000023204698879,0.5380207174078181,0.703125,0.4468827322125435,1.1458207070827484,0.1473071351647377,0.20836935378611088,9.152471766407935e-05,0.1473071351647377,0.7227294892072678,0.12657255679368973,2.44599436968565,2.31942181289196,512,,,,,,,,,,,
594,0.7000023204698879,0.5385354816913605,0.62890625,0.4895666688680649,1.2826968133449554,0.13665485102683306,0.2008384671062231,9.147582708963104e-05,0.13665485102683306,0.7326537817716599,0.13703849166631699,1.080745629966259,0.943707138299942,512,,,,,,,,,,,
595,0.7000023204698879,0.5390491542164927,0.96875,0.5563497208058834,1.4510370790958405,0.15834078285843134,0.23487112019211054,9.142680904204419e-05,0.15834078285843134,0.7127392441034317,0.0010037794709205627,1.2888658978044987,1.287862118333578,512,,,,,,,,,,,
596,0.7000023204698879,0.5395617361421937,0.71484375,0.6186987012624741,1.6411654949188232,0.15518421586602926,0.23367896117269993,9.137766367197246e-05,0.15518421586602926,0.7277416810393333,0.1890876665711403,0.8837015330791473,0.694613866508007,512,,,,,,,,,,,
597,0.7000023204698879,0.5400732286274432,0.7734375,0.6804096028208733,1.7976274713873863,0.146419083699584,0.2642197199165821,9.132839113046079e-05,0.146419083699584,0.7285253703594208,0.1534896343946457,1.0880973413586617,0.934607706964016,512,,,,,,,,,,,
598,0.7000023204698879,0.5405836328312204,0.6796875,0.4800972454249859,1.2744340151548386,0.11813941691070795,0.18040609266608953,9.1278991568945e-05,0.11813941691070795,0.7369238212704659,0.12439568340778351,0.7540838345885277,0.6296881511807442,512,,,,,,,,,,,
599,0.7000023204698879,0.5410929499125038,0.60546875,0.5671117007732391,1.4992513880133629,0.1456080824136734,0.21926887799054384,9.122946513925127e-05,0.1456080824136734,0.7306249812245369,0.11921455338597298,1.3784925565123558,1.2592780031263828,512,,,,,,,,,,,
600,0.7000023204698879,0.5416011810302734,0.73046875,0.4444165453314781,1.1710801124572754,0.16960048489272594,0.17563663329929113,9.117981199359574e-05,0.16960048489272594,0.7306591644883156,0.17424063384532928,1.1893343850970268,1.0150937512516975,512,0.0008058593375608325,0.0008058593375608325,0.02,4372,0.7000023204698879,4372,4372,8744,0,4372,12794
601,0.7000023204698879,0.542108327343508,0.6640625,0.5012141168117523,1.3100867047905922,0.1405225172638893,0.20874390937387943,9.113003228458397e-05,0.1405225172638893,0.7368652299046516,0.13717792928218842,1.3501205369830132,1.2129426077008247,512,,,,,,,,,,,
602,0.7000023204698879,0.5426143900111868,0.77734375,0.6815508529543877,1.7796045914292336,0.14611695799976587,0.2857009284198284,9.108012616521055e-05,0.14611695799976587,0.7353051602840424,0.21327188983559608,1.2430955693125725,1.0298236794769764,512,,,,,,,,,,,
603,0.7000023204698879,0.5431193701922893,0.6171875,0.3897137716412544,1.0231089890003204,0.1593523696064949,0.15784178860485554,9.103009378885849e-05,0.1593523696064949,0.7242675498127937,0.1814950853586197,1.3546940460801125,1.1731989607214928,512,,,,,,,,,,,
604,0.7000023204698879,0.5436232690457945,0.65625,0.5036228634417057,1.3301482945680618,0.14728820603340864,0.19598154351115227,9.097993530929895e-05,0.14728820603340864,0.7368017509579659,0.2695928066968918,1.545569010078907,1.2759762033820152,512,,,,,,,,,,,
605,0.7000023204698879,0.5441260877306813,0.68359375,0.5695183537900448,1.496447131037712,0.1375315897166729,0.22936600632965565,9.092965088069058e-05,0.1375315897166729,0.7185449078679085,0.24234047532081604,1.3420362994074821,1.099695824086666,512,,,,,,,,,,,
606,0.7000023204698879,0.5446278274059295,0.796875,0.4770888686180115,1.2460760921239853,0.14639335311949253,0.19964768551290035,9.087924065757919e-05,0.14639335311949253,0.7304028123617172,0.10715824365615845,0.954263262450695,0.8471050187945366,512,,,,,,,,,,,
607,0.7000023204698879,0.545128489230518,0.7109375,0.5846693366765976,1.5446430891752243,0.12013379577547312,0.22708209697157145,9.082870479489715e-05,0.12013379577547312,0.7390502765774727,0.11993882060050964,0.7448823228478432,0.6249435022473335,512,,,,,,,,,,,
608,0.7000023402864971,0.5456280743634259,0.73046875,0.4129936173558235,1.0854540839791298,0.1868105810135603,0.166041674092412,9.077804344796302e-05,0.1868105810135603,0.729440912604332,0.17362289875745773,1.3044147863984108,1.130791887640953,512,0.0007187752053141594,0.0007187752053141594,0.02,4356,0.7000023402864971,4356,4356,8712,0,4356,12854
609,0.7000023402864971,0.5461265839636326,1.75,0.6099360957741737,1.6056349352002144,0.16146827768534422,0.24265621975064278,9.072725677248099e-05,0.16146827768534422,0.7309106215834618,0.22317049652338028,2.2697619274258614,2.046591430902481,512,,,,,,,,,,,
610,0.7000023402864971,0.5466240191901172,0.6796875,0.7135018557310104,1.862587757408619,0.13843271788209677,0.2995389774441719,9.067634492454048e-05,0.13843271788209677,0.7397753745317459,0.11825782433152199,1.2228337600827217,1.1045759357511997,512,,,,,,,,,,,
611,0.7000023402864971,0.5471203812018588,0.76171875,0.5947120077908039,1.583882912993431,0.14435045141726732,0.2182746035978198,9.062530806061557e-05,0.14435045141726732,0.7301342487335205,0.05802552029490471,1.3007835522294044,1.2427580319344997,512,,,,,,,,,,,
612,0.7000023402864971,0.5476156711578368,0.66796875,0.871741745620966,2.299797274172306,0.17643680982291698,0.34184431470930576,9.057414633756464e-05,0.17643680982291698,0.7339526116847992,0.15353522449731827,1.9121516346931458,1.7586164101958275,512,,,,,,,,,,,
613,0.7000023402864971,0.5481098902170305,0.6953125,0.6421186570078135,1.6829423010349274,0.15334052219986916,0.26287168450653553,9.052285991262975e-05,0.15334052219986916,0.7371435388922691,0.1802738569676876,1.4624726623296738,1.2821988053619862,512,,,,,,,,,,,
614,0.7000023402864971,0.5486030395384187,0.65234375,0.6406047530472279,1.6865863054990768,0.13197748083621264,0.25464010424911976,9.047144894343623e-05,0.13197748083621264,0.7306078970432281,0.20878659933805466,1.1280837208032608,0.9192971214652061,512,,,,,,,,,,,
615,0.7000023402864971,0.5490951202809811,0.71484375,0.4241410680115223,1.106993243098259,0.16331028379499912,0.17828265950083733,9.041991358799222e-05,0.16331028379499912,0.7289086803793907,0.2613701894879341,1.6201121136546135,1.3587419241666794,512,,,,,,,,,,,
616,0.7000023402864971,0.5495861336036965,0.7734375,0.5832409411668777,1.5298395678400993,0.17134146392345428,0.2375571858137846,9.036825400468812e-05,0.17134146392345428,0.7319775149226189,0.2796028144657612,1.3794010281562805,1.0997982136905193,512,0.0008600169094279408,0.0008600169094279408,0.02,4426,0.7000023402864971,4426,4426,8852,0,4426,12926
617,0.7000023402864971,0.5500760806655441,0.6953125,0.44959243945777416,1.179667204618454,0.19060618802905083,0.182734084315598,9.031647035229618e-05,0.19060618802905083,0.7279638573527336,0.2705904245376587,2.04866411536932,1.7780736908316612,512,,,,,,,,,,,
618,0.7000023402864971,0.5505649626255035,0.72265625,0.5329335145652294,1.4146490544080734,0.15566583164036274,0.20030089747160673,9.02645627899699e-05,0.15566583164036274,0.7330614924430847,0.11840751022100449,1.3743176460266113,1.2559101358056068,512,,,,,,,,,,,
619,0.7000023402864971,0.5510527806425536,0.68359375,0.49450917169451714,1.3178661204874516,0.1064932681620121,0.18064648751169443,9.02125314772437e-05,0.1064932681620121,0.7328466698527336,0.11152765527367592,0.7705544196069241,0.6590267643332481,512,,,,,,,,,,,
620,0.7000023402864971,0.5515395358756735,0.7421875,0.6965676434338093,1.8519162386655807,0.1384110813960433,0.25889470614492893,9.016037657403224e-05,0.1384110813960433,0.7262939363718033,0.1075269840657711,0.8047961480915546,0.6972691640257835,512,,,,,,,,,,,
621,0.7000023402864971,0.5520252294838428,0.67578125,0.3656045086681843,0.9602041691541672,0.1193243358284235,0.1476882304996252,9.010809824063011e-05,0.1193243358284235,0.7352807447314262,0.12619657814502716,0.7881924137473106,0.6619958356022835,512,,,,,,,,,,,
622,0.7000023402864971,0.5525098626260405,0.66796875,0.75026560947299,2.013226807117462,0.12052574846893549,0.2603052966296673,9.005569663771119e-05,0.12052574846893549,0.7413403168320656,0.0970541350543499,0.7826380468904972,0.6855839118361473,512,,,,,,,,,,,
623,0.7000023402864971,0.5529934364612454,0.8125,0.6467924378812313,1.7007073014974594,0.15923099033534527,0.25926974043250084,9.000317192632826e-05,0.15923099033534527,0.7178319990634918,0.15655120089650154,1.4049451053142548,1.2483939044177532,512,,,,,,,,,,,
624,0.7000023402864971,0.5534759521484375,0.71875,0.5046912766993046,1.3180832639336586,0.13191021792590618,0.21128419414162636,8.995052426791247e-05,0.13191021792590618,0.7294848635792732,0.08507774025201797,1.21144637465477,1.126368634402752,512,0.0006710636662319303,0.0006710636662319303,0.02,4065,0.7000023402864971,4065,4065,8130,0,4065,12558
625,0.7000023402864971,0.5539574108465954,0.66015625,0.5736494213342667,1.5306686833500862,0.13885893020778894,0.20766283106058836,8.989775382427278e-05,0.13885893020778894,0.7208080813288689,0.1540067121386528,1.2862910851836205,1.1322843730449677,512,,,,,,,,,,,
626,0.7000023402864971,0.5544378137146985,0.6875,0.3510584235191345,0.9237526208162308,0.15378818940371275,0.14006075076758862,8.98448607575956e-05,0.15378818940371275,0.7302709743380547,0.06064344197511673,1.5287716761231422,1.4681282341480255,512,,,,,,,,,,,
627,0.7000023402864971,0.5549171619117259,0.72265625,0.6345902979373932,1.6688172444701195,0.15081442333757877,0.25418358109891415,8.979184523044418e-05,0.15081442333757877,0.7297485172748566,0.015193045139312744,1.391441136598587,1.3762480914592743,512,,,,,,,,,,,
628,0.7000023402864971,0.5553954565966571,0.61328125,0.40577439963817596,1.0718007013201714,0.11879471503198147,0.15781866293400526,8.973870740575814e-05,0.11879471503198147,0.7348852455615997,0.10932697728276253,0.9974597692489624,0.8881327919661999,512,,,,,,,,,,,
629,0.7000023402864971,0.5558726989284709,0.75,0.503455139696598,1.3341109380126,0.16442084405571222,0.19151056557893753,8.968544744685297e-05,0.16442084405571222,0.7276659831404686,0.18529094755649567,0.9949178025126457,0.80962685495615,512,,,,,,,,,,,
630,0.7000023402864971,0.5563488900661469,0.6796875,0.5508049950003624,1.449358455836773,0.1252994779497385,0.2197475265711546,8.963206551741952e-05,0.1252994779497385,0.7265453785657883,0.14094572514295578,0.7645858079195023,0.6236400827765465,512,,,,,,,,,,,
631,0.7000023402864971,0.556824031168664,0.6484375,0.6460186131298542,1.712986059486866,0.12274325173348188,0.24464600905776024,8.957856178152358e-05,0.12274325173348188,0.7235107198357582,0.17968115955591202,1.1814532428979874,1.0017720833420753,512,,,,,,,,,,,
632,0.7000023402864971,0.5572981233950013,0.94140625,0.5806559920310974,1.530219815671444,0.1324562495574355,0.22934372164309025,8.952493640360517e-05,0.1324562495574355,0.7418652325868607,0.14143231883645058,1.1957358196377754,1.0543035008013248,512,0.0006165248341858387,0.0006165248341858387,0.02,5130,0.7000023402864971,5130,5130,10260,0,5130,13626
633,0.7000023402864971,0.5577711679041385,0.71484375,0.6933800503611565,1.8283026590943336,0.10422894824296236,0.27284894324839115,8.947118954847832e-05,0.10422894824296236,0.7361742928624153,0.13697912730276585,0.6777075156569481,0.5407283883541822,512,,,,,,,,,,,
634,0.7000023402864971,0.5582431658550545,0.65625,0.3515224624425173,0.9200252220034599,0.13740037940442562,0.14519432000815868,8.941732138133032e-05,0.13740037940442562,0.7461254671216011,0.15115202963352203,1.1402546614408493,0.9891026318073273,512,,,,,,,,,,,
635,0.7000023402864971,0.5587141184067284,0.765625,0.5837133526802063,1.5478571504354477,0.14281271770596504,0.22097112983465195,8.936333206772131e-05,0.14281271770596504,0.7381200939416885,0.09627007693052292,1.5980086624622345,1.5017385855317116,512,,,,,,,,,,,
636,0.7000023402864971,0.5591840267181396,0.79296875,0.4047066252678633,1.0663928985595703,0.1455165334045887,0.15999078005552292,8.930922177358379e-05,0.1455165334045887,0.7362279966473579,0.11728748679161072,0.9404999166727066,0.8232124298810959,512,,,,,,,,,,,
637,0.7000023402864971,0.5596528919482673,1.7421875,0.5341890789568424,1.407429650425911,0.15028203604742885,0.21132506430149078,8.925499066522207e-05,0.15028203604742885,0.7089330703020096,0.3151964396238327,1.6432088948786259,1.3280124552547932,512,,,,,,,,,,,
638,0.7000023402864971,0.5601207152560904,0.671875,0.3770776838064194,0.9896727129817009,0.1278911055997014,0.1529869046062231,8.920063890931177e-05,0.1278911055997014,0.7374877706170082,0.21685580164194107,1.3810315504670143,1.1641757488250732,512,,,,,,,,,,,
639,0.7000023402864971,0.5605874978005886,0.796875,0.7114924155175686,1.8755806311964989,0.13517455756664276,0.2804569471627474,8.914616667289935e-05,0.13517455756664276,0.7469872832298279,0.221473328769207,2.1087217330932617,1.8872484043240547,512,,,,,,,,,,,
640,0.7000023581764915,0.5610532407407408,0.71484375,0.7098872344940901,1.8798148557543755,0.1859954223036766,0.2713585114106536,8.90915741234015e-05,0.1859954223036766,0.7295629605650902,0.17499008029699326,1.3912493586540222,1.216259278357029,512,0.0007751189405098557,0.0007751189405098557,0.02,5003,0.7000023581764915,5003,5003,10006,0,5003,13564
641,0.7000023581764915,0.561517945235526,0.640625,0.6744272075593472,1.7939194068312645,0.13746267557144165,0.24979934841394424,8.903686142860472e-05,0.13746267557144165,0.7220117077231407,0.15699031203985214,1.8641357421875,1.7071454301476479,512,,,,,,,,,,,
642,0.7000023581764915,0.5619816124439239,0.625,0.4821745827794075,1.2631658464670181,0.12910665106028318,0.197969195432961,8.89820287566648e-05,0.12910665106028318,0.7356445267796516,0.05440864711999893,1.675915539264679,1.62150689214468,512,,,,,,,,,,,
643,0.7000023581764915,0.5624442435249135,0.68359375,0.6103783436119556,1.6167841702699661,0.13143382128328085,0.23284709453582764,8.892707627610618e-05,0.13143382128328085,0.7331616207957268,0.15426435694098473,1.1754895485937595,1.0212251916527748,512,,,,,,,,,,,
644,0.7000023581764915,0.5629058396374736,1.5390625,0.5925919897854328,1.5489687658846378,0.17397245299071074,0.24676449317485094,8.887200415582161e-05,0.17397245299071074,0.7208031937479973,0.15386289358139038,1.4423992931842804,1.28853639960289,512,,,,,,,,,,,
645,0.7000023581764915,0.5633664019405842,0.66796875,0.6003592573106289,1.5848800241947174,0.13263466767966747,0.2343903947621584,8.88168125650715e-05,0.13263466767966747,0.7344311103224754,0.11098203435540199,1.3077230490744114,1.1967410147190094,512,,,,,,,,,,,
646,0.7000023581764915,0.5638259315932238,0.5859375,0.49267490953207016,1.299758531153202,0.11059405514970422,0.1931956559419632,8.876150167348348e-05,0.11059405514970422,0.727646492421627,0.10906471684575081,0.7390979900956154,0.6300332732498646,512,,,,,,,,,,,
647,0.7000023581764915,0.5642844297543719,0.7109375,0.46186333894729614,1.2118244171142578,0.16161762084811926,0.18776144087314606,8.870607165105179e-05,0.16161762084811926,0.7053979337215424,0.3116128221154213,1.3861559927463531,1.0745431706309319,512,,,,,,,,,,,
648,0.7000023579012608,0.5647418975830077,0.6328125,0.525160726159811,1.3934652656316757,0.14042933657765388,0.19793080911040306,8.865052266813685e-05,0.14042933657765388,0.7354125827550888,0.15300963073968887,1.143541857600212,0.9905322268605232,512,0.0008311563869938254,0.0008311563869938254,0.02,4167,0.7000023579012608,4167,4168,8335,-1,4167,12731
649,0.7000023579012608,0.5651983362381106,0.625,0.4432344064116478,1.1732343211770058,0.17804009653627872,0.16990016400814056,8.85948548954647e-05,0.17804009653627872,0.7177734076976776,0.11553690582513809,1.6203098893165588,1.5047729834914207,512,,,,,,,,,,,
650,0.7000023579012608,0.5656537468786591,0.66015625,0.4190631993114948,1.0835966765880585,0.13712992891669273,0.18629175424575806,8.853906850412644e-05,0.13712992891669273,0.745302714407444,0.13172844052314758,1.190870225429535,1.0591417849063873,512,,,,,,,,,,,
651,0.7000023579012608,0.5661081306636333,0.7109375,0.5576400347054005,1.469467543065548,0.16718783136457205,0.2203506976366043,8.848316366557777e-05,0.16718783136457205,0.7425439208745956,0.09996851533651352,1.4400379285216331,1.3400694131851196,512,,,,,,,,,,,
652,0.7000023579012608,0.566561488752012,0.640625,0.4490855261683464,1.1783545948565006,0.1324124950915575,0.1825105994939804,8.842714055163841e-05,0.1324124950915575,0.7209325954318047,0.17327550798654556,1.3247453570365906,1.151469849050045,512,,,,,,,,,,,
653,0.7000023579012608,0.5670138223027741,0.60546875,0.6369462497532368,1.6841336339712143,0.12547956965863705,0.2460064608603716,8.83709993344916e-05,0.12547956965863705,0.7417431399226189,0.12117661163210869,0.8381976783275604,0.7170210666954517,512,,,,,,,,,,,
654,0.7000023579012608,0.5674651324748993,0.73828125,0.5569574274122715,1.4510829746723175,0.15047408640384674,0.23666668683290482,8.831474018668355e-05,0.15047408640384674,0.7375317290425301,0.07330315187573433,1.3651154525578022,1.2918123006820679,512,,,,,,,,,,,
655,0.7000023579012608,0.5679154204273665,0.67578125,0.5375353433191776,1.4140445441007614,0.11426655016839504,0.2148504052311182,8.825836328112295e-05,0.11426655016839504,0.747932106256485,0.06966640427708626,1.4960343651473522,1.426367960870266,512,,,,,,,,,,,
656,0.7000023579012608,0.568364687319155,0.66796875,0.5095769539475441,1.3382598087191582,0.10956994257867336,0.20591270737349987,8.820186879108038e-05,0.10956994257867336,0.7360546588897705,0.12130548804998398,0.9381390362977982,0.8168335482478142,512,0.000729238789062947,0.000729238789062947,0.02,4027,0.7000023579012608,4027,4027,8054,0,4027,12584
657,0.7000023579012608,0.5688129343092441,0.73828125,0.7136647887527943,1.8951856568455696,0.14236797578632832,0.2674348186701536,8.814525689018781e-05,0.14236797578632832,0.7363940253853798,0.2958062179386616,2.022215995937586,1.7264097779989243,512,,,,,,,,,,,
658,0.7000023579012608,0.5692601625566129,0.73828125,0.4713306427001953,1.2416767627000809,0.1337693091481924,0.18659785948693752,8.808852775243809e-05,0.1337693091481924,0.7310595661401749,0.17049598693847656,1.353455863893032,1.1829598769545555,512,,,,,,,,,,,
659,0.7000023579012608,0.5697063732202405,0.7265625,0.733815273270011,1.9304085746407509,0.15526872221380472,0.29327397141605616,8.803168155218437e-05,0.15526872221380472,0.734738752245903,0.082717664539814,1.6091056689620018,1.5263880044221878,512,,,,,,,,,,,
660,0.7000023579012608,0.5701515674591064,0.6171875,0.5108982101082802,1.3253536224365234,0.14626614097505808,0.22282274346798658,8.797471846413958e-05,0.14626614097505808,0.7295288071036339,0.21065093576908112,1.3645996376872063,1.1539487019181252,512,,,,,,,,,,,
661,0.7000023579012608,0.5705957464321896,0.76953125,0.5347167737782001,1.3785060942173004,0.1311166826635599,0.2418476715683937,8.79176386633759e-05,0.1311166826635599,0.7282055467367172,0.17447732388973236,1.2027016282081604,1.028224304318428,512,,,,,,,,,,,
662,0.7000023579012608,0.5710389112984692,0.83984375,0.5436431206762791,1.434509016573429,0.19381401408463717,0.2128943270072341,8.786044232532424e-05,0.19381401408463717,0.7274365201592445,0.11534138768911362,2.0043716207146645,1.8890302330255508,512,,,,,,,,,,,
663,0.7000023579012608,0.5714810632169246,0.97265625,0.4413365349173546,1.1623243317008018,0.1264075841754675,0.17505905032157898,8.780312962577364e-05,0.1264075841754675,0.7415478453040123,0.13362206146121025,1.146101251244545,1.0124791897833347,512,,,,,,,,,,,
664,0.7000023579012608,0.571922203346535,0.8671875,0.4092379994690418,1.053782694041729,0.1585837835446,0.1863323850557208,8.77457007408708e-05,0.1585837835446,0.7259936407208443,0.2036268413066864,1.8165850713849068,1.6129582300782204,512,0.0004754012043122202,0.0004754012043122202,0.02,4912,0.7000023579012608,4912,4912,9824,0,4912,13473
665,0.7000023579012608,0.5723623328462794,0.68359375,0.5482912994921207,1.4567563459277153,0.14671869296580553,0.20473236218094826,8.768815584711952e-05,0.14671869296580553,0.7281787022948265,0.15981564670801163,1.4080870449543,1.2482713982462883,512,,,,,,,,,,,
666,0.7000023579012608,0.5728014528751373,0.67578125,0.5475810244679451,1.4334267228841782,0.12136488407850266,0.2259096745401621,8.763049512138008e-05,0.12136488407850266,0.7430785819888115,0.14328059181571007,1.4736864194273949,1.3304058276116848,512,,,,,,,,,,,
667,0.7000023579012608,0.5732395645920878,0.57421875,0.6283356379717588,1.6638175919651985,0.11167288385331631,0.24022975005209446,8.757271874086884e-05,0.11167288385331631,0.7361254841089249,0.09706318750977516,1.106579527258873,1.0095163397490978,512,,,,,,,,,,,
668,0.7000023579012608,0.5736766691561097,1.5390625,0.5910405553877354,1.5473895370960236,0.12281753681600094,0.24364234413951635,8.751482688315757e-05,0.12281753681600094,0.7358788922429085,0.1332627311348915,1.3131691589951515,1.17990642786026,512,,,,,,,,,,,
669,0.7000023579012608,0.5741127677261829,0.7578125,0.5100535303354263,1.3513618484139442,0.18107998743653297,0.19425485841929913,8.745681972617296e-05,0.18107998743653297,0.7179662883281708,0.18922265619039536,1.458544209599495,1.2693215534090996,512,,,,,,,,,,,
670,0.7000023579012608,0.5745478614612862,0.66015625,0.46546364575624466,1.2281731516122818,0.14367919601500034,0.18232266046106815,8.739869744819609e-05,0.14367919601500034,0.7359936386346817,0.09562351927161217,2.099316783249378,2.003693263977766,512,,,,,,,,,,,
671,0.7000023579012608,0.5749819515203988,0.70703125,0.6381345503032207,1.6917397379875183,0.160548304207623,0.242001224309206,8.734046022786182e-05,0.160548304207623,0.7212646380066872,0.14324773848056793,1.1130423545837402,0.9697946161031723,512,,,,,,,,,,,
672,0.7000023796444848,0.5754150390624999,0.85546875,0.5048843920230865,1.3292206674814224,0.16579502541571856,0.20073197316378355,8.728210824415827e-05,0.16579502541571856,0.7086669653654099,0.1064077652990818,1.745077446103096,1.6386696808040142,512,0.0007062962395139039,0.0007062962395139039,0.02,5117,0.7000023796444848,5117,5117,10234,0,5117,13758
673,0.7000023796444848,0.575847125246569,0.73046875,0.4838852174580097,1.2641696706414223,0.17128149326890707,0.2021490866318345,8.722364167642636e-05,0.17128149326890707,0.7283178567886353,0.12116706371307373,1.083728276193142,0.9625612124800682,512,,,,,,,,,,,
674,0.7000023796444848,0.5762782112315848,0.63671875,0.5332018379122019,1.3999465256929398,0.1686474122107029,0.2158165741711855,8.716506070435906e-05,0.1686474122107029,0.7175341695547104,0.20892469584941864,1.4746032021939754,1.2656785063445568,512,,,,,,,,,,,
675,0.7000023796444848,0.576708298176527,0.8984375,0.6658437997102737,1.7580449655652046,0.1531679518520832,0.259663388133049,8.710636550800102e-05,0.1531679518520832,0.7183617874979973,0.4550238661468029,2.43769121915102,1.9826673530042171,512,,,,,,,,,,,
676,0.7000023796444848,0.5771373872403746,0.64453125,0.5068864487111568,1.3347022011876106,0.12265765573829412,0.2013173010200262,8.704755626774796e-05,0.12265765573829412,0.7370922565460205,0.16602160036563873,1.3326959758996964,1.1666743755340576,512,,,,,,,,,,,
677,0.7000023796444848,0.5775654795821065,0.67578125,0.4816919360309839,1.2729161828756332,0.140836538746953,0.18675629794597626,8.698863316434608e-05,0.140836538746953,0.7379247918725014,0.14546478167176247,0.992620587348938,0.8471558056771755,512,,,,,,,,,,,
678,0.7000023796444848,0.5779925763607024,0.65625,0.4302448034286499,1.1308831050992012,0.1581431021913886,0.17288901284337044,8.692959637889154e-05,0.1581431021913886,0.7308471649885178,0.12551948055624962,0.9931667186319828,0.8676472380757332,512,,,,,,,,,,,
679,0.7000023796444848,0.5784186787351414,1.6328125,0.5163475964218378,1.3630954921245575,0.21512684039771557,0.20159414689987898,8.687044609282986e-05,0.21512684039771557,0.708559550344944,0.6612741984426975,1.8774795532226562,1.2162053547799587,512,,,,,,,,,,,
680,0.7000023796444848,0.5788437878644024,0.8203125,0.6861428208649158,1.8233126550912857,0.14214570354670286,0.25590793043375015,8.681118248795547e-05,0.14214570354670286,0.7248437330126762,0.10415399074554443,1.0058412216603756,0.9016872309148312,512,0.0007519384380429983,0.0007519384380429983,0.02,5093,0.7000023796444848,5093,5093,10186,0,5093,13729
681,0.7000023796444848,0.5792679049074649,0.5859375,0.5340902470052242,1.4199636802077293,0.1176341101527214,0.19849153235554695,8.675180574641102e-05,0.1176341101527214,0.7387670800089836,0.08268624544143677,1.2593896016478539,1.176703356206417,512,,,,,,,,,,,
682,0.7000023796444848,0.5796910310233081,0.76953125,0.48651270754635334,1.2751599475741386,0.14806328620761633,0.19912093598395586,8.66923160506869e-05,0.14806328620761633,0.7410864159464836,0.011472433805465698,1.1028058975934982,1.0913334637880325,512,,,,,,,,,,,
683,0.7000023796444848,0.5801131673709109,0.59765625,0.4654074087738991,1.2229667231440544,0.15255451388657093,0.18735868856310844,8.663271358362064e-05,0.15255451388657093,0.7194848507642746,0.07537351548671722,1.7567720375955105,1.6813985221087933,512,,,,,,,,,,,
684,0.7000023796444848,0.5805343151092529,0.65234375,0.5281921401619911,1.389925129711628,0.1130395820364356,0.21065709181129932,8.657299852839639e-05,0.1130395820364356,0.7381298765540123,0.05597952753305435,1.2434299811720848,1.1874504536390305,512,,,,,,,,,,,
685,0.7000023796444848,0.5809544753973132,0.76171875,0.3738832399249077,0.9713764786720276,0.15143045596778393,0.1616030065342784,8.65131710685443e-05,0.15143045596778393,0.7347094491124153,0.07689081877470016,1.378822572529316,1.3019317537546158,512,,,,,,,,,,,
686,0.7000023796444848,0.5813736493940705,0.703125,0.458217591047287,1.2032117173075676,0.15069922804832458,0.18532641045749187,8.645323138794001e-05,0.15069922804832458,0.7403124868869781,0.2246505469083786,1.4752909541130066,1.250640407204628,512,,,,,,,,,,,
687,0.7000023796444848,0.5817918382585048,0.8359375,0.6318316981196404,1.6807482168078423,0.15233266167342663,0.2338931979611516,8.639317967080408e-05,0.15233266167342663,0.733522929251194,0.15463999286293983,1.0258461609482765,0.8712061680853367,512,,,,,,,,,,,
688,0.7000023796444848,0.582209043149595,0.69140625,0.5590439774096012,1.4850760996341705,0.13112610951066017,0.2089965185150504,8.633301610170135e-05,0.13112610951066017,0.7432592585682869,0.10915319621562958,1.104182705283165,0.9950295090675354,512,0.0007850815309211612,0.0007850815309211612,0.02,4383,0.7000023796444848,4383,4383,8766,0,4383,13021
689,0.7000023796444848,0.5826252652263199,0.7265625,0.4006638340651989,1.0575013309717178,0.1424802402034402,0.15663146134465933,8.62727408655405e-05,0.1424802402034402,0.7371654957532883,0.08422130346298218,1.8171772062778473,1.7329559028148651,512,,,,,,,,,,,
690,0.7000023796444848,0.5830405056476593,0.7734375,0.7034822814166546,1.8514334559440613,0.13963651983067393,0.2803309466689825,8.621235414757336e-05,0.13963651983067393,0.6999658048152924,0.2092469036579132,1.3430193588137627,1.1337724551558495,512,,,,,,,,,,,
691,0.7000023796444848,0.583454765572592,0.62890625,0.6226945295929909,1.6366229355335236,0.1271381825208664,0.25033011566847563,8.615185613339438e-05,0.1271381825208664,0.733718253672123,0.09276077896356583,1.306789182126522,1.2140284031629562,512,,,,,,,,,,,
692,0.7000023796444848,0.5838680461600974,0.7734375,0.5646530352532864,1.4857002571225166,0.12539221439510584,0.22536946460604668,8.609124700894016e-05,0.12539221439510584,0.7387084737420082,0.19697796180844307,1.1159610226750374,0.9189830608665943,512,,,,,,,,,,,
693,0.7000023796444848,0.5842803485691547,0.7578125,0.5421648696064949,1.429356686770916,0.13602725695818663,0.21356707997620106,8.603052696048867e-05,0.13602725695818663,0.735976554453373,0.03426770120859146,2.047395274043083,2.0131275728344917,512,,,,,,,,,,,
694,0.7000023796444848,0.5846916739587431,0.75390625,0.5073377452790737,1.3254634588956833,0.14055187162011862,0.21192357316613197,8.596969617465889e-05,0.14055187162011862,0.7310375794768333,0.29368628561496735,1.7755789831280708,1.4818926975131035,512,,,,,,,,,,,
695,0.7000023796444848,0.5851020234878415,0.671875,0.32250993698835373,0.839744932949543,0.14838036615401506,0.13755785301327705,8.590875483841011e-05,0.14838036615401506,0.7399145141243935,0.14731940627098083,1.2288836315274239,1.081564225256443,512,,,,,,,,,,,
696,0.7000023796444848,0.5855113983154296,0.75,0.565261285752058,1.5056971237063408,0.16563638113439083,0.20721579529345036,8.584770313904137e-05,0.16563638113439083,0.7223730161786079,0.10170097649097443,1.3943204060196877,1.2926194295287132,512,0.0007426276570186019,0.0007426276570186019,0.02,4411,0.7000023796444848,4411,4411,8822,0,4411,13048
697,0.7000023796444848,0.5859197996004865,0.68359375,0.6144991330802441,1.6264691576361656,0.1294337399303913,0.23564933333545923,8.578654126419093e-05,0.1294337399303913,0.7425341680645943,0.12784770876169205,1.0679548308253288,0.9401071220636368,512,,,,,,,,,,,
698,0.7000023796444848,0.5863272285019909,0.71484375,0.49735818058252335,1.335140898823738,0.11152020026929677,0.17200506571680307,8.572526940183568e-05,0.11152020026929677,0.7327099516987801,0.057780418545007706,1.0149659998714924,0.9571855813264847,512,,,,,,,,,,,
699,0.7000023796444848,0.5867336861789226,0.671875,0.6344380080699921,1.6932178661227226,0.1697769034653902,0.22932147234678268,8.566388774029051e-05,0.1697769034653902,0.7312573194503784,0.2901465371251106,1.8698337078094482,1.5796871706843376,512,,,,,,,,,,,
700,0.7000023796444848,0.5871391737902606,1.6796875,0.886380597949028,2.350878044962883,0.19013268128037453,0.33512367494404316,8.560239646820778e-05,0.19013268128037453,0.7177636474370956,0.7627134956419468,1.6732657961547375,0.9105523005127907,512,,,,,,,,,,,
701,0.7000023796444848,0.587543692494984,0.76953125,0.5560069307684898,1.4661583676934242,0.14297520369291306,0.21871105581521988,8.554079577457674e-05,0.14297520369291306,0.7380468547344208,0.19859671220183372,1.9795435816049576,1.7809468694031239,512,,,,,,,,,,,
702,0.7000023796444848,0.587947243452072,2.9375,0.6568928826600313,1.7564569264650345,0.1758166765794158,0.23412748146802187,8.547908584872297e-05,0.1758166765794158,0.7334081828594208,0.12453144043684006,1.6228733509778976,1.4983419105410576,512,,,,,,,,,,,
703,0.7000023796444848,0.5883498278205042,0.72265625,0.6664383485913277,1.7544817849993706,0.16327054798603058,0.2650282494723797,8.541726688030771e-05,0.16327054798603058,0.750012181699276,0.1307302862405777,1.2668065503239632,1.1360762640833855,512,,,,,,,,,,,
704,0.7000024016629394,0.5887514467592592,0.75,0.5893735624849796,1.572873793542385,0.13134553097188473,0.21310664620250463,8.535533905932738e-05,0.13134553097188473,0.7321655079722404,0.0572688914835453,0.9140234142541885,0.8567545227706432,512,0.000717438175342977,0.000717438175342977,0.02,5842,0.7000024016629394,5842,5843,11685,-1,5842,14559
705,0.7000024016629394,0.5891521014273167,1,0.6496273539960384,1.7081832438707352,0.15297837322577834,0.2603844031691551,8.529330257611293e-05,0.15297837322577834,0.724233366549015,0.10516594350337982,1.1865106634795666,1.0813447199761868,512,,,,,,,,,,,
706,0.7000024016629394,0.5895517929836556,1.03125,0.6518281474709511,1.7412517368793488,0.21807242650538683,0.23398500494658947,8.523115762132925e-05,0.21807242650538683,0.7253173589706421,-0.15973617881536484,2.5139667615294456,2.6737029403448105,512,,,,,,,,,,,
707,0.7000024016629394,0.5899505225872551,0.69140625,0.39048701897263527,1.0080816932022572,0.13777284510433674,0.1752122612670064,8.516890438597467e-05,0.13777284510433674,0.7339526265859604,0.19252809137105942,1.0973011553287506,0.9047730639576912,512,,,,,,,,,,,
708,0.7000024016629394,0.5903482913970947,1.015625,0.580169104039669,1.5295193418860435,0.16730717848986387,0.22856877371668816,8.510654306138027e-05,0.16730717848986387,0.7252758592367172,0.2927758991718292,1.7346775829792023,1.441901683807373,512,,,,,,,,,,,
709,0.7000024016629394,0.5907451005721533,0.65234375,0.6863774601370096,1.8183370679616928,0.12397622503340244,0.26159457210451365,8.504407383920936e-05,0.12397622503340244,0.7371948137879372,0.10556906275451183,0.7652072682976723,0.6596382055431604,512,,,,,,,,,,,
710,0.7000024016629394,0.5911409512714102,0.86328125,0.5684826299548149,1.5020064637064934,0.14690163731575012,0.22066808119416237,8.498149691145684e-05,0.14690163731575012,0.7317114025354385,0.175365149974823,1.1966579258441925,1.0212927758693695,512,,,,,,,,,,,
711,0.7000024016629394,0.5915358446538448,0.875,0.37316426262259483,0.985438734292984,0.13862950261682272,0.14536199253052473,8.491881247044866e-05,0.13862950261682272,0.7358276024460793,0.09100071713328362,1.1086657494306564,1.0176650322973728,512,,,,,,,,,,,
712,0.7000024013877088,0.5919297818784361,0.765625,0.45848026871681213,1.2106084302067757,0.1468549808487296,0.17872566729784012,8.485602070884117e-05,0.1468549808487296,0.7428417801856995,0.06923352926969528,1.3501973003149033,1.280963771045208,512,0.0006795060471631587,0.0006795060471631587,0.02,4844,0.7000024013877088,4844,4845,9689,-1,4844,13559
713,0.7000024013877088,0.5923227641041631,1.1875,0.5182698145508766,1.3609770312905312,0.17263625841587782,0.20953748561441898,8.479312181962061e-05,0.17263625841587782,0.7307177558541298,-0.08968401700258255,1.9801186621189117,2.0698026791214943,512,,,,,,,,,,,
714,0.7000024013877088,0.5927147924900055,0.6328125,0.7809133306145668,2.074672468006611,0.1121072112582624,0.2917314451187849,8.473011599610244e-05,0.1121072112582624,0.7308276146650314,0.15443729609251022,1.2476466782391071,1.093209382146597,512,,,,,,,,,,,
715,0.7000024013877088,0.5931058681949422,0.76953125,0.8251913376152515,2.18405894190073,0.14030242525041103,0.31652078591287136,8.466700343193077e-05,0.14030242525041103,0.7397289797663689,0.34798775240778923,1.9787499830126762,1.630762230604887,512,,,,,,,,,,,
716,0.7000024013877088,0.5934959923779523,0.88671875,0.590633437037468,1.5452002212405205,0.12209115223959088,0.2445980031043291,8.460378432107779e-05,0.12209115223959088,0.7397704869508743,0.12518671341240406,0.9267764464020729,0.8015897329896688,512,,,,,,,,,,,
717,0.7000024013877088,0.5938851661980151,0.66015625,0.7481556795537472,1.9868087023496628,0.1283719977363944,0.2803296707570553,8.454045885784315e-05,0.1283719977363944,0.7323290929198265,0.17868896201252937,1.484683319926262,1.3059943579137325,512,,,,,,,,,,,
718,0.7000024013877088,0.5942733908141101,0.6328125,0.6075069420039654,1.6058392971754074,0.13332152366638184,0.23509078565984964,8.447702723685335e-05,0.13332152366638184,0.7377172634005547,0.1485455445945263,1.2957900166511536,1.1472444720566273,512,,,,,,,,,,,
719,0.7000024013877088,0.5946606673852161,0.7421875,0.6509831212460995,1.7169215753674507,0.15955895464867353,0.25575453508645296,8.441348965306119e-05,0.15955895464867353,0.7235668674111366,0.03914559632539749,1.1684781461954117,1.1293325498700142,512,,,,,,,,,,,
720,0.7000024013877088,0.5950469970703125,0.64453125,0.39740705117583275,1.0494280010461807,0.10190470702946186,0.1548357792198658,8.434984630174509e-05,0.10190470702946186,0.7406689375638962,0.09439055994153023,0.686593409627676,0.5922028496861458,512,0.0007071127183735371,0.0007071127183735371,0.02,4673,0.7000024013877088,4673,4673,9346,0,4673,13395
721,0.7000024013877088,0.5954323810283785,0.71484375,0.4044479988515377,1.0578160546720028,0.1408580681309104,0.1677839094772935,8.428609737850859e-05,0.1408580681309104,0.7365893423557281,0.03331972286105156,1.2427686974406242,1.2094489745795727,512,,,,,,,,,,,
722,0.7000024013877088,0.595816820418393,0.6796875,0.6052053086459637,1.608068861067295,0.1440807394683361,0.22588657028973103,8.422224307927967e-05,0.1440807394683361,0.7310473397374153,0.1666075810790062,1.6841389313340187,1.5175313502550125,512,,,,,,,,,,,
723,0.7000024013877088,0.5962003163993358,1.203125,0.7223453260958195,1.91988143324852,0.18658329360187054,0.2690437287092209,8.415828360031019e-05,0.18658329360187054,0.7089526355266571,-0.1377250999212265,1.129824012517929,1.2675491124391556,512,,,,,,,,,,,
724,0.7000024013877088,0.5965828701301857,1.0859375,0.4749678857624531,1.221897378563881,0.1465832879766822,0.2173992097377777,8.409421913817526e-05,0.1465832879766822,0.7206615880131721,0.4373779147863388,2.01424577832222,1.576867863535881,512,,,,,,,,,,,
725,0.7000024013877088,0.5969644827699219,0.76953125,0.6290173046290874,1.6201294213533401,0.11150697432458401,0.28598354011774063,8.403004988977266e-05,0.11150697432458401,0.7461791783571243,0.14903585612773895,1.319566510617733,1.170530654489994,512,,,,,,,,,,,
726,0.7000024013877088,0.5973451554775238,0.69921875,0.4937642216682434,1.2944483235478401,0.13492081873118877,0.2018068190664053,8.39657760523222e-05,0.13492081873118877,0.7284472584724426,0.25082170963287354,1.2570009380578995,1.006179228425026,512,,,,,,,,,,,
727,0.7000024013877088,0.5977248894119704,0.65234375,0.4458918794989586,1.1729946807026863,0.12946763448417187,0.17819278128445148,8.390139782336519e-05,0.12946763448417187,0.7358056604862213,0.07936301082372665,1.710555974394083,1.6311929635703564,512,,,,,,,,,,,
728,0.7000024013877088,0.5981036857322409,0.671875,0.44494181871414185,1.1773546040058136,0.11223460361361504,0.170953874476254,8.383691540076371e-05,0.11223460361361504,0.7411742880940437,0.11896233260631561,0.9372276626527309,0.8182653300464153,512,0.0009106696816161275,0.0009106696816161275,0.02,4675,0.7000024013877088,4675,4675,9350,0,4675,13393
729,0.7000024013877088,0.5984815455973148,1.671875,0.624696783721447,1.667848289012909,0.149957780726254,0.22517215088009834,8.377232898270014e-05,0.149957780726254,0.7411230355501175,0.13611144199967384,2.5524605214595795,2.4163490794599056,512,,,,,,,,,,,
730,0.7000024013877088,0.598858470166171,0.7109375,0.446762278676033,1.1840224117040634,0.1564656221307814,0.16980264149606228,8.370763876767642e-05,0.1564656221307814,0.7336865067481995,0.14879043772816658,1.847652979195118,1.6988625414669514,512,,,,,,,,,,,
731,0.7000024013877088,0.5992344605977888,0.6015625,0.3762403875589371,0.9885656014084816,0.10589587688446045,0.15155674796551466,8.364284495451355e-05,0.10589587688446045,0.7423266470432281,0.11918164044618607,0.7339341603219509,0.6147525198757648,512,,,,,,,,,,,
732,0.7000024013877088,0.5996095180511474,0.734375,0.4659813605248928,1.2213307172060013,0.14804285671561956,0.19073395431041718,8.357794774235092e-05,0.14804285671561956,0.7337451055645943,0.23228593915700912,2.8411897346377373,2.608903795480728,512,,,,,,,,,,,
733,0.7000024013877088,0.5999836436852262,0.8125,0.4942157231271267,1.2814086973667145,0.13127708481624722,0.21621464099735022,8.35129473306457e-05,0.13127708481624722,0.7402343526482582,0.15564018487930298,1.1538573279976845,0.9982171431183815,512,,,,,,,,,,,
734,0.7000024013877088,0.6003568386590038,1.2421875,0.6292169541120529,1.640688955783844,0.18794559594243765,0.2660289853811264,8.344784391917224e-05,0.18794559594243765,0.7004467695951462,0.684183906763792,2.4186016768217087,1.7344177700579166,512,,,,,,,,,,,
735,0.7000024013877088,0.6007291041314602,0.7265625,0.6962369717657566,1.8506732657551765,0.15410638134926558,0.25913564302027225,8.338263770802145e-05,0.15410638134926558,0.7344506606459618,0.22753764688968658,1.6438371166586876,1.416299469769001,512,,,,,,,,,,,
736,0.7000024300116997,0.601100441261574,0.8125,0.5460482351481915,1.4491761848330498,0.13752736244350672,0.20551539584994316,8.33173288976002e-05,0.13752736244350672,0.7324535846710205,0.12196406349539757,1.2859283089637756,1.163964245468378,512,0.0008257656591013074,0.0008257656591013074,0.02,5182,0.7000024300116997,5182,5182,10364,0,5182,14011
737,0.7000024300116997,0.6014708512083247,0.72265625,0.5032625924795866,1.3258682042360306,0.12426515761762857,0.19916989840567112,8.32519176886307e-05,0.12426515761762857,0.7300683483481407,-0.04152625799179077,0.9327392354607582,0.974265493452549,512,,,,,,,,,,,
738,0.7000024300116997,0.6018403351306915,0.98046875,0.7143196053802967,1.8588860780000687,0.08942699898034334,0.30571871902793646,8.318640428214982e-05,0.08942699898034334,0.7475780919194221,0.08455284312367439,0.6557605043053627,0.5712076611816883,512,,,,,,,,,,,
739,0.7000024300116997,0.6022088941876534,0.74609375,0.5728502348065376,1.4996193945407867,0.1562885669991374,0.23629035241901875,8.31207888795086e-05,0.1562885669991374,0.7299682423472404,0.00041162967681884766,1.5145042389631271,1.5140926092863083,512,,,,,,,,,,,
740,0.7000024300116997,0.6025765295381899,0.71484375,0.3342397175729275,0.8767160251736641,0.15543136280030012,0.13613155856728554,8.305507168237152e-05,0.15543136280030012,0.7237450927495956,0.08978087455034256,1.2070683389902115,1.117287464439869,512,,,,,,,,,,,
741,0.7000024300116997,0.6029432423412799,0.86328125,0.35887687280774117,0.9352954104542732,0.13891515787690878,0.15221022348850965,8.298925289271588e-05,0.13891515787690878,0.7176928594708443,-0.012315519154071808,1.261750377714634,1.2740658968687057,512,,,,,,,,,,,
742,0.7000024300116997,0.603309033755903,0.8515625,0.5720282047986984,1.523902527987957,0.13313675625249743,0.20951621793210506,8.292333271283134e-05,0.13313675625249743,0.7167944237589836,0.280398478731513,1.0801661983132362,0.7997677195817232,512,,,,,,,,,,,
743,0.7000024300116997,0.6036739049410378,0.84375,0.5583277083933353,1.486028015613556,0.1165695283561945,0.2058740509673953,8.285731134531906e-05,0.1165695283561945,0.7507079914212227,0.12159054353833199,1.1327841393649578,1.0111935958266258,512,,,,,,,,,,,
744,0.7000024300116997,0.604037857055664,0.71875,0.5809114892035723,1.5588940009474754,0.14281368535012007,0.20144376065582037,8.279118899309122e-05,0.14281368535012007,0.7359545677900314,0.19383110105991364,1.3078621476888657,1.114031046628952,512,0.0007283784216269851,0.0007283784216269851,0.02,5387,0.7000024300116997,5387,5387,10774,0,5387,14209
745,0.7000024300116997,0.6044008912587607,0.79296875,0.6298847086727619,1.6861844062805176,0.13686801679432392,0.22255703900009394,8.272496585937038e-05,0.13686801679432392,0.7298779115080833,0.044320836663246155,1.162669725716114,1.118348889052868,512,,,,,,,,,,,
746,0.7000024300116997,0.604763008709307,0.625,0.6939680092036724,1.8451835960149765,0.12569844070822,0.2577496971935034,8.265864214768883e-05,0.12569844070822,0.7351879775524139,0.14380599185824394,0.8767905011773109,0.732984509319067,512,,,,,,,,,,,
747,0.7000024300116997,0.6051242105662822,0.68359375,0.40767137706279755,1.0741746425628662,0.12709851190447807,0.1611931063234806,8.259221806188806e-05,0.12709851190447807,0.7344872951507568,0.1667945384979248,0.8764505162835121,0.7096559777855873,512,,,,,,,,,,,
748,0.7000024300116997,0.6054844979886655,0.7578125,0.7602672055363655,2.025238588452339,0.1298856334760785,0.27860138192772865,8.252569380611792e-05,0.1298856334760785,0.7384789735078812,0.19381604343652725,0.8948933407664299,0.7010772973299026,512,,,,,,,,,,,
749,0.7000024300116997,0.605843872135436,3.265625,0.8028189577162266,2.1180534809827805,0.13610366359353065,0.31473118253052235,8.245906958483623e-05,0.13610366359353065,0.7274829149246216,0.137030228972435,1.42428258061409,1.287252351641655,512,,,,,,,,,,,
750,0.7000024300116997,0.6062023341655731,0.84765625,0.5386750809848309,1.4121292531490326,0.14522549929097295,0.22021939046680927,8.2392345602808e-05,0.14522549929097295,0.7459936290979385,0.2151685282588005,1.4171394184231758,1.2019708901643753,512,,,,,,,,,,,
751,0.7000024300116997,0.6065598852380558,0.6875,0.5443732775747776,1.4311902672052383,0.12975259497761726,0.21842567157000303,8.232552206510485e-05,0.12975259497761726,0.745007298886776,0.14626045525074005,1.3714893758296967,1.2252289205789566,512,,,,,,,,,,,
752,0.7000024300116997,0.6069165265118633,0.6796875,0.754562146961689,2.007603459060192,0.1524172117933631,0.278948443941772,8.225859917710439e-05,0.1524172117933631,0.7220287844538689,0.26947909593582153,1.8649936504662037,1.5955145545303822,512,0.0006047359202057123,0.0006047359202057123,0.02,4998,0.7000024300116997,4998,4998,9996,0,4998,13816
753,0.7000024300116997,0.607272259145975,0.81640625,0.661905974149704,1.7571558356285095,0.12454463308677077,0.24861979205161333,8.219157714448958e-05,0.12454463308677077,0.7356225401163101,0.013642176985740662,1.0150667279958725,1.0014245510101318,512,,,,,,,,,,,
754,0.7000024300116997,0.6076270842993701,0.83984375,0.4855785593390465,1.2911468744277954,0.12741846311837435,0.18030323553830385,8.212445617324809e-05,0.12741846311837435,0.7405492961406708,0.06175456568598747,0.6759510524570942,0.6141964867711067,512,,,,,,,,,,,
755,0.7000024300116997,0.6079810031310274,0.76171875,0.6184155270457268,1.6219071820378304,0.1272940644994378,0.25207918509840965,8.205723646967165e-05,0.1272940644994378,0.7455321997404099,0.08632102236151695,1.072896283119917,0.9865752607584,512,,,,,,,,,,,
756,0.7000024300116997,0.6083340167999267,0.7265625,0.35483770072460175,0.9296541959047318,0.151697451248765,0.14561151899397373,8.198991824035547e-05,0.151697451248765,0.7388256713747978,0.13499849662184715,1.407118909060955,1.272120412439108,512,,,,,,,,,,,
757,0.7000024300116997,0.6086861264650468,0.79296875,0.4645778387784958,1.2213851884007454,0.1770891873165965,0.1864264002069831,8.192250169219756e-05,0.1770891873165965,0.723254382610321,0.23674877732992172,2.0498764142394066,1.8131276369094849,512,,,,,,,,,,,
758,0.7000024300116997,0.609037333285367,0.765625,0.5412654466927052,1.432290606200695,0.20813956670463085,0.20790765900164843,8.18549870323981e-05,0.20813956670463085,0.7243481278419495,0.32004086673259735,2.048512063920498,1.7284711971879005,512,,,,,,,,,,,
759,0.7000024300116997,0.6093876384198665,0.77734375,0.44092026352882385,1.1523069143295288,0.1497010812163353,0.18381505087018013,8.178737446845879e-05,0.1497010812163353,0.7264379784464836,0.18948134779930115,1.0995958745479584,0.9101145267486572,512,,,,,,,,,,,
760,0.7000024300116997,0.6097370430275246,0.65234375,0.3668072558939457,0.9597802981734276,0.1374155073426664,0.15175680629909039,8.171966420818228e-05,0.1374155073426664,0.7045703008770943,0.12172884866595268,1.3309737257659435,1.2092448770999908,512,0.0006731856847181916,0.0006731856847181916,0.02,4734,0.7000024300116997,4734,4734,9468,0,4734,13552
761,0.7000024300116997,0.6100855482673203,0.72265625,0.5352339446544647,1.4113168865442276,0.15873403754085302,0.21060410235077143,8.165185645967146e-05,0.15873403754085302,0.7176586836576462,-0.008701249957084656,1.485902227461338,1.4946034774184227,512,,,,,,,,,,,
762,0.7000024300116997,0.6104331552982329,0.66796875,0.49155520647764206,1.299542486667633,0.12161649577319622,0.1900186985731125,8.158395143132882e-05,0.12161649577319622,0.7227026224136353,0.07987674698233604,1.0914297215640545,1.0115529745817184,512,,,,,,,,,,,
763,0.7000024300116997,0.6107798652792419,0.63671875,0.6127683371305466,1.6266926378011703,0.11786499619483948,0.23018101137131453,8.151594933185589e-05,0.11786499619483948,0.7388427630066872,0.13397614285349846,0.7997090369462967,0.6657328940927982,512,,,,,,,,,,,
764,0.7000024300116997,0.6111256793693259,0.6171875,0.6648402400314808,1.7405835762619972,0.12194481678307056,0.27408371958881617,8.144785037025247e-05,0.12194481678307056,0.7342895418405533,0.14157916978001595,0.79787577688694,0.6562966071069241,512,,,,,,,,,,,
765,0.7000024300116997,0.6114705987274647,0.67578125,0.708578672260046,1.8564289584755898,0.1266479822807014,0.2907790821045637,8.13796547558161e-05,0.1266479822807014,0.7281615883111954,0.12266964092850685,0.8448972888290882,0.7222276479005814,512,,,,,,,,,,,
766,0.7000024300116997,0.6118146245126371,0.6796875,0.4221358150243759,1.115184225142002,0.1371645275503397,0.16401514504104853,8.131136269814139e-05,0.1371645275503397,0.7477490156888962,0.03971794247627258,1.799057774245739,1.7593398317694664,512,,,,,,,,,,,
767,0.7000024300116997,0.6121577578838224,0.62109375,0.5579003170132637,1.4546942040324211,0.14473245199769735,0.23591276537626982,8.124297440711932e-05,0.14473245199769735,0.7355444133281708,0.15384641662240028,1.359172098338604,1.2053256817162037,512,,,,,,,,,,,
768,0.7000024580852294,0.6124999999999999,0.75390625,0.4524826258420944,1.1925361827015877,0.1561039974913001,0.17862324882298708,8.117449009293668e-05,0.1561039974913001,0.735976554453373,0.0874575600028038,1.2546709179878235,1.1672133579850197,512,0.0006062239408493042,0.0006062239408493042,0.02,4505,0.7000024580852294,4505,4505,9010,0,4505,13435
769,0.7000024580852294,0.6128413520201488,0.6796875,0.4537540152668953,1.203134410083294,0.16348720900714397,0.17187771946191788,8.110590996607534e-05,0.16348720900714397,0.735039047896862,0.08038978278636932,1.4531400948762894,1.37275031208992,512,,,,,,,,,,,
770,0.7000024580852294,0.6131818151032483,0.62890625,0.6848974116146564,1.8145498633384705,0.11707592103630304,0.2608968000859022,8.103723423731169e-05,0.11707592103630304,0.7416381537914276,0.15401913225650787,1.9029978141188622,1.7489786818623543,512,,,,,,,,,,,
771,0.7000024580852294,0.6135213904082775,0.69921875,0.5976581536233425,1.584678903222084,0.12775020208209753,0.22640632838010788,8.09684631177159e-05,0.12775020208209753,0.7365380898118019,0.16131898388266563,0.8376339264214039,0.6763149425387383,512,,,,,,,,,,,
772,0.7000024580852294,0.6138600790942156,0.70703125,0.5908801071345806,1.5366973653435707,0.16194159630686045,0.2538483114913106,8.089959681865133e-05,0.16194159630686045,0.7363061234354973,0.23665129393339157,1.3591247722506523,1.1224734783172607,512,,,,,,,,,,,
773,0.7000024580852294,0.614197882320042,0.62109375,0.4834266323596239,1.271138310432434,0.13904636539518833,0.1937908362597227,8.083063555177388e-05,0.13904636539518833,0.7407690286636353,0.24504068866372108,1.850419782102108,1.605379093438387,512,,,,,,,,,,,
774,0.7000024580852294,0.6145348012447357,0.6875,0.5379719883203506,1.4324884936213493,0.13098831288516521,0.19772960059344769,8.076157952903134e-05,0.13098831288516521,0.7386913821101189,0.1176142655313015,1.0218272358179092,0.9042129702866077,512,,,,,,,,,,,
775,0.7000024580852294,0.614870837027276,0.70703125,0.6679360419511795,1.7608903348445892,0.14769993489608169,0.26315813045948744,8.069242896266269e-05,0.14769993489608169,0.7349267303943634,0.16256942972540855,1.5492339804768562,1.3866645507514477,512,,,,,,,,,,,
776,0.7000024580852294,0.6152059908266421,0.58984375,0.4561428092420101,1.2080768719315529,0.13040542509406805,0.17417399864643812,8.062318406519751e-05,0.13040542509406805,0.7367553561925888,0.17447734996676445,1.6090568788349628,1.4345795288681984,512,0.0006234431057237089,0.0006234431057237089,0.02,4338,0.7000024580852294,4338,4338,8676,0,4338,13265
777,0.7000024580852294,0.615540263801813,0.6171875,0.3789515271782875,1.0001118630170822,0.11511582229286432,0.14822605717927217,8.055384504945528e-05,0.11511582229286432,0.7386572062969208,0.23046783357858658,1.726143330335617,1.4956754967570305,512,,,,,,,,,,,
778,0.7000024580852294,0.6158736571117683,0.66015625,0.6559959799051285,1.7731706649065018,0.1371371429413557,0.21469585318118334,8.048441212854476e-05,0.1371371429413557,0.720451645553112,0.17383620142936707,1.20273856818676,1.0289023667573929,512,,,,,,,,,,,
779,0.7000024580852294,0.616206171915487,0.6953125,0.4115019887685776,1.082706831395626,0.12657413631677628,0.16426884103566408,8.041488551586332e-05,0.12657413631677628,0.7294140383601189,0.16736173257231712,0.9382309168577194,0.7708691842854023,512,,,,,,,,,,,
780,0.7000024580852294,0.6165378093719482,0.73828125,0.7918985392898321,2.0739873200654984,0.14399097580462694,0.32570506911724806,8.034526542509628e-05,0.14399097580462694,0.7206738144159317,0.14019650220870972,1.83500374853611,1.6948072463274002,512,,,,,,,,,,,
781,0.7000024580852294,0.6168685706401312,0.58984375,0.4121261313557625,1.072746567428112,0.1264019375666976,0.17612044140696526,8.027555207021628e-05,0.1264019375666976,0.7410204783082008,0.1135684959590435,1.2736341767013073,1.1600656807422638,512,,,,,,,,,,,
782,0.7000024580852294,0.6171984568790153,0.671875,0.4412531703710556,1.1613886058330536,0.1457676561549306,0.17574215307831764,8.020574566548256e-05,0.1457676561549306,0.733474113047123,0.01579100266098976,1.8586485497653484,1.8428575471043587,512,,,,,,,,,,,
783,0.7000024580852294,0.6175274692475795,0.67578125,0.5983988605439663,1.5617675334215164,0.12883928511291742,0.25156226847320795,8.013584642544038e-05,0.12883928511291742,0.7216772437095642,0.08536563813686371,0.9215447679162025,0.8361791297793388,512,,,,,,,,,,,
784,0.7000024580852294,0.6178556089048032,0.70703125,0.5911997817456722,1.5618135556578636,0.15577967558056116,0.2297008763998747,8.006585456492029e-05,0.15577967558056116,0.7262841686606407,0.11954999715089798,1.0179021954536438,0.8983521983027458,512,0.0006169555126689374,0.0006169555126689374,0.02,4263,0.7000024580852294,4263,4263,8526,0,4263,13189
785,0.7000024580852294,0.6181828770096655,0.77734375,0.48935872688889503,1.2922632843255997,0.13906241953372955,0.19064190238714218,7.999577029903755e-05,0.13906241953372955,0.7266869768500328,0.05970831960439682,1.0460321009159088,0.986323781311512,512,,,,,,,,,,,
786,0.7000024580852294,0.6185092747211456,0.6015625,0.683481752872467,1.8210023045539856,0.1244479320012033,0.25015442445874214,7.992559384319137e-05,0.1244479320012033,0.7470434233546257,0.16020741686224937,1.3640996776521206,1.2038922607898712,512,,,,,,,,,,,
787,0.7000024580852294,0.6188348031982227,0.7734375,0.5636553131043911,1.485743410885334,0.14761510770767927,0.22230290807783604,7.985532541306433e-05,0.14761510770767927,0.7261694148182869,0.19565389305353165,1.0276679620146751,0.8320140689611435,512,,,,,,,,,,,
788,0.7000024580852294,0.6191594635998762,0.98046875,0.5466532558202744,1.457619808614254,0.14069805573672056,0.19890512060374022,7.978496522462167e-05,0.14069805573672056,0.7266503646969795,0.3988639786839485,2.154174365103245,1.7553103864192963,512,,,,,,,,,,,
789,0.7000024580852294,0.6194832570850849,0.60546875,0.8407294787466526,2.2604248374700546,0.11076174397021532,0.2872401084750891,7.971451349411068e-05,0.11076174397021532,0.7388134598731995,0.20858606323599815,1.463036596775055,1.2544505335390568,512,,,,,,,,,,,
790,0.7000024580852294,0.6198061848128282,0.9296875,0.4362054094672203,1.1543896719813347,0.1597625557333231,0.1674448624253273,7.964397043805993e-05,0.1597625557333231,0.745546855032444,-0.06433987617492676,1.4320910945534706,1.4964309707283974,512,,,,,,,,,,,
791,0.7000024580852294,0.6201282479420855,0.69140625,0.6562639363110065,1.7505905628204346,0.1346351047977805,0.23808798752725124,7.957333627327875e-05,0.1346351047977805,0.7250195145606995,0.07915323600172997,1.5850308761000633,1.5058776400983334,512,,,,,,,,,,,
792,0.7000024580852294,0.6204494476318358,0.6953125,0.520847937092185,1.3765750378370285,0.14208346884697676,0.20175198186188936,7.950261121685641e-05,0.14208346884697676,0.7417821958661079,0.09504429250955582,0.8835465386509895,0.7885022461414337,512,0.0007082508527673781,0.0007082508527673781,0.02,5154,0.7000024580852294,5154,5154,10308,0,5154,14081
793,0.7000024580852294,0.6207697850410585,0.59765625,0.41584938019514084,1.0833563581109047,0.11793491616845131,0.17679322510957718,7.943179548616162e-05,0.11793491616845131,0.7350439131259918,0.08803875744342804,1.0725143030285835,0.9844755455851555,512,,,,,,,,,,,
794,0.7000024580852294,0.6210892613287324,1.1796875,0.6931661069393158,1.8061231896281242,0.15200383448973298,0.2943800911307335,7.936088929884166e-05,0.15200383448973298,0.7077099606394768,0.056863464415073395,1.1973580196499825,1.140494555234909,512,,,,,,,,,,,
795,0.7000024580852294,0.6214078776538372,0.6171875,0.7602931037545204,2.0043528228998184,0.15966206090524793,0.29956557508558035,7.928989287282195e-05,0.15966206090524793,0.7234887555241585,0.20486630499362946,1.1728490330278873,0.9679827280342579,512,,,,,,,,,,,
796,0.7000024580852294,0.6217256351753517,0.87109375,0.39997201040387154,1.054092362523079,0.1615621354430914,0.1579439789056778,7.921880642630514e-05,0.1615621354430914,0.7357787862420082,0.28582853823900223,1.8029953315854073,1.517166793346405,512,,,,,,,,,,,
797,0.7000024580852294,0.6220425350522554,0.70703125,0.5653677061200142,1.436054952442646,0.14706419967114925,0.2771804165095091,7.91476301777706e-05,0.14706419967114925,0.7359619140625,0.19723398983478546,1.037120796740055,0.8398868069052696,512,,,,,,,,,,,
798,0.7000024580852294,0.6223585784435272,0.61328125,0.4918095991015434,1.3016536310315132,0.12548795156180859,0.18867841642349958,7.907636434597369e-05,0.12548795156180859,0.7441430389881134,0.11949827894568443,1.073662281036377,0.9541640020906925,512,,,,,,,,,,,
799,0.7000024580852294,0.6226737665081465,1.0234375,0.7220480814576149,1.9302240908145905,0.23376312479376793,0.2578003201633692,7.900500914994516e-05,0.23376312479376793,0.7071240246295929,0.10804934427142143,1.4726286605000496,1.3645793162286282,512,,,,,,,,,,,
800,0.7000024831312215,0.6229881004050926,0.66015625,0.557965274900198,1.488327868282795,0.12430072017014027,0.20247593242675066,7.89335648089903e-05,0.12430072017014027,0.736704096198082,0.1829644814133644,1.5321080312132835,1.3491435497999191,512,0.0005570136709138751,0.0005570136709138751,0.02,4973,0.7000024831312215,4973,4973,9946,0,4973,13995
801,0.7000024831312215,0.6233015812933445,0.88671875,0.596017824485898,1.5671839192509651,0.14503220468759537,0.23893067054450512,7.886203154268846e-05,0.14503220468759537,0.728217750787735,0.22575852274894714,1.7262675687670708,1.5005090460181236,512,,,,,,,,,,,
802,0.7000024831312215,0.6236142103318815,0.7109375,0.5815773047506809,1.5534596145153046,0.14994997275061905,0.20889580249786377,7.879040957089228e-05,0.14994997275061905,0.7321630567312241,0.17504115030169487,1.0164892710745335,0.8414481207728386,512,,,,,,,,,,,
803,0.7000024831312215,0.6239259886796827,0.78515625,0.5623782463371754,1.473554939031601,0.10895066056400537,0.23062146734446287,7.871869911372702e-05,0.10895066056400537,0.7158666998147964,0.07522562704980373,0.909081868827343,0.8338562417775393,512,,,,,,,,,,,
804,0.7000024831312215,0.6242369174957275,0.828125,0.7279893085360527,1.8756353184580803,0.12778194900602102,0.3303928319364786,7.86469003915899e-05,0.12778194900602102,0.7315868884325027,6.66305422782898e-05,1.1681440398097038,1.1680774092674255,512,,,,,,,,,,,
805,0.7000024831312215,0.6245469979389949,0.8515625,0.6788459494709969,1.8050753697752953,0.12547643575817347,0.25203346833586693,7.857501362514946e-05,0.12547643575817347,0.7434374839067459,0.29814568907022476,2.141332432627678,1.8431867435574532,512,,,,,,,,,,,
806,0.7000024831312215,0.6248562311684643,0.734375,0.43705893494188786,1.145392693579197,0.14178008679300547,0.17902826331555843,7.850303903534473e-05,0.14178008679300547,0.7373925596475601,0.12660116702318192,1.0699822902679443,0.9433811232447624,512,,,,,,,,,,,
807,0.7000024831312215,0.6251646183431148,0.80078125,0.47845715656876564,1.281430222094059,0.11569645442068577,0.16843989491462708,7.843097684338477e-05,0.11569645442068577,0.7410033941268921,0.08578605204820633,0.9299105927348137,0.8441245406866074,512,,,,,,,,,,,
808,0.7000024831312215,0.6254721606219256,0.7421875,0.5550184547901154,1.4449178129434586,0.1177799990400672,0.2369562303647399,7.835882727074779e-05,0.1177799990400672,0.734799787402153,0.08310776948928833,0.9430710002779961,0.8599632307887077,512,0.0008173590176738799,0.0008173590176738799,0.02,5038,0.7000024831312215,5038,5038,10076,0,5038,14056
809,0.7000024831312215,0.6257788591638759,0.796875,0.5941925719380379,1.5683281645178795,0.14742030389606953,0.2322553340345621,7.828659053918066e-05,0.14742030389606953,0.7219726294279099,-0.0033571720123291016,1.534272663295269,1.5376298353075981,512,,,,,,,,,,,
810,0.7000024831312215,0.626084715127945,0.65625,0.48508214950561523,1.27902340143919,0.12859866488724947,0.19092243444174528,7.821426687069803e-05,0.12859866488724947,0.7299462929368019,0.22444036602973938,1.7585626319050789,1.5341222658753395,512,,,,,,,,,,,
811,0.7000024831312215,0.6263897296731119,0.83203125,0.48707367666065693,1.3035710453987122,0.10205897688865662,0.17240970209240913,7.814185648758181e-05,0.10205897688865662,0.7331811413168907,0.13569387793540955,1.1955269910395145,1.059833113104105,512,,,,,,,,,,,
812,0.7000024831312215,0.6266939039583559,0.66015625,0.7338485531508923,1.9554471150040627,0.13199886679649353,0.2683363426476717,7.80693596123804e-05,0.13199886679649353,0.7400121837854385,0.1885308362543583,1.0735381878912449,0.8850073516368866,512,,,,,,,,,,,
813,0.7000024831312215,0.6269972391426563,0.83203125,0.4507122077047825,1.1788693740963936,0.1460732687264681,0.18692517466843128,7.799677646790799e-05,0.1460732687264681,0.738269031047821,0.17259784787893295,0.9750056564807892,0.8024078086018562,512,,,,,,,,,,,
814,0.7000024831312215,0.6272997363849921,0.640625,0.47291414625942707,1.245635960251093,0.14683684892952442,0.18743716552853584,7.792410727724395e-05,0.14683684892952442,0.7273266538977623,0.17998114973306656,1.4813069701194763,1.3013258203864098,512,,,,,,,,,,,
815,0.7000024831312215,0.6276013968443429,0.74609375,0.5994173437356949,1.5646744668483734,0.12051742151379585,0.25174165423959494,7.785135226373212e-05,0.12051742151379585,0.7417333722114563,0.12517163902521133,1.183114893734455,1.0579432547092438,512,,,,,,,,,,,
816,0.7000024831312215,0.6279022216796875,0.6875,0.4207297395914793,1.1109520494937897,0.14461957477033138,0.1639865143224597,7.777851165098012e-05,0.14461957477033138,0.7367870807647705,0.11982378736138344,1.0008854120969772,0.8810616247355938,512,0.0033296034671366215,0.0033296034671366215,0.02,4586,0.7000024831312215,4586,4586,9172,0,4586,13600
817,0.7000024831312215,0.6282022120500051,0.74609375,0.566115565598011,1.4908741638064384,0.1602971376851201,0.2246275171637535,7.770558566285858e-05,0.1602971376851201,0.7341259643435478,0.1868622489273548,1.2991060093045235,1.1122437603771687,512,,,,,,,,,,,
818,0.7000024831312215,0.6285013691142753,0.8515625,0.6511142700910568,1.6946657598018646,0.1999230645596981,0.27840773947536945,7.763257452350058e-05,0.1999230645596981,0.7178564146161079,-0.009573489427566528,1.5760719552636147,1.5856454446911812,512,,,,,,,,,,,
819,0.7000024831312215,0.628799694031477,0.9140625,0.6174467168748379,1.6232194602489471,0.1338669378310442,0.24783113412559032,7.755947845730094e-05,0.1338669378310442,0.7390722632408142,0.17917323112487793,0.9786133617162704,0.7994401305913925,512,,,,,,,,,,,
820,0.7000024831312215,0.6290971879605893,0.62890625,0.5338246300816536,1.4148729145526886,0.13208261085674167,0.20277739688754082,7.748629768891543e-05,0.13208261085674167,0.7375463843345642,0.08937287703156471,1.0032310876995325,0.9138582106679678,512,,,,,,,,,,,
821,0.7000024831312215,0.6293938520605917,0.63671875,0.36153092607855797,0.9535218626260757,0.16204610373824835,0.1420263471081853,7.741303244326014e-05,0.16204610373824835,0.746328093111515,0.12327581644058228,1.7251243740320206,1.6018485575914383,512,,,,,,,,,,,
822,0.7000024831312215,0.6296896874904632,0.6015625,0.4388996846973896,1.1540247723460197,0.10891201253980398,0.17597422190010548,7.733968294551088e-05,0.10891201253980398,0.724494606256485,0.12281095236539841,1.1669190898537636,1.0441081374883652,512,,,,,,,,,,,
823,0.7000024831312215,0.6299846954091831,0.6875,0.5868648737668991,1.5473447740077972,0.12626841850578785,0.23103355430066586,7.726624942110232e-05,0.12626841850578785,0.7341845482587814,0.18096406757831573,0.9162180945277214,0.7352540269494057,512,,,,,,,,,,,
824,0.7000024831312215,0.6302788769757306,0.640625,0.3380123972892761,0.8892012014985085,0.18456967175006866,0.1350787440314889,7.719273209572744e-05,0.18456967175006866,0.7257470414042473,0.21123572811484337,1.5274953097105026,1.3162595815956593,512,0.0009026295738294721,0.0009026295738294721,0.02,4792,0.7000024831312215,4792,4792,9584,0,4792,13803
825,0.7000024831312215,0.6305722333490849,0.6796875,0.6744670271873474,1.7887566536664963,0.15560388192534447,0.2550827404484153,7.711913119533672e-05,0.15560388192534447,0.7461230158805847,0.1211351528763771,1.305148884654045,1.184013731777668,512,,,,,,,,,,,
826,0.7000024831312215,0.630864765688225,0.69140625,0.5631275475025177,1.4951454773545265,0.12072932347655296,0.21130153723061085,7.704544694613755e-05,0.12072932347655296,0.7375341579318047,0.11968700215220451,1.0752301141619682,0.9555431120097637,512,,,,,,,,,,,
827,0.7000024831312215,0.6311564751521305,0.58984375,0.49430758878588676,1.313033513724804,0.11790100764483213,0.1848682016134262,7.697167957459345e-05,0.11790100764483213,0.7449096366763115,0.09796199575066566,1.2136651240289211,1.1157031282782555,512,,,,,,,,,,,
828,0.7000024831312215,0.6314473628997802,0.62890625,0.4775586314499378,1.2685497030615807,0.1240071039646864,0.17859760206192732,7.689782930742344e-05,0.1240071039646864,0.7372338622808456,0.0929453857243061,1.3995188847184181,1.306573498994112,512,,,,,,,,,,,
829,0.7000024831312215,0.6317374300901536,0.640625,0.5480024665594101,1.4687627032399178,0.16460297908633947,0.1918507507070899,7.682389637160127e-05,0.16460297908633947,0.7415673658251762,0.09585359692573547,1.7526171132922173,1.6567635163664818,512,,,,,,,,,,,
830,0.7000024831312215,0.6320266778822298,0.6875,0.4575814250856638,1.215473733842373,0.1465841494500637,0.17113657016307116,7.674988099435487e-05,0.1465841494500637,0.737607404589653,0.20322014018893242,1.0690096132457256,0.8657894730567932,512,,,,,,,,,,,
831,0.7000024831312215,0.632315107434988,1.2890625,0.6944602429866791,1.84181759506464,0.13155147433280945,0.2626072857528925,7.667578340316541e-05,0.13155147433280945,0.7514452934265137,0.13315315172076225,1.3574556186795235,1.2243024669587612,512,,,,,,,,,,,
832,0.7000025156084422,0.6326027199074074,0.875,0.4780266284942627,1.2430642917752266,0.12422076659277081,0.20550119690597057,7.660160382576683e-05,0.12422076659277081,0.7369286939501762,0.18073966354131699,1.2412322089076042,1.0604925453662872,512,0.0006955664721317589,0.0006955664721317589,0.02,5867,0.7000025156084422,5867,5867,11734,0,5867,15005
833,0.7000025156084422,0.6328895164584672,0.67578125,0.5175391174852848,1.388219639658928,0.14051989279687405,0.18008067272603512,7.652734249014504e-05,0.14051989279687405,0.7314037904143333,0.17260118573904037,0.9542292207479477,0.7816280350089073,512,,,,,,,,,,,
834,0.7000025156084422,0.6331754982471466,0.5703125,0.5510196313261986,1.465820275247097,0.11815238557755947,0.2039361074566841,7.645299962453716e-05,0.11815238557755947,0.7379320934414864,0.13274846598505974,0.9019384011626244,0.7691899351775646,512,,,,,,,,,,,
835,0.7000025156084422,0.6334606664324247,0.64453125,0.6537817679345608,1.7441294491291046,0.14743836037814617,0.23702734522521496,7.637857545743101e-05,0.14743836037814617,0.731682114303112,0.1650446504354477,1.803525373339653,1.6384807229042053,512,,,,,,,,,,,
836,0.7000025156084422,0.633745022173281,0.66015625,0.7568435184657574,2.022561639547348,0.1377266850322485,0.27090347558259964,7.630407021756418e-05,0.1377266850322485,0.7358886525034904,0.19389029033482075,1.8569289669394493,1.6630386766046286,512,,,,,,,,,,,
837,0.7000025156084422,0.6340285666286944,0.6171875,0.7442357689142227,1.962535135447979,0.14790939539670944,0.292724696919322,7.622948413392344e-05,0.14790939539670944,0.7548925653100014,0.18759369105100632,2.1122836396098137,1.9246899485588074,512,,,,,,,,,,,
838,0.7000025156084422,0.6343113009576444,0.69140625,0.7683502957224846,2.050068326294422,0.14519861433655024,0.2782658953219652,7.615481743574411e-05,0.14519861433655024,0.7431030124425888,0.013985835015773773,1.4596129059791565,1.4456270709633827,512,,,,,,,,,,,
839,0.7000025156084422,0.6345932263191099,0.56640625,0.3823084123432636,1.0011420398950577,0.11372704803943634,0.15736828558146954,7.608007035250917e-05,0.11372704803943634,0.7521777227520943,0.11674698442220688,0.8613931313157082,0.7446461468935013,512,,,,,,,,,,,
840,0.7000025156084422,0.6348743438720703,0.62109375,0.4767823964357376,1.260525181889534,0.14517101272940636,0.18426986504346132,7.600524311394873e-05,0.14517101272940636,0.743300773203373,0.1777324303984642,1.4778964519500732,1.300164021551609,512,0.0004772651882376522,0.0004772651882376522,0.02,4104,0.7000025156084422,4104,4104,8208,0,4104,13237
841,0.7000025156084422,0.6351546547755047,0.625,0.43019112199544907,1.1349942237138748,0.11828026175498962,0.16861519683152437,7.593033595003922e-05,0.11828026175498962,0.7402392476797104,0.133878443390131,1.3095554485917091,1.1756770052015781,512,,,,,,,,,,,
842,0.7000025156084422,0.6354341601883924,0.609375,0.5557103101164103,1.4836870953440666,0.1083021555095911,0.20028345938771963,7.585534909100274e-05,0.1083021555095911,0.743481419980526,0.11667654663324356,0.8627488538622856,0.746072307229042,512,,,,,,,,,,,
843,0.7000025156084422,0.6357128612697124,0.609375,0.5131102986633778,1.375086486339569,0.14880467765033245,0.17979316040873528,7.578028276730627e-05,0.14880467765033245,0.7378637418150902,0.16319029033184052,1.5840236842632294,1.4208333939313889,512,,,,,,,,,,,
844,0.7000025156084422,0.6359907591784442,0.6640625,0.4657467193901539,1.237814024090767,0.15276556555181742,0.1735396245494485,7.570513720966108e-05,0.15276556555181742,0.7325439304113388,0.1861228570342064,1.4198998287320137,1.2337769716978073,512,,,,,,,,,,,
845,0.7000025156084422,0.6362678550735668,0.59765625,0.717266283929348,1.8760001212358475,0.14904353395104408,0.29753398708999157,7.562991264902197e-05,0.14904353395104408,0.7363696172833443,0.10580681264400482,1.3088244870305061,1.2030176743865013,512,,,,,,,,,,,
846,0.7000025156084422,0.6365441501140594,0.6015625,0.4303472936153412,1.1437136828899384,0.17184044979512691,0.1603689631447196,7.555460931658647e-05,0.17184044979512691,0.7284350469708443,0.2008596956729889,2.032433457672596,1.831573761999607,512,,,,,,,,,,,
847,0.7000025156084422,0.6368196454589014,0.66015625,0.5858685281127691,1.553049013018608,0.14912579581141472,0.2223101668059826,7.547922744379428e-05,0.14912579581141472,0.7494482323527336,0.26083801686763763,2.2719174921512604,2.0110794752836227,512,,,,,,,,,,,
848,0.7000025156084422,0.6370943422670717,0.75390625,0.589133083820343,1.5546249151229858,0.17775371251627803,0.23062674701213837,7.540376726232648e-05,0.17775371251627803,0.7313329800963402,0.02815251052379608,1.4816341027617455,1.4534815922379494,512,0.0007002258789725602,0.0007002258789725602,0.02,4597,0.7000025156084422,4597,4597,9194,0,4597,13737
849,0.7000025156084422,0.6373682416975498,0.78125,0.47898324579000473,1.2736354768276215,0.14353500120341778,0.17782883532345295,7.53282290041048e-05,0.14353500120341778,0.7421386539936066,0.3110243007540703,1.7059897780418396,1.3949654772877693,512,,,,,,,,,,,
850,0.7000025156084422,0.6376413449093147,0.60546875,0.4549053832888603,1.198974370956421,0.11462214728817344,0.17952673323452473,7.525261290129095e-05,0.11462214728817344,0.7311279028654099,0.16322121396660805,1.1371522583067417,0.9739310443401337,512,,,,,,,,,,,
851,0.7000025156084422,0.6379136530613457,0.91796875,0.2987852543592453,0.7780145704746246,0.13351138262078166,0.12739523872733116,7.517691918628588e-05,0.13351138262078166,0.7418456822633743,0.1293995976448059,1.1179459244012833,0.9885463267564774,512,,,,,,,,,,,
852,0.7000025156084422,0.638185167312622,0.6640625,0.5159383863210678,1.3635124415159225,0.12012554053217173,0.19993715453892946,7.51011480917291e-05,0.12012554053217173,0.743364229798317,0.10884923487901688,1.276128113269806,1.167278878390789,512,,,,,,,,,,,
853,0.7000025156084422,0.6384558888221228,0.6796875,0.5022186040878296,1.3299630135297775,0.13626553863286972,0.1919114589691162,7.502529985049793e-05,0.13626553863286972,0.7474462538957596,0.14026238769292831,1.1318583749234676,0.9915959872305393,512,,,,,,,,,,,
854,0.7000025156084422,0.6387258187488273,0.66796875,0.41213494539260864,1.079804353415966,0.15029882080852985,0.1690893778577447,7.494937469570676e-05,0.15029882080852985,0.7429638504981995,0.12414339929819107,1.2707481160759926,1.1466047167778015,512,,,,,,,,,,,
855,0.7000025156084422,0.6389949582517147,0.71875,0.5417437367141247,1.4303505271673203,0.14603560091927648,0.21129710879176855,7.487337286070642e-05,0.14603560091927648,0.736926257610321,0.18762335926294327,1.1416788846254349,0.9540555253624916,512,,,,,,,,,,,
856,0.7000025156084422,0.6392633084897642,0.7734375,0.4418325573205948,1.1584986969828606,0.11355254799127579,0.18038779124617577,7.47972945790834e-05,0.11355254799127579,0.7366259694099426,0.09315858408808708,0.9757347740232944,0.8825761899352074,512,0.0006001818110235035,0.0006001818110235035,0.02,4819,0.7000025156084422,4819,4819,9638,0,4819,13932
857,0.7000025156084422,0.6395308706219549,0.90234375,0.45494965091347694,1.2039565294981003,0.17273913230746984,0.17467872332781553,7.472114008465909e-05,0.17273913230746984,0.7368920668959618,-0.02959607169032097,1.8250251896679401,1.854621261358261,512,,,,,,,,,,,
858,0.7000025156084422,0.6397976458072662,0.625,0.4683767780661583,1.2305639311671257,0.20531208999454975,0.1887596184387803,7.464490961148921e-05,0.20531208999454975,0.7223510444164276,0.22925114631652832,2.221682086586952,1.992430940270424,512,,,,,,,,,,,
859,0.7000025156084422,0.6400636352046771,0.640625,0.4271503258496523,1.123880684375763,0.11156427953392267,0.17051417008042336,7.456860339386292e-05,0.11156427953392267,0.7472387626767159,0.0413973443210125,0.8265045136213303,0.7851071693003178,512,,,,,,,,,,,
860,0.7000025156084422,0.6403288399731671,0.80078125,0.5231173895299435,1.3773735761642456,0.12669665925204754,0.20783060509711504,7.449222166630218e-05,0.12669665925204754,0.7381835877895355,0.10418105125427246,0.8689173460006714,0.7647362947463989,512,,,,,,,,,,,
861,0.7000025156084422,0.6405932612717151,0.58203125,0.6375143192708492,1.7074716538190842,0.12677388405427337,0.22438985016196966,7.441576466356108e-05,0.12677388405427337,0.7430590763688087,0.1291077360510826,1.6197711154818535,1.4906633794307709,512,,,,,,,,,,,
862,0.7000025156084422,0.6408569002593004,0.69921875,0.7344170808792114,1.9725322127342224,0.14385591726750135,0.25297402311116457,7.4339232620625e-05,0.14385591726750135,0.7300512567162514,0.18467674404382706,0.9253256469964981,0.740648902952671,512,,,,,,,,,,,
863,0.7000025156084422,0.6411197580949024,0.73046875,0.5896839983761311,1.5501369908452034,0.11784910038113594,0.23678414151072502,7.426262577270999e-05,0.11784910038113594,0.7366357296705246,0.16788210347294807,1.3972290307283401,1.229346927255392,512,,,,,,,,,,,
864,0.7000025491865854,0.6413818359375,0.58203125,0.5424663424491882,1.423050545156002,0.12860805541276932,0.2207867493852973,7.4185944355262e-05,0.12860805541276932,0.7342993021011353,0.15526718646287918,0.9326303526759148,0.7773631662130356,512,0.0007969043799676001,0.0007969043799676001,0.02,4694,0.7000025491865854,4694,4694,9388,0,4694,13945
865,0.7000025491865854,0.6416431349460725,0.61328125,0.49712634831666946,1.3198176696896553,0.12082083895802498,0.1866257395595312,7.410918860395615e-05,0.12082083895802498,0.7427904978394508,0.13492082059383392,1.2597170993685722,1.1247962787747383,512,,,,,,,,,,,
866,0.7000025491865854,0.6419036562795992,0.55859375,0.6066290028393269,1.5987823083996773,0.11555828526616096,0.23948730528354645,7.403235875469603e-05,0.11555828526616096,0.7439941167831421,0.16383451968431473,1.9075207598507404,1.7436862401664257,512,,,,,,,,,,,
867,0.7000025491865854,0.6421634010970592,0.9609375,0.5933595094829798,1.5716624036431313,0.16619749553501606,0.2263966305181384,7.395545504361296e-05,0.16619749553501606,0.7294140458106995,0.46870341151952744,2.165501080453396,1.6967976689338684,512,,,,,,,,,,,
868,0.7000025491865854,0.6424223705574318,0.609375,0.5787826478481293,1.5334546193480492,0.11173830088227987,0.22043208219110966,7.387847770706531e-05,0.11173830088227987,0.7184765413403511,0.171307023614645,1.3338938653469086,1.1625868417322636,512,,,,,,,,,,,
869,0.7000025491865854,0.6426805658196961,2.03125,0.6556113213300705,1.732289731502533,0.15930336713790894,0.2544111777096987,7.380142698163766e-05,0.15930336713790894,0.7311132401227951,0.16348455846309662,1.985879547894001,1.8223949894309044,512,,,,,,,,,,,
870,0.7000025491865854,0.6429379880428314,0.5703125,0.5268451645970345,1.3994698598980904,0.11224801000207663,0.197030627168715,7.372430310414016e-05,0.11224801000207663,0.7413476407527924,0.12377486377954483,1.3053790219128132,1.1816041581332684,512,,,,,,,,,,,
871,0.7000025491865854,0.6431946383858168,0.79296875,0.7763242907822132,1.943903237581253,0.11825326271355152,0.40859453193843365,7.36471063116079e-05,0.11825326271355152,0.7477758452296257,0.08225924149155617,0.8032035082578659,0.7209442667663097,512,,,,,,,,,,,
872,0.7000025491865854,0.6434505180076316,0.765625,0.37412719428539276,0.980078898370266,0.13527777697890997,0.15363981388509274,7.35698368412999e-05,0.13527777697890997,0.7485009580850601,0.12590233981609344,1.4054300710558891,1.2795277312397957,512,0.0007884859805926681,0.0007884859805926681,0.02,5530,0.7000025491865854,5530,5530,11060,0,5530,14779
873,0.7000025491865854,0.643705628067255,0.6796875,0.5838228948414326,1.5545650944113731,0.11611598450690508,0.2145950961858034,7.349249493069865e-05,0.11611598450690508,0.7310986071825027,0.020806513726711273,1.051404446363449,1.0305979326367378,512,,,,,,,,,,,
874,0.7000025491865854,0.6439599697236661,0.74609375,0.6261202171444893,1.6791701167821884,0.14759044954553246,0.21816375479102135,7.341508081750927e-05,0.14759044954553246,0.7478124871850014,-0.07616418600082397,2.0121717676520348,2.0883359536528587,512,,,,,,,,,,,
875,0.7000025491865854,0.6442135441358442,0.65625,0.5997876338660717,1.5861672833561897,0.11976238433271646,0.231370915658772,7.333759473965877e-05,0.11976238433271646,0.7316454872488976,0.18557238206267357,1.1787374913692474,0.9931651093065739,512,,,,,,,,,,,
876,0.7000025491865854,0.6444663524627685,0.609375,0.5120908692479134,1.3527060076594353,0.1258599106222391,0.19908441044390202,7.326003693529538e-05,0.1258599106222391,0.7351293638348579,0.14685539528727531,2.1025607213377953,1.95570532605052,512,,,,,,,,,,,
877,0.7000025491865854,0.6447183958634182,0.62890625,0.520014438778162,1.368285670876503,0.11914652120321989,0.20751562155783176,7.318240764278772e-05,0.11914652120321989,0.7410888448357582,0.17312440276145935,1.420251302421093,1.2471268996596336,512,,,,,,,,,,,
878,0.7000025491865854,0.6449696754967725,0.59765625,0.45383796468377113,1.1890335381031036,0.11788071412593126,0.18623298034071922,7.310470710072413e-05,0.11788071412593126,0.7367089688777924,0.10754822567105293,0.8719796389341354,0.7644314132630825,512,,,,,,,,,,,
879,0.7000025491865854,0.6452201925218105,0.59765625,0.4797898791730404,1.2794762328267097,0.12752316612750292,0.17443241830915213,7.3026935547912e-05,0.12752316612750292,0.7321581840515137,0.14096511155366898,1.464409850537777,1.323444738984108,512,,,,,,,,,,,
880,0.7000025491865854,0.6454699480975115,0.69921875,0.4338749535381794,1.1490048244595528,0.136439916677773,0.16576769575476646,7.294909322337689e-05,0.136439916677773,0.7289867699146271,0.034406211227178574,1.2287554517388344,1.1943492405116558,512,0.0008781804936006665,0.0008781804936006665,0.02,4052,0.7000025491865854,4052,4052,8104,0,4052,13300
881,0.7000025491865854,0.6457189433828547,0.59375,0.557517770677805,1.487166166305542,0.13565904460847378,0.20228158496320248,7.287118036636189e-05,0.13565904460847378,0.7294213697314262,0.1353556513786316,1.4761331304907799,1.3407774791121483,512,,,,,,,,,,,
882,0.7000025491865854,0.6459671795368194,0.76953125,0.4549127593636513,1.209204114973545,0.13338153436779976,0.16931936983019114,7.27931972163269e-05,0.13338153436779976,0.7332275286316872,0.15464361011981964,1.5200080946087837,1.365364484488964,512,,,,,,,,,,,
883,0.7000025491865854,0.6462146577183847,0.70703125,0.4530866891145706,1.1981709003448486,0.12368310336023569,0.17481899447739124,7.27151440129478e-05,0.12368310336023569,0.7467333748936653,0.2971888966858387,1.552335448563099,1.2551465518772602,512,,,,,,,,,,,
884,0.7000025491865854,0.6464613790865297,0.71875,0.47928979247808456,1.273320347070694,0.12681341357529163,0.17907289881259203,7.263702099611586e-05,0.12681341357529163,0.7432250827550888,0.10104373469948769,0.8216868154704571,0.7206430807709694,512,,,,,,,,,,,
885,0.7000025491865854,0.6467073448002338,1.15625,0.5291346907615662,1.402842454612255,0.18532290495932102,0.2005959376692772,7.255882840593682e-05,0.18532290495932102,0.7338549643754959,-0.3037586770951748,1.3727580942213535,1.6765167713165283,512,,,,,,,,,,,
886,0.7000025491865854,0.6469525560184761,0.62109375,0.6887732297182083,1.8419737741351128,0.11513869278132915,0.24521771166473627,7.248056648273034e-05,0.11513869278132915,0.7385815307497978,0.15986771136522293,1.2000747472047806,1.0402070358395576,512,,,,,,,,,,,
887,0.7000025491865854,0.6471970139002359,0.6953125,0.4798334762454033,1.2591487914323807,0.12333767022937536,0.19489198364317417,7.240223546702908e-05,0.12333767022937536,0.7333032116293907,0.17465034872293472,0.9475195035338402,0.7728691548109055,512,,,,,,,,,,,
888,0.7000025491865854,0.6474407196044921,0.69921875,0.4595852978527546,1.2171728909015656,0.12012607650831342,0.17550976481288671,7.232383559957814e-05,0.12012607650831342,0.7444994822144508,0.12213882431387901,0.8089711293578148,0.6868323050439358,512,0.000662309757899493,0.000662309757899493,0.02,4866,0.7000025491865854,4866,4866,9732,0,4866,14123
889,0.7000025491865854,0.6476836742902243,0.69921875,0.502884779125452,1.2725245133042336,0.12392497900873423,0.2513686753809452,7.224536712133418e-05,0.12392497900873423,0.7432397454977036,0.17236535996198654,1.3654262199997902,1.1930608600378036,512,,,,,,,,,,,
890,0.7000025491865854,0.6479258791164115,0.69140625,0.4489029534161091,1.1714779660105705,0.14093135949224234,0.18883394077420235,7.216683027346475e-05,0.14093135949224234,0.7327099591493607,0.13340048491954803,1.5784923881292343,1.4450919032096863,512,,,,,,,,,,,
891,0.7000025491865854,0.648167335242033,0.65625,0.5104262735694647,1.3640443310141563,0.10716912802308798,0.18270190991461277,7.208822529734749e-05,0.10716912802308798,0.7477880716323853,0.08539813756942749,0.8717308044433594,0.7863326668739319,512,,,,,,,,,,,
892,0.7000025491865854,0.6484080438260679,0.65625,0.3596637099981308,0.9467789530754089,0.1385453538969159,0.14311104360967875,7.200955243456947e-05,0.1385453538969159,0.7411840707063675,0.11383622139692307,1.1679529249668121,1.054116703569889,512,,,,,,,,,,,
893,0.7000025491865854,0.6486480060274954,0.62890625,0.5508731044828892,1.4598961621522903,0.12058226484805346,0.2094161855056882,7.193081192692639e-05,0.12058226484805346,0.7470483332872391,0.13826166093349457,1.5729396156966686,1.434677954763174,512,,,,,,,,,,,
894,0.7000025491865854,0.6488872230052948,0.81640625,0.3582499772310257,0.9414046406745911,0.1498007057234645,0.14420131500810385,7.185200401642187e-05,0.1498007057234645,0.7205981239676476,0.3432855047285557,2.320193510502577,1.9769080057740211,512,,,,,,,,,,,
895,0.7000025491865854,0.6491256959184452,0.65625,0.39648257568478584,1.0389702692627907,0.14090277813374996,0.16249200981110334,7.177312894526665e-05,0.14090277813374996,0.7314013615250587,0.1264340989291668,1.6401402205228806,1.5137061215937138,512,,,,,,,,,,,
896,0.7000025780858071,0.6493634259259259,0.60546875,0.4573994651436806,1.2115525603294373,0.12898459006100893,0.1745063429698348,7.169418695587791e-05,0.12898459006100893,0.7363037019968033,0.1367192044854164,1.302600920200348,1.1658817157149315,512,0.0007607204606756568,0.0007607204606756568,0.02,4367,0.7000025780858071,4367,4366,8733,1,4367,13718
897,0.7000025780858071,0.649600414186716,0.6640625,0.8874657899141312,2.37076835334301,0.10930047044530511,0.3185218721628189,7.161517829087852e-05,0.10930047044530511,0.7308349460363388,0.14311180636286736,1.234870869666338,1.0917590633034706,512,,,,,,,,,,,
898,0.7000025780858071,0.6498366618597948,0.83984375,0.6829065065830946,1.802425779402256,0.14262242056429386,0.2669877614825964,7.153610319309621e-05,0.14262242056429386,0.7326977476477623,0.3237715885043144,1.3279013857245445,1.00412979722023,512,,,,,,,,,,,
899,0.7000025780858071,0.6500721701041415,0.73046875,0.5415180362761021,1.4297221451997757,0.15568307507783175,0.21124157961457968,7.145696190556295e-05,0.15568307507783175,0.7256884649395943,0.15057123824954033,1.3713406547904015,1.2207694165408611,512,,,,,,,,,,,
900,0.7000025780858071,0.6503069400787354,1.3515625,0.41021767631173134,1.0904491096735,0.11525516863912344,0.15263471752405167,7.137775467151411e-05,0.11525516863912344,0.7416943088173866,0.10192922875285149,1.2408043630421162,1.1388751342892647,512,,,,,,,,,,,
901,0.7000025780858071,0.6505409729425554,0.63671875,0.3576131761074066,0.9443892911076546,0.14750049728900194,0.13928694743663073,7.129848173438774e-05,0.14750049728900194,0.7378466576337814,0.13305550441145897,1.3225291222333908,1.1894736178219318,512,,,,,,,,,,,
902,0.7000025780858071,0.6507742698545809,0.7734375,0.37796079367399216,0.9972022026777267,0.10727861663326621,0.1481335125863552,7.121914333782384e-05,0.10727861663326621,0.746767558157444,0.08679915592074394,0.7848211042582989,0.6980219483375549,512,,,,,,,,,,,
903,0.7000025780858071,0.6510068319737911,0.609375,0.6259685792028904,1.6421455219388008,0.11672591883689165,0.2547288816422224,7.113973972566357e-05,0.11672591883689165,0.7470434308052063,0.055772580206394196,1.1764648370444775,1.1206922568380833,512,,,,,,,,,,,
904,0.7000025780858071,0.6512386604591651,0.6484375,0.5484707560390234,1.457434743642807,0.13259952422231436,0.20459774136543274,7.106027114194855e-05,0.13259952422231436,0.7447973415255547,0.10432441532611847,1.4768791943788528,1.3725547790527344,512,0.0005756327882409096,0.0005756327882409096,0.02,4832,0.7000025780858071,4832,4832,9664,0,4832,14196
905,0.7000025780858071,0.6514697564696824,0.61328125,0.5088067203760147,1.3463305085897446,0.16545157972723246,0.19550795760005713,7.098073783092007e-05,0.16545157972723246,0.7391064316034317,0.058746762573719025,2.5171591341495514,2.4584123715758324,512,,,,,,,,,,,
906,0.7000025780858071,0.6517001211643219,0.6875,0.4777512941509485,1.2634538859128952,0.15057643223553896,0.18427723087370396,7.090114003701838e-05,0.15057643223553896,0.7467797622084618,0.24641884863376617,2.1118322983384132,1.865413449704647,512,,,,,,,,,,,
907,0.7000025780858071,0.6519297557020628,0.73828125,0.5438018180429935,1.4436011463403702,0.12352211587131023,0.204283039085567,7.082147800488187e-05,0.12352211587131023,0.7405297681689262,0.1474447287619114,1.2159676402807236,1.0685229115188122,512,,,,,,,,,,,
908,0.7000025780858071,0.6521586612418846,0.66796875,0.6773470733314753,1.798957459628582,0.1280442252755165,0.2536093257367611,7.074175197934639e-05,0.1280442252755165,0.7332348376512527,0.18781449645757675,0.9445541873574257,0.7567396908998489,512,,,,,,,,,,,
909,0.7000025780858071,0.6523868389427662,0.703125,0.5080906078219414,1.3632530719041824,0.15219329809769988,0.1764153828844428,7.066196220544449e-05,0.15219329809769988,0.7335668727755547,0.07348303496837616,1.725083626806736,1.6516005918383598,512,,,,,,,,,,,
910,0.7000025780858071,0.6526142899636869,0.58203125,0.38463326171040535,1.017757624387741,0.10796334035694599,0.14779765997081995,7.058210892840461e-05,0.10796334035694599,0.7413549572229385,0.12152573466300964,0.858513455837965,0.7369877211749554,512,,,,,,,,,,,
911,0.7000025780858071,0.6528410154636259,0.64453125,0.825485359877348,2.1641741544008255,0.12221650592982769,0.3372965529561043,7.050219239365037e-05,0.12221650592982769,0.7413647249341011,0.09459300339221954,1.3473248183727264,1.252731814980507,512,,,,,,,,,,,
912,0.7000025780858071,0.6530670166015624,0.53515625,0.44635429605841637,1.1806579679250717,0.11224476620554924,0.1719307554885745,7.042221284679982e-05,0.11224476620554924,0.7338012382388115,0.12334447726607323,1.0516275949776173,0.928283117711544,512,0.0009334242204204202,0.0009334242204204202,0.02,4081,0.7000025780858071,4081,4081,8162,0,4081,13447
913,0.7000025780858071,0.6532922945364757,0.91015625,0.6512986719608307,1.7229089587926865,0.11752859689295292,0.2507233116775751,7.034217053366465e-05,0.11752859689295292,0.735707975924015,0.13712099194526672,0.8831943348050117,0.746073342859745,512,,,,,,,,,,,
914,0.7000025780858071,0.653516850427345,0.59765625,0.5839360952377319,1.5447971001267433,0.12840741826221347,0.22470613941550255,7.02620657002495e-05,0.12840741826221347,0.7305883467197418,0.1570407599210739,1.8990177623927593,1.7419770024716854,512,,,,,,,,,,,
915,0.7000025780858071,0.6537406854331493,0.62890625,0.474465224891901,1.2392462193965912,0.0970981065183878,0.19852708652615547,7.018189859275112e-05,0.0970981065183878,0.7466137558221817,0.12893018499016762,1.2287238091230392,1.0997936241328716,512,,,,,,,,,,,
916,0.7000025780858071,0.653963800712868,0.5703125,0.484478410333395,1.2957580164074898,0.12545942049473524,0.17235833033919334,7.010166945755768e-05,0.12545942049473524,0.7436254695057869,0.10300718992948532,1.7265836521983147,1.6235764622688293,512,,,,,,,,,,,
917,0.7000025780858071,0.6541861974254802,0.7734375,0.45338861644268036,1.19110669195652,0.09674005396664143,0.18279816024005413,7.002137854124797e-05,0.09674005396664143,0.7317455783486366,0.13912732154130936,0.9034055322408676,0.7642782106995583,512,,,,,,,,,,,
918,0.7000025780858071,0.6544078767299651,0.6484375,0.5878696255385876,1.5537385791540146,0.1384920608252287,0.22768447641283274,6.99410260905907e-05,0.1384920608252287,0.7538866922259331,0.15764068812131882,1.072017140686512,0.9143764525651932,512,,,,,,,,,,,
919,0.7000025780858071,0.6546288397853021,0.59375,0.45151035115122795,1.1860759183764458,0.12365571595728397,0.18213719315826893,6.986061235254363e-05,0.12365571595728397,0.7416308373212814,0.10615503787994385,0.8330330401659012,0.7268780022859573,512,,,,,,,,,,,
920,0.7000025780858071,0.6548490877504701,0.6015625,0.5453108139336109,1.4331961646676064,0.12093914300203323,0.2192608155310154,6.978013757425295e-05,0.12093914300203323,0.7465502768754959,0.10330502316355705,1.7456966117024422,1.6423915885388851,512,0.0005508727044798434,0.0005508727044798434,0.02,4584,0.7000025780858071,4584,4584,9168,0,4584,13934
921,0.7000025780858071,0.6550686217844486,0.5390625,0.49970852956175804,1.3339832425117493,0.1015203446149826,0.18028493225574493,6.969960200305241e-05,0.1015203446149826,0.7365185394883156,0.10060911998152733,1.095362339168787,0.9947532191872597,512,,,,,,,,,,,
922,0.7000025780858071,0.6552874430462166,0.75,0.42080095037817955,1.0971592962741852,0.14286786410957575,0.17799505591392517,6.961900588646263e-05,0.14286786410957575,0.7271483987569809,0.05454276502132416,1.2199803590774536,1.1654375940561295,512,,,,,,,,,,,
923,0.7000025780858071,0.6555055526947534,2.140625,0.536562692373991,1.429652824997902,0.14728200063109398,0.19629471004009247,6.95383494721903e-05,0.14728200063109398,0.731818825006485,0.09756462648510933,2.1772687286138535,2.079704102128744,512,,,,,,,,,,,
924,0.7000025780858071,0.6557229518890381,0.58984375,0.6735950820147991,1.7994623929262161,0.1288622748106718,0.24173474870622158,6.945763300812745e-05,0.1288622748106718,0.750300295650959,0.13422927260398865,1.2118021696805954,1.0775728970766068,512,,,,,,,,,,,
925,0.7000025780858071,0.6559396417880499,0.75,0.5034408159554005,1.3164023756980896,0.1339541506022215,0.20917580090463161,6.937685674235064e-05,0.1339541506022215,0.7445190250873566,0.03306356072425842,1.2742788195610046,1.2412152588367462,512,,,,,,,,,,,
926,0.7000025780858071,0.6561556235507682,0.609375,0.48921235650777817,1.287722684442997,0.13074386678636074,0.1947389729321003,6.929602092312023e-05,0.13074386678636074,0.7495556473731995,0.15982341021299362,1.4756664261221886,1.315843015909195,512,,,,,,,,,,,
927,0.7000025780858071,0.656370898336172,0.703125,0.32136744260787964,0.8452896922826767,0.20300564356148243,0.12855102494359016,6.921512579887962e-05,0.20300564356148243,0.7242236211895943,0.22957701236009598,1.9004915431141853,1.6709145307540894,512,,,,,,,,,,,
928,0.7000026072602595,0.6565854673032407,0.59765625,0.45357977598905563,1.1945117190480232,0.1280648298561573,0.17997241485863924,6.91341716182545e-05,0.1280648298561573,0.745124489068985,0.14981123805046082,1.175285942852497,1.0254747048020363,512,0.0008296661544591188,0.0008296661544591188,0.02,4767,0.7000026072602595,4767,4767,9534,0,4767,14231
929,0.7000026072602595,0.6567993316109533,2.21875,0.7608234696090221,2.0271578058600426,0.19614817015826702,0.2783677764236927,6.905315863005202e-05,0.19614817015826702,0.7203784137964249,0.22229168564081192,1.4720385670661926,1.2497468814253807,512,,,,,,,,,,,
930,0.7000026072602595,0.6570124924182892,0.60546875,0.47914208099246025,1.2802360206842422,0.11251671053469181,0.17170961666852236,6.897208708326013e-05,0.11251671053469181,0.7472436428070068,0.055198583751916885,1.5383920073509216,1.4831934235990047,512,,,,,,,,,,,
931,0.7000026072602595,0.6572249508842274,2.578125,0.6622970290482044,1.7639826014637947,0.1736177122220397,0.24297801405191422,6.88909572270467e-05,0.1736177122220397,0.7202343419194221,0.1839420646429062,1.7522773146629333,1.5683352500200272,512,,,,,,,,,,,
932,0.7000026072602595,0.6574367081677472,1.5703125,0.5470644161105156,1.4811685010790825,0.13002940081059933,0.17660237941890955,6.880976931075887e-05,0.13002940081059933,0.7449536025524139,0.1777951791882515,1.759096920490265,1.5813017413020134,512,,,,,,,,,,,
933,0.7000026072602595,0.6576477654278278,0.62109375,0.6583804860711098,1.735807329416275,0.1025862842798233,0.2592849675565958,6.872852358392215e-05,0.1025862842798233,0.735913060605526,0.21116727590560913,1.0813849736005068,0.8702176976948977,512,,,,,,,,,,,
934,0.7000026072602595,0.6578581238234484,0.6015625,0.7640466615557671,2.0231070071458817,0.12734862975776196,0.29218579828739166,6.864722029623977e-05,0.12734862975776196,0.7540160864591599,0.11002985388040543,2.1314626336097717,2.0214327797293663,512,,,,,,,,,,,
935,0.7000026072602595,0.6580677845135883,0.71875,0.7270401678979397,1.9384127110242844,0.11567759001627564,0.2647392377257347,6.856585969759189e-05,0.11567759001627564,0.7355761751532555,0.060793546959757805,1.2870481312274933,1.2262545842677355,512,,,,,,,,,,,
936,0.7000026072602595,0.6582767486572265,0.5625,0.47620129957795143,1.2670761495828629,0.11561892554163933,0.1759580122306943,6.848444203803476e-05,0.11561892554163933,0.7525903135538101,0.16793260350823402,1.3489342406392097,1.1810016371309757,512,0.0007882491918280721,0.0007882491918280721,0.02,5946,0.7000026072602595,5946,5946,11892,0,5946,15408
937,0.7000026072602595,0.6584850174133424,0.90234375,0.7892233729362488,2.09570824354887,0.1536130728200078,0.29587760008871555,6.840296756780002e-05,0.1536130728200078,0.7254858091473579,0.2402946874499321,1.0747653767466545,0.8344706892967224,512,,,,,,,,,,,
938,0.7000026072602595,0.6586925919409151,0.703125,0.695753201842308,1.8432464376091957,0.1460455320775509,0.26509647350758314,6.832143653729397e-05,0.1460455320775509,0.7452026084065437,0.2569998726248741,1.5885443463921547,1.3315444737672806,512,,,,,,,,,,,
939,0.7000026072602595,0.6588994733989239,0.8828125,0.6083210967481136,1.6254193931818008,0.13280868716537952,0.2179778292775154,6.823984919709667e-05,0.13280868716537952,0.745371088385582,0.09019120782613754,1.0796634554862976,0.9894722476601601,512,,,,,,,,,,,
940,0.7000026072602595,0.6591056629463478,0.59375,0.3720197416841984,0.9795488119125366,0.1113265692256391,0.1477837059646845,6.815820579796127e-05,0.1113265692256391,0.7390649244189262,0.1045934334397316,0.7511846348643303,0.6465912014245987,512,,,,,,,,,,,
941,0.7000026072602595,0.6593111617421662,0.765625,0.5587434880435467,1.4820770770311356,0.16591157112270594,0.2110849330201745,6.807650659081317e-05,0.16591157112270594,0.7343749925494194,0.1352854184806347,1.1673257052898407,1.032040286809206,512,,,,,,,,,,,
942,0.7000026072602595,0.6595159709453582,0.640625,0.4666612707078457,1.220032699406147,0.14211346115916967,0.19409229047596455,6.799475182674942e-05,0.14211346115916967,0.7329223453998566,0.15199612826108932,1.2867315411567688,1.1347354128956795,512,,,,,,,,,,,
943,0.7000026072602595,0.6597200917149031,0.65234375,0.4390672966837883,1.1566822677850723,0.10748942848294973,0.17382463347166777,6.791294175703768e-05,0.10748942848294973,0.741457499563694,0.09296717867255211,0.8055264800786972,0.7125593014061451,512,,,,,,,,,,,
944,0.7000026072602595,0.65992352520978,0.609375,0.3662322163581848,0.9619289636611938,0.13074549473822117,0.14786559995263815,6.783107663311565e-05,0.13074549473822117,0.7511791959404945,0.14973647892475128,1.6756892800331116,1.5259528011083603,512,0.0008029650198295712,0.0008029650198295712,0.02,4450,0.7000026072602595,4450,4450,8900,0,4450,13913
945,0.7000026072602595,0.6601262725889683,0.72265625,0.6903924401849508,1.816785715520382,0.14322490897029638,0.2753125000745058,6.774915670659025e-05,0.14322490897029638,0.7418310344219208,0.11985878646373749,1.0378448218107224,0.9179860353469849,512,,,,,,,,,,,
946,0.7000026072602595,0.6603283350114469,0.5546875,0.47705107368528843,1.2679202258586884,0.10824393481016159,0.17768904846161604,6.76671822292368e-05,0.10824393481016159,0.7362377792596817,0.04683955758810043,1.193236730992794,1.1463971734046936,512,,,,,,,,,,,
947,0.7000026072602595,0.6605297136361952,0.84765625,0.5373376533389091,1.4006037935614586,0.2149715768173337,0.22769203875213861,6.758515345299831e-05,0.2149715768173337,0.7218456864356995,0.29181014001369476,2.583884321153164,2.292074181139469,512,,,,,,,,,,,
948,0.7000026072602595,0.6607304096221923,0.65234375,0.4032105430960655,1.064721703529358,0.1363930907100439,0.15712836105376482,6.750307062998462e-05,0.1363930907100439,0.7452514618635178,0.15838560461997986,1.7876327857375145,1.6292471811175346,512,,,,,,,,,,,
949,0.7000026072602595,0.6609304241284175,0.5703125,0.4601493626832962,1.2111883610486984,0.11094138491898775,0.18320357613265514,6.742093401247172e-05,0.11094138491898775,0.7401684299111366,0.11511789634823799,0.9401478320360184,0.8250299356877804,512,,,,,,,,,,,
950,0.7000026072602595,0.6611297583138501,0.8046875,0.7317414619028568,1.9444100186228752,0.13825104758143425,0.27298825792968273,6.733874385290097e-05,0.13825104758143425,0.7327319383621216,0.12400515377521515,1.047490295022726,0.9234851412475109,512,,,,,,,,,,,
951,0.7000026072602595,0.6613284133374691,0.59765625,0.4686790481209755,1.2527923732995987,0.1408517174422741,0.1674470817670226,6.725650040387817e-05,0.1408517174422741,0.7356860339641571,0.14991722628474236,1.662159338593483,1.5122421123087406,512,,,,,,,,,,,
952,0.7000026072602595,0.6615263903582537,0.66796875,0.44063638150691986,1.1783230602741241,0.14401684887707233,0.15693869162350893,6.717420391817306e-05,0.14401684887707233,0.7355322018265724,0.14258794859051704,1.104636687785387,0.96204873919487,512,0.0006433654925785959,0.0006433654925785959,0.02,4404,0.7000026072602595,4404,4404,8808,0,4404,13874
953,0.7000026072602595,0.6617236905351833,0.75390625,0.707470964640379,1.908767208456993,0.1647728094831109,0.2350841723382473,6.709185464871825e-05,0.1647728094831109,0.7437060251832008,0.12316299974918365,1.8844335973262787,1.761270597577095,512,,,,,,,,,,,
954,0.7000026072602595,0.6619203150272369,0.71484375,0.5622307620942593,1.5126295015215874,0.13310386054217815,0.19110003858804703,6.700945284860862e-05,0.13310386054217815,0.7380419969558716,0.1241045705974102,0.8923192918300629,0.7682147212326527,512,,,,,,,,,,,
955,0.7000026072602595,0.6621162649933938,0.59765625,0.35071439296007156,0.9205830693244934,0.10245022550225258,0.14218776766210794,6.692699877110054e-05,0.10245022550225258,0.7643041759729385,0.20937679708003998,1.482335664331913,1.272958867251873,512,,,,,,,,,,,
956,0.7000026072602595,0.6623115415926333,1.078125,0.34435904771089554,0.9074081107974052,0.1576970824971795,0.13610412273555994,6.6844492669611e-05,0.1576970824971795,0.7379296645522118,0.1725567914545536,1.5844747610390186,1.411917969584465,512,,,,,,,,,,,
957,0.7000026072602595,0.6625061459839343,0.55078125,0.42483849450945854,1.122782438993454,0.11753075150772929,0.16460690833628178,6.676193479771692e-05,0.11753075150772929,0.7336059436202049,0.17307287827134132,1.9888645187020302,1.8157916404306889,512,,,,,,,,,,,
958,0.7000026072602595,0.6627000793262764,0.74609375,0.5688101053237915,1.4912909492850304,0.1329120835289359,0.23237597942352295,6.66793254091543e-05,0.1329120835289359,0.7140771523118019,0.2116714008152485,1.0704269409179688,0.8587555401027203,512,,,,,,,,,,,
959,0.7000026072602595,0.6628933427786385,0.61328125,0.6363995671272278,1.6957059353590012,0.1454895930364728,0.23277750983834267,6.659666475781747e-05,0.1454895930364728,0.7354687377810478,0.1672372817993164,1.1754195243120193,1.008182242512703,512,,,,,,,,,,,
960,0.7000026441411711,0.6630859375,0.6953125,0.4687642231583595,1.227762408554554,0.12203753460198641,0.1927351951599121,6.651395309775837e-05,0.12203753460198641,0.734548307955265,0.11259089782834053,0.7590175420045853,0.6464266441762447,512,0.0007064768578857183,0.0007064768578857183,0.02,4613,0.7000026441411711,4613,4613,9226,0,4613,14212
961,0.7000026441411711,0.6632778646493399,0.66796875,0.5551419239491224,1.4940527901053429,0.1327610369771719,0.18819539435207844,6.643119068318563e-05,0.1327610369771719,0.7381957694888115,0.14719359949231148,1.1769348047673702,1.0297412052750587,512,,,,,,,,,,,
962,0.7000026441411711,0.6634691253856376,0.578125,0.6317518502473831,1.691065989434719,0.1021020831540227,0.22333347517997026,6.634837776846393e-05,0.1021020831540227,0.7512133568525314,0.10261925309896469,0.8447633907198906,0.7421441376209259,512,,,,,,,,,,,
963,0.7000026441411711,0.6636597208678722,0.71875,0.3898389358073473,1.0330099686980247,0.147688421420753,0.14832007139921188,6.626551460811315e-05,0.147688421420753,0.7468432486057281,-0.0028425678610801697,2.3282754123210907,2.331117980182171,512,,,,,,,,,,,
964,0.7000026441411711,0.6638496522550229,0.6796875,0.49623677507042885,1.3076948300004005,0.14900918956846,0.19605287536978722,6.618260145680757e-05,0.14900918956846,0.730034165084362,0.22079961746931076,1.4710172563791275,1.2502176389098167,512,,,,,,,,,,,
965,0.7000026441411711,0.664038920706069,0.625,0.5254539176821709,1.3916365951299667,0.14889744203537703,0.20064797066152096,6.609963856937516e-05,0.14889744203537703,0.739916980266571,0.12354428693652153,1.3055386319756508,1.1819943450391293,512,,,,,,,,,,,
966,0.7000026441411711,0.6642275273799896,0.5390625,0.3805776722729206,1.013479620218277,0.10778729012235999,0.13978603389114141,6.601662620079669e-05,0.10778729012235999,0.764111302793026,0.09007519483566284,1.4469120725989342,1.3568368777632713,512,,,,,,,,,,,
967,0.7000026441411711,0.6644154734357639,0.625,0.6310494504868984,1.683465838432312,0.14665979193523526,0.22880514711141586,6.593356460620504e-05,0.14665979193523526,0.7460595518350601,0.1591188833117485,1.3484070673584938,1.1892881840467453,512,,,,,,,,,,,
968,0.7000026441411711,0.6646027600323713,0.60546875,0.5648290440440178,1.5017959251999855,0.11869280971586704,0.20980718545615673,6.585045404088441e-05,0.11869280971586704,0.716850571334362,0.010097943246364594,1.8692778572440147,1.8591799139976501,512,0.0008139273268170655,0.0008139273268170655,0.02,4131,0.7000026441411711,4131,4131,8262,0,4131,13721
969,0.7000026441411711,0.6647893883287906,0.59375,0.607143972069025,1.617092877626419,0.10767419915646315,0.22273726109415293,6.576729476026945e-05,0.10767419915646315,0.7467943951487541,0.10485468432307243,0.9102432206273079,0.8053885363042355,512,,,,,,,,,,,
970,0.7000026441411711,0.6649753594840013,0.7265625,0.5875193104147911,1.5650836378335953,0.18614545837044716,0.21527784876525402,6.568408701994458e-05,0.18614545837044716,0.730165958404541,0.20722343027591705,1.2925858795642853,1.0853624492883682,512,,,,,,,,,,,
971,0.7000026441411711,0.6651606746569827,0.60546875,0.7643866054713726,2.0179000198841095,0.1378092672675848,0.29842294193804264,6.560083107564313e-05,0.1378092672675848,0.7324414029717445,0.14852993190288544,1.481009341776371,1.3324794098734856,512,,,,,,,,,,,
972,0.7000026441411711,0.6653453350067138,0.62890625,0.5682945661246777,1.5219668298959732,0.16771906148642302,0.2001378582790494,6.551752718324659e-05,0.16771906148642302,0.7231664732098579,0.18728936463594437,1.7113990411162376,1.5241096764802933,512,,,,,,,,,,,
973,0.7000026441411711,0.6655293416921739,0.6640625,0.7681958191096783,2.0471783354878426,0.10261129401624203,0.28068769350647926,6.543417559878384e-05,0.10261129401624203,0.7423095479607582,0.12745046988129616,0.6844669654965401,0.5570164956152439,512,,,,,,,,,,,
974,0.7000026441411711,0.665712695872342,0.58984375,0.654312152415514,1.7295729592442513,0.12915333872660995,0.2531911050900817,6.53507765784303e-05,0.12915333872660995,0.7284277230501175,0.15970098227262497,1.4935890026390553,1.3338880203664303,512,,,,,,,,,,,
975,0.7000026441411711,0.6658953987061977,1.0234375,0.351692458614707,0.9275015294551849,0.16166933439671993,0.1382331568747759,6.52673303785072e-05,0.16166933439671993,0.7331323027610779,0.3863050974905491,1.5867601856589317,1.2004550881683826,512,,,,,,,,,,,
976,0.7000026441411711,0.6660774513527199,0.578125,0.6423365063965321,1.700422428548336,0.11176484962925315,0.24605176877230406,6.518383725548074e-05,0.11176484962925315,0.740659162402153,0.16503431648015976,1.4280211105942726,1.2629867941141129,512,0.0006620649364776909,0.0006620649364776909,0.02,4727,0.7000026441411711,4727,4727,9454,0,4727,14314
977,0.7000026441411711,0.6662588549708879,0.64453125,0.7352506686002016,1.940953440964222,0.14289979357272387,0.28707875218242407,6.510029746596142e-05,0.14289979357272387,0.7383837625384331,0.1784842647612095,1.3940565846860409,1.2155723199248314,512,,,,,,,,,,,
978,0.7000026441411711,0.6664396107196807,0.6640625,0.4848422296345234,1.296564131975174,0.10940033430233598,0.1726546622812748,6.501671126670306e-05,0.10940033430233598,0.7425073087215424,0.07351072877645493,0.8923220261931419,0.818811297416687,512,,,,,,,,,,,
979,0.7000026441411711,0.6666197197580779,0.7421875,0.5117199309170246,1.3616317883133888,0.13328796159476042,0.18903460167348385,6.49330789146022e-05,0.13328796159476042,0.7329467535018921,0.10313697159290314,1.1221017614006996,1.0189647898077965,512,,,,,,,,,,,
980,0.7000026441411711,0.6667991832450584,1.3359375,0.4770181030035019,1.2657156735658646,0.12040173076093197,0.17979366052895784,6.484940066669718e-05,0.12040173076093197,0.7458715513348579,0.09426252543926239,1.3096624240279198,1.2153998985886574,512,,,,,,,,,,,
981,0.7000026441411711,0.6669780023396015,0.58984375,0.43814850971102715,1.1590693891048431,0.1054648794233799,0.16865333262830973,6.476567678016742e-05,0.1054648794233799,0.7437573000788689,0.07201941683888435,1.0059856697916985,0.9339662529528141,512,,,,,,,,,,,
982,0.7000026441411711,0.6671561782006864,0.65234375,0.48554737493395805,1.2972375825047493,0.14860934764146805,0.17411805130541325,6.468190751233262e-05,0.14860934764146805,0.7356786951422691,0.10981205850839615,0.9524141326546669,0.8426020741462708,512,,,,,,,,,,,
983,0.7000026441411711,0.6673337119872923,0.64453125,0.666881863027811,1.7695374116301537,0.12389708124101162,0.2513166628777981,6.45980931206519e-05,0.12389708124101162,0.7453417778015137,0.2233106717467308,2.027516394853592,1.8042057231068611,512,,,,,,,,,,,
984,0.7000026444164017,0.6675106048583984,0.66796875,0.5443377606570721,1.437386654317379,0.1146575789898634,0.2121216244995594,6.451423386272312e-05,0.1146575789898634,0.7304003685712814,0.15410424023866653,0.7808107547461987,0.6267065145075321,512,0.0006652843439951539,0.0006652843439951539,0.02,4373,0.7000026444164017,4373,4372,8745,1,4373,13957
985,0.7000026444164017,0.6676868579729839,0.625,0.41671017929911613,1.100678727030754,0.1287136087194085,0.16207932773977518,6.443032999628203e-05,0.1287136087194085,0.7346801534295082,0.1029314212501049,1.2415058054029942,1.1385743841528893,512,,,,,,,,,,,
986,0.7000026444164017,0.6678624724900281,0.71875,0.4481664076447487,1.2003145590424538,0.12801286671310663,0.15776542574167252,6.434638177920144e-05,0.12801286671310663,0.7418505698442459,0.15264543518424034,1.2443198785185814,1.091674443334341,512,,,,,,,,,,,
987,0.7000026444164017,0.66803744956851,0.66015625,0.4685019813477993,1.2399889901280403,0.1492895595729351,0.17971393559128046,6.42623894694905e-05,0.1492895595729351,0.7352197095751762,0.09152272343635559,1.3473212197422981,1.2557984963059425,512,,,,,,,,,,,
988,0.7000026444164017,0.668211790367409,0.8359375,0.6258154921233654,1.6698160097002983,0.18329757498577237,0.22659447137266397,6.417835332529389e-05,0.18329757498577237,0.7219164967536926,0.1411908082664013,2.075357563793659,1.934166755527258,512,,,,,,,,,,,
989,0.7000026444164017,0.6683854960457042,0.94921875,0.5150913707911968,1.3668292090296745,0.19100602297112346,0.1940536480396986,6.409427360489098e-05,0.19100602297112346,0.6809106469154358,0.11434412002563477,2.321770552545786,2.207426432520151,512,,,,,,,,,,,
990,0.7000026444164017,0.6685585677623749,0.59765625,0.47993991896510124,1.2710519805550575,0.1349138217046857,0.18331132736057043,6.401015056669508e-05,0.1349138217046857,0.7403393536806107,0.14445817470550537,0.958303801715374,0.8138456270098686,512,,,,,,,,,,,
991,0.7000026444164017,0.6687310066764002,0.59765625,0.41922711580991745,1.1039427071809769,0.1223073173314333,0.16644246596843004,6.392598446925266e-05,0.1223073173314333,0.7468310296535492,0.13742370903491974,0.8473483324050903,0.7099246233701706,512,,,,,,,,,,,
992,0.7000026757926996,0.6689028139467592,0.69921875,0.495990265160799,1.3236038386821747,0.14545847941190004,0.17939689103513956,6.384177557124247e-05,0.14545847941190004,0.7379589602351189,0.17793741822242737,1.0321776792407036,0.8542402610182762,512,0.0005936477100476623,0.0005936477100476623,0.02,4509,0.7000026757926996,4509,4510,9019,-1,4509,14195
993,0.7000026757926996,0.6690739907324313,0.61328125,0.455496434122324,1.2132877334952354,0.0974150924012065,0.16700442600995302,6.375752413147485e-05,0.0974150924012065,0.7469238042831421,0.06394297629594803,0.8849821500480175,0.8210391737520695,512,,,,,,,,,,,
994,0.7000026757926996,0.6692445381923957,0.5625,0.6185242366045713,1.6213482841849327,0.1183237787336111,0.25296745263040066,6.36732304088909e-05,0.1183237787336111,0.7466943189501762,0.11703198775649071,1.6817984208464622,1.5647664330899715,512,,,,,,,,,,,
995,0.7000026757926996,0.6694144574856317,0.64453125,0.4788220766931772,1.2701752930879593,0.1466831574216485,0.18080066610127687,6.358889466256166e-05,0.1466831574216485,0.7378564029932022,0.19781560078263283,1.1486676223576069,0.9508520215749741,512,,,,,,,,,,,
996,0.7000026757926996,0.6695837497711181,0.5625,0.6678446065634489,1.787436567246914,0.13634426798671484,0.23633496183902025,6.350451715168729e-05,0.13634426798671484,0.7491601333022118,0.09261246025562286,2.1900611594319344,2.0974486991763115,512,,,,,,,,,,,
997,0.7000026757926996,0.6697524162078344,0.59375,0.510929811745882,1.3572466149926186,0.08627850795164704,0.19102544151246548,6.342009813559633e-05,0.08627850795164704,0.7429198995232582,0.09027785435318947,0.5715571902692318,0.48127933591604233,512,,,,,,,,,,,
998,0.7000026757926996,0.66992045795476,1.0234375,0.502211082726717,1.3316459730267525,0.1507348334416747,0.19020573794841766,6.333563787374493e-05,0.1507348334416747,0.7269335761666298,-0.04656776413321495,1.417422778904438,1.463990543037653,512,,,,,,,,,,,
999,0.7000026757926996,0.6700878761708736,0.6328125,0.32581757567822933,0.8610597550868988,0.108915108256042,0.1262662075459957,6.325113662571596e-05,0.108915108256042,0.7319042757153511,0.2641512118279934,1.4528774060308933,1.1887261942029,512,,,,,,,,,,,
1000,0.7000026757926996,0.6702546720151548,0.5859375,0.5102089084684849,1.3485634103417397,0.1604880797676742,0.19752408005297184,6.316659465121824e-05,0.1604880797676742,0.7312890440225601,0.19067014567553997,2.5831893160939217,2.3925191704183817,512,0.0005664699710905552,0.0005664699710905552,0.02,4448,0.7000026757926996,4448,4448,8896,0,4448,14169
1001,0.7000026757926996,0.6704208466465826,0.88671875,0.7070354465395212,1.8590793833136559,0.17719704285264015,0.283452233299613,6.308201221008584e-05,0.17719704285264015,0.7187329009175301,0.2331659197807312,1.7869216576218605,1.5537557378411293,512,,,,,,,,,,,
1002,0.7000026757926996,0.6705864012241363,0.65625,0.340632738545537,0.9056123532354832,0.10045453067868948,0.12660801969468594,6.299738956227712e-05,0.10045453067868948,0.7373339608311653,0.10496684163808823,0.6835822761058807,0.5786154344677925,512,,,,,,,,,,,
1003,0.7000026757926996,0.6707513369067951,0.5859375,0.5651082135736942,1.4907120615243912,0.14665055181831121,0.2217369955033064,6.291272696787405e-05,0.14665055181831121,0.7432885617017746,0.1832132264971733,1.6721037700772285,1.4888905435800552,512,,,,,,,,,,,
1004,0.7000026757926996,0.6709156548535382,0.76171875,0.6203450486063957,1.636315256357193,0.13158195558935404,0.24351816438138485,6.282802468708133e-05,0.13158195558935404,0.7479174807667732,0.16525645926594734,1.8766454346477985,1.7113889753818512,512,,,,,,,,,,,
1005,0.7000026757926996,0.6710793562233448,0.578125,0.41941771283745766,1.1053468361496925,0.12490451661869884,0.16561587154865265,6.274328298022574e-05,0.12490451661869884,0.7329003661870956,0.12729568034410477,0.8899580091238022,0.7626623287796974,512,,,,,,,,,,,
1006,0.7000026757926996,0.671242442175194,0.984375,0.6492562666535378,1.7211783602833748,0.1574368616566062,0.2462648032233119,6.26585021077551e-05,0.1574368616566062,0.7353686392307281,0.22900613397359848,2.0343078672885895,1.805301733314991,512,,,,,,,,,,,
1007,0.7000026757926996,0.6714049138680652,0.62890625,0.6190755050629377,1.6382488682866096,0.13794356305152178,0.23773742653429508,6.257368233023769e-05,0.13794356305152178,0.7360864207148552,0.06673014909029007,1.8091758452355862,1.742445696145296,512,,,,,,,,,,,
1008,0.7000026757926996,0.6715667724609374,0.6015625,0.7006422467529774,1.8479772582650185,0.16326567716896534,0.2751809386536479,6.248882390836135e-05,0.16326567716896534,0.728708490729332,0.20201896503567696,1.9016964696347713,1.6996775045990944,512,0.0004883704823441803,0.0004883704823441803,0.02,4495,0.7000026757926996,4495,4495,8990,0,4495,14180
1009,0.7000026757926996,0.67172801911279,0.58984375,0.6886785253882408,1.8481745421886444,0.10587809421122074,0.23872998915612698,6.240392710293265e-05,0.10587809421122074,0.7531518340110779,0.1356504112482071,1.0211220979690552,0.8854716867208481,512,,,,,,,,,,,
1010,0.7000026757926996,0.6718886549826021,0.5703125,0.5085698887705803,1.3518390655517578,0.09051191806793213,0.1892817672342062,6.231899217487619e-05,0.09051191806793213,0.7512377575039864,0.08561332523822784,0.8135911524295807,0.7279778271913528,512,,,,,,,,,,,
1011,0.7000026757926996,0.6720486812293529,0.5859375,0.4760122448205948,1.2649713829159737,0.1258694203570485,0.17748992145061493,6.223401938523367e-05,0.1258694203570485,0.7485546842217445,0.1204313412308693,1.3483763113617897,1.2279449701309204,512,,,,,,,,,,,
1012,0.7000026757926996,0.6722080990120216,0.63671875,0.5632182769477367,1.5014526695013046,0.14986633230000734,0.2052693199366331,6.21490089951632e-05,0.14986633230000734,0.7416479364037514,0.15737234801054,1.8317885994911194,1.6744162514805794,512,,,,,,,,,,,
1013,0.7000026757926996,0.6723669094895875,0.5703125,0.7108786106109619,1.9049095064401627,0.11487947590649128,0.24926804844290018,6.206396126593846e-05,0.11487947590649128,0.7456396371126175,0.10803648084402084,1.1693386510014534,1.0613021701574326,512,,,,,,,,,,,
1014,0.7000026757926996,0.6725251138210296,1.375,0.5018627792596817,1.3188486844301224,0.11398301739245653,0.2019475782290101,6.197887645894784e-05,0.11398301739245653,0.7382519319653511,0.10921717435121536,0.8097016662359238,0.7004844918847084,512,,,,,,,,,,,
1015,0.7000026757926996,0.6726827131653272,0.62890625,0.5324402563273907,1.4191654846072197,0.12588346749544144,0.19428973644971848,6.189375483569376e-05,0.12588346749544144,0.7448071092367172,0.07584908604621887,0.8305183723568916,0.7546692863106728,512,,,,,,,,,,,
1016,0.7000026757926996,0.6728397086814597,0.609375,0.6475299261510372,1.7121576815843582,0.1462516807951033,0.25005412846803665,6.180859665779172e-05,0.1462516807951033,0.7314990237355232,0.16676141694188118,1.6119999811053276,1.4452385641634464,512,0.0007800140301696956,0.0007800140301696956,0.02,4537,0.7000026757926996,4537,4537,9074,0,4537,14232
1017,0.7000026757926996,0.672996101528406,0.671875,0.4682633802294731,1.238252229988575,0.1826412482187152,0.18072762247174978,6.172340218696962e-05,0.1826412482187152,0.7164208814501762,0.18208006769418716,2.0865122377872467,1.9044321700930595,512,,,,,,,,,,,
1018,0.7000026757926996,0.6731518928651457,0.64453125,0.46140602976083755,1.2116866633296013,0.10808820743113756,0.18651338294148445,6.163817168506682e-05,0.10808820743113756,0.740839809179306,0.09192389622330666,0.6891261711716652,0.5972022749483585,512,,,,,,,,,,,
1019,0.7000026757926996,0.6733070838506574,0.7890625,0.6279533840715885,1.6452826261520386,0.131695999763906,0.2576063461601734,6.155290541403357e-05,0.131695999763906,0.7326293736696243,0.18730005249381065,0.9318594560027122,0.7445594035089016,512,,,,,,,,,,,
1020,0.7000026757926996,0.6734616756439209,0.6171875,0.4291832931339741,1.134658768773079,0.12452254444360733,0.16589660197496414,6.14676036359299e-05,0.12452254444360733,0.737316869199276,0.14842065051198006,0.9150833934545517,0.7666627429425716,512,,,,,,,,,,,
1021,0.7000026757926996,0.673615669403915,0.6015625,0.4269611984491348,1.1290798857808113,0.12125241616740823,0.1647418737411499,6.138226661292506e-05,0.12125241616740823,0.7311376705765724,0.12119552493095398,0.7697887308895588,0.6485932059586048,512,,,,,,,,,,,
1022,0.7000026757926996,0.6737690662896192,0.828125,0.6152483001351357,1.6475115865468979,0.20494186133146286,0.2168770907446742,6.12968946072966e-05,0.20494186133146286,0.7173876687884331,0.22135305777192116,1.986122414469719,1.7647693566977978,512,,,,,,,,,,,
1023,0.7000026757926996,0.6739218674600124,0.60546875,0.6800755672156811,1.8260727226734161,0.10124951135367155,0.23476224299520254,6.121148788142956e-05,0.10124951135367155,0.7474487200379372,0.11598710343241692,0.7461293935775757,0.6301422901451588,512,,,,,,,,,,,
1024,0.7000027030405372,0.674074074074074,0.61328125,0.646857375279069,1.725412867963314,0.11836045607924461,0.23476092424243689,6.112604669781572e-05,0.11836045607924461,0.7512573152780533,0.11905264854431152,1.1412519253790379,1.0221992768347263,512,0.0006443833117373288,0.0006443833117373288,0.02,4155,0.7000027030405372,4155,4155,8310,0,4155,13962
1025,0.7000027030405372,0.6742256872907832,0.62109375,0.4709798991680145,1.2568451128900051,0.127834590151906,0.17036663834005594,6.104057131905277e-05,0.127834590151906,0.7331151962280273,0.1162237897515297,1.485083445906639,1.3688596561551094,512,,,,,,,,,,,
1026,0.7000027030405372,0.6743767082691192,0.85546875,0.5826784782111645,1.5391455590724945,0.09410961996763945,0.22654672618955374,6.095506200784349e-05,0.09410961996763945,0.741686999797821,0.06946278735995293,0.6878099218010902,0.6183471344411373,512,,,,,,,,,,,
1027,0.7000027030405372,0.6745271381680612,0.80078125,0.4538643453270197,1.1832105591893196,0.12270769197493792,0.1921359021216631,6.086951902699492e-05,0.12270769197493792,0.7300756648182869,0.1386990025639534,1.188164308667183,1.0494653061032295,512,,,,,,,,,,,
1028,0.7000027030405372,0.6746769781465883,0.74609375,0.6688426434993744,1.7746850475668907,0.1671804515644908,0.25211070012301207,6.078394263941761e-05,0.1671804515644908,0.7352221459150314,0.11393238604068756,0.9614298716187477,0.8474974855780602,512,,,,,,,,,,,
1029,0.7000027030405372,0.6748262293636799,0.5546875,0.39209745824337006,1.0239404663443565,0.13864261331036687,0.1642335867509246,6.06983331081248e-05,0.13864261331036687,0.732004389166832,0.1291843168437481,1.3402075245976448,1.2110232077538967,512,,,,,,,,,,,
1030,0.7000027030405372,0.6749748929783149,0.75390625,0.6000732257962227,1.6084370762109756,0.15043066162616014,0.2099665366113186,6.0612690696231534e-05,0.15043066162616014,0.7332177460193634,0.1869518719613552,2.0691588521003723,1.882206980139017,512,,,,,,,,,,,
1031,0.7000027030405372,0.6751229701494729,0.59765625,0.5721654072403908,1.515915460884571,0.1443254668265581,0.21791906841099262,6.052701566695398e-05,0.1443254668265581,0.7457202151417732,0.16125110536813736,1.610031582415104,1.4487804770469666,512,,,,,,,,,,,
1032,0.7000027030405372,0.6752704620361327,0.5859375,0.4976962171494961,1.3223972246050835,0.10015747044235468,0.18577310908585787,6.04413082836085e-05,0.10015747044235468,0.745800755918026,0.11596057936549187,0.940629132091999,0.8246685527265072,512,0.0006075459532439709,0.0006075459532439709,0.02,4010,0.7000027030405372,4010,4010,8020,0,4010,13794
1033,0.7000027030405372,0.6754173697972738,0.64453125,0.6007293649017811,1.5948491096496582,0.1551319994032383,0.22554286941885948,6.035556880961093e-05,0.1551319994032383,0.7342285141348839,0.17342150211334229,1.3723549917340279,1.1989334896206856,512,,,,,,,,,,,
1034,0.7000027030405372,0.6755636945918754,0.734375,0.6006133183836937,1.5724648982286453,0.15454505663365126,0.2475753528997302,6.0269797508475723e-05,0.15454505663365126,0.7327001690864563,0.3098040074110031,1.599084883928299,1.2892808765172958,512,,,,,,,,,,,
1035,0.7000027030405372,0.6757094375789165,0.65234375,0.5998733192682266,1.5976417437195778,0.10398450214415789,0.22015608847141266,6.018399464381514e-05,0.10398450214415789,0.7550707757472992,0.10158360004425049,0.9481161385774612,0.8465325385332108,512,,,,,,,,,,,
1036,0.7000027030405372,0.6758545999173765,0.5546875,0.544594518840313,1.444601371884346,0.11432900605723262,0.20568495150655508,6.009816047933848e-05,0.11432900605723262,0.747268058359623,0.14091726392507553,1.5513906963169575,1.410473432391882,512,,,,,,,,,,,
1037,0.7000027030405372,0.6759991827662344,0.69921875,0.6472446043044329,1.7239770740270615,0.1178091298788786,0.23737007845193148,6.0012295278851216e-05,0.1178091298788786,0.7503417879343033,-0.0013081952929496765,2.2293666936457157,2.2306748889386654,512,,,,,,,,,,,
1038,0.7000027030405372,0.6761431872844695,0.58984375,0.4702069088816643,1.249521553516388,0.11476765805855393,0.17534779105335474,5.992639930625419e-05,0.11476765805855393,0.745905727148056,0.12092934176325798,1.189426988363266,1.068497646600008,512,,,,,,,,,,,
1039,0.7000027030405372,0.6762866146310611,0.640625,0.5714354664087296,1.4977380856871605,0.12241884786635637,0.23388454876840115,5.984047282554286e-05,0.12241884786635637,0.7462206706404686,0.09417257085442543,1.1138632595539093,1.0196906886994839,512,,,,,,,,,,,
1040,0.7000027030405372,0.6764294659649884,0.671875,0.5945327915251255,1.5874600559473038,0.13783866353332996,0.21415440365672112,5.9754516100806423e-05,0.13783866353332996,0.7371459752321243,0.12563050910830498,1.5459260791540146,1.4202955700457096,512,0.000764365482609719,0.000764365482609719,0.02,3714,0.7000027030405372,3714,3714,7428,0,3714,13519
1041,0.7000027030405372,0.6765717424452304,0.68359375,0.4195832312107086,1.1045467853546143,0.11588927591219544,0.16691748425364494,5.9668529396227036e-05,0.11588927591219544,0.7486254721879959,0.1348590850830078,0.8608973026275635,0.7260382175445557,512,,,,,,,,,,,
1042,0.7000027030405372,0.6767134452307665,0.59375,0.5529890581965446,1.4845891669392586,0.13318717572838068,0.19113521464169025,5.9582512976079e-05,0.13318717572838068,0.743041954934597,0.17610640078783035,1.3247197046875954,1.148613303899765,512,,,,,,,,,,,
1043,0.7000027030405372,0.6768545754805759,0.57421875,0.480908440425992,1.286078803241253,0.11336138658225536,0.1712194485589862,5.949646710472795e-05,0.11336138658225536,0.747749000787735,0.14519692212343216,1.40216526389122,1.256968341767788,512,,,,,,,,,,,
1044,0.7000027030405372,0.6769951343536377,0.59765625,0.6486866772174835,1.711062103509903,0.1210758313536644,0.25465503986924887,5.941039204663001e-05,0.1210758313536644,0.736142560839653,0.15527404844760895,1.1399691104888916,0.9846950620412827,512,,,,,,,,,,,
1045,0.7000027030405372,0.6771351230089311,0.62109375,0.5622529704123735,1.4858863353729248,0.12329046428203583,0.217910491861403,5.932428806633106e-05,0.12329046428203583,0.7488232254981995,0.10361449420452118,1.2523839250206947,1.1487694308161736,512,,,,,,,,,,,
1046,0.7000027030405372,0.6772745426054354,0.59375,0.4522738642990589,1.1988510712981224,0.10417711269110441,0.17167573980987072,5.923815542846579e-05,0.10417711269110441,0.7427709773182869,0.08252768963575363,1.4649937003850937,1.38246601074934,512,,,,,,,,,,,
1047,0.7000027030405372,0.6774133943021297,0.56640625,0.5165407471358776,1.3677225857973099,0.1618174323812127,0.19755236338824034,5.915199439775706e-05,0.1618174323812127,0.7458276152610779,0.1457739770412445,2.380309149622917,2.2345351725816727,512,,,,,,,,,,,
1048,0.7000027030405372,0.6775516792579933,0.8125,0.37477996945381165,0.9901325926184654,0.16915470082312822,0.1455642394721508,5.9065805239014923e-05,0.16915470082312822,0.7254687249660492,0.22745133191347122,1.5218720957636833,1.294420763850212,512,0.0006908854702487588,0.0006908854702487588,0.02,3989,0.7000027030405372,3989,3989,7978,0,3989,13782
1049,0.7000027030405372,0.6776893986320054,0.578125,0.35948675125837326,0.942561686038971,0.09769530547782779,0.14679204020649195,5.8979588217135894e-05,0.09769530547782779,0.7359106317162514,0.08859599009156227,0.6773677095770836,0.5887717194855213,512,,,,,,,,,,,
1050,0.7000027030405372,0.6778265535831451,0.71484375,0.5745367892086506,1.5226741656661034,0.13064802531152964,0.21834636013954878,5.889334359710218e-05,0.13064802531152964,0.7417870834469795,0.13787328079342842,1.1298358589410782,0.9919625781476498,512,,,,,,,,,,,
1051,0.7000027030405372,0.6779631452703917,0.6796875,0.3712211027741432,0.9833451583981514,0.1485420260578394,0.1415672292932868,5.880707164398074e-05,0.1485420260578394,0.7335497736930847,0.3140297681093216,2.124250553548336,1.8102207854390144,512,,,,,,,,,,,
1052,0.7000027030405372,0.6780991748527244,0.51171875,0.46178489923477173,1.2305930256843567,0.07890917174518108,0.16875513456761837,5.872077262292255e-05,0.07890917174518108,0.7419140413403511,0.09669993072748184,0.6104758568108082,0.5137759260833263,512,,,,,,,,,,,
1053,0.7000027030405372,0.6782346434891223,0.546875,0.33170590177178383,0.877747155725956,0.11302264407277107,0.12742221262305975,5.8634446799161804e-05,0.11302264407277107,0.7376782149076462,0.15114184096455574,0.8856705352663994,0.7345286943018436,512,,,,,,,,,,,
1054,0.7000027030405372,0.6783695523385648,0.609375,0.5056210421025753,1.3508860170841217,0.12538764998316765,0.18129888363182545,5.854809443801507e-05,0.12538764998316765,0.741591788828373,0.1349693015217781,0.8669752478599548,0.7320059463381767,512,,,,,,,,,,,
1055,0.7000027030405372,0.6785039025600309,0.57421875,0.4952552504837513,1.3109655231237411,0.10598468780517578,0.1898078853264451,5.846171580488046e-05,0.10598468780517578,0.741872526705265,0.08881402015686035,1.1820057481527328,1.0931917279958725,512,,,,,,,,,,,
1056,0.7000027324902203,0.6786376953125,0.703125,0.7800250370055437,2.102549023926258,0.14793144818395376,0.26116307359188795,5.837531116523682e-05,0.14793144818395376,0.7374975308775902,0.14840411394834518,2.1019227132201195,1.9535185992717743,512,0.0008819110807962716,0.0008819110807962716,0.02,3578,0.7000027324902203,3578,3578,7156,0,3578,13479
1057,0.7000027324902203,0.6787709317549511,0.76953125,0.44199997559189796,1.1734552085399628,0.13713200483471155,0.16593860741704702,5.828888078464298e-05,0.13713200483471155,0.7347363084554672,0.17060159146785736,0.9776793904602528,0.8070777989923954,512,,,,,,,,,,,
1058,0.7000027324902203,0.6789036130463636,0.63671875,0.646201103925705,1.704833671450615,0.11234300397336483,0.2533514089882374,5.820242492873682e-05,0.11234300397336483,0.7393359243869781,0.12820503115653992,1.085814643651247,0.9576096124947071,512,,,,,,,,,,,
1059,0.7000027324902203,0.6790357403457165,0.7890625,0.48779774084687233,1.301715187728405,0.1337669906206429,0.17645975295454264,5.811594386323455e-05,0.1337669906206429,0.7334203943610191,0.05514557287096977,1.1094412207603455,1.0542956478893757,512,,,,,,,,,,,
1060,0.7000027324902203,0.679167314811989,0.5703125,0.5270686820149422,1.4240996614098549,0.11145038064569235,0.1730781439691782,5.802943785392986e-05,0.11145038064569235,0.7355151027441025,0.1024719625711441,1.2287044674158096,1.1262325048446655,512,,,,,,,,,,,
1061,0.7000027324902203,0.6792983376041606,0.62890625,0.4455500841140747,1.1906271204352379,0.12160587031394243,0.1595245636999607,5.794290716669307e-05,0.12160587031394243,0.7345678582787514,0.04964715242385864,1.7558127008378506,1.706165548413992,512,,,,,,,,,,,
1062,0.7000027324902203,0.6794288098812102,0.54296875,0.45995764434337616,1.2192107662558556,0.09813350439071655,0.1746001960709691,5.785635206747041e-05,0.09813350439071655,0.7375536859035492,0.084172323346138,0.738295141607523,0.654122818261385,512,,,,,,,,,,,
1063,0.7000027324902203,0.6795587328021173,0.62109375,0.43235713616013527,1.1555613800883293,0.09649894805625081,0.15461173374205828,5.776977282228307e-05,0.09649894805625081,0.7493725195527077,0.12054862454533577,0.7030674666166306,0.5825188420712948,512,,,,,,,,,,,
1064,0.7000027324902203,0.6796881075258607,0.625,0.6782187856733799,1.7751232534646988,0.1326098795980215,0.28008511662483215,5.76831696972265e-05,0.1326098795980215,0.7453368976712227,0.05445285141468048,1.6781501770019531,1.6236973255872726,512,0.0007901351782493293,0.0007901351782493293,0.02,3717,0.7000027324902203,3717,3717,7434,0,3717,13645
1065,0.7000027324902203,0.6798169352114201,0.65625,0.5787677504122257,1.535042867064476,0.15716908033937216,0.21879867184907198,5.759654295846952e-05,0.15716908033937216,0.734501950442791,0.20892558619379997,1.7779786959290504,1.5690531097352505,512,,,,,,,,,,,
1066,0.7000027324902203,0.6799452170177742,2.5625,0.4504077285528183,1.1904524341225624,0.15258856024593115,0.17441941983997822,5.7509892872253544e-05,0.15258856024593115,0.7272021174430847,0.20179367065429688,2.133633479475975,1.9318398088216782,512,,,,,,,,,,,
1067,0.7000027324902203,0.6800729541039026,0.68359375,0.6082930602133274,1.6274813190102577,0.12559387739747763,0.215830915607512,5.742321970489169e-05,0.12559387739747763,0.7523290738463402,0.12832236289978027,1.141446977853775,1.0131246149539948,512,,,,,,,,,,,
1068,0.7000027324902203,0.6802001476287841,0.5859375,0.6687654815614223,1.8045233115553856,0.11582602839916945,0.22203865554183722,5.733652372276809e-05,0.11582602839916945,0.7397826835513115,0.1632944568991661,1.0000899769365788,0.8367955200374126,512,,,,,,,,,,,
1069,0.7000027324902203,0.6803267987513983,0.83203125,0.44247281178832054,1.1676468551158905,0.15676285699009895,0.17317979410290718,5.7249805192336946e-05,0.15676285699009895,0.7312133461236954,0.23160739988088608,1.4375669062137604,1.2059595063328743,512,,,,,,,,,,,
1070,0.7000027324902203,0.6804529086307243,0.69921875,0.5177680067718029,1.3754795789718628,0.12535853870213032,0.19351434148848057,5.716306438012176e-05,0.12535853870213032,0.7260009571909904,0.13029930740594864,0.9064907431602478,0.7761914357542992,512,,,,,,,,,,,
1071,0.7000027324902203,0.6805784784257412,1.7265625,0.5597035959362984,1.5236654505133629,0.1186250513419509,0.17240598145872355,5.707630155271455e-05,0.1186250513419509,0.7470410093665123,0.06202900782227516,0.971865326166153,0.9098363183438778,512,,,,,,,,,,,
1072,0.7000027324902203,0.6807035092954282,0.640625,0.39401649311184883,1.0536184161901474,0.0912377960048616,0.14037089701741934,5.698951697677498e-05,0.0912377960048616,0.7531737983226776,0.021554680541157722,1.0473663099110126,1.025811629369855,512,0.000845499278511852,0.000845499278511852,0.02,5266,0.7000027324902203,5266,5266,10532,0,5266,15192
1073,0.7000027324902203,0.6808280023987646,0.6875,0.629996757954359,1.6974496692419052,0.1043072585016489,0.21163129154592752,5.6902710919029535e-05,0.1043072585016489,0.7440258711576462,0.0786951296031475,0.8049275130033493,0.7262323834002018,512,,,,,,,,,,,
1074,0.7000027324902203,0.6809519588947296,0.62109375,0.6205849051475525,1.6529830992221832,0.12192618381232023,0.22757717967033386,5.681588364627073e-05,0.12192618381232023,0.7517431527376175,0.07164394855499268,1.672650583088398,1.6010066345334053,512,,,,,,,,,,,
1075,0.7000027324902203,0.6810753799423023,0.53515625,0.6048611551523209,1.6060345619916916,0.10564331896603107,0.2268779370933771,5.672903542535631e-05,0.10564331896603107,0.7407690361142159,0.19403046369552612,1.37029118090868,1.1762607172131538,512,,,,,,,,,,,
1076,0.7000027324902203,0.681198266700462,0.59375,0.4635591432452202,1.2045336849987507,0.1255389926955104,0.20019094180315733,5.6642166523208394e-05,0.1255389926955104,0.7434521242976189,0.12609781324863434,2.3713910579681396,2.2452932447195053,512,,,,,,,,,,,
1077,0.7000027324902203,0.6813206203281879,1.03125,0.6865973360836506,1.694170817732811,0.15216834098100662,0.3864270569756627,5.655527720681263e-05,0.15216834098100662,0.7085937410593033,0.35382872074842453,2.1836669370532036,1.829838216304779,512,,,,,,,,,,,
1078,0.7000027324902203,0.6814424419844591,0.58984375,0.5403961129486561,1.4205214828252792,0.12617411557585,0.21704238653182983,5.646836774321745e-05,0.12617411557585,0.7188500836491585,0.07577352970838547,1.3530719354748726,1.2772984057664871,512,,,,,,,,,,,
1079,0.7000027324902203,0.681563732828255,0.5625,0.6806475073099136,1.804070807993412,0.11136147659271955,0.2584972372278571,5.6381438399533196e-05,0.11136147659271955,0.7503564357757568,0.16717910766601562,1.6442677155137062,1.4770886078476906,512,,,,,,,,,,,
1080,0.700002732765451,0.6816844940185547,0.6328125,0.6210635378956795,1.6606335192918777,0.10628823656588793,0.22137710079550743,5.629448944293127e-05,0.10628823656588793,0.7502660974860191,0.11515206843614578,1.1547233499586582,1.0395712815225124,512,0.0008634791010990739,0.0008634791010990739,0.02,3487,0.700002732765451,3487,3486,6973,1,3487,13401
1081,0.700002732765451,0.6818047267143373,0.6328125,0.6013143844902515,1.574538916349411,0.09090975439175963,0.2476258361712098,5.620752114064343e-05,0.09090975439175963,0.7484887540340424,0.06678161397576332,0.9284251853823662,0.8616435714066029,512,,,,,,,,,,,
1082,0.700002732765451,0.6819244320745821,0.625,0.44192831963300705,1.1785934790968895,0.10860887542366982,0.16058316361159086,5.6120533759960816e-05,0.10860887542366982,0.7478710636496544,0.11834253743290901,1.2053296640515327,1.0869871266186237,512,,,,,,,,,,,
1083,0.700002732765451,0.6820436112582683,0.62109375,0.5427963621914387,1.442450299859047,0.13518529385328293,0.20238709449768066,5.603352756823326e-05,0.13518529385328293,0.742446281015873,0.1368156261742115,0.9886529296636581,0.8518373034894466,512,,,,,,,,,,,
1084,0.700002732765451,0.6821622654243751,0.65625,0.4153355322778225,1.0843494981527328,0.16021459735929966,0.17424295842647552,5.594650283286835e-05,0.16021459735929966,0.7439990118145943,0.06759688258171082,1.5953756347298622,1.5277787521481514,512,,,,,,,,,,,
1085,0.700002732765451,0.6822803957318818,0.640625,0.7113569118082523,1.8956957757472992,0.14734965935349464,0.25993115548044443,5.585945982133074e-05,0.14734965935349464,0.7418871819972992,0.1293778270483017,1.7229447960853577,1.593566969037056,512,,,,,,,,,,,
1086,0.700002732765451,0.6823980033397674,0.59765625,0.3487831801176071,0.9250200167298317,0.11419577710330486,0.1318986564874649,5.577239880114121e-05,0.11419577710330486,0.7438842430710793,0.10044416412711143,1.129049763083458,1.0286055989563465,512,,,,,,,,,,,
1087,0.700002732765451,0.6825150894070112,0.50390625,0.5460199825465679,1.449153609573841,0.07858961168676615,0.20545234251767397,5.5685320039875873e-05,0.07858961168676615,0.7422997951507568,0.11596871539950371,0.7379632815718651,0.6219945661723614,512,,,,,,,,,,,
1088,0.7000027677197477,0.6826316550925926,0.5625,0.5787157360464334,1.5276722386479378,0.1331863976083696,0.2260116832330823,5.559822380516539e-05,0.1331863976083696,0.7344726324081421,0.1653476543724537,1.3331946842372417,1.167847029864788,512,0.0005898404633626342,0.0005898404633626342,0.02,3147,0.7000027677197477,3147,3147,6294,0,3147,13190
1089,0.7000027677197477,0.6827477015554905,0.63671875,0.7032173871994019,1.8568503633141518,0.14836970064789057,0.27411131747066975,5.551111036469416e-05,0.14836970064789057,0.7392040938138962,0.22079765051603317,1.8372020870447159,1.6164044365286827,512,,,,,,,,,,,
1090,0.7000027677197477,0.6828632299546842,0.6171875,0.351037859916687,0.9209856986999512,0.16303999908268452,0.1427653431892395,5.54239799861994e-05,0.16303999908268452,0.7317895293235779,0.13670071214437485,1.7598916292190552,1.6231909170746803,512,,,,,,,,,,,
1091,0.7000027677197477,0.682978241449153,0.60546875,0.4927867017686367,1.3081139624118805,0.11049117520451546,0.18517903331667185,5.533683293747041e-05,0.11049117520451546,0.7505224421620369,0.16639534756541252,1.0744399577379227,0.9080446101725101,512,,,,,,,,,,,
1092,0.7000027677197477,0.6830927371978759,0.91015625,0.6158625409007072,1.6139056608080864,0.18604219146072865,0.2523443643003702,5.5249669486347734e-05,0.18604219146072865,0.7068164050579071,-0.0336485393345356,1.3559451177716255,1.3895936571061611,512,,,,,,,,,,,
1093,0.7000027677197477,0.6832067183598324,0.7578125,0.3601318746805191,0.9531876519322395,0.11515746638178825,0.13812101911753416,5.516248990072232e-05,0.11515746638178825,0.7376708984375,0.17932454124093056,1.415761537849903,1.2364369966089725,512,,,,,,,,,,,
1094,0.7000027677197477,0.6833201860940015,0.7265625,0.7466511577367783,1.9964681044220924,0.11988447420299053,0.26611105538904667,5.507529444853471e-05,0.11988447420299053,0.7137963771820068,0.16608039662241936,1.318948119878769,1.1528677232563496,512,,,,,,,,,,,
1095,0.7000027677197477,0.6834331415593624,0.5546875,0.4149893634021282,1.0996969938278198,0.10958149610087276,0.15784649178385735,5.4988083397774204e-05,0.10958149610087276,0.7415453940629959,0.1338362768292427,0.8195800818502903,0.6857438050210476,512,,,,,,,,,,,
1096,0.7000027677197477,0.6835455859148943,0.69140625,0.4778914861381054,1.2764077186584473,0.13788334652781487,0.17174828983843327,5.490085701647805e-05,0.13788334652781487,0.7453124821186066,0.15548962354660034,1.242334023118019,1.0868443995714188,512,0.0005720034241676331,0.0005720034241676331,0.02,4003,0.7000027677197477,4003,4003,8006,0,4003,14046
1097,0.7000027677197477,0.6836575203195766,0.578125,0.602368850260973,1.6123919636011124,0.13265087641775608,0.2129681557416916,5.481361557273058e-05,0.13265087641775608,0.7437206730246544,0.15063760429620743,1.4194942079484463,1.2688566036522388,512,,,,,,,,,,,
1098,0.7000027677197477,0.6837689459323882,0.734375,0.5625466071069241,1.4927653521299362,0.17564315721392632,0.2119212355464697,5.472635933466248e-05,0.17564315721392632,0.7376489117741585,0.12430210411548615,2.511202499270439,2.386900395154953,512,,,,,,,,,,,
1099,0.7000027677197477,0.6838798639123086,0.65625,0.7274155393242836,1.940862849354744,0.09743396192789078,0.2634265497326851,5.463908857044987e-05,0.09743396192789078,0.7446020320057869,0.1169654130935669,0.7504017427563667,0.6334363296627998,512,,,,,,,,,,,
1100,0.7000027677197477,0.6839902754183168,1.984375,0.6864669024944305,1.8490745015442371,0.12579662818461657,0.23112814407795668,5.455180354831351e-05,0.12579662818461657,0.7459716722369194,0.0971909798681736,1.0259456634521484,0.9287546835839748,512,,,,,,,,,,,
1101,0.7000027677197477,0.6841001816093921,0.68359375,0.5935218520462513,1.5651411637663841,0.13308024313300848,0.23340981360524893,5.4464504536518005e-05,0.13308024313300848,0.7294506579637527,0.10688717290759087,1.0838527455925941,0.9769655726850033,512,,,,,,,,,,,
1102,0.7000027677197477,0.6842095836445137,0.66796875,0.6201505921781063,1.6616369485855103,0.10333594540134072,0.21760719642043114,5.43771918033709e-05,0.10333594540134072,0.7433276176452637,0.1355438269674778,0.7915027476847172,0.6559589207172394,512,,,,,,,,,,,
1103,0.7000027677197477,0.6843184826826608,0.6640625,0.7133817672729492,1.8946281000971794,0.1214289041236043,0.2671347679570317,5.4289865617222e-05,0.1214289041236043,0.7399340644478798,0.1598556861281395,1.0242786407470703,0.8644229546189308,512,,,,,,,,,,,
1104,0.7000027677197477,0.6844268798828125,0.71484375,0.3345038779079914,0.8802436739206314,0.10690999263897538,0.13340439181774855,5.420252624646238e-05,0.10690999263897538,0.756911613047123,0.09074391424655914,0.9928896874189377,0.9021457731723785,512,0.0006809041369706392,0.0006809041369706392,0.02,5041,0.7000027677197477,5041,5041,10082,0,5041,15075
1105,0.7000027677197477,0.684534776403948,0.6328125,0.4269283078610897,1.1412175744771957,0.10651355795562267,0.1525045083835721,5.4115173959523665e-05,0.10651355795562267,0.7520239055156708,0.07990401610732079,1.0143012218177319,0.9343972057104111,512,,,,,,,,,,,
1106,0.7000027677197477,0.6846421734050467,0.64453125,0.557535108178854,1.4664670825004578,0.10448151361197233,0.22303314041346312,5.4027809024877204e-05,0.10448151361197233,0.7438744828104973,0.2028285413980484,1.440543994307518,1.2377154529094696,512,,,,,,,,,,,
1107,0.7000027677197477,0.6847490720450877,0.7890625,0.490406172350049,1.2847530022263527,0.14659913163632154,0.201326260343194,5.394043171103318e-05,0.14659913163632154,0.7458593621850014,0.14840006083250046,1.7020374312996864,1.553637370467186,512,,,,,,,,,,,
1108,0.7000027677197477,0.6848554734830503,0.6484375,0.627080675214529,1.6629756912589073,0.10972400475293398,0.23726868629455566,5.3853042286539824e-05,0.10972400475293398,0.7495898082852364,0.11042379587888718,0.9531877413392067,0.8427639454603195,512,,,,,,,,,,,
1109,0.7000027677197477,0.6849613788779134,0.5859375,0.5508231148123741,1.45769102871418,0.14707176759839058,0.21146983094513416,5.3765641019982596e-05,0.14707176759839058,0.7442333847284317,0.22990024834871292,1.8867099210619926,1.6568096727132797,512,,,,,,,,,,,
1110,0.7000027677197477,0.6850667893886566,0.578125,0.42970171570777893,1.1342044547200203,0.1039112713187933,0.16792188212275505,5.367822817998338e-05,0.1039112713187933,0.7532446086406708,0.10393080115318298,1.1433944404125214,1.0394636392593384,512,,,,,,,,,,,
1111,0.7000027677197477,0.6851717061742588,0.84375,0.3693409822881222,0.982237882912159,0.1790219354443252,0.13697716500610113,5.3590804035199585e-05,0.1790219354443252,0.7251586839556694,0.19123530015349388,1.9150280356407166,1.7237927354872227,512,,,,,,,,,,,
1112,0.7000027677197477,0.6852761303936994,0.52734375,0.4243563637137413,1.1272525265812874,0.12343474477529526,0.158675791695714,5.3503368854323366e-05,0.12343474477529526,0.7470556423068047,0.16115429252386093,1.4111607074737549,1.250006414949894,512,0.0006999343167990446,0.0006999343167990446,0.02,3361,0.7000027677197477,3361,3361,6722,0,3361,13387
1113,0.7000027677197477,0.6853800632059573,0.59375,0.5423907339572906,1.4353657886385918,0.09249663446098566,0.20824245177209377,5.341592290608085e-05,0.09249663446098566,0.7480810210108757,0.1290525458753109,1.0525649413466454,0.9235123954713345,512,,,,,,,,,,,
1114,0.7000027677197477,0.6854835057700122,0.5234375,0.40006382390856743,1.055746927857399,0.1047389367595315,0.15656763780862093,5.332846645923122e-05,0.1047389367595315,0.7541113048791885,0.07848452031612396,1.3229475021362305,1.2444629818201065,512,,,,,,,,,,,
1115,0.7000027677197477,0.6855864592448428,0.65234375,0.5134820155799389,1.3608096837997437,0.1363643016666174,0.19519640132784843,5.3240999782565904e-05,0.1363643016666174,0.7403979301452637,0.09217648208141327,0.9944774284958839,0.9023009464144707,512,,,,,,,,,,,
1116,0.7000027677197477,0.6856889247894287,0.609375,0.5277717057615519,1.4071400612592697,0.11662857700139284,0.19216807279735804,5.31535231449078e-05,0.11662857700139284,0.7453515455126762,0.14592721685767174,0.8612688109278679,0.7153415940701962,512,,,,,,,,,,,
1117,0.7000027677197477,0.6857909035627489,0.69921875,0.6390384957194328,1.6233441680669785,0.1244742120616138,0.3131360560655594,5.306603681511043e-05,0.1244742120616138,0.7434789761900902,0.15627290681004524,1.3619684241712093,1.205695517361164,512,,,,,,,,,,,
1118,0.7000027677197477,0.6858923967237825,0.6328125,0.4091172367334366,1.0759809538722038,0.10733575094491243,0.16376822255551815,5.297854106205708e-05,0.10733575094491243,0.744743637740612,0.08301632478833199,0.7677843049168587,0.6847679801285267,512,,,,,,,,,,,
1119,0.7000027677197477,0.685993405431509,0.5625,0.4942268021404743,1.3144813030958176,0.12296752585098147,0.1831756141036749,5.289103615466e-05,0.12296752585098147,0.755063459277153,0.09744005277752876,1.6256753578782082,1.5282353051006794,512,,,,,,,,,,,
1120,0.7000028026740445,0.6860939308449073,0.7421875,0.5627236068248749,1.4945598244667053,0.14267157670110464,0.21066316589713097,5.2803522361859594e-05,0.14267157670110464,0.7473779171705246,0.26146847382187843,1.948473397642374,1.6870049238204956,512,0.0006089183734729886,0.0006089183734729886,0.02,3285,0.7000028026740445,3285,3285,6570,0,3285,13452
1121,0.7000028026740445,0.6861939741229569,0.609375,0.48485036566853523,1.296714000403881,0.13854562118649483,0.17252946831285954,5.271599995262355e-05,0.13854562118649483,0.7431005612015724,0.1885182298719883,1.802750639617443,1.6142324097454548,512,,,,,,,,,,,
1122,0.7000028026740445,0.6862935364246368,0.70703125,0.3783519845455885,1.0027949437499046,0.12660035118460655,0.14372616354376078,5.262846919594607e-05,0.12660035118460655,0.7415038868784904,0.13798287883400917,1.1999793723225594,1.0619964934885502,512,,,,,,,,,,,
1123,0.7000028026740445,0.6863926189089262,0.6171875,0.5619520917534828,1.4927522242069244,0.1142738382332027,0.2101328345015645,5.254093036084695e-05,0.1142738382332027,0.7479149997234344,0.09573714435100555,1.8856959529221058,1.7899588085711002,512,,,,,,,,,,,
1124,0.7000028026740445,0.6864912227348045,0.625,0.5892045646905899,1.5779293105006218,0.1192551115527749,0.20753897726535797,5.245338371637091e-05,0.1192551115527749,0.7456884533166885,0.08525006473064423,1.0980521813035011,1.012802116572857,512,,,,,,,,,,,
1125,0.7000028026740445,0.6865893490612507,0.58984375,0.6093402840197086,1.6369460299611092,0.10443736147135496,0.20953957829624414,5.236582953158659e-05,0.10443736147135496,0.7554467618465424,0.10160650312900543,1.2226002514362335,1.120993748307228,512,,,,,,,,,,,
1126,0.7000028026740445,0.6866869990472441,0.55078125,0.6815140433609486,1.8200023397803307,0.09955698112025857,0.24519162066280842,5.2278268075585815e-05,0.09955698112025857,0.7524120807647705,0.056032970547676086,1.6999757513403893,1.6439427807927132,512,,,,,,,,,,,
1127,0.7000028026740445,0.6867841738517637,0.55078125,0.407100398093462,1.0564377084374428,0.10862631583586335,0.17719983775168657,5.219069961748281e-05,0.10862631583586335,0.7399584725499153,0.11248290166258812,0.9637412205338478,0.8512583188712597,512,,,,,,,,,,,
1128,0.7000028026740445,0.686880874633789,0.5546875,0.4654154386371374,1.2292445600032806,0.11228693556040525,0.18110518995672464,5.2103124426413264e-05,0.11228693556040525,0.7470360994338989,0.13824665546417236,1.2711537331342697,1.1329070776700974,512,0.0006354397046379745,0.0006354397046379745,0.02,3011,0.7000028026740445,3011,3011,6022,0,3011,13147
1129,0.7000028026740445,0.686977102552299,0.59375,0.45971421152353287,1.236355185508728,0.10563734639436007,0.15671815164387226,5.2015542771533586e-05,0.10563734639436007,0.7314746007323265,0.13996701315045357,0.8327191546559334,0.6927521415054798,512,,,,,,,,,,,
1130,0.7000028026740445,0.6870728587662732,0.62890625,0.512357659637928,1.3580913916230202,0.13973133638501167,0.1945075336843729,5.192795492202004e-05,0.13973133638501167,0.7406786978244781,0.11821809783577919,1.57420614361763,1.4559880457818508,512,,,,,,,,,,,
1131,0.7000028026740445,0.6871681444346904,0.66015625,0.633334081619978,1.6828208714723587,0.14695172384381294,0.23637319914996624,5.184036114706795e-05,0.14695172384381294,0.7404955849051476,0.16631156206130981,0.9871836230158806,0.8208720609545708,512,,,,,,,,,,,
1132,0.7000028026740445,0.68726296071653,0.59375,0.5361395701766014,1.4345087930560112,0.15969005040824413,0.19015652313828468,5.175276171589082e-05,0.15969005040824413,0.7244335785508156,0.15558208152651787,1.7279042266309261,1.5723221451044083,512,,,,,,,,,,,
1133,0.7000028026740445,0.6873573087707714,0.6171875,0.42924799770116806,1.1072912886738777,0.08682538056746125,0.19346017949283123,5.166515689771957e-05,0.08682538056746125,0.7422021478414536,0.09658893942832947,0.5993520133197308,0.5027630738914013,512,,,,,,,,,,,
1134,0.7000028026740445,0.6874511897563934,0.5859375,0.8487335741519928,2.249363526701927,0.14631202537566423,0.32255631033331156,5.157754696180165e-05,0.14631202537566423,0.7337011694908142,0.09961821883916855,2.157606489956379,2.0579882711172104,512,,,,,,,,,,,
1135,0.7000028026740445,0.6875446048323754,0.609375,0.5885565727949142,1.5712583363056183,0.11243297532200813,0.21224635001271963,5.148993217740023e-05,0.11243297532200813,0.7363280802965164,0.12646746635437012,0.877002127468586,0.7505346611142159,512,,,,,,,,,,,
1136,0.7000028029492751,0.6876375551576968,0.53125,0.5248320922255516,1.3942157998681068,0.10588362021371722,0.19618440512567759,5.140231281379345e-05,0.10588362021371722,0.743151843547821,0.08051910623908043,1.03972053155303,0.9592014253139496,512,0.000781035574618727,0.000781035574618727,0.02,3037,0.7000028029492751,3037,3036,6073,1,3037,13174
1137,0.7000028029492751,0.6877300418913364,0.5625,0.5733311139047146,1.52897047996521,0.11075143050402403,0.20839649625122547,5.131468914027343e-05,0.11075143050402403,0.7394164577126503,0.13649863377213478,1.4783482998609543,1.3418496660888195,512,,,,,,,,,,,
1138,0.7000028029492751,0.6878220661922737,0.62890625,0.5017593912780285,1.3323340341448784,0.11200796626508236,0.18814889807254076,5.122706142614562e-05,0.11200796626508236,0.7328491136431694,0.1066250242292881,1.4195206984877586,1.3128956742584705,512,,,,,,,,,,,
1139,0.7000028029492751,0.6879136292194878,0.6796875,0.5686246044933796,1.5177080854773521,0.09662968525663018,0.20539667457342148,5.1139429940727815e-05,0.09662968525663018,0.7466674670577049,0.09618555381894112,0.7989733442664146,0.7027877904474735,512,,,,,,,,,,,
1140,0.7000028029492751,0.688004732131958,0.62890625,0.4720293693244457,1.2481994852423668,0.09578123735263944,0.18219247832894325,5.105179495334944e-05,0.09578123735263944,0.7452953830361366,0.13196687772870064,0.9605397321283817,0.8285728543996811,512,,,,,,,,,,,
1141,0.7000028029492751,0.6880953760886633,0.53125,0.4177250359207392,1.1019237861037254,0.09112396324053407,0.16390961967408657,5.096415673335071e-05,0.09112396324053407,0.7345068231225014,0.10673058405518532,0.6264750510454178,0.5197444669902325,512,,,,,,,,,,,
1142,0.7000028029492751,0.6881855622485832,0.578125,0.5518042780458927,1.4835985898971558,0.13397019170224667,0.18853551242500544,5.0876515550081716e-05,0.13397019170224667,0.7257446199655533,0.1228322759270668,1.425208456814289,1.3023761808872223,512,,,,,,,,,,,
1143,0.7000028029492751,0.6882752917706966,0.7734375,0.47854573279619217,1.2727863118052483,0.09588152449578047,0.1773522337898612,5.078887167290168e-05,0.09588152449578047,0.7485937178134918,0.11639140546321869,0.6908926591277122,0.5745012536644936,512,,,,,,,,,,,
1144,0.7000028029492751,0.6883645658139829,0.625,0.33601683005690575,0.8913683220744133,0.11403452698141336,0.1268644481897354,5.070122537117812e-05,0.11403452698141336,0.7444262579083443,0.14698432013392448,0.9093834236264229,0.7623991034924984,512,0.0007221702253445983,0.0007221702253445983,0.02,3506,0.7000028029492751,3506,3506,7012,0,3506,13674
1145,0.7000028029492751,0.6884533855374212,0.546875,0.46639446169137955,1.246559552848339,0.12183856125921011,0.16675691958516836,5.0613576914286e-05,0.12183856125921011,0.7283007651567459,0.11324384063482285,1.35881906747818,1.245575226843357,512,,,,,,,,,,,
1146,0.7000028029492751,0.6885417520999908,0.57421875,0.4938642270863056,1.313211478292942,0.11716193705797195,0.1833467222750187,5.05259265716069e-05,0.11716193705797195,0.7473681420087814,0.11659828573465347,0.9288603514432907,0.8122620657086372,512,,,,,,,,,,,
1147,0.7000028029492751,0.6886296666606708,0.5546875,0.6336142607033253,1.6957674622535706,0.11602089367806911,0.22427565325051546,5.043827461252816e-05,0.11602089367806911,0.7457226440310478,0.06888377293944359,1.3782735541462898,1.3093897812068462,512,,,,,,,,,,,
1148,0.7000028029492751,0.6887171303784406,0.84765625,0.5100103467702866,1.3547277599573135,0.120701695792377,0.19075806345790625,5.035062130644218e-05,0.120701695792377,0.7506518438458443,0.020165666937828064,1.824550800025463,1.804385133087635,512,,,,,,,,,,,
1149,0.7000028029492751,0.6888041444122791,0.54296875,0.636118970811367,1.70489040017128,0.12056104093790054,0.2227428052574396,5.026296692274541e-05,0.12056104093790054,0.7417724505066872,0.15310834348201752,1.6253510117530823,1.4722426682710648,512,,,,,,,,,,,
1150,0.7000028029492751,0.6888907099211656,0.59765625,0.758347500115633,2.016170457005501,0.14531704131513834,0.2818521782755852,5.017531173083767e-05,0.14531704131513834,0.7411449924111366,0.17761711031198502,1.297572024166584,1.119954913854599,512,,,,,,,,,,,
1151,0.7000028029492751,0.6889768280640796,0.59375,0.4319750629365444,1.1517744287848473,0.12774636130779982,0.15724085830152035,5.008765600012122e-05,0.12774636130779982,0.7478832900524139,0.13307911157608032,1.376422256231308,1.2433431446552277,512,,,,,,,,,,,
1152,0.7000028387292639,0.6890624999999999,0.58203125,0.6707830801606178,1.7915371656417847,0.14033063407987356,0.24113874230533838,5e-05,0.14033063407987356,0.7448119819164276,0.19745631143450737,1.6096262149512768,1.4121699035167694,512,0.0007488769479095936,0.0007488769479095936,0.02,3050,0.7000028387292639,3050,3050,6100,0,3050,13320
1153,0.7000028387292639,0.689147726887906,0.57421875,0.5288968496024609,1.3980089277029037,0.14728195313364267,0.20470872707664967,4.99123439998788e-05,0.14728195313364267,0.7326513379812241,0.08292768895626068,2.3864519968628883,2.3035243079066277,512,,,,,,,,,,,
1154,0.7000028387292639,0.6892325098867769,0.546875,0.5521401762962341,1.4444412514567375,0.09982034750282764,0.228710712864995,4.982468826916234e-05,0.09982034750282764,0.7500683590769768,0.13500922918319702,0.9676376916468143,0.8326284624636173,512,,,,,,,,,,,
1155,0.7000028387292639,0.689316850155592,0.58984375,0.4305523447692394,1.1405250877141953,0.13237826991826296,0.16417893953621387,4.97370330772546e-05,0.13237826991826296,0.742998018860817,0.10822131112217903,1.1938158236443996,1.0855945125222206,512,,,,,,,,,,,
1156,0.7000028387292639,0.6894007488533302,0.53125,0.4055165648460388,1.0698460936546326,0.10166662465780973,0.15899194963276386,4.964937869355782e-05,0.10166662465780973,0.7481323108077049,0.16561651602387428,1.2926316745579243,1.12701515853405,512,,,,,,,,,,,
1157,0.7000028387292639,0.6894842071389711,0.5859375,0.4315849095582962,1.1465112268924713,0.13028522953391075,0.1613217769190669,4.956172538747184e-05,0.13028522953391075,0.7455541864037514,0.11941656470298767,1.2308589071035385,1.1114423424005508,512,,,,,,,,,,,
1158,0.7000028387292639,0.6895672261714935,0.53125,0.3326895609498024,0.8837790004909039,0.14215925987809896,0.12437115143984556,4.947407342839312e-05,0.14215925987809896,0.7442675679922104,0.1743650697171688,2.4833757504820824,2.3090106807649136,512,,,,,,,,,,,
1159,0.7000028387292639,0.6896498071098769,1.0859375,0.35672619566321373,0.9450639709830284,0.11420831084251404,0.13592445198446512,4.938642308571401e-05,0.11420831084251404,0.7553246840834618,0.14226486533880234,1.623896524310112,1.4816316589713097,512,,,,,,,,,,,
1160,0.7000028387292639,0.6897319511131004,0.58984375,0.6773338206112385,1.8217116296291351,0.11141769774258137,0.23081500828266144,4.929877462882189e-05,0.11141769774258137,0.7575878649950027,0.11200390756130219,0.9698833748698235,0.8578794673085213,512,0.000761278672143817,0.000761278672143817,0.02,3886,0.7000028387292639,3886,3886,7772,0,3886,14195
1161,0.7000028387292639,0.6898136593401432,0.71484375,0.4841001220047474,1.283822923898697,0.13894426682963967,0.18314705602824688,4.921112832709834e-05,0.13894426682963967,0.7319921776652336,0.1780759748071432,1.5076096057891846,1.3295336309820414,512,,,,,,,,,,,
1162,0.7000028387292639,0.6898949329499845,0.65625,0.5497932694852352,1.4687133580446243,0.16394867841154337,0.19732674676924944,4.912348444991831e-05,0.16394867841154337,0.7281664982438087,0.2419753447175026,1.5071971789002419,1.2652218341827393,512,,,,,,,,,,,
1163,0.7000028387292639,0.6899757731016035,0.6953125,0.6145583800971508,1.6170610636472702,0.11220486182719469,0.2452369835227728,4.903584326664929e-05,0.11220486182719469,0.7434814274311066,0.1018887422978878,0.9289411008358002,0.8270523585379124,512,,,,,,,,,,,
1164,0.7000028387292639,0.6900561809539795,0.5234375,0.5199812464416027,1.3927120715379715,0.10738651687279344,0.1829885970801115,4.894820504665056e-05,0.10738651687279344,0.7523168697953224,0.11845790967345238,1.3663767874240875,1.2479188777506351,512,,,,,,,,,,,
1165,0.7000028387292639,0.6901361576660915,0.55078125,0.633034273982048,1.680968813598156,0.10308929299935699,0.23731679748743773,4.886057005927219e-05,0.10308929299935699,0.7444360330700874,0.09608182683587074,0.9920042343437672,0.8959224075078964,512,,,,,,,,,,,
1166,0.7000028387292639,0.6902157043969189,0.57421875,0.3439738880842924,0.9069450087845325,0.15350811555981636,0.13540007267147303,4.877293857385439e-05,0.15350811555981636,0.7426196113228798,0.13179860264062881,1.8535340577363968,1.721735455095768,512,,,,,,,,,,,
1167,0.7000028387292639,0.6902948223054408,0.69140625,0.5921936109662056,1.5764872431755066,0.1448880210518837,0.21803877595812082,4.8685310859726576e-05,0.1448880210518837,0.7319799736142159,0.11107916012406349,1.2932489439845085,1.182169783860445,512,,,,,,,,,,,
1168,0.7000028387292639,0.6903735125506365,0.609375,0.46649233996868134,1.238139346241951,0.11409196257591248,0.1754737701267004,4.859768718620656e-05,0.11409196257591248,0.7429345697164536,0.09279031679034233,0.9868186078965664,0.8940282911062241,512,0.0007886246312409639,0.0007886246312409639,0.02,3057,0.7000028387292639,3057,3057,6114,0,3057,13367
1169,0.7000028387292639,0.6904517762914851,0.65625,0.604507140815258,1.592791497707367,0.12600295152515173,0.23904821183532476,4.851006782259977e-05,0.12600295152515173,0.7487939298152924,0.1414920911192894,1.0192468911409378,0.8777548000216484,512,,,,,,,,,,,
1170,0.7000028387292639,0.6905296146869659,0.578125,0.46893567591905594,1.2357688546180725,0.11475159926339984,0.1852482734248042,4.8422453038198364e-05,0.11475159926339984,0.7393652200698853,0.1296457201242447,0.9986494183540344,0.8690036982297897,512,,,,,,,,,,,
1171,0.7000028387292639,0.6906070288960581,0.66796875,0.4422900453209877,1.168663702905178,0.11654455028474331,0.17160911951214075,4.833484310228044e-05,0.11654455028474331,0.7446484193205833,0.10724583640694618,1.4860241077840328,1.3787782713770866,512,,,,,,,,,,,
1172,0.7000028387292639,0.6906840200777407,0.7109375,0.6819118335843086,1.8337156251072884,0.15649951715022326,0.23268378619104624,4.8247238284109194e-05,0.15649951715022326,0.7300683334469795,0.16072867065668106,1.704180158674717,1.5434514880180359,512,,,,,,,,,,,
1173,0.7000028387292639,0.690760589390993,0.796875,0.6323707588016987,1.6641220971941948,0.13079056050628424,0.2521528135985136,4.815963885293206e-05,0.13079056050628424,0.7180761471390724,0.25381535291671753,1.6297111213207245,1.375895768404007,512,,,,,,,,,,,
1174,0.7000028387292639,0.6908367379947944,0.61328125,0.5804307237267494,1.553833894431591,0.13026337325572968,0.2050470383837819,4.8072045077979974e-05,0.13026337325572968,0.7467211708426476,0.10961675643920898,2.7329116538167,2.623294897377491,512,,,,,,,,,,,
1175,0.7000028387292639,0.690912467048124,0.609375,0.5750143192708492,1.5173157155513763,0.12507293745875359,0.22515181731432676,4.798445722846643e-05,0.12507293745875359,0.7284936308860779,0.07512248307466507,2.211671009659767,2.136548526585102,512,,,,,,,,,,,
1176,0.7000028387292639,0.6909877777099609,0.5859375,0.5499184485524893,1.4533406645059586,0.10865734238177538,0.21307880245149136,4.7896875573586755e-05,0.10865734238177538,0.7477367967367172,0.03516018018126488,1.3242849260568619,1.289124745875597,512,0.0008313558646477759,0.0008313558646477759,0.02,3151,0.7000028387292639,3151,3151,6302,0,3151,13434
1177,0.7000028387292639,0.6910626711392843,0.8203125,0.5285056047141552,1.413768857717514,0.12494018394500017,0.1877631787210703,4.780930038251721e-05,0.12494018394500017,0.7275439128279686,-0.056531134992837906,1.5783067271113396,1.6348378621041775,512,,,,,,,,,,,
1178,0.7000028387292639,0.6911371484950737,0.6796875,0.5823088623583317,1.5393798276782036,0.1130425063893199,0.22519242856651545,4.772173192441419e-05,0.1130425063893199,0.7492675706744194,0.09111270308494568,0.8330518156290054,0.7419391125440598,512,,,,,,,,,,,
1179,0.7000028387292639,0.6912112109363079,0.87109375,0.4027018491178751,1.0584205836057663,0.17980249971151352,0.16188800800591707,4.7634170468413425e-05,0.17980249971151352,0.7281030341982841,0.2921498231589794,2.0898853726685047,1.7977355495095253,512,,,,,,,,,,,
1180,0.7000028387292639,0.6912848596219663,0.91796875,0.31667621433734894,0.833782821893692,0.1392509937286377,0.1258420469239354,4.7546616283629105e-05,0.1392509937286377,0.7126684412360191,0.2154391184449196,1.8625501170754433,1.6471109986305237,512,,,,,,,,,,,
1181,0.7000028387292639,0.6913580957110281,0.625,0.560031346976757,1.4736675098538399,0.11104508675634861,0.22339714132249355,4.7459069639153054e-05,0.11104508675634861,0.7397973388433456,0.17131518200039864,1.482522040605545,1.3112068586051464,512,,,,,,,,,,,
1182,0.7000028387292639,0.6914309203624724,0.5625,0.5571215189993382,1.4811959564685822,0.11064234748482704,0.20705108530819416,4.7371530804053954e-05,0.11064234748482704,0.7450903281569481,0.08319924771785736,0.8846558928489685,0.8014566451311111,512,,,,,,,,,,,
1183,0.7000028387292639,0.6915033347352787,0.5625,0.673787072300911,1.8122476637363434,0.09892943920567632,0.22953130025416613,4.728400004737647e-05,0.09892943920567632,0.7508813217282295,0.09374097362160683,1.3811481818556786,1.2874072082340717,512,,,,,,,,,,,
1184,0.7000028728578686,0.6915753399884259,0.55078125,0.5648310668766499,1.512871727347374,0.09798009041696787,0.19873748533427715,4.7196477638140404e-05,0.09798009041696787,0.7447216659784317,0.10034166648983955,0.800235852599144,0.6998941861093044,512,0.0008066713926382363,0.0008066713926382363,0.02,3478,0.7000028728578686,3478,3478,6956,0,3478,13875
1185,0.7000028728578686,0.6916469372808933,0.6328125,0.5188424848020077,1.3872015178203583,0.14436262659728527,0.18504836410284042,4.710896384534e-05,0.14436262659728527,0.7469579726457596,0.08767630904912949,1.8653189837932587,1.7776426747441292,512,,,,,,,,,,,
1186,0.7000028728578686,0.6917181277716601,0.57421875,0.6207928955554962,1.6485050916671753,0.10902889538556337,0.23268540389835835,4.702145893794292e-05,0.10902889538556337,0.7404467687010765,0.19479691237211227,1.3533830717206001,1.1585861593484879,512,,,,,,,,,,,
1187,0.7000028728578686,0.6917889126197055,0.9140625,0.5131550058722496,1.3512164801359177,0.1537322998046875,0.2037986135110259,4.693396318488957e-05,0.1537322998046875,0.7019457891583443,-0.18110129982233047,1.8165385946631432,1.9976398944854736,512,,,,,,,,,,,
1188,0.7000028728578686,0.6918592929840087,0.73828125,0.36916774325072765,0.9720799475908279,0.19057858642190695,0.1466101286932826,4.684647685509221e-05,0.19057858642190695,0.7315063327550888,0.12331989407539368,2.1032748371362686,1.979954943060875,512,,,,,,,,,,,
1189,0.7000028728578686,0.691929270023549,0.98046875,0.5843650512397289,1.5424224585294724,0.14959722058847547,0.2283806512132287,4.6759000217434114e-05,0.14959722058847547,0.7437402084469795,0.2945277579128742,1.8952664025127888,1.6007386445999146,512,,,,,,,,,,,
1190,0.7000028728578686,0.6919988448973055,0.5859375,0.6914746128022671,1.8309622704982758,0.13095033634454012,0.2644151961430907,4.6671533540768804e-05,0.13095033634454012,0.7518017515540123,0.1594329997897148,2.145231246948242,1.9857982471585274,512,,,,,,,,,,,
1191,0.7000028728578686,0.6920680187642574,0.6796875,0.36108268797397614,0.9577196910977364,0.15057010389864445,0.1364702209830284,4.6584077093919146e-05,0.15057010389864445,0.7417504638433456,0.1549525409936905,1.6054408475756645,1.450488306581974,512,,,,,,,,,,,
1192,0.7000028728578686,0.6921367927833839,0.59375,0.43888986855745316,1.1678663566708565,0.09835992241278291,0.16210292372852564,4.649663114567663e-05,0.09835992241278291,0.7604443281888962,0.11649385839700699,2.006212994456291,1.8897191360592842,512,0.0008016009232960641,0.0008016009232960641,0.02,3747,0.7000028728578686,3747,3747,7494,0,3747,14163
1193,0.7000028728578686,0.6922051681136644,0.70703125,0.5853126011788845,1.539199359714985,0.13053517788648605,0.23447506967931986,4.640919596480043e-05,0.13053517788648605,0.7480810284614563,0.1455177515745163,1.4094109013676643,1.263893149793148,512,,,,,,,,,,,
1194,0.7000028728578686,0.6922731459140777,0.5859375,0.35668737813830376,0.936697706580162,0.10714259557425976,0.14417309686541557,4.6321771820016636e-05,0.10714259557425976,0.7451366931200027,0.15529778599739075,1.3940027356147766,1.2387049496173859,512,,,,,,,,,,,
1195,0.7000028728578686,0.6923407273436033,0.54296875,0.4127544704824686,1.0894536599516869,0.10617566667497158,0.16131742112338543,4.623435898001741e-05,0.10617566667497158,0.7420190200209618,0.18503811210393906,1.2552216723561287,1.0701835602521896,512,,,,,,,,,,,
1196,0.7000028728578686,0.6924079135612204,0.71484375,0.6042208410799503,1.6084136739373207,0.11895149620249867,0.2225585300475359,4.6146957713460195e-05,0.11895149620249867,0.7370361015200615,0.14936306700110435,1.28302501142025,1.1336619444191456,512,,,,,,,,,,,
1197,0.7000028728578686,0.6924747057259082,0.58984375,0.4084443412721157,1.0878742262721062,0.13127408269792795,0.14983582496643066,4.605956828896684e-05,0.13127408269792795,0.7339257597923279,0.10493432730436325,1.780455343425274,1.6755210161209106,512,,,,,,,,,,,
1198,0.7000028728578686,0.6925411049966459,0.6640625,0.7161585278809071,1.887563794851303,0.11432378366589546,0.2826134981587529,4.597219097512279e-05,0.11432378366589546,0.7438036948442459,0.11413408815860748,0.9289081692695618,0.8147740811109543,512,,,,,,,,,,,
1199,0.7000028728578686,0.6926071125324125,0.5234375,0.5078922733664513,1.3287227153778076,0.08161186287179589,0.21034471970051527,4.5884826040476326e-05,0.08161186287179589,0.7579491958022118,0.1267470084130764,1.175966054201126,1.0492190457880497,512,,,,,,,,,,,
1200,0.7000028728578686,0.6926727294921875,0.58984375,0.5239944793283939,1.4012508764863014,0.09907691739499569,0.18661113921552896,4.579747375353763e-05,0.09907691739499569,0.7521117925643921,0.09056754410266876,0.7517527341842651,0.6611851900815964,512,0.0007121573435142636,0.0007121573435142636,0.02,2907,0.7000028728578686,2907,2907,5814,0,2907,13330
1201,0.7000028728578686,0.6927379570349499,0.79296875,0.5477170925587416,1.4460447281599045,0.17772957123816013,0.21370395459234715,4.571013438277801e-05,0.17772957123816013,0.7241430506110191,0.0389692559838295,1.8991271555423737,1.8601578995585442,512,,,,,,,,,,,
1202,0.7000028728578686,0.692802796319679,0.6875,0.48525434359908104,1.293488398194313,0.1419667573645711,0.1769792316481471,4.562280819662911e-05,0.1419667573645711,0.7359081730246544,0.21496963128447533,1.5848814062774181,1.3699117749929428,512,,,,,,,,,,,
1203,0.7000028728578686,0.6928672485053539,1.4296875,0.5058801528066397,1.3520469069480896,0.13792844116687775,0.1809231610968709,4.553549546348203e-05,0.13792844116687775,0.7481835708022118,0.1366640403866768,1.123952466994524,0.9872884266078472,512,,,,,,,,,,,
1204,0.7000028728578686,0.6929313147509539,0.5703125,0.5998031944036484,1.601899415254593,0.11323358630761504,0.2156859552487731,4.54481964516865e-05,0.11323358630761504,0.7422900125384331,0.11890330538153648,1.2013021111488342,1.0823988057672977,512,,,,,,,,,,,
1205,0.7000028728578686,0.6929949962154582,0.72265625,0.410301748663187,1.0755109563469887,0.1228490648791194,0.16782762482762337,4.536091142955014e-05,0.1228490648791194,0.7464892268180847,0.20835475251078606,1.774104930460453,1.565750177949667,512,,,,,,,,,,,
1206,0.7000028728578686,0.693058294057846,0.6171875,0.8332147225737572,2.1773600727319717,0.11410561669617891,0.3475329279899597,4.5273640665337525e-05,0.11410561669617891,0.7395068034529686,0.12364192679524422,1.1376419886946678,1.0140000618994236,512,,,,,,,,,,,
1207,0.7000028728578686,0.6931212094370965,0.515625,0.424807446077466,1.1118407100439072,0.08825661474838853,0.1754545420408249,4.5186384427269434e-05,0.08825661474838853,0.7459472417831421,0.03722076490521431,1.1697702780365944,1.13254951313138,512,,,,,,,,,,,
1208,0.7000028728578686,0.6931837435121889,1.171875,0.5248228460550308,1.3660603612661362,0.137390055693686,0.2243117978796363,4.509914298352197e-05,0.137390055693686,0.7413427606225014,0.13863592594861984,1.6144227012991905,1.4757867753505707,512,0.0005773889133706689,0.0005773889133706689,0.02,4385,0.7000028728578686,4385,4385,8770,0,4385,14809
1209,0.7000028728578686,0.6932458974421024,1.4140625,0.45795249938964844,1.2327715530991554,0.14605698827654123,0.15496323723345995,4.5011916602225815e-05,0.14605698827654123,0.7390356287360191,0.08443714678287506,1.11234937235713,1.027912225574255,512,,,,,,,,,,,
1210,0.7000028728578686,0.6933076723858161,0.5859375,0.6399613730609417,1.6875768303871155,0.11790132522583008,0.25169997196644545,4.492470555146531e-05,0.11790132522583008,0.7371630594134331,0.08569949120283127,1.3662264943122864,1.280527003109455,512,,,,,,,,,,,
1211,0.7000028728578686,0.6933690695023095,0.609375,0.3681316040456295,0.9757836237549782,0.1274106535129249,0.13976665306836367,4.4837510099277696e-05,0.1274106535129249,0.7484692186117172,0.12574467062950134,1.0922245606780052,0.9664798900485039,512,,,,,,,,,,,
1212,0.7000028728578686,0.6934300899505614,0.75,0.4392627589404583,1.1565264835953712,0.15969389583915472,0.17457276955246925,4.475033051365228e-05,0.15969389583915472,0.7355981320142746,0.05947047844529152,1.5821817219257355,1.522711243480444,512,,,,,,,,,,,
1213,0.7000028728578686,0.6934907348895514,0.60546875,0.6022124998271465,1.6122149527072906,0.12413582019507885,0.21267133206129074,4.46631670625296e-05,0.12413582019507885,0.7331298664212227,0.1920355036854744,1.3941368833184242,1.2021013796329498,512,,,,,,,,,,,
1214,0.7000028728578686,0.6935510054782584,0.609375,0.6293701939284801,1.6578335240483284,0.1437066188082099,0.24934884998947382,4.457602001380061e-05,0.1437066188082099,0.743720680475235,0.14581304788589478,1.7189594358205795,1.5731463879346848,512,,,,,,,,,,,
1215,0.7000028728578686,0.6936109028756618,0.5859375,0.6197461523115635,1.657271847128868,0.11160509753972292,0.22074672486633062,4.4488889635305844e-05,0.11160509753972292,0.7490478232502937,0.14504122734069824,1.0025558546185493,0.8575146272778511,512,,,,,,,,,,,
1216,0.7000029094635494,0.6936704282407408,0.54296875,0.4164964146912098,1.0946982726454735,0.1355017675086856,0.16741202678531408,4.4401776194834613e-05,0.1355017675086856,0.7456591576337814,0.12794065475463867,1.2628547176718712,1.1349140629172325,512,0.0008333743317052722,0.0008333743317052722,0.02,2666,0.7000029094635494,2666,2666,5332,0,2666,13215
1217,0.7000029094635494,0.6937295827324743,0.53515625,0.5521997660398483,1.4694027826189995,0.09592584939673543,0.2039297865703702,4.4314679960124145e-05,0.09592584939673543,0.7461279258131981,0.09813862293958664,0.7275104224681854,0.6293717995285988,512,,,,,,,,,,,
1218,0.7000029094635494,0.6937883675098419,0.625,0.6339541599154472,1.6746838465332985,0.15179075859487057,0.2463892912492156,4.422760119885881e-05,0.15179075859487057,0.7398803681135178,0.19309371709823608,1.8309355899691582,1.637841872870922,512,,,,,,,,,,,
1219,0.7000029094635494,0.6938467837318225,0.91796875,0.5697448328137398,1.5281841307878494,0.1142680011689663,0.19831535778939724,4.414054017866925e-05,0.1142680011689663,0.7276879698038101,-0.04825073853135109,1.6281126216053963,1.6763633601367474,512,,,,,,,,,,,
1220,0.7000029094635494,0.6939048325573957,0.9765625,0.5049642659723759,1.3472433388233185,0.1103151636198163,0.1829513879492879,4.405349716713165e-05,0.1103151636198163,0.7433593571186066,0.13365815579891205,1.0721102878451347,0.9384521320462227,512,,,,,,,,,,,
1221,0.7000029094635494,0.6939625151455402,0.55859375,0.34357479214668274,0.907199315726757,0.1455706967972219,0.13393639959394932,4.3966472431766754e-05,0.1455706967972219,0.7382446154952049,0.05659715086221695,1.944318674504757,1.88772152364254,512,,,,,,,,,,,
1222,0.7000029094635494,0.6940198326552355,0.5859375,0.6777660325169563,1.8018168359994888,0.10192177072167397,0.2520195422694087,4.3879466240039196e-05,0.10192177072167397,0.7585717588663101,0.12228263914585114,1.349580556154251,1.2272979170084,512,,,,,,,,,,,
1223,0.7000029094635494,0.6940767862454609,0.62890625,0.6551961302757263,1.7390233352780342,0.12613716628402472,0.2464194167405367,4.379247885935659e-05,0.12613716628402472,0.7343578860163689,0.10404841229319572,0.9247995354235172,0.8207511231303215,512,,,,,,,,,,,
1224,0.7000029094635494,0.6941333770751953,0.59375,0.5030532963573933,1.3440724909305573,0.11063346639275551,0.1803313661366701,4.370551055706874e-05,0.11063346639275551,0.7406176775693893,0.1014706939458847,0.7070527523756027,0.605582058429718,512,0.000619732600171119,0.000619732600171119,0.02,3140,0.7000029094635494,3140,3140,6280,0,3140,13669
1225,0.7000029094635494,0.6941896063034181,0.72265625,0.4845542684197426,1.294144943356514,0.1623457595705986,0.17420129105448723,4.3618561600466836e-05,0.1623457595705986,0.7287890464067459,0.1465250961482525,1.1976920366287231,1.0511669404804707,512,,,,,,,,,,,
1226,0.7000029094635494,0.6942454750891085,0.5859375,0.60069889575243,1.6023898795247078,0.10295945964753628,0.21790975891053677,4.3531632256782554e-05,0.10295945964753628,0.7348510399460793,0.220992773771286,1.8493956848978996,1.6284029111266136,512,,,,,,,,,,,
1227,0.7000029094635494,0.6943009845912456,0.60546875,0.6164190657436848,1.6559731662273407,0.10890185087919235,0.21196331642568111,4.344472279318737e-05,0.10890185087919235,0.740163542330265,0.04756411910057068,1.1514432281255722,1.1038791090250015,512,,,,,,,,,,,
1228,0.7000029094635494,0.6943561359688087,0.59765625,0.5028563402593136,1.3263273015618324,0.16362748946994543,0.19747970905154943,4.335783347679162e-05,0.16362748946994543,0.726748026907444,0.16565733402967453,1.4308910220861435,1.265233688056469,512,,,,,,,,,,,
1229,0.7000029094635494,0.6944109303807771,0.58203125,0.626393735408783,1.6619557663798332,0.10309734009206295,0.23620695061981678,4.3270964574643693e-05,0.10309734009206295,0.748364232480526,0.10424258559942245,0.8279215320944786,0.7236789464950562,512,,,,,,,,,,,
1230,0.7000029094635494,0.6944653689861298,0.51171875,0.4427913948893547,1.1678430289030075,0.10372140817344189,0.17394900508224964,4.318411635372929e-05,0.10372140817344189,0.7560693174600601,0.0793227106332779,1.1683046780526638,1.088981967419386,512,,,,,,,,,,,
1231,0.7000029094635494,0.694519452943846,0.6875,0.5598286781460047,1.4697869680821896,0.12219166290014982,0.22666342742741108,4.3097289080970497e-05,0.12219166290014982,0.7471020370721817,0.21555504947900772,1.8426299765706062,1.6270749270915985,512,,,,,,,,,,,
1232,0.7000029094635494,0.6945731834129051,0.66015625,0.3214654214680195,0.8479386940598488,0.1467904755845666,0.12619891855865717,4.3010483023225045e-05,0.1467904755845666,0.7477099373936653,0.12178117036819458,1.373336523771286,1.2515553534030914,512,0.0008005997515283525,0.0008005997515283525,0.02,2818,0.7000029094635494,2818,2818,5636,0,2818,13353
1233,0.7000029094635494,0.6946265615522861,0.5546875,0.5452038571238518,1.434541568160057,0.11548664513975382,0.21759126521646976,4.292369844728544e-05,0.11548664513975382,0.7410912737250328,0.10389599949121475,0.9617480933666229,0.8578520938754082,512,,,,,,,,,,,
1234,0.7000029094635494,0.6946795885209683,0.57421875,0.5644672438502312,1.4636622592806816,0.11932581104338169,0.2468444649130106,4.283693561987824e-05,0.11932581104338169,0.7422729283571243,0.14410198852419853,1.621088396757841,1.4769864082336426,512,,,,,,,,,,,
1235,0.7000029094635494,0.694732265477931,0.5859375,0.7385253645479679,1.9587911888957024,0.1385442018508911,0.2791644185781479,4.2750194807663066e-05,0.1385442018508911,0.7462719529867172,0.1534598171710968,2.0420278012752533,1.8885679841041565,512,,,,,,,,,,,
1236,0.7000029094635494,0.6947845935821533,0.6640625,0.6771480403840542,1.7848465852439404,0.11684933258220553,0.26711711660027504,4.2663476277231915e-05,0.11684933258220553,0.7421362325549126,0.1517621986567974,1.1923081055283546,1.0405459068715572,512,,,,,,,,,,,
1237,0.7000029094635494,0.6948365739926143,0.59375,0.6769305057823658,1.8065328747034073,0.11358709121122956,0.2447715438902378,4.257678029510832e-05,0.11358709121122956,0.7476440221071243,0.1670963503420353,1.412585437297821,1.2454890869557858,512,,,,,,,,,,,
1238,0.7000029094635494,0.6948882078682935,0.6015625,0.6065331846475601,1.5997005254030228,0.1172324032522738,0.23827875684946775,4.249010712774648e-05,0.1172324032522738,0.7503661811351776,0.1520002894103527,1.5513757430016994,1.3993754535913467,512,,,,,,,,,,,
1239,0.7000029094635494,0.6949394963681698,0.6953125,0.47184350714087486,1.255436733365059,0.1351618547923863,0.17439203429967165,4.240345704153048e-05,0.1351618547923863,0.7293896377086639,0.20113803818821907,2.068571399897337,1.867433361709118,512,,,,,,,,,,,
1240,0.7000029094635494,0.6949904406512224,0.5546875,0.5072371624410152,1.3474590852856636,0.11298589408397675,0.1896231397986412,4.231683030277349e-05,0.11298589408397675,0.7439697086811066,0.15815724059939384,1.3623911775648594,1.2042339369654655,512,0.0007020276971161366,0.0007020276971161366,0.02,2706,0.7000029094635494,2706,2706,5412,0,2706,13243
1241,0.7000029094635494,0.6950410418764308,0.72265625,0.5621862430125475,1.4864193350076675,0.14335478143766522,0.2171752881258726,4.223022717771693e-05,0.14335478143766522,0.7452538758516312,0.09052692353725433,1.503418669104576,1.4128917455673218,512,,,,,,,,,,,
1242,0.7000029094635494,0.695091301202774,0.578125,0.4326075278222561,1.1357123330235481,0.1308043673634529,0.1752194920554757,4.21436479325296e-05,0.1308043673634529,0.7503613159060478,0.10564419254660606,2.0837905257940292,1.9781463332474232,512,,,,,,,,,,,
1243,0.7000029094635494,0.6951412197892313,0.625,0.5301581732928753,1.3951711878180504,0.1088883439078927,0.2113686539232731,4.205709283330694e-05,0.1088883439078927,0.7566674426198006,0.009832613170146942,1.8995560631155968,1.8897234499454498,512,,,,,,,,,,,
1244,0.7000029094635494,0.6951907987947816,0.56640625,0.4871063195168972,1.2949252054095268,0.12474789377301931,0.18115450534969568,4.197056214607015e-05,0.12474789377301931,0.7396557480096817,0.11217686533927917,1.358029842376709,1.2458529770374298,512,,,,,,,,,,,
1245,0.7000029094635494,0.6952400393784046,0.640625,0.5760219246149063,1.5404767841100693,0.11178164137527347,0.20504411589354277,4.188405613676546e-05,0.11178164137527347,0.7421508729457855,0.14542066678404808,0.8141204379498959,0.6686997711658478,512,,,,,,,,,,,
1246,0.7000029094635494,0.6952889426990791,0.55078125,0.4489612150937319,1.1848843470215797,0.09141317941248417,0.1756041245535016,4.179757507126319e-05,0.09141317941248417,0.7468652054667473,0.10524293780326843,0.7919871881604195,0.686744250357151,512,,,,,,,,,,,
1247,0.7000029094635494,0.6953375099157846,0.59765625,0.4523579217493534,1.200530230998993,0.1435766015201807,0.17025130055844784,4.171111921535703e-05,0.1435766015201807,0.7498705983161926,0.13975736126303673,1.3102456331253052,1.1704882718622684,512,,,,,,,,,,,
1248,0.700002942766462,0.6953857421874999,0.62890625,0.6913831159472466,1.8474264964461327,0.13148210616782308,0.24767380859702826,4.162468883476319e-05,0.13148210616782308,0.7324755638837814,0.15240998193621635,1.3713294602930546,1.2189194783568382,512,0.0007239544647745788,0.0007239544647745788,0.02,2485,0.700002942766462,2485,2485,4970,0,2485,13176
1249,0.700002942766462,0.6954336406732047,0.58984375,0.657556563615799,1.7446130886673927,0.09192409319803119,0.24798250105232,4.1538284195119546e-05,0.09192409319803119,0.7436840459704399,0.0908135175704956,0.6510163508355618,0.5602028332650661,512,,,,,,,,,,,
1250,0.700002942766462,0.6954812065318778,0.86328125,0.5641426369547844,1.4932912960648537,0.14226766675710678,0.21623179037123919,4.1451905561984936e-05,0.14226766675710678,0.7204418852925301,0.1996956579387188,1.6366261132061481,1.4369304552674294,512,,,,,,,,,,,
1251,0.700002942766462,0.6955284409224987,0.57421875,0.7183736339211464,1.9115504771471024,0.12771322019398212,0.2653392516076565,4.136555320083821e-05,0.12771322019398212,0.7430248782038689,0.14777472615242004,1.2084540985524654,1.0606793724000454,512,,,,,,,,,,,
1252,0.700002942766462,0.6955753450040464,0.58203125,0.6551009546965361,1.7472410798072815,0.10458189155906439,0.23791325837373734,4.127922737707747e-05,0.10458189155906439,0.7378832921385765,0.20303629711270332,1.4683371223509312,1.2653008252382278,512,,,,,,,,,,,
1253,0.700002942766462,0.6956219199355002,0.58984375,0.4748738445341587,1.2593455463647842,0.13137947116047144,0.17966606840491295,4.119292835601929e-05,0.13137947116047144,0.7430248931050301,0.11635609343647957,1.2302169874310493,1.1138608939945698,512,,,,,,,,,,,
1254,0.700002942766462,0.6956681668758392,0.62890625,0.4846329651772976,1.289238102734089,0.1430448330938816,0.17934655584394932,4.110665640289782e-05,0.1430448330938816,0.7355639562010765,0.0803997814655304,1.2221968695521355,1.141797088086605,512,,,,,,,,,,,
1255,0.700002942766462,0.6957140869840427,0.68359375,0.44699329510331154,1.175735391676426,0.16138677299022675,0.1787896966561675,4.10204117828641e-05,0.16138677299022675,0.7346606105566025,0.12273567914962769,1.5151874050498009,1.3924517259001732,512,,,,,,,,,,,
1256,0.700002942766462,0.69575968141909,0.52734375,0.7241417467594147,1.9434824213385582,0.09457556949928403,0.2508864300325513,4.093419476098509e-05,0.09457556949928403,0.7411230206489563,0.08815647661685944,0.7659872621297836,0.6778307855129242,512,0.0008518501999787986,0.0008518501999787986,0.02,2670,0.700002942766462,2670,2670,5340,0,2670,13356
1257,0.700002942766462,0.69580495133996,0.640625,0.5168540775775909,1.3736711144447327,0.1317376345396042,0.19255332462489605,4.084800560224295e-05,0.1317376345396042,0.7312060371041298,0.13818371668457985,1.0157188326120377,0.8775351159274578,512,,,,,,,,,,,
1258,0.700002942766462,0.6958498979056322,0.48828125,0.5917622298002243,1.5948837995529175,0.0870962762273848,0.19833498820662498,4.076184457153423e-05,0.0870962762273848,0.757189929485321,0.10099727660417557,1.0253057554364204,0.9243084788322449,512,,,,,,,,,,,
1259,0.700002942766462,0.6958945222750857,0.58203125,0.485876627266407,1.2786188423633575,0.17898620665073395,0.1937345126643777,4.067571193366897e-05,0.17898620665073395,0.7403808310627937,0.23321551829576492,2.5403222516179085,2.3071067333221436,512,,,,,,,,,,,
1260,0.700002942766462,0.6959388256072998,0.69140625,0.4731903374195099,1.2610086351633072,0.11293714679777622,0.17290141806006432,4.0589607953370007e-05,0.11293714679777622,0.7543237134814262,-0.037836797535419464,2.1588679030537605,2.19670470058918,512,,,,,,,,,,,
1261,0.700002942766462,0.6959828090612535,0.625,0.4215398281812668,1.1187883391976357,0.1143020587041974,0.15860502794384956,4.050353289527205e-05,0.1143020587041974,0.7482177689671516,0.1369587481021881,0.8108722791075706,0.6739135310053825,512,,,,,,,,,,,
1262,0.700002942766462,0.6960264737959261,0.59375,0.6165286488831043,1.6319631487131119,0.09265393484383821,0.23630540166050196,4.0417487023921005e-05,0.09265393484383821,0.7617748975753784,0.10755754634737968,0.8321689963340759,0.7246114499866962,512,,,,,,,,,,,
1263,0.700002942766462,0.6960698209702968,0.65625,0.6525125205516815,1.7453987300395966,0.13358973246067762,0.23191186506301165,4.0331470603772975e-05,0.13358973246067762,0.7508447244763374,0.16138283535838127,1.2895027995109558,1.1281199641525745,512,,,,,,,,,,,
1264,0.7000029424912314,0.6961128517433448,0.58203125,0.4746219478547573,1.2618190124630928,0.11173221375793219,0.1764292912557721,4.0245483899193595e-05,0.11173221375793219,0.7499487102031708,0.1204463317990303,0.8062454909086227,0.6857991591095924,512,0.0009173144353553653,0.0009173144353553653,0.02,2525,0.7000029424912314,2525,2526,5051,-1,2525,13182
1265,0.7000029424912314,0.6961555672740495,0.71875,0.4963050130754709,1.3189529106020927,0.15410195384174585,0.1850015977397561,4.015952717445716e-05,0.15410195384174585,0.7532812356948853,0.26043030619621277,1.4475924000144005,1.1871620938181877,512,,,,,,,,,,,
1266,0.7000029424912314,0.6961979687213897,1.1015625,0.5031636096537113,1.3381732106208801,0.12605045456439257,0.18656492419540882,4.007360069374583e-05,0.12605045456439257,0.7378173768520355,-0.0920342206954956,1.7780377194285393,1.8700719401240349,512,,,,,,,,,,,
1267,0.7000029424912314,0.6962400572443449,0.55859375,0.4023512378334999,1.0607725009322166,0.09459093492478132,0.1584736630320549,3.99877047211488e-05,0.09459093492478132,0.7493969723582268,0.1190570592880249,0.7987426295876503,0.6796855702996254,512,,,,,,,,,,,
1268,0.7000029424912314,0.6962818340018944,0.7421875,0.4351067319512367,1.1390467211604118,0.12697081081569195,0.17945849057286978,3.990183952066151e-05,0.12697081081569195,0.7458544597029686,0.18552536144852638,1.4649434015154839,1.2794180400669575,512,,,,,,,,,,,
1269,0.7000029424912314,0.696323300153017,0.65625,0.4908202178776264,1.312798261642456,0.15144892409443855,0.17453563585877419,3.9816005356184856e-05,0.15144892409443855,0.7453661933541298,0.10013753920793533,1.8108988627791405,1.7107613235712051,512,,,,,,,,,,,
1270,0.7000029424912314,0.6963644568566922,0.67578125,0.5549390092492104,1.4830215722322464,0.14549687085673213,0.1986117074266076,3.973020249152428e-05,0.14549687085673213,0.7495580837130547,0.12200897186994553,1.234561301767826,1.1125523298978806,512,,,,,,,,,,,
1271,0.7000029424912314,0.6964053052718993,0.62109375,0.48071977123618126,1.271119013428688,0.11952290870249271,0.18560753762722015,3.964443119038908e-05,0.11952290870249271,0.740659162402153,0.1123998761177063,1.049360178411007,0.9369603022933006,512,,,,,,,,,,,
1272,0.7000029424912314,0.6964458465576171,0.578125,0.6612689923495054,1.756630688905716,0.14043091889470816,0.24721465352922678,3.955869171639152e-05,0.14043091889470816,0.740159809589386,0.1562631018459797,1.386710699647665,1.2304475978016853,511.375,0.0007661925628781319,0.0007661925628781319,0.02,3122,0.7000029424912314,3122,3122,6244,0,3122,13791
1273,0.7000029424912314,0.6964860818728252,0.58984375,0.6606697589159012,1.7828225940465927,0.128210524097085,0.21920688077807426,3.947298433304604e-05,0.128210524097085,0.7516332864761353,0.11308237910270691,1.4545187428593636,1.3414363637566566,512,,,,,,,,,,,
1274,0.7000029424912314,0.6965260123765027,0.578125,0.4491588659584522,1.1972936391830444,0.14163433574140072,0.16379379853606224,3.9387309303768484e-05,0.14163433574140072,0.7354565188288689,0.15844659134745598,1.2151603139936924,1.0567137226462364,512,,,,,,,,,,,
1275,0.7000029424912314,0.6965656392276287,0.6015625,0.4622584618628025,1.226359710097313,0.13811085559427738,0.17442345432937145,3.930166689187521e-05,0.13811085559427738,0.7351782098412514,0.1807248592376709,1.6403456069529057,1.4596207477152348,512,,,,,,,,,,,
1276,0.7000029424912314,0.6966049635851824,0.62890625,0.4808335229754448,1.2712028920650482,0.11310872295871377,0.1858683107420802,3.921605736058238e-05,0.11310872295871377,0.7491161972284317,0.09095559269189835,1.111812375485897,1.0208567827939987,512,,,,,,,,,,,
1277,0.7000029424912314,0.6966439866081432,0.69140625,0.5801271162927151,1.5230512619018555,0.09111428912729025,0.23490959871560335,3.913048097300508e-05,0.09111428912729025,0.7498339712619781,0.09077302366495132,0.6509490981698036,0.5601760745048523,512,,,,,,,,,,,
1278,0.7000029424912314,0.69668270945549,0.546875,0.44209106639027596,1.1642809137701988,0.10241480451077223,0.17538894806057215,3.9044937992156516e-05,0.10241480451077223,0.7455077767372131,0.08801831305027008,0.7844001650810242,0.6963818520307541,512,,,,,,,,,,,
1279,0.7000029424912314,0.6967211332862023,0.578125,0.530837943777442,1.4106473550200462,0.10768756456673145,0.19795242883265018,3.895942868094724e-05,0.10768756456673145,0.7581542953848839,0.10753453150391579,1.6886823326349258,1.58114780113101,512,,,,,,,,,,,
1280,0.7000029702895304,0.6967592592592592,0.640625,0.5575741417706013,1.4854454845190048,0.10706330370157957,0.20417309273034334,3.887395330218429e-05,0.10706330370157957,0.741953082382679,0.11519806832075119,0.8018352054059505,0.6866371370851994,512,0.0005670636310242116,0.0005670636310242116,0.02,2357,0.7000029702895304,2357,2357,4714,0,2357,13105
1281,0.7000029702895304,0.6967970885336399,0.625,0.6697455942630768,1.7856995910406113,0.13355387561023235,0.2438324885442853,3.8788512118570466e-05,0.13355387561023235,0.7414404153823853,0.11699554324150085,1.1947311908006668,1.077735647559166,512,,,,,,,,,,,
1282,0.7000029702895304,0.6968346222683235,0.5625,0.42451054230332375,1.1229019314050674,0.12680058414116502,0.16349358577281237,3.870310539270342e-05,0.12680058414116502,0.7408715635538101,0.07718726247549057,1.6434164494276047,1.566229186952114,512,,,,,,,,,,,
1283,0.7000029702895304,0.6968718616222894,0.578125,0.6315852515399456,1.6851296499371529,0.09788404311984777,0.22876503225415945,3.861773338707495e-05,0.09788404311984777,0.7508300766348839,0.09804143756628036,0.7373591735959053,0.6393177360296249,512,,,,,,,,,,,
1284,0.7000029702895304,0.6969088077545166,0.5625,0.37773849070072174,1.0031356886029243,0.14851982705295086,0.14152633864432573,3.8532396364070115e-05,0.14851982705295086,0.7403197959065437,0.10154847055673599,1.7502589896321297,1.6487105190753937,512,,,,,,,,,,,
1285,0.7000029702895304,0.6969454618239843,0.66015625,0.5329343788325787,1.4145556688308716,0.14945030584931374,0.20039692614227533,3.8447094585966446e-05,0.14945030584931374,0.7487719506025314,0.0724230669438839,1.538698237389326,1.4662751704454422,512,,,,,,,,,,,
1286,0.7000029702895304,0.696981824989672,0.52734375,0.5799384228885174,1.5369361713528633,0.12065842282027006,0.220452887006104,3.836182831493318e-05,0.12065842282027006,0.7481542751193047,0.1276862695813179,1.5982917621731758,1.470605492591858,512,,,,,,,,,,,
1287,0.7000029702895304,0.6970178984105586,0.69140625,0.5848733372986317,1.540676698088646,0.10675245244055986,0.23166661150753498,3.827659781303041e-05,0.10675245244055986,0.7475732192397118,0.11153930425643921,0.9529763422906399,0.8414370380342007,512,,,,,,,,,,,
1288,0.7000029702895304,0.6970536832456236,0.62890625,0.41752269491553307,1.1170059591531754,0.1516067460179329,0.1482142573222518,3.81914033422083e-05,0.1516067460179329,0.7425756603479385,0.1320979930460453,1.7915383651852608,1.6594403721392155,512,0.0006925342022441328,0.0006925342022441328,0.02,2604,0.7000029702895304,2604,2604,5208,0,2604,13364
1289,0.7000029702895304,0.6970891806538457,0.546875,0.5422797743231058,1.4521059840917587,0.12074705399572849,0.19116598181426525,3.8106245164306246e-05,0.12074705399572849,0.7481957748532295,0.1390048861503601,2.1574489548802376,2.0184440687298775,512,,,,,,,,,,,
1290,0.7000029702895304,0.6971243917942047,0.546875,0.656381007283926,1.7488166093826294,0.08888614736497402,0.24021666031330824,3.802112354105215e-05,0.08888614736497402,0.7500512450933456,0.1258116513490677,0.7413869202136993,0.6155752688646317,512,,,,,,,,,,,
1291,0.7000029702895304,0.6971593178256794,0.640625,0.6640568412840366,1.7674727365374565,0.11449971632100642,0.24482064321637154,3.793603873406155e-05,0.11449971632100642,0.7395239025354385,0.14184619672596455,1.2875631675124168,1.1457169707864523,512,,,,,,,,,,,
1292,0.7000029702895304,0.6971939599072492,0.578125,0.5996292643249035,1.5869641676545143,0.09189843479543924,0.23009416740387678,3.785099100483681e-05,0.09189843479543924,0.7377514615654945,0.13748863339424133,1.540570616722107,1.4030819833278656,512,,,,,,,,,,,
1293,0.7000029702895304,0.6972283191978931,0.53515625,0.657311886548996,1.7627326548099518,0.10572588630020618,0.22912140935659409,3.776598061476635e-05,0.10572588630020618,0.7551977261900902,0.08077963441610336,1.118066132068634,1.0372864976525307,512,,,,,,,,,,,
1294,0.7000029702895304,0.6972623968565905,0.58984375,0.43100303784012794,1.1522568836808205,0.10174833051860332,0.15381288062781096,3.768100782512384e-05,0.10174833051860332,0.746447741985321,0.09356467425823212,1.0340779423713684,0.9405132681131363,512,,,,,,,,,,,
1295,0.7000029702895304,0.6972961940423206,0.5546875,0.48174532875418663,1.2756048366427422,0.1002891855314374,0.18422944750636816,3.759607289706736e-05,0.1002891855314374,0.7451684549450874,0.1155722476541996,0.7454098351299763,0.6298375874757767,512,,,,,,,,,,,
1296,0.7000029702895304,0.6973297119140625,0.6484375,0.5142053924500942,1.371412456035614,0.13281837943941355,0.18678560946136713,3.7511176091638653e-05,0.13281837943941355,0.7406200990080833,0.10774185135960579,1.3415171280503273,1.2337752766907215,512,0.0010489189298823476,0.0010489189298823476,0.02,2328,0.7000029702895304,2328,2328,4656,0,2328,13035
1297,0.7000029702895304,0.6973629516307954,0.56640625,0.4716572184115648,1.2622366771101952,0.1329183029010892,0.16702756378799677,3.7426317669762305e-05,0.1329183029010892,0.7385937198996544,0.16793783754110336,1.1141319274902344,0.946194089949131,512,,,,,,,,,,,
1298,0.7000029702895304,0.6973959143514986,1.078125,0.5845055095851421,1.5587146952748299,0.20006801933050156,0.2125140242278576,3.73414978922449e-05,0.20006801933050156,0.7134301513433456,0.4160342626273632,2.104044497013092,1.6880102343857288,512,,,,,,,,,,,
1299,0.7000029702895304,0.6974286012351513,0.58203125,0.5257859230041504,1.404171071946621,0.10075539816170931,0.18911960162222385,3.725671701977428e-05,0.10075539816170931,0.7488256767392159,0.1299147717654705,0.9929544627666473,0.8630396910011768,512,,,,,,,,,,,
1300,0.7000029702895304,0.6974610134407325,0.60546875,0.5339590758085251,1.4226458966732025,0.14091232046484947,0.19541186187416315,3.717197531291867e-05,0.14091232046484947,0.7338720560073853,0.14039359241724014,1.6220150664448738,1.4816214740276337,512,,,,,,,,,,,
1301,0.7000029702895304,0.6974931521272217,0.5390625,0.4069356992840767,1.0888586565852165,0.10434224363416433,0.14427976123988628,3.708727303212598e-05,0.10434224363416433,0.7534570172429085,0.10983775556087494,1.0373453348875046,0.9275075793266296,512,,,,,,,,,,,
1302,0.7000029702895304,0.6975250184535979,0.69921875,0.45969367027282715,1.217801809310913,0.1480299262329936,0.175209223292768,3.700261043772291e-05,0.1480299262329936,0.7406322956085205,0.09121379256248474,1.3548222854733467,1.263608492910862,512,,,,,,,,,,,
1303,0.7000029702895304,0.6975566135788405,0.6015625,0.5098920874297619,1.3506734296679497,0.12320000072941184,0.19445408508181572,3.691798778991417e-05,0.12320000072941184,0.7534423545002937,0.08692648261785507,1.0499082133173943,0.9629817306995392,512,,,,,,,,,,,
1304,0.700002970564761,0.6975879386619285,0.7265625,0.5682914778590202,1.5104919448494911,0.12632619310170412,0.21160338539630175,3.683340534878176e-05,0.12632619310170412,0.754326157271862,0.2952651232481003,2.0302242189645767,1.7349590957164764,512,0.0006971072871237993,0.0006971072871237993,0.02,2503,0.700002970564761,2503,2502,5005,1,2503,13213
1305,0.700002970564761,0.6976189948618412,0.59375,0.7753601633012295,2.0737365260720253,0.1351434923708439,0.27583962865173817,3.674886337428406e-05,0.1351434923708439,0.7417577877640724,0.12500890344381332,1.2080304101109505,1.0830215066671371,512,,,,,,,,,,,
1306,0.700002970564761,0.6976497833375578,1.234375,0.5848097167909145,1.5558886528015137,0.13401446118950844,0.21626195404678583,3.666436212625509e-05,0.13401446118950844,0.7447607293725014,0.1239459291100502,2.140572525560856,2.0166265964508057,512,,,,,,,,,,,
1307,0.700002970564761,0.6976803052480574,0.5234375,0.5376824643462896,1.4200744479894638,0.10232938081026077,0.20926633197814226,3.657990186440369e-05,0.10232938081026077,0.7468969747424126,0.10648611187934875,1.0061811953783035,0.8996950834989548,512,,,,,,,,,,,
1308,0.700002970564761,0.6977105617523193,0.546875,0.4904871117323637,1.310840092599392,0.11614103242754936,0.1754844579845667,3.649548284831275e-05,0.11614103242754936,0.7541381493210793,0.0829496830701828,1.5772727355360985,1.4943230524659157,512,,,,,,,,,,,
1309,0.700002970564761,0.6977405540093227,0.53515625,0.476520411670208,1.2722657546401024,0.128864505328238,0.17173545714467764,3.6411105337438365e-05,0.128864505328238,0.7469530999660492,0.12319736555218697,1.6012690588831902,1.4780716933310032,512,,,,,,,,,,,
1310,0.700002970564761,0.6977702831780469,0.609375,0.6291162595152855,1.6838408038020134,0.1304890476167202,0.22257202863693237,3.6326769591109086e-05,0.1304890476167202,0.7362841665744781,0.16879479959607124,1.2199943885207176,1.0511995889246464,512,,,,,,,,,,,
1311,0.700002970564761,0.6977997504174709,0.91015625,0.4904336892068386,1.3146615698933601,0.13404785469174385,0.17150108143687248,3.624247586852514e-05,0.13404785469174385,0.7517870962619781,0.45636387169361115,2.223377227783203,1.767013356089592,512,,,,,,,,,,,
1312,0.7000030005649055,0.697828956886574,0.5625,0.5208074245601892,1.3806857094168663,0.1488048918545246,0.1975185852497816,3.6158224428757535e-05,0.1488048918545246,0.748247042298317,0.1564863584935665,1.856335449963808,1.6998490914702415,512,0.0005359436036087573,0.0005359436036087573,0.02,2705,0.7000030005649055,2705,2705,5410,0,2705,13589
1313,0.7000030005649055,0.6978579037443355,0.578125,0.5358280390501022,1.430574856698513,0.10146839218214154,0.19314637780189514,3.607401553074735e-05,0.10146839218214154,0.7359423562884331,0.09015577286481857,0.8874398991465569,0.7972841262817383,512,,,,,,,,,,,
1314,0.7000030005649055,0.6978865921497345,0.609375,0.5611738041043282,1.4812329187989235,0.12433382589370012,0.21929370425641537,3.598984943330492e-05,0.12433382589370012,0.7522460892796516,0.11523624882102013,2.1241547614336014,2.0089185126125813,512,,,,,,,,,,,
1315,0.7000030005649055,0.6979150232617501,0.8046875,0.6597842536866665,1.7791803404688835,0.12332344427704811,0.2201657649129629,3.590572639510903e-05,0.12332344427704811,0.7539013400673866,0.09664693474769592,1.303278625011444,1.2066316902637482,512,,,,,,,,,,,
1316,0.7000030005649055,0.6979431982393618,0.6640625,0.4361008480191231,1.156963899731636,0.11321583855897188,0.1645537680014968,3.582164667470612e-05,0.11321583855897188,0.7447167783975601,0.09684613347053528,1.3473363555967808,1.2504902221262455,512,,,,,,,,,,,
1317,0.7000030005649055,0.6979711182415484,0.81640625,0.4180939272046089,1.1139022260904312,0.10824263654649258,0.1530490005388856,3.5737610530509504e-05,0.10824263654649258,0.7489916831254959,0.11914486810564995,1.0346173383295536,0.9154724702239037,512,,,,,,,,,,,
1318,0.7000030005649055,0.6979987844272896,0.5390625,0.4440281614661217,1.1788068264722824,0.11828670557588339,0.1667330153286457,3.5653618220798575e-05,0.11828670557588339,0.7287914752960205,0.10296881571412086,1.5830997750163078,1.480130959302187,512,,,,,,,,,,,
1319,0.7000030005649055,0.6980261979555642,0.6015625,0.5474315546452999,1.4648106098175049,0.13877789862453938,0.19407282024621964,3.556967000371799e-05,0.13877789862453938,0.7249120846390724,0.02207275480031967,1.6294112130999565,1.6073384582996368,512,,,,,,,,,,,
1320,0.7000030005649055,0.6980533599853516,0.578125,0.5966382883489132,1.5902577117085457,0.09706839453428984,0.21773701813071966,3.5485766137276894e-05,0.09706839453428984,0.743884265422821,0.08909105136990547,0.7613188475370407,0.6722277961671352,512,0.0006180413765832782,0.0006180413765832782,0.02,2266,0.7000030005649055,2266,2266,4532,0,2266,13159
1321,0.7000030005649055,0.6980802716756308,0.69140625,0.34149350598454475,0.902792789041996,0.13794108666479588,0.13203598745167255,3.5401906879348115e-05,0.13794108666479588,0.7441332712769508,0.10415946319699287,1.05258759111166,0.9484281279146671,512,,,,,,,,,,,
1322,0.7000030005649055,0.6981069341853813,0.5390625,0.4094559755176306,1.0921466574072838,0.1010470655746758,0.14862895011901855,3.5318092487667396e-05,0.1010470655746758,0.7353124767541885,0.13328642770648003,0.9181118942797184,0.7848254665732384,512,,,,,,,,,,,
1323,0.7000030005649055,0.698133348673582,0.5546875,0.5997013188898563,1.5931122675538063,0.11569023597985506,0.2241643602028489,3.523432321983259e-05,0.11569023597985506,0.7507445961236954,0.1428714357316494,1.3424656204879284,1.199594184756279,512,,,,,,,,,,,
1324,0.7000030005649055,0.6981595162992124,0.6640625,0.43823889270424843,1.1586311310529709,0.13085763435810804,0.16936546191573143,3.515059933330282e-05,0.13085763435810804,0.7558691278100014,0.16012704372406006,1.8770007193088531,1.716873675584793,512,,,,,,,,,,,
1325,0.7000030005649055,0.6981854382212515,0.56640625,0.6206353735178709,1.6592420414090157,0.10871232766658068,0.22147115971893072,3.50669210853978e-05,0.10871232766658068,0.7529906928539276,0.12681809440255165,1.068148773163557,0.9413306787610054,512,,,,,,,,,,,
1326,0.7000030005649055,0.6982111155986785,0.60546875,0.5397341437637806,1.4324913024902344,0.18271657079458237,0.20306664612144232,3.498328873329695e-05,0.18271657079458237,0.7303979471325874,0.19150731712579727,2.5630785152316093,2.371571198105812,512,,,,,,,,,,,
1327,0.7000030005649055,0.6982365495904728,0.63671875,0.5215184446424246,1.3804626315832138,0.16646005772054195,0.19989624712616205,3.48997025340386e-05,0.16646005772054195,0.7380590587854385,0.184889517724514,1.514934979379177,1.330045461654663,512,,,,,,,,,,,
1328,0.7000030005649055,0.6982617413556135,0.486328125,0.3271383512765169,0.8577483147382736,0.10067573096603155,0.13357997871935368,3.4816162744519263e-05,0.10067573096603155,0.7424926608800888,0.09738915413618088,1.1738468259572983,1.0764576718211174,512,0.0006455602124333382,0.0006455602124333382,0.02,2197,0.7000030005649055,2197,2197,4394,0,2197,13004
1329,0.7000030005649055,0.6982866920530796,0.490234375,0.3779442813247442,1.0137752369046211,0.10078965965658426,0.13151040486991405,3.473266962149283e-05,0.10078965965658426,0.7612109035253525,0.14378120750188828,1.3524967730045319,1.2087155655026436,512,,,,,,,,,,,
1330,0.7000030005649055,0.6983114028418504,0.61328125,0.6044384445995092,1.6038086712360382,0.14352869475260377,0.2278228970244527,3.4649223421569724e-05,0.14352869475260377,0.7417236194014549,0.2061181776225567,1.5625245571136475,1.3564063794910908,512,,,,,,,,,,,
1331,0.7000030005649055,0.6983358748809054,0.66015625,0.5386650152504444,1.426742546260357,0.13678545877337456,0.20557564310729504,3.4565824401216155e-05,0.13678545877337456,0.7290234118700027,0.1549597978591919,1.108535997569561,0.9535761997103691,512,,,,,,,,,,,
1332,0.7000030005649055,0.6983601093292235,0.6484375,0.6076479218900204,1.6539091691374779,0.126094208098948,0.18744808621704578,3.44824728167534e-05,0.126094208098948,0.7446215748786926,0.16796907782554626,1.5317393466830254,1.363770268857479,512,,,,,,,,,,,
1333,0.7000030005649055,0.6983841073457842,0.6484375,0.6141350604593754,1.6653002500534058,0.10473398910835385,0.19571503438055515,3.439916892435687e-05,0.10473398910835385,0.7455736920237541,0.1037420891225338,0.6993397809565067,0.5955976918339729,512,,,,,,,,,,,
1334,0.7000030005649055,0.6984078700895662,0.4921875,0.5433215834200382,1.431631051003933,0.0836512204259634,0.21479796711355448,3.4315912980055434e-05,0.0836512204259634,0.7412328869104385,0.11548414081335068,1.5866278447210789,1.4711437039077282,512,,,,,,,,,,,
1335,0.7000030005649055,0.6984313987195492,6,0.4644227437674999,1.2404303401708603,0.12650803569704294,0.16691123973578215,3.423270523973056e-05,0.12650803569704294,0.7387304529547691,0.14349665865302086,1.4958100356161594,1.3523133769631386,512,,,,,,,,,,,
1336,0.7000030005649055,0.6984546943947121,0.56640625,0.7520938292145729,2.007923513650894,0.13278621155768633,0.2711486117914319,3.4149545959115605e-05,0.13278621155768633,0.7541113048791885,0.14892373979091644,1.515623763203621,1.3667000234127045,512,0.0006586829549632967,0.0006586829549632967,0.02,3152,0.7000030005649055,3152,3152,6304,0,3152,14032
1337,0.7000030005649055,0.6984777582740342,0.546875,0.5250714235007763,1.4081558287143707,0.11662331409752369,0.18296963721513748,3.4066435393794974e-05,0.11662331409752369,0.7512353211641312,0.09954524785280228,1.1996846869587898,1.1001394391059875,512,,,,,,,,,,,
1338,0.7000030005649055,0.6985005915164947,0.5234375,0.4524841867387295,1.1975934728980064,0.08539250399917364,0.17357067577540874,3.398337379920331e-05,0.08539250399917364,0.7441283911466599,0.08644065633416176,0.6981343179941177,0.611693661659956,512,,,,,,,,,,,
1339,0.7000030005649055,0.6985231952810729,0.53125,0.3524048291146755,0.9248393103480339,0.09525752440094948,0.1430540792644024,3.390036143062485e-05,0.09525752440094948,0.7323486134409904,0.10029058903455734,0.7208826914429665,0.6205921024084091,512,,,,,,,,,,,
1340,0.7000030005649055,0.6985455707267478,0.5,0.46179619804024696,1.2256895750761032,0.1070896303281188,0.17369275260716677,3.3817398543192424e-05,0.1070896303281188,0.7486303523182869,0.10102087631821632,1.0721549540758133,0.971134077757597,512,,,,,,,,,,,
1341,0.7000030005649055,0.6985677190124988,0.58984375,0.44146157428622246,1.1578654646873474,0.12119952403008938,0.1798968082293868,3.373448539188686e-05,0.12119952403008938,0.7561840564012527,0.11098944768309593,1.8050932437181473,1.6941037960350513,512,,,,,,,,,,,
1342,0.7000030005649055,0.698589641297305,0.5390625,0.49776411801576614,1.3192010819911957,0.1134111862629652,0.18917499110102654,3.3651622231536085e-05,0.1134111862629652,0.7448363974690437,0.16316230967640877,1.5447036251425743,1.3815413154661655,512,,,,,,,,,,,
1343,0.7000030005649055,0.6986113387401457,0.53125,0.6594778634607792,1.7926572859287262,0.10895565431565046,0.20576041284948587,3.356880931681439e-05,0.10895565431565046,0.745964340865612,0.08960448205471039,1.075437992811203,0.9858335107564926,512,,,,,,,,,,,
1344,0.7000030231338215,0.6986328125,0.59375,0.30822797678411007,0.8163577318191528,0.13416355941444635,0.1176663925871253,3.3486046902241664e-05,0.13416355941444635,0.737983375787735,0.10785676538944244,1.1611973010003567,1.0533405356109142,512,0.0007479427731595933,0.0007479427731595933,0.02,1625,0.7000030231338215,1625,1625,3250,0,1625,12501
1345,0.7000030231338215,0.698654063735847,0.59375,0.7236976772546768,1.9373049437999725,0.12336565693840384,0.2557182479649782,3.340333524218253e-05,0.12336565693840384,0.7488818317651749,0.1844365857541561,1.6558419987559319,1.4714054130017757,512,,,,,,,,,,,
1346,0.7000030231338215,0.6986750936066662,0.58203125,0.4589030109345913,1.222172074019909,0.13545102253556252,0.1684430604800582,3.3320674590845715e-05,0.13545102253556252,0.7546581700444221,0.17616202682256699,1.1939920336008072,1.0178300067782402,512,,,,,,,,,,,
1347,0.7000030231338215,0.6986959032714366,0.5234375,0.5633839182555676,1.5098879113793373,0.11009765788912773,0.19733604416251183,3.323806520228309e-05,0.11009765788912773,0.7524902150034904,0.0795426219701767,1.227539949119091,1.1479973271489143,512,,,,,,,,,,,
1348,0.7000030231338215,0.6987164938891375,0.5546875,0.511426966637373,1.3681203722953796,0.11504969000816345,0.181658242829144,3.3155507330389e-05,0.11504969000816345,0.7451074197888374,0.06598541885614395,1.7640207186341286,1.6980352997779846,512,,,,,,,,,,,
1349,0.7000030231338215,0.698736866618748,0.78125,0.3693293184041977,0.9786175265908241,0.08873196365311742,0.14056217204779387,3.307300122889947e-05,0.08873196365311742,0.7542406991124153,0.07924360781908035,1.1034141704440117,1.0241705626249313,512,,,,,,,,,,,
1350,0.7000030231338215,0.6987570226192474,0.6015625,0.5937822386622429,1.5761029571294785,0.08876654878258705,0.22323711961507797,3.2990547151391395e-05,0.08876654878258705,0.7395263612270355,0.04935014620423317,0.9963058307766914,0.9469556845724583,512,,,,,,,,,,,
1351,0.7000030231338215,0.6987769630496149,1.859375,0.4338953420519829,1.15641338378191,0.11119711305946112,0.15842091292142868,3.290814535128177e-05,0.11119711305946112,0.7339208722114563,0.19781197607517242,1.2719094194471836,1.0740974433720112,512,,,,,,,,,,,
1352,0.7000030231338215,0.6987966890688295,0.5859375,0.4877555761486292,1.2891426533460617,0.13742035068571568,0.18890447728335857,3.282579608182694e-05,0.13742035068571568,0.7461742907762527,0.045529719442129135,1.6890687569975853,1.6435390375554562,512,0.0007096734480001032,0.0007096734480001032,0.02,2420,0.7000030231338215,2420,2420,4840,0,2420,13344
1353,0.7000030231338215,0.6988162018358707,0.5546875,0.48498592153191566,1.283262275159359,0.10435174871236086,0.18639200739562511,3.274349959612182e-05,0.10435174871236086,0.7545190304517746,0.12733303755521774,1.384449489414692,1.2571164518594742,512,,,,,,,,,,,
1354,0.7000030231338215,0.6988355025097175,0.61328125,0.5155943334102631,1.3567842915654182,0.10277552530169487,0.20562271494418383,3.266125614709905e-05,0.10277552530169487,0.7519189193844795,0.07017254084348679,1.3105212673544884,1.2403487265110016,512,,,,,,,,,,,
1355,0.7000030231338215,0.6988545922493493,0.7109375,0.600458987057209,1.5999372005462646,0.12539266794919968,0.2196353916078806,3.257906598752828e-05,0.12539266794919968,0.748889148235321,0.11676324158906937,1.1182643249630928,1.0015010833740234,512,,,,,,,,,,,
1356,0.7000030231338215,0.6988734722137451,0.66796875,0.3776259757578373,1.0114787220954895,0.11204091552644968,0.13284234795719385,3.249692937001538e-05,0.11204091552644968,0.7565820068120956,0.1688334196805954,1.3236112669110298,1.1547778472304344,512,,,,,,,,,,,
1357,0.7000030231338215,0.6988921435618841,0.59765625,0.4494349732995033,1.1939662322402,0.15307316975668073,0.16795784514397383,3.2414846547001706e-05,0.15307316975668073,0.7362451031804085,0.09760218858718872,1.3136916682124138,1.216089479625225,512,,,,,,,,,,,
1358,0.7000030231338215,0.6989106074527458,0.54296875,0.59416389092803,1.6011693999171257,0.14879124471917748,0.19932710845023394,3.2332817770763204e-05,0.14879124471917748,0.7344799712300301,0.16027632728219032,1.4411212503910065,1.2808449231088161,512,,,,,,,,,,,
1359,0.7000030231338215,0.698928865045309,0.578125,0.4609441552311182,1.2192903906106949,0.11751199746504426,0.1775099877268076,3.225084329340975e-05,0.11751199746504426,0.7493310421705246,0.08026930317282677,1.03237659111619,0.9521072879433632,512,,,,,,,,,,,
1360,0.7000030231338215,0.6989469174985532,0.53125,0.5549116022884846,1.4781582355499268,0.10716018825769424,0.2033919906243682,3.216892336688435e-05,0.10716018825769424,0.7537890523672104,-0.0015987306833267212,1.5437746196985245,1.5453733503818512,512,0.0006637417245656252,0.0006637417245656252,0.02,1890,0.7000030231338215,1890,1890,3780,0,1890,12863
1361,0.7000030231338215,0.6989647659714575,0.58984375,0.4535258151590824,1.21625354886055,0.14719907380640507,0.1580670652911067,3.208705824296233e-05,0.14719907380640507,0.7406616061925888,0.1592218428850174,1.7348745539784431,1.5756527110934258,512,,,,,,,,,,,
1362,0.7000030231338215,0.698982411623001,0.6171875,0.5923152565956116,1.5804208889603615,0.12700222432613373,0.21447372063994408,3.200524817325059e-05,0.12700222432613373,0.7392529174685478,0.12231506779789925,1.4949725195765495,1.3726574517786503,512,,,,,,,,,,,
1363,0.7000030231338215,0.6989998556121632,0.6953125,0.37280602753162384,0.9909243509173393,0.11418210249394178,0.13879085052758455,3.192349340918683e-05,0.11418210249394178,0.7392846494913101,0.1381009928882122,0.9382035732269287,0.8001025803387165,512,,,,,,,,,,,
1364,0.7000030231338215,0.699017099097923,0.62890625,0.5145541466772556,1.335603527724743,0.12601730320602655,0.22365142405033112,3.1841794202038765e-05,0.12601730320602655,0.7343896329402924,0.14460236579179764,1.368919588625431,1.2243172228336334,512,,,,,,,,,,,
1365,0.7000030231338215,0.6990341432392597,0.734375,0.6995459049940109,1.8383439257740974,0.14379300083965063,0.28149204049259424,3.1760150802903355e-05,0.14379300083965063,0.7245873734354973,0.34986283630132675,1.626285582780838,1.2764227464795113,512,,,,,,,,,,,
1366,0.7000030231338215,0.6990509891951525,0.58984375,0.7487000115215778,1.9825450107455254,0.09863966424018145,0.28624278865754604,3.167856346270602e-05,0.09863966424018145,0.7424633726477623,0.1547751985490322,1.099992137402296,0.9452169388532639,512,,,,,,,,,,,
1367,0.7000030231338215,0.6990676381245807,0.60546875,0.5718410722911358,1.5242631360888481,0.10589089710265398,0.20858853124082088,3.159703243219997e-05,0.10589089710265398,0.7058398276567459,0.06510689482092857,0.8516009338200092,0.7864940389990807,512,,,,,,,,,,,
1368,0.7000030231338215,0.6990840911865234,0.62890625,0.4392825420945883,1.166649155318737,0.12450112588703632,0.1645099874585867,3.151555796196525e-05,0.12450112588703632,0.7605615183711052,0.1397455856204033,1.5334360525012016,1.3936904668807983,512,0.0007275529205799103,0.0007275529205799103,0.02,1896,0.7000030231338215,1896,1896,3792,0,1896,12864
1369,0.7000030231338215,0.6991003495399598,0.578125,0.4579005725681782,1.223475445061922,0.12900545401498675,0.16410201229155064,3.143414030240813e-05,0.12900545401498675,0.7511889487504959,0.1046551913022995,1.6877747476100922,1.5831195563077927,512,,,,,,,,,,,
1370,0.7000030231338215,0.6991164143438692,0.578125,0.5662552528083324,1.5153567045927048,0.14197206171229482,0.20056823268532753,3.1352779703760236e-05,0.14197206171229482,0.7290160953998566,0.13401265442371368,1.3367123752832413,1.2026997208595276,512,,,,,,,,,,,
1371,0.7000030231338215,0.6991322867572307,0.5390625,0.35953792929649353,0.9521545171737671,0.11770261451601982,0.13735434040427208,3.127147641607787e-05,0.11770261451601982,0.7437597289681435,0.12756680697202682,0.9789902977645397,0.8514234907925129,512,,,,,,,,,,,
1372,0.7000030231338215,0.6991479679390236,1.25,0.49188804253935814,1.3060855716466904,0.14699471183121204,0.1844841567799449,3.119023068924115e-05,0.14699471183121204,0.7461889535188675,0.3269997388124466,1.962016522884369,1.6350167840719223,512,,,,,,,,,,,
1373,0.7000030231338215,0.6991634590482271,0.51953125,0.6152558736503124,1.6466932892799377,0.09833512175828218,0.21771835163235664,3.110904277295329e-05,0.09833512175828218,0.752082496881485,0.10326826944947243,1.2775131836533546,1.1742449142038822,512,,,,,,,,,,,
1374,0.7000030231338215,0.6991787612438202,0.58984375,0.5102951303124428,1.3650533854961395,0.1242560176178813,0.18129543401300907,3.102791291673987e-05,0.1242560176178813,0.7466918677091599,0.1669878177344799,1.014379195868969,0.8473913781344891,512,,,,,,,,,,,
1375,0.7000030231338215,0.6991938756847822,0.65625,0.5761616807430983,1.5326582044363022,0.12809678073972464,0.21328620798885822,3.094684136994798e-05,0.12809678073972464,0.7324560359120369,0.08324235305190086,1.1266801320016384,1.0434377789497375,512,,,,,,,,,,,
1376,0.7000030520330431,0.6992088035300925,0.58203125,0.6723344251513481,1.783312238752842,0.10119985323399305,0.254064716398716,3.086582838174551e-05,0.10119985323399305,0.7527075111865997,0.07465234771370888,0.9023011028766632,0.8276487551629543,512,0.0005066756857559085,0.0005066756857559085,0.02,2331,0.7000030520330431,2331,2331,4662,0,2331,13381
1377,0.7000030520330431,0.6992235459387302,0.48828125,0.5220576301217079,1.388705812394619,0.09752334374934435,0.19328697957098484,3.07848742011204e-05,0.09752334374934435,0.7496362030506134,0.09659534320235252,1.4544825814664364,1.3578872382640839,512,,,,,,,,,,,
1378,0.7000030520330431,0.6992381040696745,0.55078125,0.7590076476335526,2.025607153773308,0.1314952503889799,0.27441591769456863,3.070397907687979e-05,0.1314952503889799,0.7380053550004959,0.1232609935104847,1.8048694655299187,1.681608472019434,512,,,,,,,,,,,
1379,0.7000030520330431,0.6992524790819044,0.61328125,0.4916019085794687,1.3001768067479134,0.12593259569257498,0.18952586688101292,3.0623143257649377e-05,0.12593259569257498,0.7379345446825027,0.15184400975704193,0.9488134980201721,0.7969694882631302,512,,,,,,,,,,,
1380,0.7000030520330431,0.6992666721343994,0.51953125,0.45601438730955124,1.2214934900403023,0.10226257191970944,0.16036822460591793,3.054236699187255e-05,0.10226257191970944,0.7382665798068047,0.05738763138651848,1.5859111174941063,1.5285234861075878,512,,,,,,,,,,,
1381,0.7000030520330431,0.6992806843861386,0.78125,0.5430320166051388,1.4428067803382874,0.12236652430146933,0.20274470746517181,3.0461650527809692e-05,0.12236652430146933,0.7436791956424713,-0.0010856017470359802,1.129360944032669,1.130446545779705,512,,,,,,,,,,,
1382,0.7000030520330431,0.6992945169961011,0.7109375,0.365690503269434,0.9723706617951393,0.1295542884618044,0.13578232377767563,3.0380994113537377e-05,0.1295542884618044,0.7418041974306107,0.28425080701708794,1.5078726038336754,1.2236217968165874,512,,,,,,,,,,,
1383,0.7000030520330431,0.6993081711232662,0.59765625,0.5531361065804958,1.4375636279582977,0.08585727494210005,0.23860633745789528,3.0300397996947605e-05,0.08585727494210005,0.7431347444653511,0.007710535079240799,0.8032948635518551,0.7955843284726143,512,,,,,,,,,,,
1384,0.7000030520330431,0.6993216479266131,0.55078125,0.6342720426619053,1.6794906333088875,0.10748996492475271,0.24254572577774525,3.021986242574707e-05,0.10748996492475271,0.7535717487335205,0.13896524533629417,1.1292423158884048,0.9902770705521107,512,0.0006545577780343592,0.0006545577780343592,0.02,1748,0.7000030520330431,1748,1748,3496,0,1748,12760
1385,0.7000030520330431,0.699334948565121,0.67578125,0.622284896671772,1.6195363402366638,0.11987436562776566,0.2661754507571459,3.0139387647456392e-05,0.11987436562776566,0.7237988114356995,0.14735173806548119,1.0723859518766403,0.9250342138111591,512,,,,,,,,,,,
1386,0.7000030520330431,0.6993480741977691,0.5703125,0.3654753938317299,0.9697454571723938,0.13724981620907784,0.1377557162195444,3.005897390940933e-05,0.13724981620907784,0.7334252595901489,0.10096526890993118,1.399525724351406,1.298560455441475,512,,,,,,,,,,,
1387,0.7000030520330431,0.6993610259835367,0.5625,0.6091913413256407,1.6192485392093658,0.09422310860827565,0.2267857352271676,2.997862145875202e-05,0.09422310860827565,0.7366308346390724,0.1332927756011486,0.8102749511599541,0.6769821755588055,512,,,,,,,,,,,
1388,0.7000030520330431,0.6993738050814028,0.54296875,0.43116639740765095,1.1388919800519943,0.12929211370646954,0.16767280735075474,2.9898330542442322e-05,0.12929211370646954,0.7495776191353798,0.11226736754179001,3.350566029548645,3.238298662006855,512,,,,,,,,,,,
1389,0.7000030520330431,0.6993864126503467,0.64453125,0.46376124396920204,1.2590280622243881,0.13639034517109394,0.14630896784365177,2.981810140724889e-05,0.13639034517109394,0.7592016309499741,0.1415862813591957,1.7568508684635162,1.6152645871043205,512,,,,,,,,,,,
1390,0.7000030520330431,0.6993988498493476,0.59375,0.3355138059705496,0.8917457088828087,0.15821338025853038,0.12496275641024113,2.9737934299750515e-05,0.15821338025853038,0.7359423637390137,0.13693584129214287,1.4839444756507874,1.3470086343586445,512,,,,,,,,,,,
1391,0.7000030520330431,0.6994111178373849,0.65625,0.5384568348526955,1.4195333942770958,0.11212477367371321,0.21215390507131815,2.9657829466335363e-05,0.11212477367371321,0.7488012462854385,0.08520938083529472,0.9115394353866577,0.826330054551363,512,,,,,,,,,,,
1392,0.7000030520330431,0.6994232177734374,0.59765625,0.42503109388053417,1.1290866509079933,0.12886433769017458,0.1588862994685769,2.9577787153200197e-05,0.12886433769017458,0.739672839641571,0.0743698701262474,1.1007712334394455,1.026401363313198,512,0.0007121489616110921,0.0007121489616110921,0.02,1730,0.7000030520330431,1730,1730,3460,0,1730,12748
1393,0.7000030520330431,0.6994351508164847,0.63671875,0.5443649888038635,1.4370804354548454,0.11501128319650888,0.21251035295426846,2.9497807606349646e-05,0.11501128319650888,0.7335302606225014,0.11457992345094681,0.8189972192049026,0.7044172957539558,512,,,,,,,,,,,
1394,0.7000030520330431,0.6994469181255057,0.80078125,0.7481091246008873,1.984247349202633,0.15374879725277424,0.2827499136328697,2.94178910715954e-05,0.15374879725277424,0.7308056503534317,-0.12359580397605896,0.9746295511722565,1.0982253551483154,512,,,,,,,,,,,
1395,0.7000030520330431,0.6994585208594799,0.5703125,0.38032947294414043,1.005081720650196,0.11037839483469725,0.14743179827928543,2.9338037794555516e-05,0.11037839483469725,0.7432055473327637,0.09649191051721573,1.143363207578659,1.0468712970614433,512,,,,,,,,,,,
1396,0.7000030520330431,0.6994699601773863,0.55859375,0.35549766197800636,0.9445907101035118,0.12535601574927568,0.13267492316663265,2.9258248020653616e-05,0.12535601574927568,0.7261425405740738,0.09286251664161682,1.5776551105082035,1.4847925938665867,512,,,,,,,,,,,
1397,0.7000030520330431,0.699481237238204,0.53515625,0.5518070012331009,1.4717436954379082,0.12586597818881273,0.200398669578135,2.917852199511815e-05,0.12586597818881273,0.7317724302411079,0.17087623849511147,1.6478951312601566,1.4770188927650452,512,,,,,,,,,,,
1398,0.7000030520330431,0.6994923532009124,0.671875,0.5363373123109341,1.4240617230534554,0.09731122571974993,0.20120273996144533,2.909885996298165e-05,0.09731122571974993,0.7482934221625328,0.10741481184959412,0.7626274675130844,0.6552126556634903,512,,,,,,,,,,,
1399,0.7000030520330431,0.6995033092244907,0.546875,0.5469362623989582,1.4497726038098335,0.11845181230455637,0.20760996360331774,2.901926216907995e-05,0.11845181230455637,0.7508056461811066,0.07536075636744499,2.07765781506896,2.002297058701515,512,,,,,,,,,,,
1400,0.7000030520330431,0.6995141064679181,0.55078125,0.350711228325963,0.924105778336525,0.11077812546864152,0.1386554827913642,2.893972885805148e-05,0.11077812546864152,0.7436987161636353,0.15490106865763664,1.3655857518315315,1.2106846831738949,512,0.0006789325852878392,0.0006789325852878392,0.02,1716,0.7000030520330431,1716,1716,3432,0,1716,12757
1401,0.7000030520330431,0.6995247460901737,0.65234375,0.6852350533008575,1.8340491205453873,0.11214250419288874,0.24242057651281357,2.8860260274336444e-05,0.11214250419288874,0.7156860381364822,0.06809648126363754,1.4372909776866436,1.369194496423006,512,,,,,,,,,,,
1402,0.7000030520330431,0.6995352292502367,0.52734375,0.47491877526044846,1.2769626304507256,0.10385020403191447,0.1621850924566388,2.8780856662176183e-05,0.10385020403191447,0.7495532184839249,0.12204122543334961,0.9876730181276798,0.8656317926943302,512,,,,,,,,,,,
1403,0.7000030520330431,0.6995455571070865,0.6015625,0.6114044263958931,1.6371543481945992,0.09984406270086765,0.21558628045022488,2.8701518265612272e-05,0.09984406270086765,0.7411913871765137,0.08026737347245216,1.5592453368008137,1.4789779633283615,512,,,,,,,,,,,
1404,0.7000030520330431,0.6995557308197021,0.5234375,0.5950389243662357,1.5862831696867943,0.11166479997336864,0.21686506271362305,2.8622245328485907e-05,0.11166479997336864,0.7240795567631721,0.154755637049675,1.2808658927679062,1.1261102557182312,512,,,,,,,,,,,
1405,0.7000030520330431,0.6995657515470628,0.5625,0.3742320202291012,0.9940088540315628,0.12530668079853058,0.14002751931548119,2.854303809443707e-05,0.12530668079853058,0.7459741085767746,0.16761787235736847,1.7422860637307167,1.5746681913733482,512,,,,,,,,,,,
1406,0.7000030520330431,0.6995756204481478,0.625,0.4679595082998276,1.2382802963256836,0.1768913585692644,0.17977875098586082,2.8463896806903812e-05,0.1768913585692644,0.7179760560393333,0.15021906793117523,1.8583268374204636,1.7081077694892883,512,,,,,,,,,,,
1407,0.7000030520330431,0.6995853386819362,0.5546875,0.5168208293616772,1.3736049979925156,0.1119191562756896,0.19251867197453976,2.8384821709121496e-05,0.1119191562756896,0.7419848293066025,0.13357919082045555,1.0162044540047646,0.882625263184309,512,,,,,,,,,,,
1408,0.700003082583649,0.6995949074074074,0.57421875,0.6026575639843941,1.6083261892199516,0.12543287128210068,0.2179088033735752,2.8305813044122097e-05,0.12543287128210068,0.7517724484205246,0.1441747359931469,1.6336089372634888,1.4894342012703419,512,0.00040494516724720597,0.00040494516724720597,0.02,1654,0.700003082583649,1654,1654,3308,0,1654,12740
1409,0.700003082583649,0.6996043277835404,0.54296875,0.6122936308383942,1.6289228573441505,0.13283076556399465,0.2265123575925827,2.822687105473337e-05,0.13283076556399465,0.7361816167831421,0.21757611632347107,1.8869204074144363,1.6693442910909653,512,,,,,,,,,,,
1410,0.700003082583649,0.6996136009693146,0.66015625,0.44911623001098633,1.2010778710246086,0.1245231656357646,0.15988034568727016,2.8147995983578157e-05,0.1245231656357646,0.7358422502875328,0.1099126748740673,0.7651738822460175,0.6552612073719501,512,,,,,,,,,,,
1411,0.700003082583649,0.699622728123709,0.5390625,0.4187638722360134,1.1235478892922401,0.11104801576584578,0.1454334668815136,2.8069188073073633e-05,0.11104801576584578,0.7418871819972992,0.15995752438902855,0.9946163520216942,0.8346588276326656,512,,,,,,,,,,,
1412,0.700003082583649,0.6996317104057029,0.578125,0.6316317617893219,1.6945976242423058,0.1203975286334753,0.2194379223510623,2.799044756543054e-05,0.1203975286334753,0.7495922669768333,0.1617969200015068,1.5208563208580017,1.359059400856495,512,,,,,,,,,,,
1413,0.700003082583649,0.6996405489742755,0.546875,0.6416545752435923,1.7172721698880196,0.10795963322743773,0.22713553626090288,2.791177470265252e-05,0.10795963322743773,0.7384911924600601,0.09900268912315369,0.8745306991040707,0.775528009980917,512,,,,,,,,,,,
1414,0.700003082583649,0.6996492449884061,0.68359375,0.49350806698203087,1.30683134496212,0.16541453544050455,0.1886475645005703,2.783316972653526e-05,0.16541453544050455,0.7338793724775314,0.10285554826259613,2.054442100226879,1.951586551964283,512,,,,,,,,,,,
1415,0.700003082583649,0.6996577996070737,0.58984375,0.5345834661275148,1.406759351491928,0.12187087722122669,0.2131904996931553,2.775463287866582e-05,0.12187087722122669,0.7448779195547104,0.09602463990449905,1.4992350339889526,1.4032103940844536,512,,,,,,,,,,,
1416,0.700003082583649,0.6996662139892578,0.6171875,0.5342071633785963,1.4390323981642723,0.12208999367430806,0.17977711372077465,2.7676164400421862e-05,0.12208999367430806,0.7381542772054672,0.11246012523770332,1.0605138465762138,0.9480537213385105,512,0.0005002039251849055,0.0005002039251849055,0.02,1622,0.700003082583649,1622,1622,3244,0,1622,12762
1417,0.700003082583649,0.6996744892939373,0.55859375,0.47957736626267433,1.2417427971959114,0.08990844804793596,0.21152187883853912,2.7597764532970905e-05,0.08990844804793596,0.7488207817077637,0.12648095563054085,0.9948886707425117,0.8684077151119709,512,,,,,,,,,,,
1418,0.700003082583649,0.6996826266800916,0.5234375,0.45580265298485756,1.2229924499988556,0.10466609708964825,0.1582276662811637,2.7519433517269665e-05,0.10466609708964825,0.7446362152695656,0.11644871160387993,0.7443709559738636,0.6279222443699837,512,,,,,,,,,,,
1419,0.700003082583649,0.6996906273066997,0.73046875,0.5169420689344406,1.3610405027866364,0.13333806721493602,0.2054505506530404,2.744117159406318e-05,0.13333806721493602,0.7408910915255547,0.28146450221538544,1.8932252824306488,1.6117607802152634,512,,,,,,,,,,,
1420,0.700003082583649,0.699698492332741,0.671875,0.3935602977871895,1.0550452321767807,0.11339709348976612,0.13756169006228447,2.7362979003884152e-05,0.11339709348976612,0.7565429359674454,0.12968385592103004,1.723528116941452,1.593844261020422,512,,,,,,,,,,,
1421,0.700003082583649,0.6997062229171946,0.62890625,0.44192251190543175,1.1723950952291489,0.12709788978099823,0.16676398739218712,2.7284855987052203e-05,0.12709788978099823,0.7567578032612801,0.15981273353099823,1.902370624244213,1.7425578907132149,512,,,,,,,,,,,
1422,0.700003082583649,0.6997138202190398,0.61328125,0.5604539141058922,1.4817965775728226,0.14950515050441027,0.2165485331788659,2.72068027836731e-05,0.14950515050441027,0.7428759559988976,0.11912928521633148,1.7539860159158707,1.6348567306995392,512,,,,,,,,,,,
1423,0.700003082583649,0.6997212853972559,0.61328125,0.4668327160179615,1.2397441044449806,0.12548128701746464,0.1749004665762186,2.7128819633638103e-05,0.12548128701746464,0.7417578101158142,0.0996665358543396,1.0049538314342499,0.9052872955799103,512,,,,,,,,,,,
1424,0.700003082583649,0.6997286196108217,0.578125,0.5634407307952642,1.4880629032850266,0.13711513206362724,0.219333216547966,2.705090677662311e-05,0.13711513206362724,0.7362231239676476,0.20183288492262363,1.5118906199932098,1.3100577350705862,512,0.0005225038039498031,0.0005225038039498031,0.02,1699,0.700003082583649,1699,1699,3398,0,1699,12774
1425,0.700003082583649,0.6997358240187168,0.58203125,0.684818871319294,1.8375570848584175,0.1206869576126337,0.23765155766159296,2.6973064452088e-05,0.1206869576126337,0.7542944177985191,0.11614491418004036,1.697325423359871,1.5811805091798306,512,,,,,,,,,,,
1426,0.700003082583649,0.6997428997799202,1.046875,0.5735328122973442,1.52045888453722,0.09800526360049844,0.2175192590802908,2.689529289927586e-05,0.09800526360049844,0.753842756152153,0.12521954998373985,1.0741624534130096,0.9489429034292698,512,,,,,,,,,,,
1427,0.700003082583649,0.6997498480534112,0.65234375,0.6393342465162277,1.6996653527021408,0.12965462636202574,0.23771106265485287,2.6817592357212297e-05,0.12965462636202574,0.7490844503045082,0.09038380533456802,1.6410675942897797,1.5506837889552116,512,,,,,,,,,,,
1428,0.700003082583649,0.6997566699981689,0.6796875,0.5954112000763416,1.5648946091532707,0.1291228113695979,0.239381680265069,2.673996306470463e-05,0.1291228113695979,0.7461425736546516,0.038680821657180786,1.3908919543027878,1.352211132645607,512,,,,,,,,,,,
1429,0.700003082583649,0.6997633667731726,0.51171875,0.5734617840498686,1.5262807682156563,0.08109449036419392,0.21148215141147375,2.6662405260341215e-05,0.08109449036419392,0.749379850924015,0.11174630373716354,0.9824761748313904,0.8707298710942268,512,,,,,,,,,,,
1430,0.700003082583649,0.6997699395374015,0.5546875,0.38493792712688446,1.0233545377850533,0.11266244947910309,0.1431239740923047,2.658491918249073e-05,0.11266244947910309,0.7471899315714836,0.08922774344682693,1.0475743487477303,0.9583466053009033,512,,,,,,,,,,,
1431,0.700003082583649,0.6997763894498348,0.62109375,0.5308160223066807,1.3943349942564964,0.1437761951237917,0.21419829223304987,2.650750506930136e-05,0.1437761951237917,0.7480053380131721,0.13748100399971008,2.3084599375724792,2.170978933572769,512,,,,,,,,,,,
1432,0.700003082583649,0.6997827176694517,0.58984375,0.48111556842923164,1.2787305414676666,0.09691953472793102,0.17919537518173456,2.6430163158700115e-05,0.09691953472793102,0.7426415756344795,0.012010596692562103,0.9610040336847305,0.9489934369921684,512,0.0005437277723103762,0.0005437277723103762,0.02,1747,0.700003082583649,1747,1747,3494,0,1747,12815
1433,0.700003082583649,0.6997889253552313,0.546875,0.3634665161371231,0.9696035012602806,0.11897486448287964,0.13181013520807028,2.6352893688392123e-05,0.11897486448287964,0.7445947006344795,0.08669585734605789,1.4960734136402607,1.4093775562942028,512,,,,,,,,,,,
1434,0.700003082583649,0.6997950136661529,0.59765625,0.6436320655047894,1.7277156114578247,0.13021896500140429,0.22268451377749443,2.6275696895859835e-05,0.13021896500140429,0.7289086729288101,0.12000861391425133,1.0964272320270538,0.9764186181128025,512,,,,,,,,,,,
1435,0.700003082583649,0.6998009837611957,0.61328125,0.44029634073376656,1.1751321107149124,0.0994166573509574,0.15909918677061796,2.619857301836237e-05,0.0994166573509574,0.7458569183945656,0.1507870890200138,1.249808482825756,1.0990213938057423,512,,,,,,,,,,,
1436,0.700003082583649,0.699806836799339,0.609375,0.6382186263799667,1.6857790872454643,0.11170129105448723,0.2482166737318039,2.6121522292934697e-05,0.11170129105448723,0.7250268533825874,0.0035733655095100403,0.9258239418268204,0.9222505763173103,512,,,,,,,,,,,
1437,0.700003082583649,0.6998125739395618,0.62109375,0.5549641065299511,1.4573378264904022,0.14107142202556133,0.22437147237360477,2.604454495638704e-05,0.14107142202556133,0.7341943308711052,0.12864463031291962,1.5561179742217064,1.4274733439087868,512,,,,,,,,,,,
1438,0.700003082583649,0.6998181963408434,0.86328125,0.5689828172326088,1.518245868384838,0.16158136446028948,0.20594445429742336,2.596764124530398e-05,0.16158136446028948,0.7317114099860191,-0.10501755774021149,1.8996220380067825,2.004639595746994,512,,,,,,,,,,,
1439,0.700003082583649,0.6998237051621631,0.640625,0.526984067633748,1.4050026051700115,0.1394422296434641,0.19191873166710138,2.5890811396043868e-05,0.1394422296434641,0.7422240898013115,0.14019853621721268,1.0380589291453362,0.8978603929281235,512,,,,,,,,,,,
1440,0.7000031095562559,0.6998291015625,0.6015625,0.6068428307771683,1.5962379574775696,0.13608284061774611,0.24267963599413633,2.581405564473801e-05,0.13608284061774611,0.7445409968495369,0.2618084140121937,2.3606628514826298,2.098854437470436,512,0.0006735161296091974,0.0006735161296091974,0.02,1704,0.7000031095562559,1704,1704,3408,0,1704,12911
1441,0.7000031095562559,0.6998343867008333,0.5546875,0.6241142563521862,1.6662582233548164,0.12445070967078209,0.22499698027968407,2.5737374227290023e-05,0.12445070967078209,0.741957999765873,0.08504191040992737,0.9665819704532623,0.881540060043335,512,,,,,,,,,,,
1442,0.7000031095562559,0.6998395617361421,0.54296875,0.34107159078121185,0.8972743451595306,0.12020843382924795,0.13627590239048004,2.5660767379375018e-05,0.12020843382924795,0.7454321086406708,0.1675565280020237,1.2663197219371796,1.0987631939351559,512,,,,,,,,,,,
1443,0.7000031095562559,0.6998446278274059,0.69921875,0.44334934651851654,1.1876783296465874,0.09970999974757433,0.15580448973923922,2.5584235336438922e-05,0.09970999974757433,0.7359521090984344,0.15083659812808037,0.8913511969149113,0.7405145987868309,512,,,,,,,,,,,
1444,0.7000031095562559,0.6998495861336036,0.671875,0.5699441321194172,1.5245018526911736,0.11176144611090422,0.2026014644652605,2.5507778333697818e-05,0.11176144611090422,0.7479199022054672,0.1506272815167904,0.8112984821200371,0.6606712006032467,512,,,,,,,,,,,
1445,0.7000031095562559,0.6998544378137147,0.7578125,0.5333627760410309,1.4144133850932121,0.18206313159316778,0.201837420463562,2.5431396606137093e-05,0.18206313159316778,0.7329955995082855,0.11965098232030869,1.5085081569850445,1.3888571746647358,512,,,,,,,,,,,
1446,0.7000031095562559,0.6998591840267181,0.4921875,0.5460568144917488,1.4478503987193108,0.09171441663056612,0.20686719380319118,2.5355090388510804e-05,0.09171441663056612,0.7428954839706421,0.06538040190935135,1.1897647641599178,1.1243843622505665,512,,,,,,,,,,,
1447,0.7000031095562559,0.6998638259315931,0.6328125,0.4455472491681576,1.1908784583210945,0.13845999911427498,0.1592646660283208,2.5278859915340914e-05,0.13845999911427498,0.7350878641009331,0.08563591539859772,1.7136453986167908,1.628009483218193,512,,,,,,,,,,,
1448,0.7000031095562559,0.6998683646873192,0.625,0.47396370023489,1.263968601822853,0.11277763172984123,0.17228495050221682,2.5202705420916627e-05,0.11277763172984123,0.7444311305880547,0.06867700070142746,1.1316810585558414,1.063004057854414,512,0.0007322320598177612,0.0007322320598177612,0.02,1614,0.7000031095562559,1614,1614,3228,0,1614,12773
1449,0.7000031095562559,0.6998728014528751,0.59765625,0.4558130782097578,1.2139481455087662,0.1257608849555254,0.16730352770537138,2.5126627139293597e-05,0.1257608849555254,0.7382690161466599,0.11676991730928421,0.9994621202349663,0.8826922029256821,512,,,,,,,,,,,
1450,0.7000031095562559,0.6998771373872403,0.66796875,0.3525364324450493,0.928304448723793,0.14937428012490273,0.13998772855848074,2.505062530429324e-05,0.14937428012490273,0.7302245870232582,0.1631845310330391,1.3175063133239746,1.1543217822909355,512,,,,,,,,,,,
1451,0.7000031095562559,0.6998813736493941,0.54296875,0.34255797415971756,0.9109669327735901,0.1247073570266366,0.12708749622106552,2.4974700149502077e-05,0.1247073570266366,0.7519628703594208,0.06141845881938934,1.8941539004445076,1.8327354416251183,512,,,,,,,,,,,
1452,0.7000031095562559,0.6998855113983153,0.65625,0.4236149173229933,1.116976834833622,0.11842900142073631,0.1667046593502164,2.4898851908270904e-05,0.11842900142073631,0.7365917712450027,0.15388500690460205,1.0182229317724705,0.8643379248678684,512,,,,,,,,,,,
1453,0.7000031095562559,0.6998895517929836,0.5625,0.5778991170227528,1.5497848689556122,0.11152559705078602,0.20142446737736464,2.482308081371413e-05,0.11152559705078602,0.7420263588428497,0.16833670437335968,1.2209861055016518,1.052649401128292,512,,,,,,,,,,,
1454,0.7000031095562559,0.6998934959923779,0.5078125,0.3574744425714016,0.9474316909909248,0.10958455270156264,0.13582415413111448,2.474738709870907e-05,0.10958455270156264,0.7397826835513115,0.1510212067514658,2.1423923447728157,1.99137113802135,512,,,,,,,,,,,
1455,0.7000031095562559,0.6998973451554775,0.58984375,0.4742573983967304,1.2547830939292908,0.1016957531683147,0.18236048985272646,2.467177099589522e-05,0.1016957531683147,0.7388671413064003,0.10465415567159653,0.7285607978701591,0.6239066421985626,512,,,,,,,,,,,
1456,0.7000031095562559,0.6999011004412615,0.5078125,0.4477904438972473,1.1943827271461487,0.09588871337473392,0.16255796793848276,2.459623273767354e-05,0.09588871337473392,0.749650850892067,0.11040846258401871,1.0506249517202377,0.940216489136219,512,0.0006173475412651896,0.0006173475412651896,0.02,1499,0.7000031095562559,1499,1499,2998,0,1499,12723
1457,0.7000031095562559,0.6999047630087093,0.59375,0.7030153758823872,1.866324782371521,0.11591313779354095,0.26402478013187647,2.4520772556205717e-05,0.11591313779354095,0.7408911064267159,0.20265688747167587,1.7257250770926476,1.5230681896209717,512,,,,,,,,,,,
1458,0.7000031095562559,0.6999083340167999,0.51171875,0.6722557097673416,1.8098656982183456,0.09870483307167888,0.22727272473275661,2.444539068341354e-05,0.09870483307167888,0.7505273148417473,0.10791481658816338,1.4987196885049343,1.390804871916771,512,,,,,,,,,,,
1459,0.7000031095562559,0.6999118146245126,0.52734375,0.5208844635635614,1.3903583586215973,0.11637932201847434,0.1880793422460556,2.4370087350978043e-05,0.11637932201847434,0.736625961959362,0.14258220978081226,1.0285117365419865,0.8859295267611742,512,,,,,,,,,,,
1460,0.7000031095562559,0.6999152059908266,0.52734375,0.6211066730320454,1.6557041257619858,0.11259903199970722,0.2264372631907463,2.4294862790338917e-05,0.11259903199970722,0.7480688095092773,0.11536036431789398,1.0962625443935394,0.9809021800756454,512,,,,,,,,,,,
1461,0.7000031095562559,0.6999185092747211,0.67578125,0.6349231898784637,1.67562897503376,0.15937710367143154,0.24838063307106495,2.4219717232693745e-05,0.15937710367143154,0.7429638355970383,0.15396785736083984,1.6708844602108002,1.5169166028499603,512,,,,,,,,,,,
1462,0.7000031095562559,0.6999217256351753,0.578125,0.580605436116457,1.5519563630223274,0.1355284070596099,0.2074539577588439,2.4144650908997286e-05,0.1355284070596099,0.7470019236207008,0.1405879259109497,1.1584782749414444,1.0178903490304947,512,,,,,,,,,,,
1463,0.7000031095562559,0.6999248562311685,0.62890625,0.5767788980156183,1.5515763089060783,0.1710897721350193,0.1962384106591344,2.4069664049960794e-05,0.1710897721350193,0.7283544689416885,0.12280267104506493,1.562720887362957,1.439918216317892,512,,,,,,,,,,,
1464,0.7000031095562559,0.6999279022216797,0.7421875,0.4579712264239788,1.2224762812256813,0.17389342561364174,0.16531528066843748,2.3994756886051268e-05,0.17389342561364174,0.7316576987504959,0.17486847937107086,1.3455196544528008,1.1706511750817299,512,0.0006717127398587763,0.0006717127398587763,0.02,1516,0.7000031095562559,1516,1516,3032,0,1516,12717
1465,0.7000031095562559,0.6999308647656881,0.515625,0.7723052687942982,2.0416843369603157,0.09167046193033457,0.2986345514655113,2.391992964749083e-05,0.09167046193033457,0.7512621805071831,0.11894558370113373,0.8312717080116272,0.7123261243104935,512,,,,,,,,,,,
1466,0.7000031095562559,0.6999337450221732,0.70703125,0.6526786759495735,1.7612496390938759,0.12580877356231213,0.2165644420310855,2.38451825642559e-05,0.12580877356231213,0.7552196979522705,-0.05330329388380051,2.0707829669117928,2.1240862607955933,512,,,,,,,,,,,
1467,0.7000031095562559,0.699936544150114,0.51171875,0.37638648971915245,0.9938950091600418,0.09053607005625963,0.1466700742021203,2.3770515866076565e-05,0.09053607005625963,0.7501464709639549,0.06887920573353767,0.9749979861080647,0.906118780374527,512,,,,,,,,,,,
1468,0.7000031095562559,0.6999392633084898,0.53125,0.572578739374876,1.4949510395526886,0.1080316174775362,0.24013597331941128,2.3695929782435844e-05,0.1080316174775362,0.7419311329722404,0.09687763080000877,0.9364817328751087,0.8396041020751,512,,,,,,,,,,,
1469,0.7000031095562559,0.6999419036562795,0.59375,0.43899567797780037,1.1733418479561806,0.19326689280569553,0.1569480150938034,2.362142454256901e-05,0.19326689280569553,0.7228344678878784,0.16002028435468674,1.6903735511004925,1.5303532667458057,512,,,,,,,,,,,
1470,0.7000031095562559,0.6999444663524628,0.57421875,0.553229633718729,1.4774125292897224,0.13496235013008118,0.19904085248708725,2.354700037546285e-05,0.13496235013008118,0.7444995120167732,0.09010317921638489,1.0577914901077747,0.9676883108913898,512,,,,,,,,,,,
1471,0.7000031095562559,0.6999469525560185,0.61328125,0.48577626422047615,1.2932084277272224,0.11420786194503307,0.17884075175970793,2.3472657509854978e-05,0.11420786194503307,0.7566064074635506,-0.012612000107765198,1.7838652282953262,1.7964772284030914,512,,,,,,,,,,,
1472,0.7000031370793243,0.699949363425926,0.53125,0.5044014677405357,1.3475744649767876,0.11263643857091665,0.18091479409486055,2.3398396174233178e-05,0.11263643857091665,0.7519872859120369,0.10504766926169395,1.3180504888296127,1.2130028195679188,512,0.000658145931083709,0.000658145931083709,0.02,1321,0.7000031370793243,1321,1321,2642,0,1321,12504
1473,0.7000031370793243,0.6999517001211643,0.6796875,0.46527600660920143,1.2468512505292892,0.12529862858355045,0.16307597514241934,2.3324216596834603e-05,0.12529862858355045,0.7467626705765724,0.1643386110663414,1.3701394125819206,1.2058008015155792,512,,,,,,,,,,,
1474,0.7000031370793243,0.6999539638007128,0.4921875,0.5577118843793869,1.4927451461553574,0.08737800875678658,0.19729075580835342,2.3250119005645147e-05,0.08737800875678658,0.7406982332468033,0.09262781217694283,0.7546953372657299,0.6620675250887871,512,,,,,,,,,,,
1475,0.7000031370793243,0.6999561556235507,1.046875,0.42135053873062134,1.1258316487073898,0.15515230363234878,0.1509881028905511,2.3176103628398732e-05,0.15515230363234878,0.7383715659379959,0.28749167546629906,1.6754898615181446,1.3879981860518456,512,,,,,,,,,,,
1476,0.7000031370793243,0.6999582767486572,0.5546875,0.5891062580049038,1.563736118376255,0.10772574134171009,0.22143428679555655,2.3102170692576593e-05,0.10772574134171009,0.7566650435328484,0.13168075680732727,1.0522285848855972,0.92054782807827,512,,,,,,,,,,,
1477,0.7000031370793243,0.6999603283350114,0.5859375,0.7724994979798794,2.0492074489593506,0.1232705800794065,0.29169999342411757,2.302832042540658e-05,0.1232705800794065,0.7437011525034904,0.10079321265220642,1.281156100332737,1.1803628876805305,512,,,,,,,,,,,
1478,0.7000031370793243,0.6999623115415926,0.62109375,0.6877283304929733,1.839242048561573,0.11656562285497785,0.24478314816951752,2.2954553053862466e-05,0.11656562285497785,0.7419116050004959,0.09449715539813042,1.2690619975328445,1.1745648421347141,512,,,,,,,,,,,
1479,0.7000031370793243,0.69996422752738,0.61328125,0.4262411743402481,1.1223458498716354,0.12109688855707645,0.1692940453067422,2.288086880466329e-05,0.12109688855707645,0.7449804469943047,0.21921755373477936,1.8740248754620552,1.6548073217272758,512,,,,,,,,,,,
1480,0.7000031370793243,0.6999660774513526,0.515625,0.505098469555378,1.350443422794342,0.11845273245126009,0.18015790171921253,2.280726790427258e-05,0.11845273245126009,0.7513207867741585,0.15022429823875427,1.4152953997254372,1.265071101486683,512,0.0006421089638024569,0.0006421089638024569,0.02,1566,0.7000031370793243,1566,1566,3132,0,1566,12815
1481,0.7000031370793243,0.69996786247249,0.625,0.40355245396494865,1.077745147049427,0.15478974673897028,0.14514103904366493,2.273375057889769e-05,0.15478974673897028,0.730283185839653,0.22346214950084686,1.1850662305951118,0.961604081094265,512,,,,,,,,,,,
1482,0.7000031370793243,0.699969583749771,0.54296875,0.5757688991725445,1.5388298034667969,0.11535913869738579,0.20592435356229544,2.2660317054489145e-05,0.11535913869738579,0.7542993202805519,0.13546378538012505,1.1365322843194008,1.0010684989392757,512,,,,,,,,,,,
1483,0.7000031370793243,0.6999712424421751,0.6953125,0.45142919197678566,1.1970263943076134,0.14653371274471283,0.17094082944095135,2.258696755673988e-05,0.14653371274471283,0.7217773273587227,0.10671791434288025,1.4036277681589127,1.2969098538160324,512,,,,,,,,,,,
1484,0.7000031370793243,0.6999728397086814,0.5625,0.7303260676562786,1.926800698041916,0.11605505179613829,0.2863085074350238,2.2513702311084596e-05,0.11605505179613829,0.7410522177815437,0.09665530920028687,0.9543067291378975,0.8576514199376106,512,,,,,,,,,,,
1485,0.7000031370793243,0.6999743767082691,0.50390625,0.5832669697701931,1.5427792593836784,0.06407434493303299,0.22469635214656591,2.244052154269907e-05,0.06407434493303299,0.7466235086321831,0.07067607529461384,0.5193306785076857,0.4486546032130718,512,,,,,,,,,,,
1486,0.7000031370793243,0.6999758545999174,0.55078125,0.4069617222994566,1.089275911450386,0.12444020342081785,0.14394140522927046,2.236742547649942e-05,0.12444020342081785,0.7405712753534317,0.15888205543160439,1.1946105360984802,1.0357284806668758,512,,,,,,,,,,,
1487,0.7000031370793243,0.6999772745426054,0.765625,0.4350245464593172,1.1635232791304588,0.11516361590474844,0.15473286900669336,2.229441433714144e-05,0.11516361590474844,0.7519164755940437,0.13296355307102203,1.8549656346440315,1.7220020815730095,512,,,,,,,,,,,
1488,0.7000031370793243,0.6999786376953124,0.5625,0.4899159073829651,1.3018490672111511,0.11154248518869281,0.18274453654885292,2.2221488349019903e-05,0.11154248518869281,0.7458276152610779,0.0860951617360115,1.2064118012785912,1.1203166395425797,512,0.0005918054957874119,0.0005918054957874119,0.02,1395,0.7000031370793243,1395,1395,2790,0,1395,12631
1489,0.7000031370793243,0.6999799452170177,0.578125,0.4532069154083729,1.2088432237505913,0.1321563133969903,0.16451103892177343,2.214864773626787e-05,0.1321563133969903,0.7093847543001175,0.09676188975572586,1.7382398694753647,1.6414779797196388,512,,,,,,,,,,,
1490,0.7000031370793243,0.6999811982667005,0.7265625,0.5216147229075432,1.3782576993107796,0.11043450655415654,0.2023929227143526,2.2075892722756054e-05,0.11043450655415654,0.7423901110887527,0.08951663598418236,1.0360222607851028,0.9465056248009205,512,,,,,,,,,,,
1491,0.7000031370793243,0.6999823980033397,0.5078125,0.37393728643655777,0.9967909753322601,0.0989597113803029,0.1363522708415985,2.2003223532092026e-05,0.0989597113803029,0.740798331797123,0.04064035415649414,1.264824591577053,1.224184237420559,512,,,,,,,,,,,
1492,0.7000031370793243,0.6999835455859148,0.53515625,0.48752187564969063,1.309249423444271,0.11536461673676968,0.1680895360186696,2.1930640387619616e-05,0.11536461673676968,0.7505028918385506,0.08428729698061943,1.2612539306282997,1.1769666336476803,512,,,,,,,,,,,
1493,0.7000031370793243,0.6999846421734051,0.59765625,0.522564884275198,1.3871637061238289,0.11345578730106354,0.19636621326208115,2.1858143512418173e-05,0.11345578730106354,0.7612426355481148,0.13939620554447174,1.3761405125260353,1.2367443069815636,512,,,,,,,,,,,
1494,0.7000031370793243,0.6999856889247894,0.5078125,0.7542977295815945,2.003289967775345,0.0838261698372662,0.2824606243520975,2.1785733129301955e-05,0.0838261698372662,0.738161601126194,0.13932762667536736,1.269673690199852,1.1303460635244846,512,,,,,,,,,,,
1495,0.7000031370793243,0.6999866869990472,0.6484375,0.4565702583640814,1.2155010253190994,0.1425839364528656,0.16804516967386007,2.171340946081934e-05,0.1425839364528656,0.7420922815799713,0.19525491446256638,1.7059343680739403,1.510679453611374,512,,,,,,,,,,,
1496,0.7000031370793243,0.6999876375551577,0.53125,0.6234986837953329,1.6557102054357529,0.09976524580270052,0.23367964290082455,2.164117272925221e-05,0.09976524580270052,0.7487157955765724,0.07739019766449928,0.7958991266787052,0.7185089290142059,512,0.0005871614557690918,0.0005871614557690918,0.02,1318,0.7000031370793243,1318,1318,2636,0,1318,12484
1497,0.7000031370793243,0.6999885417520999,0.5859375,0.4476592745631933,1.1842425465583801,0.13840369693934917,0.1723006535321474,2.1569023156615253e-05,0.13840369693934917,0.7317968308925629,0.15533236414194107,1.1090475246310234,0.9537151604890823,512,,,,,,,,,,,
1498,0.7000031370793243,0.6999894007488533,0.61328125,0.6329498868435621,1.7017660066485405,0.13705822871997952,0.21626383997499943,2.1496960964655288e-05,0.13705822871997952,0.7432177513837814,0.20620881766080856,1.8230092115700245,1.616800393909216,512,,,,,,,,,,,
1499,0.7000031370793243,0.6999902157043969,0.56640625,0.53726751729846,1.436693251132965,0.12424605153501034,0.1913900515064597,2.1424986374850552e-05,0.12424605153501034,0.7392285019159317,0.1470964513719082,1.220927868038416,1.0738314166665077,512,,,,,,,,,,,
1500,0.7000031370793243,0.69999098777771,0.734375,0.5292763523757458,1.3990560993552208,0.17920065205544233,0.20481157675385475,2.1353099608410093e-05,0.17920065205544233,0.7406933456659317,0.08884475380182266,2.6058311462402344,2.5169863924384117,512,,,,,,,,,,,
1501,0.7000031370793243,0.6999917181277716,1.6953125,0.34959596768021584,0.9286149814724922,0.10664144344627857,0.13076669070869684,2.1281300886272988e-05,0.10664144344627857,0.7461181357502937,0.12836351245641708,1.2856360450387,1.157272532582283,512,,,,,,,,,,,
1502,0.7000031370793243,0.6999924079135612,0.515625,0.6795191969722509,1.8153223395347595,0.09372528502717614,0.24382667616009712,2.1209590429107735e-05,0.09372528502717614,0.7526904121041298,0.12213758751749992,1.2238558270037174,1.1017182394862175,512,,,,,,,,,,,
1503,0.7000031370793243,0.6999930582940578,0.93359375,0.5719752497971058,1.5237594321370125,0.16394886653870344,0.20949885435402393,2.1137968457311552e-05,0.16394886653870344,0.7368432283401489,-0.15647491812705994,1.6077928766608238,1.7642677947878838,512,,,,,,,,,,,
1504,0.7000031681803914,0.6999936704282407,0.6640625,0.46854029782116413,1.258762665092945,0.1676512062549591,0.1610563611611724,2.1066435191009715e-05,0.1676512062549591,0.7320288047194481,0.20811127498745918,1.7860196344554424,1.5779083594679832,512,0.0007001144113019109,0.0007001144113019109,0.02,1523,0.7000031681803914,1523,1523,3046,0,1523,13027
1505,0.7000031681803914,0.699994245475089,0.6015625,0.6190613508224487,1.6246486827731133,0.11714286170899868,0.25129473209381104,2.0994990850054857e-05,0.11714286170899868,0.7459838688373566,0.14262504130601883,1.424557350575924,1.281932309269905,512,,,,,,,,,,,
1506,0.7000031681803914,0.6999947845935821,0.609375,0.4369371011853218,1.162790223956108,0.13555113691836596,0.1612615454941988,2.0923635654026292e-05,0.13555113691836596,0.7380053475499153,0.09577283263206482,1.7767749652266502,1.6810021325945854,512,,,,,,,,,,,
1507,0.7000031681803914,0.699995288942699,0.60546875,0.45120706781744957,1.2032782062888145,0.13765192683786154,0.16401590034365654,2.08523698222294e-05,0.13765192683786154,0.7469116076827049,0.25757248513400555,2.0503663420677185,1.792793856933713,512,,,,,,,,,,,
1508,0.7000031681803914,0.6999957596814191,0.671875,0.49494440108537674,1.3190472796559334,0.1502242125570774,0.18078414909541607,2.0781193573694867e-05,0.1502242125570774,0.7449218407273293,0.23826637119054794,1.7632634714245796,1.5249971002340317,512,,,,,,,,,,,
1509,0.7000031681803914,0.6999961979687214,0.57421875,0.6293578147888184,1.6876653283834457,0.1104559963569045,0.21947948448359966,2.071010712717806e-05,0.1104559963569045,0.746208481490612,0.11317433416843414,0.7947410047054291,0.6815666705369949,512,,,,,,,,,,,
1510,0.7000031681803914,0.6999966049635851,0.55078125,0.4010729007422924,1.074367232620716,0.1152030173689127,0.14100513234734535,2.0639110701158337e-05,0.1152030173689127,0.7512109354138374,0.08608981221914291,0.9027972221374512,0.8167074099183083,512,,,,,,,,,,,
1511,0.7000031681803914,0.6999969818249896,0.5703125,0.564177006483078,1.4982093945145607,0.14547024946659803,0.21141778398305178,2.05682045138384e-05,0.14547024946659803,0.7435693219304085,0.15114684402942657,1.940956849604845,1.7898100055754185,512,,,,,,,,,,,
1512,0.7000031681803914,0.699997329711914,0.58984375,0.5560835301876068,1.492093287408352,0.1796483127400279,0.19300823286175728,2.0497388783143602e-05,0.1796483127400279,0.7293652221560478,0.19345776736736298,1.992292508482933,1.79883474111557,512,0.000673921313136816,0.000673921313136816,0.02,1157,0.7000031681803914,1157,1157,2314,0,1157,12439
1513,0.7000031681803914,0.6999976497833376,0.6796875,0.7618223764002323,2.0177455320954323,0.14087198860943317,0.2908070432022214,2.0426663726721262e-05,0.14087198860943317,0.7500268369913101,0.09934616833925247,1.0305400416254997,0.9311938732862473,512,,,,,,,,,,,
1514,0.7000031681803914,0.6999979431982393,0.61328125,0.6067052930593491,1.618655413389206,0.10271390154957771,0.21984539739787579,2.0356029561940077e-05,0.10271390154957771,0.7421557381749153,0.10558785125613213,0.8487929925322533,0.7432051412761211,512,,,,,,,,,,,
1515,0.7000031681803914,0.6999982111155987,0.5625,0.5501623507589102,1.475201353430748,0.11851263139396906,0.19195727165788412,2.0285486505889333e-05,0.11851263139396906,0.7516039982438087,0.11750283092260361,1.374035157263279,1.2565323263406754,512,,,,,,,,,,,
1516,0.7000031681803914,0.6999984546943947,0.52734375,0.2999129816889763,0.7913226932287216,0.11739125289022923,0.1175044784322381,2.0215034775378332e-05,0.11739125289022923,0.7406420633196831,0.11390699446201324,1.2425793930888176,1.1286723986268044,512,,,,,,,,,,,
1517,0.7000031681803914,0.6999986750936067,0.625,0.6760542392730713,1.8062417805194855,0.1498952442780137,0.24240730237215757,2.0144674586935685e-05,0.1498952442780137,0.725356437265873,0.23120935633778572,1.32305371388793,1.0918443575501442,512,,,,,,,,,,,
1518,0.7000031681803914,0.6999988734722137,0.71484375,0.6255111582577229,1.6342498734593391,0.15298608131706715,0.26123846136033535,2.0074406156808647e-05,0.15298608131706715,0.7318261340260506,0.15195104107260704,1.8042286187410355,1.6522775776684284,512,,,,,,,,,,,
1519,0.7000031681803914,0.6999990509891951,0.5703125,0.5691538639366627,1.5236632600426674,0.11465052049607038,0.20104534085839987,2.0004229700962468e-05,0.11465052049607038,0.740842267870903,0.1389940306544304,1.4699873700737953,1.330993339419365,512,,,,,,,,,,,
1520,0.7000031681803914,0.6999992088035301,0.890625,0.31953736394643784,0.8445616886019707,0.14637110009789467,0.12373332679271698,1.9934145435079702e-05,0.14637110009789467,0.7408023402094841,0.15824723988771439,1.7268136292696,1.5685663893818855,450.875,0.0006542150513269007,0.0006542150513269007,0.02,1537,0.7000031681803914,1537,1537,3074,0,1537,12967
1521,0.7000031681803914,0.6999993480741977,0.55859375,0.47081682085990906,1.2638676539063454,0.1172420927323401,0.1628499198704958,1.9864153574559623e-05,0.1172420927323401,0.7333422675728798,0.11355802789330482,1.0519855953752995,0.9384275674819946,512,,,,,,,,,,,
1522,0.7000031681803914,0.6999994699601774,0.54296875,0.35199908539652824,0.9332293421030045,0.08838838431984186,0.1334345219656825,1.9794254334517443e-05,0.08838838431984186,0.7523412778973579,0.07483309879899025,1.0073625445365906,0.9325294457376003,512,,,,,,,,,,,
1523,0.7000031681803914,0.6999995756204481,0.609375,0.6243827603757381,1.6583006754517555,0.11408045841380954,0.23376819491386414,1.972444792978373e-05,0.11408045841380954,0.7553759440779686,0.14759710803627968,1.5786725245416164,1.4310754165053368,512,,,,,,,,,,,
1524,0.7000031681803914,0.6999996662139892,0.4921875,0.49009021557867527,1.3099740147590637,0.08778760768473148,0.17514776345342398,1.965473457490372e-05,0.08778760768473148,0.7443139404058456,0.10431015118956566,0.655088197439909,0.5507780462503433,512,,,,,,,,,,,
1525,0.7000031681803914,0.6999997428997798,0.55859375,0.6033276319503784,1.6009133085608482,0.12323636468499899,0.22735216934233904,1.9585114484136692e-05,0.12323636468499899,0.7535009384155273,0.08230847120285034,1.7871253415942192,1.7048168703913689,512,,,,,,,,,,,
1526,0.7000031681803914,0.6999998068367993,0.67578125,0.40402986481785774,1.062694288790226,0.13241726532578468,0.1616385718807578,1.9515587871455253e-05,0.13241726532578468,0.7271435558795929,0.13724413886666298,0.8756372593343258,0.7383931204676628,512,,,,,,,,,,,
1527,0.7000031681803914,0.6999998591840266,0.69140625,0.6960438117384911,1.8653886243700981,0.11641999334096909,0.24383499845862389,1.944615495054472e-05,0.11641999334096909,0.7509838491678238,0.09762413799762726,1.200060024857521,1.1024358868598938,512,,,,,,,,,,,
1528,0.7000031681803914,0.6999999011004412,0.71875,0.5083983615040779,1.35034991055727,0.1340602352283895,0.19025112874805927,1.9376815934802496e-05,0.1340602352283895,0.741101048886776,0.18378357216715813,1.5729208886623383,1.3891373164951801,512,0.0007011232664808631,0.0007011232664808631,0.02,1210,0.7000031681803914,1210,1210,2420,0,1210,12704
1529,0.7000031681803914,0.6999999337450221,0.55078125,0.3266334570944309,0.857600636780262,0.11016790848225355,0.13219767808914185,1.9307571037337313e-05,0.11016790848225355,0.7485888302326202,0.11199884489178658,1.2152346968650818,1.1032358519732952,512,,,,,,,,,,,
1530,0.7000031681803914,0.6999999582767487,0.60546875,0.5341394003480673,1.4163581132888794,0.10967323975637555,0.20224606338888407,1.9238420470968665e-05,0.10967323975637555,0.7383032068610191,0.12609012052416801,0.8145051710307598,0.6884150505065918,512,,,,,,,,,,,
1531,0.7000031681803914,0.6999999758545999,0.5546875,0.5067289359867573,1.3471465781331062,0.10920251812785864,0.18839559983462095,1.9169364448226123e-05,0.10920251812785864,0.742246076464653,0.14628082886338234,1.1694572195410728,1.0231763906776905,512,,,,,,,,,,,
1532,0.7000031681803914,0.6999999876375551,0.5234375,0.54216593131423,1.433770015835762,0.09416590165346861,0.20915697142481804,1.9100403181348686e-05,0.09416590165346861,0.7430468648672104,0.10043435171246529,0.9766819104552269,0.8762475587427616,512,,,,,,,,,,,
1533,0.7000031681803914,0.6999999947845935,0.59765625,0.61000195145607,1.6154946461319923,0.09426892315968871,0.23299605026841164,1.9031536882284125e-05,0.09426892315968871,0.7522655948996544,0.09826435521245003,0.743202306330204,0.644937951117754,512,,,,,,,,,,,
1534,0.7000031681803914,0.6999999984546943,0.625,0.6071160212159157,1.6313621699810028,0.0890669277869165,0.20838328450918198,1.8962765762688312e-05,0.0890669277869165,0.7381078973412514,0.2903769575059414,1.8876808322966099,1.5973038747906685,512,,,,,,,,,,,
1535,0.7000031681803914,0.6999999998068368,0.56640625,0.59563397616148,1.5955024659633636,0.11750571802258492,0.2094488786533475,1.8894090033924654e-05,0.11750571802258492,0.7237597554922104,0.13000159710645676,1.2633995935320854,1.1333979964256287,512,,,,,,,,,,,
1536,0.7000031992814586,0.7,0.5625,0.48203328624367714,1.2889054045081139,0.11276175966486335,0.17180147115141153,1.8825509907063327e-05,0.11276175966486335,0.7407665848731995,0.14737612381577492,0.9282259419560432,0.7808498181402683,512,0.000629556190688163,0.000629556190688163,0.02,886,0.7000031992814586,886,886,1772,0,886,12308
1537,0.7000031992814586,0.7,0.5625,0.5353681370615959,1.4361330345273018,0.13152403198182583,0.18619463872164488,1.875702559288069e-05,0.13152403198182583,0.7462524175643921,0.10355622321367264,1.015094317495823,0.9115380942821503,512,,,,,,,,,,,
1538,0.7000031992814586,0.7,1.2890625,0.441691592335701,1.1783018186688423,0.0941804270260036,0.1601574933156371,1.868863730185863e-05,0.0941804270260036,0.7401562109589577,0.106875691562891,0.6267702095210552,0.5198945179581642,512,,,,,,,,,,,
1539,0.7000031992814586,0.7,0.6796875,0.48280269280076027,1.2702796682715416,0.09161354321986437,0.19275870453566313,1.8620345244183917e-05,0.09161354321986437,0.7342992946505547,0.07603595778346062,0.8495341278612614,0.7734981700778008,512,,,,,,,,,,,
1540,0.7000031992814586,0.7,0.80078125,0.5619927048683167,1.4908650442957878,0.11684954445809126,0.2121430579572916,1.8552149629747555e-05,0.11684954445809126,0.7517407089471817,0.051747847348451614,1.4028283953666687,1.351080548018217,512,,,,,,,,,,,
1541,0.7000031992814586,0.7,0.80078125,0.5738932751119137,1.539329208433628,0.11294075939804316,0.19974125269800425,1.848405066814412e-05,0.11294075939804316,0.7447192072868347,0.3129074051976204,1.3412635773420334,1.028356172144413,512,,,,,,,,,,,
1542,0.7000031992814586,0.7,0.65234375,0.5058164857327938,1.3251155316829681,0.0895943040959537,0.2076616557314992,1.8416048568671184e-05,0.0895943040959537,0.740961879491806,0.08367643877863884,0.6374502815306187,0.5537738427519798,512,,,,,,,,,,,
1543,0.7000031992814586,0.7,0.55078125,0.5314744710922241,1.4168421626091003,0.08845720672979951,0.19368647411465645,1.8348143540328554e-05,0.08845720672979951,0.7448657006025314,0.08963501825928688,0.657571442425251,0.5679364241659641,512,,,,,,,,,,,
1544,0.7000031992814586,0.7,0.65234375,0.48940881714224815,1.3066392168402672,0.13335673417896032,0.1764177456498146,1.8280335791817733e-05,0.13335673417896032,0.7424731254577637,0.16942961513996124,1.4796022698283195,1.3101726546883583,512,0.0007731228251941502,0.0007731228251941502,0.02,1245,0.7000031992814586,1245,1245,2490,0,1245,12731
1545,0.7000031992814586,0.7,0.734375,0.5985759384930134,1.5841949209570885,0.1448132060468197,0.22967145405709743,1.8212625531541232e-05,0.1448132060468197,0.7363134548068047,0.3281220719218254,2.1493309438228607,1.8212088719010353,512,,,,,,,,,,,
1546,0.7000031992814586,0.7,0.5234375,0.5717631056904793,1.5229059010744095,0.09045937284827232,0.20970953814685345,1.814501296760193e-05,0.09045937284827232,0.7535644397139549,0.08849325776100159,0.7150268480181694,0.6265335902571678,512,,,,,,,,,,,
1547,0.7000031992814586,0.7,0.53125,0.42020951211452484,1.1281945705413818,0.0998181402683258,0.14516755193471909,1.8077498307802465e-05,0.0998181402683258,0.7467895373702049,0.09318974614143372,0.8855702504515648,0.7923805043101311,512,,,,,,,,,,,
1548,0.7000031992814586,0.7,0.8515625,0.4521406888961792,1.172376111149788,0.1311407508328557,0.19774712808430195,1.8010081759644538e-05,0.1311407508328557,0.7534741014242172,0.07423506677150726,1.2942742556333542,1.220039188861847,512,,,,,,,,,,,
1549,0.7000031992814586,0.7,0.57421875,0.47039966844022274,1.2543993219733238,0.1270724069327116,0.17105418164283037,1.794276353032836e-05,0.1270724069327116,0.7409399226307869,0.12197788432240486,1.1112334206700325,0.9892555363476276,512,,,,,,,,,,,
1550,0.7000031992814586,0.7,0.58203125,0.35776799358427525,0.9469378627836704,0.13370231026783586,0.1372075416147709,1.787554382675193e-05,0.13370231026783586,0.7449682429432869,0.12289457395672798,1.2872707657516003,1.1643761917948723,512,,,,,,,,,,,
1551,0.7000031992814586,0.7,0.55859375,0.5589119829237461,1.484670527279377,0.1467565232887864,0.20900214277207851,1.7808422855510436e-05,0.1467565232887864,0.7395849376916885,0.23277218639850616,2.599155344069004,2.366383157670498,512,,,,,,,,,,,
1552,0.7000031992814586,0.7,0.6015625,0.5786772258579731,1.5228930935263634,0.13658840954303741,0.2306742025539279,1.774140082289563e-05,0.13658840954303741,0.7500756904482841,0.14155839011073112,1.6272572427988052,1.4856988526880741,512,0.0007427539094351232,0.0007427539094351232,0.02,1039,0.7000031992814586,1039,1039,2078,0,1039,12554
1553,0.7000031992814586,0.7,0.65625,0.6117586866021156,1.6140245124697685,0.14146407507359982,0.23978962190449238,1.767447793489518e-05,0.14146407507359982,0.7359154894948006,0.1459108553826809,1.6788164526224136,1.5329055972397327,512,,,,,,,,,,,
1554,0.7000031992814586,0.7,0.4921875,0.6213149875402451,1.6621410250663757,0.08851248864084482,0.22063156217336655,1.7607654397192036e-05,0.08851248864084482,0.7444091588258743,0.07912996783852577,0.8252306990325451,0.7461007311940193,512,,,,,,,,,,,
1555,0.7000031992814586,0.7,0.72265625,0.5947264283895493,1.5889796018600464,0.1268893964588642,0.2132216189056635,1.7540930415163782e-05,0.1268893964588642,0.7466381639242172,0.0806473158299923,1.6756362468004227,1.5949889309704304,512,,,,,,,,,,,
1556,0.7000031992814586,0.7,0.53515625,0.4589301310479641,1.222643755376339,0.10721208341419697,0.1680535739287734,1.747430619388209e-05,0.10721208341419697,0.7498437389731407,0.11184948682785034,0.9536361619830132,0.8417866751551628,512,,,,,,,,,,,
1557,0.7000031992814586,0.7,0.57421875,0.3490981198847294,0.9243480786681175,0.1154878856614232,0.13352497294545174,1.740778193811196e-05,0.1154878856614232,0.7500781267881393,0.08019658923149109,1.046056367456913,0.9658597782254219,512,,,,,,,,,,,
1558,0.7000031992814586,0.7,0.56640625,0.6132024936378002,1.6549043208360672,0.13709547463804483,0.20328496117144823,1.7341357852311174e-05,0.13709547463804483,0.7470995932817459,0.17714574933052063,1.6353037357330322,1.4581579864025116,512,,,,,,,,,,,
1559,0.7000031992814586,0.7,0.515625,0.5346700921654701,1.43146613240242,0.1096444996073842,0.18874616082757711,1.7275034140629647e-05,0.1096444996073842,0.7461498826742172,0.11022239178419113,1.0616374239325523,0.9514150321483612,512,,,,,,,,,,,
1560,0.7000031992814586,0.7,0.58203125,0.6507556494325399,1.7207675129175186,0.12791845994070172,0.25121919624507427,1.7208811006908798e-05,0.12791845994070172,0.7359643429517746,0.11188624799251556,1.2977269142866135,1.185840666294098,512,0.00048692632117308676,0.00048692632117308676,0.02,940,0.7000031992814586,940,940,1880,0,940,12315
1561,0.7000031992814586,0.7,0.64453125,0.5699046887457371,1.5124353989958763,0.14584165159612894,0.2145484695211053,1.7142688654680955e-05,0.14584165159612894,0.7369311302900314,0.10639688372612,1.3109809383749962,1.2045840546488762,512,,,,,,,,,,,
1562,0.7000031992814586,0.7,0.50390625,0.5899868048727512,1.5879108756780624,0.11359338508918881,0.19992781337350607,1.7076667287168664e-05,0.11359338508918881,0.7534740939736366,0.042433157563209534,2.2757673487067223,2.2333341911435127,512,,,,,,,,,,,
1563,0.7000031992814586,0.7,0.6015625,0.790256954729557,2.1218558326363564,0.1058010058477521,0.27286214753985405,1.7010747107284114e-05,0.1058010058477521,0.7356762439012527,0.17513499781489372,1.101331815123558,0.9261968173086643,512,,,,,,,,,,,
1564,0.7000031992814586,0.7,0.62890625,0.5392895042896271,1.438570812344551,0.121714998036623,0.19563972391188145,1.694492831762851e-05,0.121714998036623,0.7484399154782295,0.11772126704454422,1.2119703479111195,1.0942490808665752,512,,,,,,,,,,,
1565,0.7000031992814586,0.7,0.5625,0.4446474239230156,1.1921960711479187,0.1316243540495634,0.15522031113505363,1.6879211120491405e-05,0.1316243540495634,0.7568871900439262,0.10734517872333527,2.1601827442646027,2.0528375655412674,512,,,,,,,,,,,
1566,0.7000031992814586,0.7,0.58203125,0.6233593225479126,1.648871898651123,0.11606394127011299,0.2400956805795431,1.6813595717850188e-05,0.11606394127011299,0.7498852238059044,0.0912126824259758,1.6783242747187614,1.5871115922927856,512,,,,,,,,,,,
1567,0.7000031992814586,0.7,0.609375,0.6303644943982363,1.6653510928153992,0.15761732310056686,0.2448442205786705,1.674808231136932e-05,0.15761732310056686,0.7277685403823853,0.11919065564870834,1.4956675618886948,1.3764769062399864,512,,,,,,,,,,,
1568,0.7000031992814586,0.7,0.62890625,0.489297978579998,1.308938592672348,0.10134709440171719,0.1737825134769082,1.6682671102399805e-05,0.10134709440171719,0.7487206906080246,0.11039317771792412,0.7527144849300385,0.6423213072121143,512,0.0006937572616152465,0.0006937572616152465,0.02,1012,0.7000031992814586,1012,1012,2024,0,1012,12531
1569,0.7000031992814586,0.7,0.58203125,0.4612426832318306,1.2270793840289116,0.10194194596260786,0.1706256838515401,1.661736229197856e-05,0.10194194596260786,0.7452148273587227,0.12367422133684158,0.9858358576893806,0.8621616363525391,512,,,,,,,,,,,
1570,0.7000031992814586,0.7,0.57421875,0.49683239683508873,1.3155760914087296,0.09963325690478086,0.18997655902057886,1.6552156080827757e-05,0.09963325690478086,0.7425219640135765,0.10165936127305031,0.8591616377234459,0.7575022764503956,512,,,,,,,,,,,
1571,0.7000031992814586,0.7,0.5390625,0.5140784569084644,1.3704068586230278,0.10148037225008011,0.18740657903254032,1.6487052669354297e-05,0.10148037225008011,0.7489037811756134,0.1265680156648159,1.1229542717337608,0.9963862560689449,512,,,,,,,,,,,
1572,0.7000031992814586,0.7,0.54296875,0.560051716864109,1.480082020163536,0.12841614428907633,0.21704430133104324,1.6422052257649078e-05,0.12841614428907633,0.7541454955935478,0.1350173018872738,1.6142645440995693,1.4792472422122955,512,,,,,,,,,,,
1573,0.7000031992814586,0.7,0.56640625,0.5794104412198067,1.5482726693153381,0.09610131941735744,0.20751647744327784,1.635715504548645e-05,0.09610131941735744,0.7443798631429672,0.1502690464258194,1.2028550282120705,1.052585981786251,512,,,,,,,,,,,
1574,0.7000031992814586,0.7,0.6015625,0.5936927162110806,1.5747943669557571,0.1321552712470293,0.22427439410239458,1.6292361232323584e-05,0.1321552712470293,0.7415844351053238,0.13419409841299057,1.1331826373934746,0.998988538980484,512,,,,,,,,,,,
1575,0.7000031992814586,0.7,0.54296875,0.5944453030824661,1.5925306752324104,0.10965963825583458,0.2088186601176858,1.6227671017299873e-05,0.10965963825583458,0.7532763481140137,0.10730433836579323,1.4735208824276924,1.3662165440618992,512,,,,,,,,,,,
1576,0.7000031992814586,0.7,0.57421875,0.4523991569876671,1.1936248168349266,0.13411771319806576,0.1772816525772214,1.6163084599236278e-05,0.13411771319806576,0.742363266646862,0.11001265421509743,1.4642396494746208,1.3542269952595234,512,0.0007107205456122756,0.0007107205456122756,0.02,872,0.7000031992814586,872,872,1744,0,872,12073
1577,0.7000031992814586,0.7,0.54296875,0.3486645519733429,0.9273246601223946,0.09478363767266273,0.12923452071845531,1.6098602176634807e-05,0.09478363767266273,0.7446044832468033,0.028060417622327805,0.9727859012782574,0.9447254836559296,512,,,,,,,,,,,
1578,0.7000031992814586,0.7,0.6328125,0.44033147767186165,1.1706236526370049,0.13571821339428425,0.16371413134038448,1.603422394767779e-05,0.13571821339428425,0.7508764341473579,0.2665785774588585,1.9009935483336449,1.6344149708747864,512,,,,,,,,,,,
1579,0.7000031992814586,0.7,0.5625,0.6544831432402134,1.7392494827508926,0.09348778333514929,0.2440326763316989,1.596995011022735e-05,0.09348778333514929,0.7405810356140137,0.10487740114331245,0.6770364046096802,0.5721590034663677,512,,,,,,,,,,,
1580,0.7000031992814586,0.7,0.58203125,0.5712235122919083,1.5131832659244537,0.12658092565834522,0.21779702324420214,1.590578086182475e-05,0.12658092565834522,0.7608227133750916,0.088236965239048,1.8192666620016098,1.7310296967625618,512,,,,,,,,,,,
1581,0.7000031992814586,0.7,0.54296875,0.42908090725541115,1.143481470644474,0.09329507872462273,0.15676363185048103,1.584171639968982e-05,0.09329507872462273,0.7574145495891571,0.10486668348312378,1.0689219310879707,0.964055247604847,512,,,,,,,,,,,
1582,0.7000031992814586,0.7,0.84375,0.5430846102535725,1.447152704000473,0.14613135810941458,0.19855816569179296,1.5777756920720344e-05,0.14613135810941458,0.7282299697399139,0.1820763386785984,1.0051766745746136,0.8231003358960152,512,,,,,,,,,,,
1583,0.7000031992814586,0.7,0.5859375,0.5244462117552757,1.390277311205864,0.11586150620132685,0.1989535503089428,1.5713902621491412e-05,0.11586150620132685,0.737968735396862,0.22479069977998734,1.4854122325778008,1.2606215327978134,512,,,,,,,,,,,
1584,0.7000031992814586,0.7,0.6171875,0.4922330416738987,1.293304719030857,0.15756794903427362,0.19831045903265476,1.5650153698254916e-05,0.15756794903427362,0.7455907911062241,0.2060508355498314,1.4751612693071365,1.2691104337573051,512,0.000805258343461901,0.000805258343461901,0.02,924,0.7000031992814586,924,924,1848,0,924,12224
1585,0.7000031992814586,0.7,0.58203125,0.46737126633524895,1.2414813041687012,0.1262671435251832,0.17479521688073874,1.558651034693882e-05,0.1262671435251832,0.7378466725349426,0.13061097636818886,1.1657879278063774,1.0351769514381886,512,,,,,,,,,,,
1586,0.7000031992814586,0.7,0.625,0.4305473305284977,1.1433635577559471,0.16858354303985834,0.16132527776062489,1.5522972763146653e-05,0.16858354303985834,0.7285961657762527,0.15929753705859184,1.8282413333654404,1.6689437963068485,512,,,,,,,,,,,
1587,0.7000031992814586,0.7,0.5859375,0.47059598192572594,1.2590854465961456,0.08789472421631217,0.1669629281386733,1.5459541142156864e-05,0.08789472421631217,0.7370654046535492,0.07025695592164993,1.175771325826645,1.105514369904995,512,,,,,,,,,,,
1588,0.7000031992814586,0.7,0.5546875,0.44535717368125916,1.1771856471896172,0.11176410969346762,0.17238150630146265,1.539621567892222e-05,0.11176410969346762,0.7493871748447418,0.1251029558479786,1.1876968368887901,1.0625938810408115,512,,,,,,,,,,,
1589,0.7000031992814586,0.7,0.77734375,0.6547283306717873,1.7646882832050323,0.126356840133667,0.2193368598818779,1.5332996568069246e-05,0.126356840133667,0.7355810180306435,0.17939362674951553,1.1457248032093048,0.9663311764597893,512,,,,,,,,,,,
1590,0.7000031992814586,0.7,0.7890625,0.5605661831796169,1.4487195909023285,0.08872002083808184,0.24996572732925415,1.5269884003897565e-05,0.08872002083808184,0.748476542532444,0.09285306185483932,0.6883897855877876,0.5955367237329483,512,,,,,,,,,,,
1591,0.7000031992814586,0.7,0.5703125,0.5205881576985121,1.3867301121354103,0.07849945547059178,0.19080968759953976,1.5206878180379396e-05,0.07849945547059178,0.7321581840515137,0.031339239329099655,1.206110093742609,1.1747708544135094,512,,,,,,,,,,,
1592,0.7000031992814586,0.7,0.5390625,0.45485628582537174,1.2177231907844543,0.10347154829651117,0.16062912438064814,1.5143979291158838e-05,0.10347154829651117,0.7527831643819809,0.19733287766575813,1.5773680657148361,1.380035188049078,512,0.0006047865026630461,0.0006047865026630461,0.02,887,0.7000031992814586,887,887,1774,0,887,12215
1593,0.7000031992814586,0.7,0.51171875,0.43047263100743294,1.153397373855114,0.09917097259312868,0.15106509812176228,1.508118752955136e-05,0.09917097259312868,0.7450976371765137,0.09628131240606308,0.7417280301451683,0.6454467177391052,512,,,,,,,,,,,
1594,0.7000031992814586,0.7,0.58984375,0.5615029521286488,1.5025088414549828,0.1534897955134511,0.19901519175618887,1.5018503088543173e-05,0.1534897955134511,0.7336742952466011,0.12156824395060539,1.3385675475001335,1.2169993035495281,512,,,,,,,,,,,
1595,0.7000031992814586,0.7,0.5546875,0.4620705582201481,1.22981695830822,0.1379462881013751,0.17039684485644102,1.4955926160790656e-05,0.1379462881013751,0.7509081959724426,0.1186678558588028,1.3062294945120811,1.1875616386532784,512,,,,,,,,,,,
1596,0.7000031992814586,0.7,0.609375,0.4753557499498129,1.25655198097229,0.1479756385087967,0.18391993176192045,1.4893456938619744e-05,0.1479756385087967,0.7322802618145943,0.15422582626342773,1.9604193419218063,1.8061935156583786,512,,,,,,,,,,,
1597,0.7000031992814586,0.7,0.60546875,0.5344070717692375,1.4313793927431107,0.16758921183645725,0.18803591653704643,1.4831095614025336e-05,0.16758921183645725,0.7360839620232582,0.10532604902982712,2.7103631794452667,2.6050371304154396,512,,,,,,,,,,,
1598,0.7000031992814586,0.7,0.56640625,0.4282369278371334,1.1398091688752174,0.10905719455331564,0.157878409139812,1.4768842378670755e-05,0.10905719455331564,0.7466015368700027,0.12548082321882248,1.2269058898091316,1.1014250665903091,512,,,,,,,,,,,
1599,0.7000031992814586,0.7,0.470703125,0.3481936100870371,0.9203191995620728,0.08763632411137223,0.13481291569769382,1.4706697423887089e-05,0.08763632411137223,0.7569652944803238,0.07665864005684853,1.0518175102770329,0.9751588702201843,512,,,,,,,,,,,
1600,0.7000031992814586,0.7,0.50390625,0.42619586177170277,1.134074479341507,0.11045659147202969,0.15742811188101768,1.4644660940672627e-05,0.11045659147202969,0.748176246881485,0.11342514678835869,1.3360585421323776,1.222633395344019,512,0.0006000595167279243,0.0006000595167279243,0.02,725,0.7000031992814586,725,725,1450,0,725,11922
1601,0.7000031992814586,0.7,0.62109375,0.5131626259535551,1.3670561760663986,0.156475936062634,0.18798200879245996,1.4582733119692293e-05,0.156475936062634,0.7374535948038101,0.2628863863646984,1.985844910144806,1.7229585237801075,512,,,,,,,,,,,
1602,0.7000031992814586,0.7,0.55859375,0.41476267389953136,1.0965126901865005,0.11496590543538332,0.16034383047372103,1.4520914151277037e-05,0.11496590543538332,0.7361206039786339,0.14845306426286697,1.2701858654618263,1.1217328011989594,512,,,,,,,,,,,
1603,0.7000031992814586,0.7,0.57421875,0.5704909786581993,1.5360429212450981,0.1676314491778612,0.19271755497902632,1.4459204225423267e-05,0.1676314491778612,0.7354931384325027,0.1411798670887947,1.9161738902330399,1.7749940231442451,512,,,,,,,,,,,
1604,0.7000031992814586,0.7,0.55078125,0.5133027695119381,1.3775889575481415,0.08785938378423452,0.17787392809987068,1.439760353179223e-05,0.08785938378423452,0.752746544778347,0.10303161293268204,0.7024731747806072,0.5994415618479252,512,,,,,,,,,,,
1605,0.7000031992814586,0.7,1.1328125,0.4089290425181389,1.0866257697343826,0.08742992440238595,0.15255313459783792,1.4336112259709505e-05,0.08742992440238595,0.7398071140050888,0.11096783727407455,1.0201988965272903,0.9092310592532158,512,,,,,,,,,,,
1606,0.7000031992814586,0.7,0.51953125,0.4642203822731972,1.227954350411892,0.08050701068714261,0.17877401411533356,1.4274730598164331e-05,0.08050701068714261,0.7500341534614563,0.08585323765873909,1.107134871184826,1.0212816335260868,512,,,,,,,,,,,
1607,0.7000031992814586,0.7,0.60546875,0.36889529787003994,0.9734901040792465,0.10192153928801417,0.14437440782785416,1.4213458735809072e-05,0.10192153928801417,0.7450341433286667,0.11187873780727386,0.7475917488336563,0.6357130110263824,512,,,,,,,,,,,
1608,0.7000031992814586,0.7,0.58984375,0.6126816086471081,1.6428528502583504,0.11209181509912014,0.21375804394483566,1.4152296860958642e-05,0.11209181509912014,0.7571581825613976,0.14306443184614182,1.199251003563404,1.0561865717172623,512,0.0008286165539175272,0.0008286165539175272,0.02,983,0.7000031992814586,983,983,1966,0,983,12385
1609,0.7000031992814586,0.7,0.51953125,0.784175205975771,2.121337980031967,0.11203685216605663,0.2549503594636917,1.4091245161589905e-05,0.11203685216605663,0.7502636536955833,0.10573466122150421,1.3114280849695206,1.2056934237480164,512,,,,,,,,,,,
1610,0.7000031992814586,0.7,0.54296875,0.46870680525898933,1.2418170273303986,0.10293405270203948,0.17850656248629093,1.4030303825341123e-05,0.10293405270203948,0.7517968714237213,0.11782431975007057,1.1651788912713528,1.0473545715212822,512,,,,,,,,,,,
1611,0.7000031992814586,0.7,0.57421875,0.5583032965660095,1.4773379936814308,0.1123248590156436,0.21449010726064444,1.3969473039511333e-05,0.1123248590156436,0.7508886754512787,0.10140795260667801,0.9799142181873322,0.8785062655806541,512,,,,,,,,,,,
1612,0.7000031992814586,0.7,0.5703125,0.6920156516134739,1.8348146826028824,0.12304328288882971,0.26220244355499744,1.3908752991059853e-05,0.12304328288882971,0.7294994965195656,0.13491852954030037,1.0157788135111332,0.8808602839708328,512,,,,,,,,,,,
1613,0.7000031992814586,0.7,0.56640625,0.4903773255646229,1.2894557043910027,0.11475800909101963,0.196536123752594,1.3848143866605617e-05,0.11475800909101963,0.7605492919683456,0.10019421949982643,1.1027221903204918,1.0025279708206654,512,,,,,,,,,,,
1614,0.7000031992814586,0.7,0.546875,0.4373834691941738,1.140405461192131,0.1056376276537776,0.18499893322587013,1.3787645852426661e-05,0.1056376276537776,0.7500463724136353,0.12142772972583771,1.2426596581935883,1.1212319284677505,512,,,,,,,,,,,
1615,0.7000031992814586,0.7,0.69140625,0.56299739331007,1.5143784061074257,0.1148095577955246,0.19167420826852322,1.3727259134459514e-05,0.1148095577955246,0.7451904118061066,0.11469125375151634,0.8003611229360104,0.685669869184494,512,,,,,,,,,,,
1616,0.7000031992814586,0.7,0.64453125,0.5171979367733002,1.352894052863121,0.13608068134635687,0.21437235828489065,1.3666983898298657e-05,0.13608068134635687,0.7316601276397705,0.060953568667173386,1.5819438099861145,1.5209902413189411,512,0.0009590056142769754,0.0009590056142769754,0.02,741,0.7000031992814586,741,741,1482,0,741,11910
1617,0.7000031992814586,0.7,0.53125,0.5612496994435787,1.4967463985085487,0.12490345630794764,0.20401019789278507,1.3606820329195941e-05,0.12490345630794764,0.7406274154782295,0.07397425919771194,1.8015454486012459,1.727571189403534,512,,,,,,,,,,,
1618,0.7000031992814586,0.7,0.5859375,0.502955611795187,1.343150943517685,0.19650779012590647,0.18095693178474903,1.3546768612059985e-05,0.19650779012590647,0.7234618961811066,0.23135924339294434,1.8207404166460037,1.5893811732530594,512,,,,,,,,,,,
1619,0.7000031992814586,0.7,0.671875,0.5426217503845692,1.4524740353226662,0.11785292066633701,0.19183425325900316,1.3486828931455709e-05,0.11785292066633701,0.7474218606948853,0.11685775220394135,1.2502824068069458,1.1334246546030045,512,,,,,,,,,,,
1620,0.7000031992814586,0.7,0.546875,0.34591924026608467,0.9171320348978043,0.10769667197018862,0.13110805675387383,1.3427001471603623e-05,0.10769667197018862,0.7331787049770355,0.124773059040308,0.7771084830164909,0.6523354239761829,512,,,,,,,,,,,
1621,0.7000031992814586,0.7,0.58203125,0.6415532939136028,1.6942524090409279,0.1106221079826355,0.24984840024262667,1.3367286416379365e-05,0.1106221079826355,0.7450756579637527,0.06269721314311028,0.9897550232708454,0.9270578101277351,512,,,,,,,,,,,
1622,0.7000031992814586,0.7,0.546875,0.4472496844828129,1.19278933852911,0.10502494219690561,0.16251270566135645,1.330768394931311e-05,0.10502494219690561,0.7548046559095383,0.09571518748998642,0.8047100305557251,0.7089948430657387,512,,,,,,,,,,,
1623,0.7000031992814586,0.7,0.61328125,0.4123976081609726,1.089211843907833,0.10304480092599988,0.16047782357782125,1.3248194253588991e-05,0.10304480092599988,0.7433032020926476,0.12048397585749626,0.9516330845654011,0.8311491087079048,512,,,,,,,,,,,
1624,0.7000031992814586,0.7,0.6171875,0.5023485142737627,1.3139139711856842,0.12049073074012995,0.2083542225882411,1.3188817512044544e-05,0.12049073074012995,0.7557787671685219,0.13048501312732697,2.0254014655947685,1.8949164524674416,512,0.0009840303100645542,0.0009840303100645542,0.02,644,0.7000031992814586,644,644,1288,0,644,12002
1625,0.7000031992814586,0.7,0.55859375,0.5371650978922844,1.4356316849589348,0.10970091726630926,0.19214129261672497,1.3129553907170144e-05,0.10970091726630926,0.7389379739761353,0.13329290971159935,1.272295732051134,1.1390028223395348,512,,,,,,,,,,,
1626,0.7000031992814586,0.7,0.5234375,0.48237699270248413,1.2916228398680687,0.08854468865320086,0.17012558691203594,1.3070403621108485e-05,0.08854468865320086,0.7434301450848579,0.10479272902011871,0.7588523328304291,0.6540596038103104,512,,,,,,,,,,,
1627,0.7000031992814586,0.7,0.53125,0.7067545410245657,1.8637039847671986,0.12473916634917259,0.27797635830938816,1.3011366835653938e-05,0.12473916634917259,0.7529955804347992,0.11283984035253525,1.2492420449852943,1.136402204632759,512,,,,,,,,,,,
1628,0.7000031992814586,0.7,0.51953125,0.5376495867967606,1.4360128715634346,0.08586768433451653,0.19322822988033295,1.2952443732252057e-05,0.08586768433451653,0.7477880567312241,0.09576864168047905,0.8511550687253475,0.7553864270448685,512,,,,,,,,,,,
1629,0.7000031992814586,0.7,0.578125,0.49171310290694237,1.3166577443480492,0.10709735564887524,0.1733819143846631,1.2893634491998995e-05,0.10709735564887524,0.7536352276802063,0.10472434386610985,1.1162204444408417,1.0114961005747318,512,,,,,,,,,,,
1630,0.7000031992814586,0.7,0.515625,0.4516808055341244,1.183240070939064,0.11686404887586832,0.18548955768346786,1.2834939295640963e-05,0.11686404887586832,0.7474828809499741,0.0870240330696106,1.6949599869549274,1.6079359538853168,512,,,,,,,,,,,
1631,0.7000031992814586,0.7,0.55859375,0.5425514727830887,1.437567874789238,0.1595818381756544,0.2065274640917778,1.277635832357365e-05,0.1595818381756544,0.7264477163553238,0.2037694714963436,2.0318326875567436,1.8280632160604,512,,,,,,,,,,,
1632,0.7000031992814586,0.7,0.546875,0.5228651165962219,1.3845373839139938,0.1338159367442131,0.1999022951349616,1.2717891755841722e-05,0.1338159367442131,0.7469628751277924,0.1706678792834282,2.373962424695492,2.2032945454120636,512,0.0007522450177930295,0.0007522450177930295,0.02,609,0.7000031992814586,609,609,1218,0,609,12196
1633,0.7000031992814586,0.7,1.0859375,0.5834575518965721,1.5657005459070206,0.1065232316032052,0.2023525582626462,1.265953977213819e-05,0.1065232316032052,0.7508153989911079,0.1945306397974491,1.7774800807237625,1.5829494409263134,512,,,,,,,,,,,
1634,0.7000031992814586,0.7,0.58984375,0.5099013708531857,1.362074688076973,0.1240859990939498,0.1830808911472559,1.2601302551803918e-05,0.1240859990939498,0.7501025274395943,0.12625036016106606,1.030220527201891,0.9039701670408249,512,,,,,,,,,,,
1635,0.7000031992814586,0.7,0.60546875,0.45149065554142,1.201456904411316,0.1063662488013506,0.16669654194265604,1.2543180273827043e-05,0.1063662488013506,0.7533349320292473,0.09550482779741287,0.8152003213763237,0.7196954935789108,512,,,,,,,,,,,
1636,0.7000031992814586,0.7,0.5859375,0.4258033521473408,1.1316962838172913,0.10692072287201881,0.1586168957874179,1.248517311684243e-05,0.10692072287201881,0.7576733231544495,0.12590865045785904,1.0033211335539818,0.8774124830961227,512,,,,,,,,,,,
1637,0.7000031992814586,0.7,0.53515625,0.599571518599987,1.6129747331142426,0.10911488998681307,0.20390861853957176,1.2427281259131163e-05,0.10911488998681307,0.7574120983481407,0.11576294898986816,0.8539651408791542,0.738202191889286,512,,,,,,,,,,,
1638,0.7000031992814586,0.7,0.5234375,0.378701850771904,0.9933495074510574,0.12836151290684938,0.1542318221181631,1.2369504878619926e-05,0.12836151290684938,0.7461352199316025,0.17375484481453896,2.12834682315588,1.954591978341341,512,,,,,,,,,,,
1639,0.7000031992814586,0.7,0.60546875,0.28974367305636406,0.7684858292341232,0.16819013189524412,0.10952526237815619,1.2311844152880502e-05,0.16819013189524412,0.7329980358481407,0.2166166454553604,1.2459943294525146,1.0293776839971542,512,,,,,,,,,,,
1640,0.7000031992814586,0.7,0.58203125,0.5476882141083479,1.458089403808117,0.11483137728646398,0.20157184544950724,1.225429925912921e-05,0.11483137728646398,0.7426538020372391,0.12713668122887611,1.2965194284915924,1.1693827472627163,512,0.0007081442745402455,0.0007081442745402455,0.02,681,0.7000031992814586,681,681,1362,0,681,11750
1641,0.7000031992814586,0.7,0.5390625,0.5987415499985218,1.5871501564979553,0.11070687882602215,0.2272180886939168,1.219687037422636e-05,0.11070687882602215,0.7529833763837814,0.1080237589776516,1.4070846028625965,1.299060843884945,512,,,,,,,,,,,
1642,0.7000031992814586,0.7,1.3515625,0.43410908430814743,1.1549565754830837,0.160984355956316,0.16052544116973877,1.2139557674675772e-05,0.160984355956316,0.7286083698272705,-0.3660823181271553,1.190254244953394,1.5563365630805492,512,,,,,,,,,,,
1643,0.7000031992814586,0.7,0.57421875,0.5796243902295828,1.5498647913336754,0.11087130196392536,0.2065726649016142,1.2082361336624103e-05,0.11087130196392536,0.7445361092686653,0.22843453660607338,1.6396213434636593,1.411186806857586,512,,,,,,,,,,,
1644,0.7000031992814586,0.7,0.53515625,0.5491713769733906,1.4651480838656425,0.07101036887615919,0.19900756049901247,1.2025281535860433e-05,0.07101036887615919,0.7448949813842773,0.0770348310470581,0.5401277951896191,0.46309296414256096,512,,,,,,,,,,,
1645,0.7000031992814586,0.7,0.53515625,0.5670208372175694,1.511053390800953,0.10246919374912977,0.20719152316451073,1.1968318447815646e-05,0.10246919374912977,0.7482055351138115,0.1247355230152607,1.137631818652153,1.0128962956368923,512,,,,,,,,,,,
1646,0.7000031992814586,0.7,0.69140625,0.5789288450032473,1.5591792911291122,0.10086893569678068,0.19515048060566187,1.1911472247561906e-05,0.10086893569678068,0.7538378611207008,0.08938292786478996,1.0790226571261883,0.9896397292613983,512,,,,,,,,,,,
1647,0.7000031992814586,0.7,0.6484375,0.6876073852181435,1.8272067829966545,0.10768995294347405,0.25645185448229313,1.1854743109812188e-05,0.10768995294347405,0.7561376765370369,0.02718808874487877,1.6373362578451633,1.6101481691002846,512,,,,,,,,,,,
1648,0.7000031992814586,0.7,0.5859375,0.5828627869486809,1.5438622124493122,0.12723109778016806,0.22238858696073294,1.1798131208919627e-05,0.12723109778016806,0.7458764612674713,0.11702447757124901,1.2351670414209366,1.1181425638496876,512,0.0007095219334587455,0.0007095219334587455,0.02,631,0.7000031992814586,631,631,1262,0,631,11633
1649,0.7000031992814586,0.7,0.51171875,0.3685355968773365,0.98344986140728,0.09963640291243792,0.13332462310791016,1.1741636718877053e-05,0.09963640291243792,0.7501342594623566,0.0794607549905777,0.9894658364355564,0.9100050814449787,512,,,,,,,,,,,
1650,0.7000031992814586,0.7,0.55859375,0.3392735384404659,0.891723170876503,0.13910900615155697,0.13637838326394558,1.1685259813316451e-05,0.13910900615155697,0.7501220703125,0.10541289299726486,2.3739887848496437,2.268575891852379,512,,,,,,,,,,,
1651,0.7000031992814586,0.7,0.53125,0.6905596368014812,1.8562067225575447,0.10343285789713264,0.236398134380579,1.162900066550841e-05,0.10343285789713264,0.7521069124341011,0.15206199884414673,1.0731954015791416,0.9211334027349949,512,,,,,,,,,,,
1652,0.7000031992814586,0.7,0.765625,0.6307744085788727,1.6908635050058365,0.12061735056340694,0.22057401295751333,1.15728594483616e-05,0.12061735056340694,0.7447167932987213,0.12568873167037964,1.0278409868478775,0.9021522551774979,512,,,,,,,,,,,
1653,0.7000031992814586,0.7,0.5703125,0.32729778066277504,0.8673164211213589,0.10098480898886919,0.12449496891349554,1.1516836334422233e-05,0.10098480898886919,0.7558740004897118,0.09231196343898773,1.1350387558341026,1.042726792395115,512,,,,,,,,,,,
1654,0.7000031992814586,0.7,0.64453125,0.45101154036819935,1.2043717056512833,0.135696351993829,0.1623298628255725,1.146093149587356e-05,0.135696351993829,0.7292480170726776,0.17680524289608002,1.775882512331009,1.599077269434929,512,,,,,,,,,,,
1655,0.7000031992814586,0.7,0.58203125,0.4608718864619732,1.2248974665999413,0.13418822176754475,0.17168395221233368,1.140514510453531e-05,0.13418822176754475,0.7452026233077049,0.10684478282928467,1.8382423222064972,1.7313975393772125,512,,,,,,,,,,,
1656,0.7000031992814586,0.7,0.8828125,0.4861302450299263,1.2860778868198395,0.10270308423787355,0.18704399280250072,1.134947733186315e-05,0.10270308423787355,0.724057599902153,-0.23696576431393623,1.2868510745465755,1.5238168388605118,512,0.0007315286202356219,0.0007315286202356219,0.02,700,0.7000031992814586,700,700,1400,0,700,12079
1657,0.7000031992814586,0.7,0.5625,0.6205131523311138,1.6657087951898575,0.1265516672283411,0.21463406085968018,1.1293928348948218e-05,0.1265516672283411,0.7383813261985779,0.14621180295944214,1.1746668219566345,1.0284550189971924,512,,,,,,,,,,,
1658,0.7000031992814586,0.7,2.25,0.5419467724859715,1.4536809176206589,0.1307640140876174,0.18858197890222073,1.1238498326516533e-05,0.1307640140876174,0.7461986988782883,0.15712367370724678,1.5827551260590553,1.4256314523518085,512,,,,,,,,,,,
1659,0.7000031992814586,0.7,0.55078125,0.5079947263002396,1.3385928198695183,0.16126772575080395,0.20078503806144,1.1183187434928499e-05,0.16126772575080395,0.7347313985228539,0.1736321672797203,1.7890169769525528,1.6153848096728325,512,,,,,,,,,,,
1660,0.7000031992814586,0.7,0.5625,0.5459573343396187,1.464609555900097,0.12010226026177406,0.1898065209388733,1.1127995844178386e-05,0.12010226026177406,0.7445995807647705,0.14592067897319794,1.0201658308506012,0.8742451518774033,512,,,,,,,,,,,
1661,0.7000031992814586,0.7,0.62890625,0.3942380007356405,1.0457511246204376,0.14606910943984985,0.1489094365388155,1.1072923723893818e-05,0.14606910943984985,0.7412597462534904,0.09354739636182785,2.018829360604286,1.9252819642424583,512,,,,,,,,,,,
1662,0.7000031992814586,0.7,0.703125,0.5510469041764736,1.4793197810649872,0.09637002926319838,0.1905192732810974,1.1017971243335213e-05,0.09637002926319838,0.7527685239911079,0.09365460649132729,0.6977619752287865,0.6041073687374592,512,,,,,,,,,,,
1663,0.7000031992814586,0.7,0.58984375,0.5147867575287819,1.3789751157164574,0.1142701581120491,0.18098471127450466,1.0963138571395276e-05,0.1142701581120491,0.7584619075059891,0.12232382595539093,0.9484987556934357,0.8261749297380447,512,,,,,,,,,,,
1664,0.7000031992814586,0.7,0.5625,0.4624122567474842,1.2235113754868507,0.1176038384437561,0.17773785535246134,1.090842587659851e-05,0.1176038384437561,0.753117635846138,0.049347326159477234,1.6973626464605331,1.648015320301056,512,0.0006386009627021849,0.0006386009627021849,0.02,686,0.7000031992814586,686,686,1372,0,686,11926
1665,0.7000031992814586,0.7,0.640625,0.6905705891549587,1.8528434112668037,0.14134050719439983,0.23979466315358877,1.0853833327100671e-05,0.14134050719439983,0.7485351264476776,0.25611867010593414,1.4515375643968582,1.195418894290924,512,,,,,,,,,,,
1666,0.7000031992814586,0.7,0.58984375,0.6137215010821819,1.6358409002423286,0.14590176288038492,0.2239211741834879,1.0799361090688249e-05,0.14590176288038492,0.742380328476429,0.18603161722421646,2.2027010545134544,2.016669437289238,512,,,,,,,,,,,
1667,0.7000031992814586,0.7,0.57421875,0.5943118706345558,1.5935061946511269,0.1456343922764063,0.20743879303336143,1.0745009334777945e-05,0.1456343922764063,0.752941869199276,0.19841793179512024,2.240938439965248,2.042520508170128,512,,,,,,,,,,,
1669,0.7000031992814586,0.7,1.90625,0.7885936573147774,2.048857659101486,0.1640513688325882,0.3408199604600668,1.06366679322787e-05,0.1640513688325882,0.7389794513583183,0.18727004528045654,2.62397114187479,2.4367010965943336,512,,,,,,,,,,,
1670,0.7000031992814586,0.7,0.5234375,0.42286280915141106,1.126074232161045,0.09709437331184745,0.1553281545639038,1.058267861866969e-05,0.09709437331184745,0.7528271377086639,0.14176363125443459,1.2642246596515179,1.1224610283970833,512,,,,,,,,,,,
1671,0.7000031992814586,0.7,0.57421875,0.4293667823076248,1.1436756625771523,0.11461819801479578,0.15743578039109707,1.052881045152168e-05,0.11461819801479578,0.7543774023652077,0.08412514626979828,1.4978740215301514,1.413748875260353,512,,,,,,,,,,,
1672,0.7000031992814586,0.7,0.68359375,0.4344872795045376,1.1539595127105713,0.12762221042066813,0.1626685531809926,1.047506359639483e-05,0.12762221042066813,0.7494970560073853,0.13207922130823135,1.0791795030236244,0.9471002817153931,512,0.0006432425579987466,0.0006432425579987466,0.02,642,0.7000031992814586,642,642,1284,0,642,11678
1673,0.7000031992814586,0.7,0.62890625,0.5648574307560921,1.5124519541859627,0.13401392754167318,0.1992371715605259,1.0421438218476449e-05,0.13401392754167318,0.7477343529462814,0.04325190559029579,1.3072524704039097,1.264000564813614,512,,,,,,,,,,,
1674,0.7000031992814586,0.7,0.69140625,0.7176771312952042,1.9136684834957123,0.13998448010534048,0.2611105814576149,1.0367934482580477e-05,0.13998448010534048,0.7572265267372131,0.24016811698675156,1.9102122224867344,1.6700441054999828,512,,,,,,,,,,,
1675,0.7000031992814586,0.7,0.64453125,0.5385169200599194,1.4301663786172867,0.11376654030755162,0.20170298963785172,1.0314552553147045e-05,0.11376654030755162,0.7369408905506134,0.14348939806222916,0.9340519234538078,0.7905625253915787,512,,,,,,,,,,,
1676,0.7000031992814586,0.7,0.5703125,0.6285883598029613,1.6736731752753258,0.14729981683194637,0.23113996908068657,1.0261292594241872e-05,0.14729981683194637,0.7198364213109016,0.19263312220573425,1.62711700797081,1.4344838857650757,512,,,,,,,,,,,
1677,0.7000031992814586,0.7,0.486328125,0.36593086645007133,0.9771850034594536,0.10792237427085638,0.13169636484235525,1.0208154769555827e-05,0.10792237427085638,0.7530395090579987,0.10908150300383568,1.1435868293046951,1.0345053263008595,512,,,,,,,,,,,
1678,0.7000031992814586,0.7,0.6328125,0.48632082901895046,1.2998329177498817,0.10840790811926126,0.1738664861768484,1.0155139242404404e-05,0.10840790811926126,0.7461376637220383,0.16204925253987312,1.2296961024403572,1.067646849900484,512,,,,,,,,,,,
1679,0.7000031992814586,0.7,0.63671875,0.4579492136836052,1.195856899023056,0.12174934893846512,0.19186794105917215,1.0102246175727236e-05,0.12174934893846512,0.7412328794598579,0.15697796270251274,1.4913553968071938,1.334377434104681,512,,,,,,,,,,,
1680,0.7000031992814586,0.7,0.74609375,0.669306468218565,1.8205794990062714,0.12863310053944588,0.2076218631118536,1.004947573208756e-05,0.12863310053944588,0.7514916583895683,0.08785367012023926,1.5331452526152134,1.4452915824949741,512,0.0006696925847791135,0.0006696925847791135,0.02,580,0.7000031992814586,580,580,1160,0,580,12160
1681,0.7000031992814586,0.7,0.5546875,0.6542171537876129,1.7491357699036598,0.11041000811383128,0.23334037978202105,9.996828073671743e-06,0.11041000811383128,0.7543798610568047,0.10994524881243706,0.8947418034076691,0.784796554595232,512,,,,,,,,,,,
1682,0.7000031992814586,0.7,0.52734375,0.5355128422379494,1.4136531725525856,0.10392950987443328,0.2091129058972001,9.944303362288814e-06,0.10392950987443328,0.7449340671300888,0.12786129489541054,1.0454764813184738,0.9176151864230633,512,,,,,,,,,,,
1683,0.7000031992814586,0.7,0.56640625,0.4019597377628088,1.0692567825317383,0.13048667926341295,0.14880297239869833,9.891901759369898e-06,0.13048667926341295,0.7478466778993607,0.12244768440723419,1.2809118777513504,1.1584641933441162,512,,,,,,,,,,,
1684,0.7000031992814586,0.7,0.546875,0.4206601679325104,1.125514179468155,0.09869546536356211,0.14921356365084648,9.83962342596776e-06,0.09869546536356211,0.7460253611207008,0.10354017466306686,0.671131506562233,0.5675913318991661,512,,,,,,,,,,,
1685,0.7000031992814586,0.7,0.4921875,0.5642889235168695,1.5242712125182152,0.08446357492357492,0.18569517973810434,9.78746852275631e-06,0.08446357492357492,0.7463769316673279,0.06285281106829643,0.8620516508817673,0.7991988398134708,512,,,,,,,,,,,
1686,0.7000031992814586,0.7,0.62890625,0.48987874388694763,1.2959703356027603,0.09972482640296221,0.1885106386616826,9.735437210030101e-06,0.09972482640296221,0.7327612042427063,0.08355120569467545,1.1654063984751701,1.0818551927804947,512,,,,,,,,,,,
1687,0.7000031992814586,0.7,0.75,0.485363632440567,1.3077676072716713,0.1352960206568241,0.16303119715303183,9.683529647703837e-06,0.1352960206568241,0.7349145337939262,-0.05410655215382576,1.3375902101397514,1.3916967622935772,512,,,,,,,,,,,
1688,0.7000031992814586,0.7,0.56640625,0.542901549488306,1.4108583480119705,0.10241377167403698,0.23429778963327408,9.63174599531188e-06,0.10241377167403698,0.7533862143754959,0.14964309707283974,1.10533756762743,0.9556944705545902,512,0.0006679370417259634,0.0006679370417259634,0.02,472,0.7000031992814586,472,472,944,0,472,11396
1689,0.7000031992814586,0.7,0.7890625,0.5860680788755417,1.5186489596962929,0.13062999956309795,0.2573149027302861,9.580086412007793e-06,0.13062999956309795,0.7460717633366585,0.10935571789741516,1.0564191937446594,0.9470634758472443,512,,,,,,,,,,,
1690,0.7000031992814586,0.7,0.578125,0.48422829806804657,1.2820705398917198,0.11745902337133884,0.1852878239005804,9.528551056563784e-06,0.11745902337133884,0.7449169605970383,0.11049047112464905,1.0134748481214046,0.9029843769967556,512,,,,,,,,,,,
1691,0.7000031992814586,0.7,0.75,0.48702599853277206,1.295645348727703,0.15363729745149612,0.18019093945622444,9.477140087370268e-06,0.15363729745149612,0.7311791703104973,0.20486032217741013,1.5214057862758636,1.3165454640984535,512,,,,,,,,,,,
1692,0.7000031992814586,0.7,0.61328125,0.680347815155983,1.8230504542589188,0.11873385449871421,0.2386095141991973,9.42585366243537e-06,0.11873385449871421,0.7428051456809044,0.09376659244298935,0.9846315979957581,0.8908650055527687,512,,,,,,,,,,,
1693,0.7000031992814586,0.7,0.578125,0.4835435003042221,1.2774271741509438,0.14236091123893857,0.18785609304904938,9.374691939384433e-06,0.14236091123893857,0.7367162927985191,0.2167646586894989,1.841234926134348,1.624470267444849,512,,,,,,,,,,,
1694,0.7000031992814586,0.7,1.296875,0.4637095518410206,1.2421901151537895,0.16158395819365978,0.16299031116068363,9.323655075459542e-06,0.16158395819365978,0.7435888424515724,0.18140758574008942,1.3445105254650116,1.1631029397249222,512,,,,,,,,,,,
1695,0.7000031992814586,0.7,0.60546875,0.4599323198199272,1.225492648780346,0.10959989065304399,0.16824159026145935,9.272743227519016e-06,0.10959989065304399,0.7434740960597992,0.1515083834528923,1.249000545591116,1.0974921621382236,512,,,,,,,,,,,
1696,0.7000031992814586,0.7,0.546875,0.46563013829290867,1.2199567332863808,0.12922636326402426,0.19104364607483149,9.221956552036992e-06,0.12922636326402426,0.7488744854927063,0.11022504791617393,1.5707579553127289,1.460532907396555,512,0.00039209050009958446,0.00039209050009958446,0.02,661,0.7000031992814586,661,661,1322,0,661,11977
1697,0.7000031992814586,0.7,0.5625,0.3622537665069103,0.9598492830991745,0.12098414311185479,0.13788933772593737,9.17129520510286e-06,0.12098414311185479,0.7400805354118347,0.18648899532854557,1.2451597675681114,1.0586707722395658,512,,,,,,,,,,,
1698,0.7000031992814586,0.7,0.703125,0.5341019500046968,1.4306559786200523,0.10603133402764797,0.18783471267670393,9.12075934242082e-06,0.10603133402764797,0.7404662892222404,0.09423205256462097,0.6943391039967537,0.6001070514321327,512,,,,,,,,,,,
1699,0.7000031992814586,0.7,0.51953125,0.5093482360243797,1.3695071563124657,0.1081336997449398,0.17397225555032492,9.070349119309423e-06,0.1081336997449398,0.7389184385538101,0.11812964081764221,0.7597999833524227,0.6416703425347805,512,,,,,,,,,,,
1700,0.7000031992814586,0.7,0.6171875,0.5505001470446587,1.473495565354824,0.1199693065136671,0.19468661956489086,9.020064690701069e-06,0.1199693065136671,0.7553783878684044,0.17120779305696487,1.12277951836586,0.9515717253088951,512,,,,,,,,,,,
1701,0.7000031992814586,0.7,0.546875,0.6480740010738373,1.7122512832283974,0.09743010345846415,0.2516091959550977,8.969906211141527e-06,0.09743010345846415,0.7526049464941025,0.05373893678188324,0.97321517765522,0.9194762408733368,512,,,,,,,,,,,
1702,0.7000031992814586,0.7,0.56640625,0.38245647214353085,0.9961134567856789,0.09307586448267102,0.16284551657736301,8.919873834789466e-06,0.09307586448267102,0.759035624563694,0.12971092015504837,1.1497522220015526,1.0200413018465042,512,,,,,,,,,,,
1703,0.7000031992814586,0.7,0.53515625,0.41024278476834297,1.0898098722100258,0.10019359737634659,0.15334999933838844,8.869967715416028e-06,0.10019359737634659,0.744401827454567,0.161879513412714,1.509025115519762,1.347145602107048,512,,,,,,,,,,,
1704,0.7000031992814586,0.7,0.546875,0.5493548028171062,1.4487902522087097,0.10197651572525501,0.21592120546847582,8.820188006404268e-06,0.10197651572525501,0.7616137489676476,0.12201271206140518,1.3882077783346176,1.2661950662732124,512,0.0004726125916931778,0.0004726125916931778,0.02,354,0.7000031992814586,354,354,708,0,354,11506
1705,0.7000031992814586,0.7,0.93359375,0.44795531034469604,1.196486197412014,0.12443640921264887,0.16095407586544752,8.770534860748747e-06,0.12443640921264887,0.7589282020926476,0.04814983904361725,1.373887538909912,1.3257376998662949,512,,,,,,,,,,,
1706,0.7000031992814586,0.7,0.5859375,0.44339577481150627,1.1712348461151123,0.118083112873137,0.17238865327090025,8.721008431055028e-06,0.118083112873137,0.7251708880066872,0.09194750338792801,1.5000404939055443,1.4080929905176163,512,,,,,,,,,,,
1707,0.7000031992814586,0.7,0.58203125,0.7908012643456459,2.1221816167235374,0.10814717737957835,0.27418571431189775,8.671608869539233e-06,0.10814717737957835,0.7512646242976189,0.07446378096938133,1.2205486819148064,1.146084900945425,512,,,,,,,,,,,
1708,0.7000031992814586,0.7,0.734375,0.542471919208765,1.4450528547167778,0.10394205339252949,0.19880139268934727,8.622336328027553e-06,0.10394205339252949,0.7403906285762787,0.11125918850302696,0.7292838022112846,0.6180246137082577,512,,,,,,,,,,,
1709,0.7000031992814586,0.7,0.80859375,0.5438592452555895,1.4468271732330322,0.10873998049646616,0.2012310940772295,8.573190957955812e-06,0.10873998049646616,0.7320605292916298,0.1917935572564602,0.9994207993149757,0.8076272420585155,512,,,,,,,,,,,
1710,0.7000031992814586,0.7,0.57421875,0.4277340993285179,1.1458348706364632,0.11239203903824091,0.1503289844840765,8.52417291036897e-06,0.11239203903824091,0.7451367080211639,-0.01193258911371231,1.5770528092980385,1.5889853984117508,512,,,,,,,,,,,
1711,0.7000031992814586,0.7,0.51953125,0.5811351612210274,1.5639499835669994,0.10215332545340061,0.19706561975181103,8.475282335920664e-06,0.10215332545340061,0.7625487968325615,0.08629090338945389,1.4870385378599167,1.4007476344704628,512,,,,,,,,,,,
1712,0.7000031992814586,0.7,0.59765625,0.5936626121401787,1.5860557854175568,0.12567101791501045,0.2129218066111207,8.426519384872733e-06,0.12567101791501045,0.7530907988548279,0.13812213763594627,1.5688752122223377,1.4307530745863914,512,0.00041314089321531355,0.00041314089321531355,0.02,439,0.7000031992814586,439,439,878,0,439,11551
1713,0.7000031992814586,0.7,0.5390625,0.3767217956483364,0.9990466609597206,0.13564439211040735,0.14253448601812124,8.377884207094832e-06,0.13564439211040735,0.7478002607822418,0.21342220902442932,1.7666813433170319,1.5532591342926025,512,,,,,,,,,,,
1714,0.7000031992814586,0.7,1.1484375,0.5087576434016228,1.3519450277090073,0.11338543426245451,0.18974475469440222,8.329376952063867e-06,0.11338543426245451,0.7613207697868347,0.1362234354019165,1.7410188987851143,1.6047954633831978,512,,,,,,,,,,,
1715,0.7000031992814586,0.7,0.578125,0.5742729306221008,1.5210038498044014,0.1256234860047698,0.21921707037836313,8.28099776886358e-06,0.1256234860047698,0.7488891333341599,0.028678007423877716,1.4491836950182915,1.4205056875944138,512,,,,,,,,,,,
1716,0.7000031992814586,0.7,0.59765625,0.4318525865674019,1.1532374396920204,0.1316776666790247,0.15540670696645975,8.232746806184117e-06,0.1316776666790247,0.7572778090834618,0.08574684709310532,1.750189170241356,1.6644423231482506,512,,,,,,,,,,,
1717,0.7000031992814586,0.7,0.5859375,0.4920474737882614,1.3214413523674011,0.11217736499384046,0.1696115117520094,8.184624212321517e-06,0.11217736499384046,0.7540185377001762,0.11352148279547691,1.2623796574771404,1.1488581746816635,512,,,,,,,,,,,
1718,0.7000031992814586,0.7,0.5390625,0.5015409961342812,1.342414066195488,0.1052010077983141,0.17740702908486128,8.136630135177337e-06,0.1052010077983141,0.7451245039701462,0.08544974401593208,1.3956731334328651,1.310223389416933,512,,,,,,,,,,,
1719,0.7000031992814586,0.7,0.578125,0.44146942533552647,1.1715286746621132,0.1417993139475584,0.16625740565359592,8.088764722258097e-06,0.1417993139475584,0.7470165863633156,0.164344921708107,1.482896089553833,1.318551167845726,512,,,,,,,,,,,
1720,0.7000031992814586,0.7,0.5703125,0.7625084891915321,2.0564502254128456,0.09887251071631908,0.2541814148426056,8.041028120674893e-06,0.09887251071631908,0.7482470497488976,0.099290382117033,0.9124319367110729,0.8131415545940399,512,0.00027668350958265364,0.00027668350958265364,0.02,426,0.7000031992814586,426,426,852,0,426,11165
1721,0.7000031992814586,0.7,0.6484375,0.4834909401834011,1.286117248237133,0.12802738323807716,0.1790067432448268,7.993420477142933e-06,0.12802738323807716,0.7543115019798279,0.09020611643791199,1.5909729078412056,1.5007667914032936,512,,,,,,,,,,,
1722,0.7000031992814586,0.7,0.53515625,0.49994427897036076,1.331980399787426,0.12863076757639647,0.1830022046342492,7.945941937981067e-06,0.12863076757639647,0.7430322021245956,0.13522018119692802,1.9290696419775486,1.7938494607806206,512,,,,,,,,,,,
1723,0.7000031992814586,0.7,0.63671875,0.5530148930847645,1.4727231189608574,0.11614605179056525,0.20307951513677835,7.898592649111364e-06,0.11614605179056525,0.7584374621510506,0.14169972389936447,1.9263550862669945,1.78465536236763,512,,,,,,,,,,,
1724,0.7000031992814586,0.7,0.75390625,0.3688127249479294,0.9764207527041435,0.10915908822789788,0.14119350165128708,7.851372756058662e-06,0.10915908822789788,0.7389819175004959,0.10307367146015167,0.8265463262796402,0.7234726548194885,512,,,,,,,,,,,
1725,0.7000031992814586,0.7,0.58203125,0.7038488537073135,1.9062588661909103,0.11226953845471144,0.22661641240119934,7.804282403950092e-06,0.11226953845471144,0.7528076022863388,0.1389666125178337,1.0850549042224884,0.9460882917046547,512,,,,,,,,,,,
1726,0.7000031992814586,0.7,0.484375,0.40551012195646763,1.0706006065011024,0.09318419266492128,0.1582178920507431,7.757321737514645e-06,0.09318419266492128,0.7508642375469208,0.10347819328308105,1.037703551352024,0.934225358068943,512,,,,,,,,,,,
1727,0.7000031992814586,0.7,0.59375,0.4960136339068413,1.3075214177370071,0.10913792997598648,0.19555015675723553,7.710490901082751e-06,0.10913792997598648,0.744565412402153,0.0996529646217823,1.0928921960294247,0.9932392314076424,512,,,,,,,,,,,
1728,0.7000031992814586,0.7,0.5625,0.39160899817943573,1.04728202521801,0.0866035926155746,0.13941187225282192,7.663790038585793e-06,0.0866035926155746,0.7409350425004959,0.08237806335091591,0.7125873379409313,0.6302092745900154,512,0.0005162611487321556,0.0005162611487321556,0.02,326,0.7000031992814586,326,326,652,0,326,10869
1729,0.7000031992814586,0.7,0.5703125,0.3400345519185066,0.8982224017381668,0.11074987286701798,0.13218529988080263,7.617219293555716e-06,0.11074987286701798,0.7489379718899727,0.10214120522141457,0.8218533173203468,0.7197121120989323,512,,,,,,,,,,,
1730,0.7000031992814586,0.7,0.51171875,0.4071110337972641,1.077755093574524,0.09977598115801811,0.15591465961188078,7.570778809124518e-06,0.09977598115801811,0.7437133565545082,0.11454463750123978,0.7491146102547646,0.6345699727535248,512,,,,,,,,,,,
1731,0.7000031992814586,0.7,0.63671875,0.6297401562333107,1.640584409236908,0.12532251421362162,0.2677189763635397,7.524468728023909e-06,0.12532251421362162,0.7394067347049713,0.2020564191043377,1.3852953985333443,1.1832389794290066,512,,,,,,,,,,,
1732,0.7000031992814586,0.7,0.58203125,0.4674863629043102,1.2311438098549843,0.11662533413618803,0.18548147566616535,7.478289192584764e-06,0.11662533413618803,0.7445922568440437,0.1519833207130432,0.9206044301390648,0.7686211094260216,512,,,,,,,,,,,
1733,0.7000031992814586,0.7,0.68359375,0.6640337184071541,1.772988185286522,0.13314494211226702,0.23923513758927584,7.43224034473674e-06,0.13314494211226702,0.737861342728138,0.09385044872760773,1.124448236078024,1.0305977873504162,512,,,,,,,,,,,
1734,0.7000031992814586,0.7,0.5625,0.5765839256346226,1.5273770093917847,0.09312460385262966,0.21984693687409163,7.38632232600786e-06,0.09312460385262966,0.7538476437330246,0.0942474976181984,0.8028953224420547,0.7086478248238564,512,,,,,,,,,,,
1735,0.7000031992814586,0.7,0.59375,0.39432956278324127,1.0416999906301498,0.11626966018229723,0.15323804318904877,7.34053527752403e-06,0.11626966018229723,0.7457861229777336,0.14675868675112724,1.4687709212303162,1.322012234479189,512,,,,,,,,,,,
1736,0.7000031992814586,0.7,0.53125,0.5472807325422764,1.4645455330610275,0.0926485676318407,0.19388083554804325,7.2948793400086315e-06,0.0926485676318407,0.7502050548791885,0.03120126575231552,0.9082870557904243,0.8770857900381088,512,0.0006406724569387734,0.0006406724569387734,0.02,318,0.7000031992814586,318,318,636,0,318,11237
1737,0.7000031992814586,0.7,0.59765625,0.5539828166365623,1.479725331068039,0.14219351951032877,0.19901037868112326,7.249354653782081e-06,0.14219351951032877,0.7411523163318634,0.12265422940254211,1.4382915124297142,1.315637283027172,512,,,,,,,,,,,
1738,0.7000031992814586,0.7,0.5703125,0.6429441869258881,1.7325608283281326,0.1328360540792346,0.2157548051327467,7.203961358761435e-06,0.1328360540792346,0.7462646290659904,0.15190157294273376,1.2164318263530731,1.0645302534103394,512,,,,,,,,,,,
1739,0.7000031992814586,0.7,0.71875,0.48657432571053505,1.2989726066589355,0.15579290967434645,0.17549494840204716,7.158699594459884e-06,0.15579290967434645,0.7384179458022118,0.17794470116496086,1.6917595937848091,1.5138148926198483,512,,,,,,,,,,,
1740,0.7000031992814586,0.7,0.5859375,0.4269540458917618,1.1425115838646889,0.09654225083068013,0.15128849912434816,7.1135694999864e-06,0.09654225083068013,0.741020493209362,0.10928148776292801,0.9022879488766193,0.7930064611136913,512,,,,,,,,,,,
1741,0.7000031992814586,0.7,0.6484375,0.348560094833374,0.9208974391222,0.1594661707058549,0.13534523081034422,7.068571214045256e-06,0.1594661707058549,0.7221313342452049,0.2073347046971321,1.1777113191783428,0.9703766144812107,512,,,,,,,,,,,
1742,0.7000031992814586,0.7,0.59375,0.4670789837837219,1.2475753426551819,0.1111761461943388,0.1678154580295086,7.023704874935627e-06,0.1111761461943388,0.7545507773756981,0.11776869744062424,1.3468179181218147,1.2290492206811905,512,,,,,,,,,,,
1743,0.7000031992814586,0.7,0.66796875,0.48207611963152885,1.265036128461361,0.14979462511837482,0.19580052886158228,6.978970620551162e-06,0.14979462511837482,0.7376098483800888,0.15061309933662415,1.006206952035427,0.855593852698803,512,,,,,,,,,,,
1744,0.7000031992814586,0.7,0.66015625,0.556010764092207,1.497708484530449,0.1377656925469637,0.1871726093813777,6.934368588379553e-06,0.1377656925469637,0.7611401006579399,0.12935517728328705,1.736303761601448,1.606948584318161,512,0.0006946404464542866,0.0006946404464542866,0.02,348,0.7000031992814586,348,348,696,0,348,11030
1745,0.7000031992814586,0.7,0.60546875,0.6566663607954979,1.732618510723114,0.12118495535105467,0.2572794323787093,6.889898915502124e-06,0.12118495535105467,0.7527490109205246,0.1912831999361515,1.6589123755693436,1.467629175633192,512,,,,,,,,,,,
1746,0.7000031992814586,0.7,0.56640625,0.3845548965036869,1.0262069627642632,0.12618732079863548,0.1391108464449644,6.845561738593392e-06,0.12618732079863548,0.733156718313694,0.11223030090332031,0.8475526981055737,0.7353223972022533,512,,,,,,,,,,,
1747,0.7000031992814586,0.7,0.5703125,0.43494050204753876,1.1536874026060104,0.15813034772872925,0.16431407537311316,6.801357193920665e-06,0.15813034772872925,0.7317626848816872,0.14062083140015602,1.7029246985912323,1.5623038671910763,512,,,,,,,,,,,
1748,0.7000031992814586,0.7,0.53125,0.5067874863743782,1.3525384105741978,0.09335096273571253,0.18318117037415504,6.757285417343601e-06,0.09335096273571253,0.7505297511816025,0.12047171592712402,0.6773011237382889,0.5568294078111649,512,,,,,,,,,,,
1749,0.7000031992814586,0.7,0.53125,0.45500220730900764,1.21281386166811,0.10943376086652279,0.16598065104335546,6.71334654431382e-06,0.10943376086652279,0.7599023208022118,0.11036565154790878,1.1408267691731453,1.0304611176252365,512,,,,,,,,,,,
1750,0.7000031992814586,0.7,0.58984375,0.6113734431564808,1.6199994906783104,0.12159285601228476,0.23264728486537933,6.669540709874461e-06,0.12159285601228476,0.7481127455830574,0.11483007669448853,2.0393692776560783,1.9245392009615898,512,,,,,,,,,,,
1751,0.7000031992814586,0.7,0.5625,0.5182223990559578,1.3880573511123657,0.11316595505923033,0.18231351766735315,6.625868048659767e-06,0.11316595505923033,0.7426025122404099,0.11745678260922432,1.7094608470797539,1.5920040644705296,512,,,,,,,,,,,
1752,0.7000031992814586,0.7,0.59765625,0.4877697452902794,1.2850651517510414,0.11552016995847225,0.19302492402493954,6.582328694894729e-06,0.11552016995847225,0.7492992952466011,0.11110950633883476,1.002732090651989,0.8916225843131542,512,0.0006229994469322264,0.0006229994469322264,0.02,270,0.7000031992814586,270,270,540,0,270,11879
1753,0.7000031992814586,0.7,0.7890625,0.4299790821969509,1.1422950327396393,0.09834600891917944,0.16067182831466198,6.538922782394574e-06,0.09834600891917944,0.7496557384729385,0.09022019803524017,0.7453303597867489,0.6551101617515087,512,,,,,,,,,,,
1754,0.7000031992814586,0.7,0.55859375,0.7483310960233212,2.0063826516270638,0.1236036391928792,0.26128723192960024,6.495650444564433e-06,0.1236036391928792,0.7466015443205833,0.13962262868881226,1.1991809159517288,1.0595582872629166,512,,,,,,,,,,,
1755,0.7000031992814586,0.7,0.546875,0.5040385127067566,1.335997000336647,0.10205523250624537,0.19139235746115446,6.452511814398899e-06,0.10205523250624537,0.7484301552176476,0.115199264138937,1.4775335751473904,1.3623343110084534,512,,,,,,,,,,,
1756,0.7000031992814586,0.7,0.62109375,0.7595330141484737,2.0267376750707626,0.10359970619902015,0.27487747091799974,6.409507024481615e-06,0.10359970619902015,0.7532616928219795,0.09518996998667717,0.7862130105495453,0.6910230405628681,512,,,,,,,,,,,
1757,0.7000031992814586,0.7,0.6484375,0.6429120898246765,1.7028596252202988,0.15493683144450188,0.24535871483385563,6.366636206984888e-06,0.15493683144450188,0.7384692206978798,0.1964033767580986,1.4156507328152657,1.219247356057167,512,,,,,,,,,,,
1758,0.7000031992814586,0.7,0.83984375,0.5031808987259865,1.344867393374443,0.10126302763819695,0.1799231730401516,6.3238994936692605e-06,0.10126302763819695,0.7513110116124153,0.08736825361847878,1.1345686689019203,1.0472004152834415,512,,,,,,,,,,,
1759,0.7000031992814586,0.7,0.62109375,0.38408617302775383,1.0195616036653519,0.1357785500586033,0.14433584734797478,6.281297015883131e-06,0.1357785500586033,0.7430785894393921,0.06903062015771866,1.502667136490345,1.4336365163326263,512,,,,,,,,,,,
1760,0.7000031992814586,0.7,0.52734375,0.45574650540947914,1.2144484743475914,0.10921261832118034,0.16660149674862623,6.238828904562316e-06,0.10921261832118034,0.7529150098562241,0.0723603256046772,1.055665299296379,0.9833049736917019,512,0.0006052087992429733,0.0006052087992429733,0.02,404,0.7000031992814586,404,404,808,0,404,11255
1761,0.7000031992814586,0.7,0.58984375,0.6097138673067093,1.6440965682268143,0.11217349488288164,0.2035211455076933,6.196495290229676e-06,0.11217349488288164,0.7577172666788101,0.12646858766674995,1.3508560955524445,1.2243875078856945,512,,,,,,,,,,,
1762,0.7000031992814586,0.7,0.55859375,0.5740073062479496,1.511438325047493,0.11732084956020117,0.22797769028693438,6.154296302994689e-06,0.11732084956020117,0.7485424652695656,0.13635199144482613,1.3282104320824146,1.1918584406375885,512,,,,,,,,,,,
1763,0.7000031992814586,0.7,0.609375,0.5481359213590622,1.467835746705532,0.11213107965886593,0.19318215269595385,6.112232072553087e-06,0.11213107965886593,0.7608495801687241,0.16961630061268806,1.1745668277144432,1.0049505271017551,512,,,,,,,,,,,
1764,0.7000031992814586,0.7,0.55078125,0.4219079054892063,1.1118629053235054,0.09853620734065771,0.16664585936814547,6.070302728186428e-06,0.09853620734065771,0.7487841546535492,0.09200498089194298,1.0597004108130932,0.9676954299211502,512,,,,,,,,,,,
1765,0.7000031992814586,0.7,0.59765625,0.5122412480413914,1.3753719553351402,0.13479887414723635,0.17687417566776276,6.028508398761684e-06,0.13479887414723635,0.7397021353244781,0.0743371769785881,1.6772885248064995,1.6029513478279114,512,,,,,,,,,,,
1766,0.7000031992814586,0.7,0.578125,0.43473065458238125,1.172089658677578,0.11580191645771265,0.1452759075909853,5.986849212730916e-06,0.11580191645771265,0.7469116076827049,0.12508688122034073,1.0034015774726868,0.878314696252346,512,,,,,,,,,,,
1767,0.7000031992814586,0.7,0.53125,0.46907853707671165,1.2364817708730698,0.08669272903352976,0.1849683029577136,5.945325298130799e-06,0.08669272903352976,0.7495629787445068,0.03144745156168938,1.3684696070849895,1.3370221555233002,512,,,,,,,,,,,
1768,0.7000031992814586,0.7,0.546875,0.6740021407604218,1.7970927208662033,0.10289051476866007,0.24533792864531279,5.903936782582253e-06,0.10289051476866007,0.7474560365080833,0.06522252410650253,0.8411591202020645,0.775936596095562,512,0.000693511450663209,0.000693511450663209,0.02,220,0.7000031992814586,220,220,440,0,220,11331
1769,0.7000031992814586,0.7,0.62109375,0.5779508575797081,1.5454585775732994,0.11911502853035927,0.20590759441256523,5.862683793290081e-06,0.11911502853035927,0.7432299554347992,0.16051705181598663,0.8904818929731846,0.729964841157198,512,,,,,,,,,,,
1770,0.7000031992814586,0.7,0.54296875,0.5149512141942978,1.3725410550832748,0.13804219011217356,0.18791711144149303,5.821566457042538e-06,0.13804219011217356,0.7357739061117172,0.1658199056982994,1.3441732004284859,1.1783532947301865,512,,,,,,,,,,,
1771,0.7000031992814586,0.7,0.5625,0.44912608712911606,1.1886107921600342,0.13768463488668203,0.17237731721252203,5.780584900210972e-06,0.13768463488668203,0.7394189164042473,0.15075837820768356,1.5978196263313293,1.4470612481236458,512,,,,,,,,,,,
1772,0.7000031992814586,0.7,0.64453125,0.5129467248916626,1.366959236562252,0.14099090825766325,0.18742471933364868,5.739739248749398e-06,0.14099090825766325,0.7417065501213074,0.13419433683156967,1.5215975195169449,1.3874031826853752,512,,,,,,,,,,,
1773,0.7000031992814586,0.7,0.53125,0.456406669691205,1.2087136283516884,0.12171051977202296,0.1743368487805128,5.699029628194175e-06,0.12171051977202296,0.7489379718899727,0.15907026082277298,1.4277991652488708,1.2687289044260979,512,,,,,,,,,,,
1774,0.7000031992814586,0.7,0.984375,0.5338313933461905,1.430652230978012,0.16718871984630823,0.18701857142150402,5.65845616366355e-06,0.16718871984630823,0.7354418784379959,-0.15385759621858597,1.9445340037345886,2.0983915999531746,512,,,,,,,,,,,
1775,0.7000031992814586,0.7,0.57421875,0.6457542739808559,1.7279406785964966,0.07962411735206842,0.2288904208689928,5.618018979857309e-06,0.07962411735206842,0.7440942227840424,0.08670959249138832,0.5964164063334465,0.5097068138420582,512,,,,,,,,,,,
1776,0.7000031992814586,0.7,0.546875,0.5592701435089111,1.4768896326422691,0.11651506135240197,0.21786828991025686,5.577718201056392e-06,0.11651506135240197,0.7478124722838402,0.13497087359428406,1.6625561863183975,1.5275853127241135,512,0.0006801303825341165,0.0006801303825341165,0.02,247,0.7000031992814586,247,247,494,0,247,10345
1777,0.7000031992814586,0.7,1.59375,0.47662413492798805,1.263356477022171,0.10128267295658588,0.1809589983895421,5.537553951122509e-06,0.10128267295658588,0.744687482714653,0.09428559988737106,0.8432626649737358,0.7489770650863647,512,,,,,,,,,,,
1778,0.7000031992814586,0.7,0.64453125,0.49726982042193413,1.32771597802639,0.1269211177714169,0.1791622107848525,5.497526353497751e-06,0.1269211177714169,0.7473681271076202,0.12608230113983154,1.2082527875900269,1.0821704864501953,512,,,,,,,,,,,
1779,0.7000031992814586,0.7,0.56640625,0.41850694827735424,1.1126452535390854,0.11611139494925737,0.1555575793609023,5.457635531204214e-06,0.11611139494925737,0.7523510381579399,0.11846601590514183,0.8522834181785583,0.7338174022734165,512,,,,,,,,,,,
1780,0.7000031992814586,0.7,0.609375,0.61377227678895,1.6272256597876549,0.1296166479587555,0.23269024677574635,5.41788160684365e-06,0.1296166479587555,0.7472948804497719,0.24925746023654938,1.9582439959049225,1.708986535668373,512,,,,,,,,,,,
1781,0.7000031992814586,0.7,0.5625,0.5296032838523388,1.4000161364674568,0.11877081776037812,0.20484226010739803,5.378264702597035e-06,0.11877081776037812,0.7550170794129372,0.11538126692175865,1.0447759367525578,0.9293946698307991,512,,,,,,,,,,,
1782,0.7000031992814586,0.7,0.53515625,0.7455708347260952,1.9900419563055038,0.10415199585258961,0.2692634826526046,5.33878494022424e-06,0.10415199585258961,0.7417284846305847,0.12780006602406502,0.7941189967095852,0.6663189306855202,512,,,,,,,,,,,
1783,0.7000031992814586,0.7,0.6484375,0.4902534522116184,1.3144493997097015,0.13672602269798517,0.17116705793887377,5.299442441063629e-06,0.13672602269798517,0.7487988173961639,0.09939754754304886,1.9227017238736153,1.8233041763305664,512,,,,,,,,,,,
1784,0.7000031992814586,0.7,0.62890625,0.5596896279603243,1.5002871081233025,0.08647103887051344,0.19574198685586452,5.260237326031697e-06,0.08647103887051344,0.7496947944164276,0.12757696956396103,1.3610591068863869,1.2334821373224258,512,0.0005526416352950037,0.0005526416352950037,0.02,232,0.7000031992814586,232,232,464,0,232,11806
1785,0.7000031992814586,0.7,0.55078125,0.7072658464312553,1.8761362209916115,0.09718449926003814,0.26709351781755686,5.2211697156227204e-06,0.09718449926003814,0.743105448782444,0.10322006791830063,0.7383674085140228,0.6351473405957222,512,,,,,,,,,,,
1786,0.7000031992814586,0.7,0.60546875,0.41916103288531303,1.1128995791077614,0.1120079169049859,0.1572852786630392,5.182239729908333e-06,0.1120079169049859,0.7277758568525314,0.19997020810842514,1.1626474559307098,0.9626772478222847,512,,,,,,,,,,,
1787,0.7000031992814586,0.7,0.51953125,0.4569978378713131,1.2103850543498993,0.09765051398426294,0.1744568021968007,5.143447488537212e-06,0.09765051398426294,0.7557226419448853,0.10107707604765892,0.8902156986296177,0.7891386225819588,512,,,,,,,,,,,
1788,0.7000031992814586,0.7,0.58984375,0.5561232157051563,1.4808253273367882,0.12281485088169575,0.20439647883176804,5.104793110734668e-06,0.12281485088169575,0.7542602196335793,0.14735060185194016,1.1261406317353249,0.9787900298833847,512,,,,,,,,,,,
1789,0.7000031992814586,0.7,0.82421875,0.672680888324976,1.8122778981924057,0.1023749872110784,0.22614892199635506,5.066276715302304e-06,0.1023749872110784,0.7447094470262527,0.041367776691913605,1.1472431048750877,1.1058753281831741,512,,,,,,,,,,,
1790,0.7000031992814586,0.7,0.64453125,0.49177736788988113,1.285820871591568,0.13305357191711664,0.20441350992769003,5.027898420617666e-06,0.13305357191711664,0.7590722516179085,0.03533092141151428,2.5032467395067215,2.467915818095207,512,,,,,,,,,,,
1791,0.7000031992814586,0.7,0.5546875,0.450182244181633,1.1983814239501953,0.1045767068862915,0.16580713260918856,4.989658344633818e-06,0.1045767068862915,0.7394140586256981,0.12899629771709442,0.7673678211867809,0.6383715234696865,512,,,,,,,,,,,
1792,0.7000031992814586,0.7,0.50390625,0.39979387260973454,1.0734619200229645,0.11866683512926102,0.13803459610790014,4.951556604879048e-06,0.11866683512926102,0.7482397332787514,0.07963750883936882,1.4909637533128262,1.4113262444734573,512,0.0005912273190915585,0.0005912273190915585,0.02,208,0.7000031992814586,208,208,416,0,208,11087
1793,0.7000031992814586,0.7,0.71875,0.5374021101742983,1.4051268734037876,0.1834857938811183,0.22336430475115776,4.9135933184564554e-06,0.1834857938811183,0.7314892411231995,0.13651873171329498,1.2511146515607834,1.1145959198474884,512,,,,,,,,,,,
1794,0.7000031992814586,0.7,0.6015625,0.5043416246771812,1.351888082921505,0.1152860214933753,0.17641976568847895,4.875768602043629e-06,0.1152860214933753,0.7373681515455246,0.09754028171300888,0.8086086325347424,0.7110683508217335,512,,,,,,,,,,,
1795,0.7000031992814586,0.7,0.5625,0.49870502576231956,1.323917880654335,0.10329046007245779,0.18730943091213703,4.838082571892272e-06,0.10329046007245779,0.7507006675004959,0.0845331996679306,1.1188017800450325,1.034268580377102,512,,,,,,,,,,,
1796,0.7000031992814586,0.7,0.75390625,0.7504826672375202,1.9893464595079422,0.162201221100986,0.2848433731123805,4.800535343827833e-06,0.162201221100986,0.753801241517067,0.16593268513679504,2.6139851212501526,2.4480524361133575,512,,,,,,,,,,,
1797,0.7000031992814586,0.7,1.640625,0.612309530377388,1.5946067497134209,0.11943082977086306,0.2608765810728073,4.76312703324917e-06,0.11943082977086306,0.7530859112739563,0.10549238324165344,1.072129800915718,0.9666374176740646,512,,,,,,,,,,,
1798,0.7000031992814586,0.7,0.59375,0.6924185156822205,1.836390808224678,0.11389485839754343,0.26184704434126616,4.725857755128188e-06,0.11389485839754343,0.7419897317886353,0.1086011491715908,1.0321253426373005,0.9235241934657097,512,,,,,,,,,,,
1799,0.7000031992814586,0.7,0.54296875,0.6628194935619831,1.7907901480793953,0.10280857933685184,0.21775367204099894,4.688727624009482e-06,0.10280857933685184,0.7484863102436066,0.03651677444577217,1.495936993509531,1.4594202190637589,512,,,,,,,,,,,
1800,0.7000031992814586,0.7,0.5703125,0.40130677819252014,1.0669679790735245,0.10652964981272817,0.14911314379423857,4.651736754009972e-06,0.10652964981272817,0.7589379623532295,0.0952505823224783,1.4916917011141777,1.3964411187916994,512,0.0007022326462902129,0.0007022326462902129,0.02,200,0.7000031992814586,200,200,400,0,200,11502
1801,0.7000031992814586,0.7,0.62890625,0.4916318953037262,1.3130082041025162,0.13025026582181454,0.17678533773869276,4.6148852588186135e-06,0.13025026582181454,0.7535790875554085,0.1294693425297737,1.707629755139351,1.5781604126095772,512,,,,,,,,,,,
1802,0.7000031992814586,0.7,0.65625,0.6357923708856106,1.6979972422122955,0.11275197006762028,0.22864622995257378,4.5781732516959605e-06,0.11275197006762028,0.7470507621765137,0.034994371235370636,1.6990964859724045,1.6641021147370338,512,,,,,,,,,,,
1803,0.7000031992814586,0.7,0.55859375,0.4862634502351284,1.2920743748545647,0.08642843691632152,0.1814511576667428,4.541600845473881e-06,0.08642843691632152,0.7536279037594795,0.10117219388484955,0.7419351562857628,0.6407629624009132,512,,,,,,,,,,,
1804,0.7000031992814586,0.7,0.53515625,0.45864344388246536,1.217018023133278,0.1108684865757823,0.1728105377405882,4.505168152555173e-06,0.1108684865757823,0.7450243979692459,0.13376305624842644,0.8229869604110718,0.6892239041626453,512,,,,,,,,,,,
1805,0.7000031992814586,0.7,0.53515625,0.6061537396162748,1.6087747514247894,0.14984541852027178,0.22805469390004873,4.468875284913254e-06,0.14984541852027178,0.7242309376597404,0.18400557339191437,1.5083572417497635,1.3243516683578491,512,,,,,,,,,,,
1806,0.7000031992814586,0.7,0.58203125,0.6175849847495556,1.6488062739372253,0.11301204562187195,0.22266328893601894,4.432722354091778e-06,0.11301204562187195,0.7492846474051476,0.036765772849321365,1.332840047776699,1.2960742749273777,512,,,,,,,,,,,
1807,0.7000031992814586,0.7,0.54296875,0.5931785106658936,1.5683658123016357,0.10192729998379946,0.22914470732212067,4.396709471204325e-06,0.10192729998379946,0.7456933483481407,0.09061696007847786,0.7858574911952019,0.695240531116724,512,,,,,,,,,,,
1808,0.7000031992814586,0.7,0.65234375,0.5791387632489204,1.55668605864048,0.1243833377957344,0.19827979803085327,4.360836746934055e-06,0.1243833377957344,0.7563329860568047,0.1370883509516716,1.4231188967823982,1.2860305458307266,512,0.0006880122818984091,0.0006880122818984091,0.02,210,0.7000031992814586,210,210,420,0,210,9075
1809,0.7000031992814586,0.7,0.66015625,0.5580383464694023,1.4848245903849602,0.1258509447798133,0.20620061084628105,4.325104291533344e-06,0.1258509447798133,0.7295727357268333,0.17839017510414124,1.9992305487394333,1.820840373635292,512,,,,,,,,,,,
1810,0.7000031992814586,0.7,0.6015625,0.43763890862464905,1.1463978812098503,0.12517148721963167,0.17978058010339737,4.289512214823466e-06,0.12517148721963167,0.7404662892222404,0.155201718211174,1.3196426406502724,1.1644409224390984,512,,,,,,,,,,,
1811,0.7000031992814586,0.7,0.55859375,0.6703484728932381,1.7841693460941315,0.14372958149760962,0.24718961399048567,4.254060626194262e-06,0.14372958149760962,0.7275951877236366,0.13326720520853996,1.2675805501639843,1.1343133449554443,512,,,,,,,,,,,
1812,0.7000031992814586,0.7,0.6015625,0.4218283984810114,1.119999848306179,0.1268718228675425,0.15826800093054771,4.2187496346037695e-06,0.1268718228675425,0.7349853292107582,0.13461275398731232,1.0936652272939682,0.9590524733066559,512,,,,,,,,,,,
1813,0.7000031992814586,0.7,0.6171875,0.6377907022833824,1.7005962431430817,0.12838303111493587,0.2321027684956789,4.1835793485779315e-06,0.12838303111493587,0.7425097525119781,0.11602870002388954,1.0085595399141312,0.8925308398902416,512,,,,,,,,,,,
1814,0.7000031992814586,0.7,0.5,0.3810923770070076,1.0161935910582542,0.10841536708176136,0.138631752692163,4.148549876210223e-06,0.10841536708176136,0.7546117827296257,0.12674642354249954,1.5296846069395542,1.4029381833970547,512,,,,,,,,,,,
1815,0.7000031992814586,0.7,0.59765625,0.38579774275422096,1.0265296548604965,0.15440083015710115,0.14255436975508928,4.113661325161367e-06,0.15440083015710115,0.7270434200763702,0.18802715837955475,1.7593107894062996,1.5712836310267448,512,,,,,,,,,,,
1816,0.7000031992814586,0.7,0.58984375,0.5066086314618587,1.3515204265713692,0.12770281545817852,0.18365722056478262,4.078913802658946e-06,0.12770281545817852,0.7513769418001175,0.1270660199224949,0.9555304758250713,0.8284644559025764,512,0.0006052510580047965,0.0006052510580047965,0.02,164,0.7000031992814586,164,164,328,0,164,9503
1817,0.7000031992814586,0.7,0.61328125,0.6613061986863613,1.7662417143583298,0.09856936428695917,0.23771639354526997,4.044307415497112e-06,0.09856936428695917,0.7498046606779099,0.12490452453494072,0.801580585539341,0.6766760610044003,512,,,,,,,,,,,
1818,0.7000031992814586,0.7,0.5625,0.5712452456355095,1.5246832817792892,0.12576310336589813,0.20636281836777925,4.009842270036252e-06,0.12576310336589813,0.746757797896862,0.15650910511612892,1.0501314848661423,0.8936223797500134,512,,,,,,,,,,,
1819,0.7000031992814586,0.7,0.61328125,0.5028366111218929,1.3306628912687302,0.16549693420529366,0.19308434333652258,3.975518472202644e-06,0.16549693420529366,0.7408837601542473,0.21693846955895424,1.6570514813065529,1.4401130117475986,512,,,,,,,,,,,
1820,0.7000031992814586,0.7,0.6640625,0.3445264436304569,0.9152139946818352,0.1212272560223937,0.1288054920732975,3.941336127488149e-06,0.1212272560223937,0.7511401176452637,0.1993013210594654,1.4676018580794334,1.268300537019968,512,,,,,,,,,,,
1821,0.7000031992814586,0.7,0.6875,0.6673030592501163,1.7863965332508087,0.10191404540091753,0.23573387041687965,3.907295340949879e-06,0.10191404540091753,0.7440478280186653,0.13225315511226654,0.878307469189167,0.7460543140769005,512,,,,,,,,,,,
1822,0.7000031992814586,0.7,0.53125,0.6922132708132267,1.8589645475149155,0.1027316665276885,0.23865138739347458,3.873396217209891e-06,0.1027316665276885,0.752678208053112,0.11085544899106026,1.3174417316913605,1.2065862827003002,512,,,,,,,,,,,
1823,0.7000031992814586,0.7,0.640625,0.39753130078315735,1.0617493987083435,0.16271292325109243,0.14289083890616894,3.839638860454842e-06,0.16271292325109243,0.7407495155930519,0.027090616524219513,2.215843088924885,2.1887524724006653,512,,,,,,,,,,,
1824,0.7000031992814586,0.7,0.54296875,0.4717238135635853,1.2522621154785156,0.10619661025702953,0.17720395047217607,3.8060233744356633e-06,0.10619661025702953,0.7428661957383156,0.11118179559707642,0.7131766490638256,0.6019948534667492,512,0.0005760506028309464,0.0005760506028309464,0.02,139,0.7000031992814586,139,139,278,0,139,10522
1825,0.7000031992814586,0.7,0.68359375,0.4990459457039833,1.3294230103492737,0.14866394782438874,0.18283740989863873,3.7725498624672786e-06,0.14866394782438874,0.7251073867082596,0.05316474288702011,1.5601121634244919,1.5069474205374718,512,,,,,,,,,,,
1826,0.7000031992814586,0.7,0.6875,0.511930838227272,1.3245666772127151,0.12200348172336817,0.22673885896801949,3.7392184274282537e-06,0.12200348172336817,0.7391308397054672,0.08627661690115929,1.48127943277359,1.3950028158724308,512,,,,,,,,,,,
1827,0.7000031992814586,0.7,0.578125,0.5389868281781673,1.4307103529572487,0.10436650458723307,0.202583028934896,3.7060291717604833e-06,0.10436650458723307,0.7525415048003197,0.12567251175642014,1.4533392675220966,1.3276667557656765,512,,,,,,,,,,,
1828,0.7000031992814586,0.7,0.5703125,0.6328834518790245,1.6828118413686752,0.10957146249711514,0.23501670453697443,3.6729821974688937e-06,0.10957146249711514,0.7633617892861366,0.18005158007144928,1.5762261971831322,1.396174617111683,512,,,,,,,,,,,
1829,0.7000031992814586,0.7,0.546875,0.5018296875059605,1.3201781958341599,0.09977078624069691,0.2005177428945899,3.6400776061211227e-06,0.09977078624069691,0.7508422434329987,0.11670583114027977,0.8082797080278397,0.6915738768875599,512,,,,,,,,,,,
1830,0.7000031992814586,0.7,0.765625,0.4783102050423622,1.2663049399852753,0.1159076988697052,0.1831198912113905,3.6073154988471967e-06,0.1159076988697052,0.7381762340664864,0.12747670337557793,0.8517105355858803,0.7242338322103024,512,,,,,,,,,,,
1831,0.7000031992814586,0.7,0.57421875,0.6018495932221413,1.59253840893507,0.11330968886613846,0.2312481589615345,3.574695976339226e-06,0.11330968886613846,0.7288256660103798,0.17772850394248962,1.1954414956271648,1.0177129916846752,512,,,,,,,,,,,
1832,0.7000031992814586,0.7,0.56640625,0.46829812973737717,1.2403405383229256,0.10794991627335548,0.17874467745423317,3.542219138851094e-06,0.10794991627335548,0.7481615915894508,0.06546298414468765,0.9434620663523674,0.8779990822076797,512,0.0005842733662575483,0.0005842733662575483,0.02,158,0.7000031992814586,158,158,316,0,158,9396
1833,0.7000031992814586,0.7,0.58203125,0.6035185232758522,1.6084899082779884,0.1032273406162858,0.22035402432084084,3.509885086198167e-06,0.1032273406162858,0.7530834749341011,0.09447702765464783,0.7720118947327137,0.6775348670780659,512,,,,,,,,,,,
1834,0.7000031992814586,0.7,0.55078125,0.6009724400937557,1.6126329377293587,0.09402444865554571,0.2084955945611,3.4776939177569468e-06,0.09402444865554571,0.7393578737974167,0.09786555171012878,1.035203956067562,0.9373384043574333,512,,,,,,,,,,,
1835,0.7000031992814586,0.7,0.57421875,0.3544966224581003,0.9371727108955383,0.12218508357182145,0.1370594408363104,3.445645732464803e-06,0.12218508357182145,0.7503661885857582,0.1389748379588127,1.0024660378694534,0.8634911999106407,512,,,,,,,,,,,
1836,0.7000031992814586,0.7,0.671875,0.7722927518188953,2.0536272525787354,0.16238869819790125,0.2866536984220147,3.4137406288196725e-06,0.16238869819790125,0.7355956882238388,0.18055502325296402,1.4847617372870445,1.3042067140340805,512,,,,,,,,,,,
1837,0.7000031992814586,0.7,0.5390625,0.3391502723097801,0.8933419287204742,0.09137736400589347,0.13438611757010221,3.3819787048797236e-06,0.09137736400589347,0.7547363191843033,0.11384817957878113,0.9052976109087467,0.7914494313299656,512,,,,,,,,,,,
1838,0.7000031992814586,0.7,0.60546875,0.46864425763487816,1.2261307090520859,0.1271825423464179,0.1940033519640565,3.350360058263058e-06,0.1271825423464179,0.7442333847284317,0.06878584623336792,1.0195492506027222,0.9507634043693542,512,,,,,,,,,,,
1839,0.7000031992814586,0.7,1.109375,0.5605541653931141,1.431984156370163,0.10445845406502485,0.26666476018726826,3.3188847861474525e-06,0.10445845406502485,0.7422021254897118,0.030638255178928375,1.0986725464463234,1.068034291267395,512,,,,,,,,,,,
1840,0.7000031992814586,0.7,0.55078125,0.619043655693531,1.6755253970623016,0.13664135430008173,0.2003644397482276,3.2875529852700147e-06,0.13664135430008173,0.7372021302580833,0.20784564688801765,1.8272367902100086,1.619391143321991,512,0.000592720287386328,0.000592720287386328,0.02,160,0.7000031992814586,160,160,320,0,160,8349
1841,0.7000031992814586,0.7,0.5625,0.6076364647597075,1.6273807361721992,0.16137825138866901,0.2139418125152588,3.2563647519269048e-06,0.16137825138866901,0.7355077937245369,0.20612378418445587,2.4679094702005386,2.2617856860160828,512,,,,,,,,,,,
1842,0.7000031992814586,0.7,0.64453125,0.7508038468658924,1.9915048331022263,0.121292675845325,0.283658224157989,3.225320181973035e-06,0.121292675845325,0.7432763576507568,0.12998127192258835,0.9740800857543945,0.8440988138318062,512,,,,,,,,,,,
1843,0.7000031992814586,0.7,0.5703125,0.4796471893787384,1.274674654006958,0.12939429096877575,0.1788015952333808,3.1944193708217994e-06,0.12939429096877575,0.7476660013198853,0.11782943457365036,1.7621920630335808,1.6443626284599304,512,,,,,,,,,,,
1844,0.7000031992814586,0.7,1.125,0.4834737852215767,1.2897846475243568,0.13177093863487244,0.17528739385306835,3.1636624134447344e-06,0.13177093863487244,0.7401098534464836,0.16185207664966583,1.6493206471204758,1.48746857047081,512,,,,,,,,,,,
1845,0.7000031992814586,0.7,0.63671875,0.5247967131435871,1.3912135735154152,0.17681465111672878,0.19907940179109573,3.133049404371258e-06,0.17681465111672878,0.7404443174600601,0.24682290852069855,1.497645042836666,1.2508221343159676,512,,,,,,,,,,,
1846,0.7000031992814586,0.7,0.765625,0.49166766181588173,1.3212662488222122,0.13741430640220642,0.1686357157304883,3.1025804376883793e-06,0.13741430640220642,0.7449218481779099,0.15618600696325302,1.82414261251688,1.667956605553627,512,,,,,,,,,,,
1847,0.7000031992814586,0.7,0.5,0.5149115640670061,1.3678247854113579,0.08185980934649706,0.19251321908086538,3.0722556070403973e-06,0.08185980934649706,0.7397143319249153,0.09605983644723892,0.6148608028888702,0.5188009664416313,512,,,,,,,,,,,
1848,0.7000031992814586,0.7,0.5234375,0.29258268140256405,0.7746049985289574,0.11670681089162827,0.11200915463268757,3.0420750056286195e-06,0.11670681089162827,0.7354833856225014,0.12235590443015099,1.0353188253939152,0.9129629209637642,512,0.0005335000460036099,0.0005335000460036099,0.02,155,0.7000031992814586,155,155,310,0,155,8437
1849,0.7000031992814586,0.7,0.6015625,0.4568523280322552,1.2215551435947418,0.14891972299665213,0.16284583043307066,3.012038726211064e-06,0.14891972299665213,0.7333520278334618,0.15999288856983185,1.7329152077436447,1.5729223191738129,512,,,,,,,,,,,
1850,0.7000031992814586,0.7,0.51171875,0.3629190977662802,0.9662684723734856,0.09956303099170327,0.13348631747066975,2.9821468611022198e-06,0.09956303099170327,0.7469701766967773,0.09735523164272308,0.7376442477107048,0.6402890160679817,512,,,,,,,,,,,
1851,0.7000031992814586,0.7,0.56640625,0.5537088178098202,1.469203993678093,0.12500064261257648,0.20870145503431559,2.9523995021726926e-06,0.12500064261257648,0.7405566349625587,0.13183332979679108,1.4977106600999832,1.3658773303031921,512,,,,,,,,,,,
1852,0.7000031992814586,0.7,0.6328125,0.6430098339915276,1.712059997022152,0.14268247224390507,0.23645455203950405,2.9227967408489653e-06,0.14268247224390507,0.7378905937075615,0.1832422912120819,1.2544637769460678,1.071221485733986,512,,,,,,,,,,,
1853,0.7000031992814586,0.7,0.68359375,0.4959864914417267,1.3270300701260567,0.12457726895809174,0.17595929745584726,2.8933386681131212e-06,0.12457726895809174,0.7467797547578812,0.1488388329744339,1.7287972643971443,1.5799584314227104,512,,,,,,,,,,,
1854,0.7000031992814586,0.7,0.58984375,0.6565440017729998,1.7526666447520256,0.11690984200686216,0.23686050903052092,2.8640253745025493e-06,0.11690984200686216,0.7345409765839577,0.12030381709337234,1.4877821654081345,1.3674783483147621,512,,,,,,,,,,,
1855,0.7000031992814586,0.7,0.546875,0.5900672487914562,1.5710116177797318,0.10536887310445309,0.2170708579942584,2.8348569501096544e-06,0.10536887310445309,0.752087377011776,0.1358819380402565,1.3848448060452938,1.2489628680050373,512,,,,,,,,,,,
1856,0.7000031992814586,0.7,0.8671875,0.45260563120245934,1.193550854921341,0.13668782077729702,0.17798130679875612,2.8058334845816213e-06,0.13668782077729702,0.7357690259814262,0.15245020762085915,1.7170525416731834,1.5646023340523243,512,0.0008508703904226422,0.0008508703904226422,0.02,131,0.7000031992814586,131,131,262,0,131,10938
1857,0.7000031992814586,0.7,0.52734375,0.40878582186996937,1.0942917168140411,0.10457334481179714,0.14445314649492502,2.7769550671201017e-06,0.10457334481179714,0.7394750639796257,0.174555204808712,1.1939250640571117,1.0193698592483997,512,,,,,,,,,,,
1858,0.7000031992814586,0.7,0.609375,0.6329905390739441,1.6876610815525055,0.10956661170348525,0.23049201257526875,2.7482217864809477e-06,0.10956661170348525,0.7464794814586639,0.14187999814748764,1.0629430711269379,0.9210630729794502,512,,,,,,,,,,,
1859,0.7000031992814586,0.7,0.73046875,0.5225183255970478,1.3882333561778069,0.1240461589768529,0.19515542592853308,2.7196337309739417e-06,0.1240461589768529,0.7447582855820656,0.11847002059221268,1.0720419585704803,0.9535719379782677,512,,,,,,,,,,,
1860,0.7000031992814586,0.7,0.5546875,0.5362855531275272,1.422258123755455,0.10764407552778721,0.20284952595829964,2.691190988462522e-06,0.10764407552778721,0.7499291747808456,0.08266284689307213,0.9652503170073032,0.8825874701142311,512,,,,,,,,,,,
1861,0.7000031992814586,0.7,0.6484375,0.36261015571653843,0.966868668794632,0.12010982353240252,0.13194994628429413,2.6628936463635567e-06,0.12010982353240252,0.7503124922513962,0.14554531872272491,1.399424485862255,1.2538791671395302,512,,,,,,,,,,,
1862,0.7000031992814586,0.7,0.546875,0.4190426953136921,1.1145760491490364,0.11349443439394236,0.1552502503618598,2.634741791646983e-06,0.11349443439394236,0.7501708790659904,0.10128691792488098,1.065503068268299,0.9642161503434181,512,,,,,,,,,,,
1863,0.7000031992814586,0.7,0.56640625,0.5363220013678074,1.4450831040740013,0.09828677587211132,0.18013507407158613,2.6067355108356173e-06,0.09828677587211132,0.7325854301452637,0.10965768620371819,0.8905082270503044,0.7808505408465862,512,,,,,,,,,,,
1864,0.7000031992814586,0.7,0.56640625,0.4467931501567364,1.1802295669913292,0.1262687472626567,0.17368901520967484,2.5788748900048676e-06,0.1262687472626567,0.7392114102840424,0.14551052451133728,1.2205991968512535,1.0750886723399162,512,0.0005561611615121365,0.0005561611615121365,0.02,88,0.7000031992814586,88,88,176,0,88,10505
1865,0.7000031992814586,0.7,0.52734375,0.3912346176803112,1.0485904589295387,0.09738741279579699,0.13696893583983183,2.55116001478245e-06,0.09738741279579699,0.7430932372808456,0.0989116933196783,0.7634170949459076,0.6645054016262293,512,,,,,,,,,,,
1866,0.7000031992814586,0.7,0.5859375,0.4543175473809242,1.2098189517855644,0.15077723655849695,0.16690083127468824,2.5235909703481665e-06,0.15077723655849695,0.7459325939416885,0.17696106433868408,1.6805751621723175,1.5036140978336334,512,,,,,,,,,,,
1867,0.7000031992814586,0.7,0.52734375,0.550967525690794,1.4633814245462418,0.12305754330009222,0.20621701423078775,2.496167841433594e-06,0.12305754330009222,0.7549755647778511,0.17573747783899307,1.7260897681117058,1.5503522902727127,512,,,,,,,,,,,
1868,0.7000031992814586,0.7,0.57421875,0.6555569972842932,1.7471427097916603,0.1069583734497428,0.2393935974687338,2.468890712321864e-06,0.1069583734497428,0.7513207718729973,0.12303049862384796,0.8627285733819008,0.7396980747580528,512,,,,,,,,,,,
1869,0.7000031992814586,0.7,0.50390625,0.4536917768418789,1.2063890472054482,0.09400484897196293,0.16843449510633945,2.441759666847371e-06,0.09400484897196293,0.748720683157444,0.078734640032053,0.6897976025938988,0.6110629625618458,512,,,,,,,,,,,
1870,0.7000031992814586,0.7,0.5859375,0.5074679665267467,1.3580352514982224,0.1385011775419116,0.17974639125168324,2.4147747883955464e-06,0.1385011775419116,0.7405126765370369,0.17506161332130432,1.0676496624946594,0.8925880491733551,512,,,,,,,,,,,
1871,0.7000031992814586,0.7,0.61328125,0.5143334697932005,1.3613741844892502,0.12696108873933554,0.19721205346286297,2.387936159902582e-06,0.12696108873933554,0.7592602297663689,0.1515716202557087,1.7392049059271812,1.5876332856714725,512,,,,,,,,,,,
1872,0.7000031992814586,0.7,0.66015625,0.6336538270115852,1.692111723124981,0.12463316041976213,0.22805125266313553,2.361243863855184e-06,0.12463316041976213,0.7396606355905533,0.22576792538166046,1.891217440366745,1.6654495149850845,512,0.0004706890613306314,0.0004706890613306314,0.02,86,0.7000031992814586,86,86,172,0,86,6920
1873,0.7000031992814586,0.7,0.546875,0.5865990966558456,1.5687426626682281,0.10312615893781185,0.20883026346564293,2.334697982290307e-06,0.10312615893781185,0.7456616088747978,0.1159096509218216,1.4174702167510986,1.301560565829277,512,,,,,,,,,,,
1874,0.7000031992814586,0.7,0.546875,0.42880475893616676,1.1497972160577774,0.0874498407356441,0.14961108844727278,2.3082985967949167e-06,0.0874498407356441,0.7384863123297691,0.09639842435717583,0.6211192458868027,0.5247208215296268,512,,,,,,,,,,,
1875,0.7000031992814586,0.7,0.59765625,0.6319229789078236,1.6777207404375076,0.10000462085008621,0.23719728644937277,2.2820457885057325e-06,0.10000462085008621,0.7441332638263702,0.017124362289905548,1.2992559671401978,1.2821316048502922,512,,,,,,,,,,,
1876,0.7000031992814586,0.7,0.5625,0.5309960879385471,1.4277761578559875,0.10175345093011856,0.18130283523350954,2.2559396381089838e-06,0.10175345093011856,0.7524633482098579,0.08765703067183495,1.1305317655205727,1.0428747348487377,512,,,,,,,,,,,
1877,0.7000031992814586,0.7,0.54296875,0.3010028079152107,0.7941160872578621,0.11238887999206781,0.118013602681458,2.229980225840134e-06,0.11238887999206781,0.7542773261666298,0.05631840229034424,1.322934579104185,1.2666161768138409,512,,,,,,,,,,,
1878,0.7000031992814586,0.7,0.5703125,0.6222557388246059,1.6798857375979424,0.1296754702925682,0.205737616866827,2.204167631483689e-06,0.1296754702925682,0.7367748916149139,0.20747144520282745,1.730451375246048,1.5229799300432205,512,,,,,,,,,,,
1879,0.7000031992814586,0.7,0.7578125,0.44401004910469055,1.1772125884890556,0.1641306634992361,0.16827235277742147,2.1785019343729063e-06,0.1641306634992361,0.7188427671790123,0.31178172305226326,1.6731071472167969,1.3613254241645336,512,,,,,,,,,,,
1880,0.7000031992814586,0.7,0.59375,0.38833970949053764,1.027272529900074,0.12862367276102304,0.14951441995799541,2.152983213389559e-06,0.12862367276102304,0.7392187267541885,0.13575202599167824,1.226820394396782,1.0910683684051037,512,0.0009476877748966217,0.0009476877748966217,0.02,95,0.7000031992814586,95,95,190,0,95,4809
1881,0.7000031992814586,0.7,0.51953125,0.532974362373352,1.4288198798894882,0.10380653943866491,0.18625386245548725,2.127611546963698e-06,0.10380653943866491,0.7413085699081421,0.06490254774689674,1.3865512311458588,1.321648683398962,512,,,,,,,,,,,
1882,0.7000031992814586,0.7,0.66796875,0.4392344243824482,1.1707530170679092,0.11061117192730308,0.16026034113019705,2.1023870130734257e-06,0.11061117192730308,0.7491699084639549,0.08693293482065201,1.2653105333447456,1.1783775985240936,512,,,,,,,,,,,
1883,0.7000031992814586,0.7,0.60546875,0.5486552137881517,1.4662874713540077,0.11568920128047466,0.19630403630435467,2.077309689244633e-06,0.11568920128047466,0.7497826814651489,0.11061986535787582,0.9163961634039879,0.8057762980461121,512,,,,,,,,,,,
1884,0.7000031992814586,0.7,0.6953125,0.5031227245926857,1.3475124165415764,0.13188375439494848,0.1771018635481596,2.0523796525507623e-06,0.13188375439494848,0.7294897139072418,0.14257140830159187,1.086979914456606,0.944408506155014,512,,,,,,,,,,,
1885,0.7000031992814586,0.7,0.52734375,0.5727091990411282,1.5373010635375977,0.1120633166283369,0.1981812547892332,2.027596979612606e-06,0.1120633166283369,0.7490893378853798,0.15059981495141983,1.0984734296798706,0.9478736147284508,512,,,,,,,,,,,
1886,0.7000031992814586,0.7,0.5,0.4508098214864731,1.2041611894965172,0.11568790301680565,0.16192913614213467,2.0029617465980142e-06,0.11568790301680565,0.7379931733012199,0.12562593445181847,1.2445910014212132,1.1189650669693947,512,,,,,,,,,,,
1887,0.7000031992814586,0.7,0.53515625,0.3199279382824898,0.8475440926849842,0.11742141656577587,0.12193445675075054,1.9784740292217108e-06,0.11742141656577587,0.7474731355905533,0.13241732120513916,0.9114389643073082,0.779021643102169,512,,,,,,,,,,,
1888,0.7000031992814586,0.7,0.6328125,0.6162450760602951,1.6362660378217697,0.1264618718996644,0.23114317376166582,1.9541339027450256e-06,0.1264618718996644,0.7493163794279099,0.1158691942691803,1.6500287055969238,1.5341595113277435,512,0.000588127295486629,0.000588127295486629,0.02,89,0.7000031992814586,89,89,178,0,89,2181
1889,0.7000031992814586,0.7,0.7734375,0.5118684284389019,1.3483044728636742,0.10717440396547318,0.20281191729009151,1.9299414419756856e-06,0.10717440396547318,0.7451464682817459,0.2981702946126461,1.3718124255537987,1.0736421309411526,512,,,,,,,,,,,
1890,0.7000031992814586,0.7,0.69921875,0.5031524002552032,1.3379776179790497,0.15242224466055632,0.1867265971377492,1.9058967212675804e-06,0.15242224466055632,0.7400781139731407,0.21508446335792542,1.7621537372469902,1.5470692738890648,512,,,,,,,,,,,
1891,0.7000031992814586,0.7,0.6328125,0.5948632098734379,1.5978055819869041,0.16037081088870764,0.20481011550873518,1.881999814520513e-06,0.16037081088870764,0.7269628643989563,0.03806512802839279,2.4846924170851707,2.446627289056778,512,,,,,,,,,,,
1892,0.7000031992814586,0.7,0.59765625,0.5168425440788269,1.3595185428857803,0.12050155457109213,0.20667092874646187,1.8582507951800277e-06,0.12050155457109213,0.7506420686841011,0.18573183566331863,1.7438189908862114,1.5580871552228928,512,,,,,,,,,,,
1893,0.7000031992814586,0.7,0.93359375,0.5212591290473938,1.406099408864975,0.14734274987131357,0.17347367201000452,1.8346497362371095e-06,0.14734274987131357,0.7464233338832855,0.05675406754016876,1.8044916987419128,1.747737631201744,512,,,,,,,,,,,
1894,0.7000031992814586,0.7,0.62109375,0.5562984049320221,1.4862538054585457,0.10921407863497734,0.19949886295944452,1.811196710228008e-06,0.10921407863497734,0.7257250845432281,0.1363324336707592,1.1759850457310677,1.0396526120603085,512,,,,,,,,,,,
1895,0.7000031992814586,0.7,0.53515625,0.3166321814060211,0.8394154906272888,0.11718498263508081,0.12007592897862196,1.7878917892340086e-06,0.11718498263508081,0.7372973412275314,0.08395873755216599,0.9817800298333168,0.8978212922811508,512,,,,,,,,,,,
1896,0.7000031992814586,0.7,0.55859375,0.6551944110542536,1.749453704804182,0.10675785969942808,0.2359838280826807,1.7647350448812106e-06,0.10675785969942808,0.7457738965749741,0.1207440048456192,0.7806055583059788,0.6598615534603596,512,0.00046124079381115735,0.00046124079381115735,0.02,48,0.7000031992814586,48,48,96,0,48,10110
1897,0.7000031992814586,0.7,0.64453125,0.6307521797716618,1.6869022250175476,0.10825444478541613,0.22446793038398027,1.7417265483402834e-06,0.10825444478541613,0.7585546746850014,0.09460382908582687,1.602149859070778,1.507546029984951,512,,,,,,,,,,,
1898,0.7000031992814586,0.7,0.609375,0.3402676358819008,0.8970585316419601,0.09355393424630165,0.13405547570437193,1.718866370326283e-06,0.09355393424630165,0.7400707826018333,0.06654918566346169,1.0616785734891891,0.9951293878257275,512,,,,,,,,,,,
1899,0.7000031992814586,0.7,0.5625,0.7370469383895397,1.9849801436066628,0.11400490812957287,0.24849530402570963,1.6961545810984246e-06,0.11400490812957287,0.7527343332767487,0.11904922872781754,0.8407409228384495,0.7216916941106319,512,,,,,,,,,,,
1900,0.7000031992814586,0.7,0.51171875,0.49405059963464737,1.3221790865063667,0.08190439315512776,0.17494387365877628,1.6735912504598383e-06,0.08190439315512776,0.7493945136666298,0.08741915598511696,0.6517447009682655,0.5643255449831486,512,,,,,,,,,,,
1901,0.7000031992814586,0.7,0.60546875,0.6209156960248947,1.6739463061094284,0.13257078919559717,0.20761629845947027,1.6511764477573965e-06,0.13257078919559717,0.7435595691204071,0.15839402005076408,1.4648382440209389,1.3064442239701748,512,,,,,,,,,,,
1902,0.7000031992814586,0.7,0.59765625,0.5327810049057007,1.4234696477651596,0.12424565758556128,0.1910181725397706,1.6289102418814705e-06,0.12424565758556128,0.739370085299015,0.10881612077355385,1.0045317895710468,0.895715668797493,512,,,,,,,,,,,
1903,0.7000031992814586,0.7,0.56640625,0.41196979209780693,1.1102575808763504,0.1275078896433115,0.138135707937181,1.6067927012657247e-06,0.1275078896433115,0.7364501804113388,0.13122878596186638,1.1669764034450054,1.035747617483139,512,,,,,,,,,,,
1904,0.7000031992814586,0.7,0.546875,0.6139389276504517,1.6412675604224205,0.10233547817915678,0.2191533911973238,1.584823893886933e-06,0.10233547817915678,0.7387402281165123,0.1433175951242447,1.1087192296981812,0.9654016345739365,512,0.0004698849224951118,0.0004698849224951118,0.02,56,0.7000031992814586,56,56,112,0,56,4821
1905,0.7000031992814586,0.7,0.6484375,0.585045225918293,1.5589961484074593,0.1487035658210516,0.21386807970702648,1.563003887264719e-06,0.1487035658210516,0.7472216412425041,0.15213821828365326,2.0500122532248497,1.8978740349411964,512,,,,,,,,,,,
1906,0.7000031992814586,0.7,0.56640625,0.4588766973465681,1.220944993197918,0.13179787481203675,0.16959043219685555,1.5413327484613993e-06,0.13179787481203675,0.7315380722284317,0.16453034803271294,0.9770238399505615,0.8124934919178486,512,,,,,,,,,,,
1907,0.7000031992814586,0.7,0.69140625,0.44506748393177986,1.1821929141879082,0.14047173503786325,0.16649640258401632,1.5198105440817511e-06,0.14047173503786325,0.745058573782444,-0.04512052237987518,1.6852121725678444,1.7303326949477196,512,,,,,,,,,,,
1908,0.7000031992814586,0.7,0.53515625,0.43100171722471714,1.1435783058404922,0.1061534620821476,0.16248743515461683,1.4984373402728014e-06,0.1061534620821476,0.7555810287594795,0.13412335887551308,1.2242920398712158,1.0901686809957027,512,,,,,,,,,,,
1909,0.7000031992814586,0.7,0.5546875,0.45159538090229034,1.2150441706180573,0.12280035298317671,0.15342662949115038,1.4772132027236485e-06,0.12280035298317671,0.7454077005386353,0.12050267308950424,1.5550186187028885,1.4345159456133842,512,,,,,,,,,,,
1910,0.7000031992814586,0.7,0.6171875,0.5169085003435612,1.3616477996110916,0.1641987389884889,0.20474150404334068,1.4561381966652243e-06,0.1641987389884889,0.7341039851307869,0.15331659838557243,1.6689187698066235,1.515602171421051,512,,,,,,,,,,,
1911,0.7000031992814586,0.7,0.56640625,0.5434919074177742,1.4476991146802902,0.12836842238903046,0.1992460247129202,1.435212386870144e-06,0.12836842238903046,0.746171846985817,0.2283993363380432,1.2960650324821472,1.067665696144104,512,,,,,,,,,,,
1912,0.7000031992814586,0.7,0.72265625,0.6664660461246967,1.7751151844859123,0.08246909966692328,0.2444787947461009,1.4144358376524503e-06,0.08246909966692328,0.7473974600434303,0.058198217302560806,1.1060026325285435,1.0478044152259827,512,0.0005132787628099322,0.0005132787628099322,0.02,66,0.7000031992814586,66,66,132,0,66,3761
1913,0.7000031992814586,0.7,0.58203125,0.6027565579861403,1.6020418778061867,0.1241255272179842,0.22449307050555944,1.39380861286747e-06,0.1241255272179842,0.7496215775609016,0.13831257075071335,1.021898828446865,0.8835862576961517,512,,,,,,,,,,,
1914,0.7000031992814586,0.7,0.52734375,0.5750302858650684,1.5344301536679268,0.09677174501121044,0.20808584336191416,1.3733307759115743e-06,0.09677174501121044,0.7288476303219795,0.0964940320700407,0.6247022859752178,0.5282082539051771,512,,,,,,,,,,,
1915,0.7000031992814586,0.7,0.60546875,0.4924893006682396,1.3074916824698448,0.1427696319296956,0.1849000882357359,1.3530023897219968e-06,0.1427696319296956,0.7305200025439262,0.12334072217345238,1.13473629206419,1.0113955698907375,512,,,,,,,,,,,
1916,0.7000031992814586,0.7,0.65625,0.4403350129723549,1.1760883927345276,0.11100753396749496,0.15826005209237337,1.3328235167766546e-06,0.11100753396749496,0.7342700064182281,0.12554394826292992,1.8250693753361702,1.6995254270732403,512,,,,,,,,,,,
1917,0.7000031992814586,0.7,1.1640625,0.3285218868404627,0.8669464513659477,0.1657965062186122,0.12857439741492271,1.3127942190939546e-06,0.1657965062186122,0.7261889427900314,0.2795441970229149,1.6000458300113678,1.320501632988453,512,,,,,,,,,,,
1918,0.7000031992814586,0.7,0.5390625,0.5339396744966507,1.4283975511789322,0.11060823034495115,0.1896013831719756,1.2929145582325663e-06,0.11060823034495115,0.7482446134090424,0.14121782779693604,2.1078419648110867,1.9666241370141506,512,,,,,,,,,,,
1919,0.7000031992814586,0.7,0.57421875,0.597917553037405,1.5730368942022324,0.09845350310206413,0.23883440345525742,1.273184595291288e-06,0.09845350310206413,0.7504736259579659,0.010985508561134338,1.2003204077482224,1.189334899187088,512,,,,,,,,,,,
1920,0.7000031992814586,0.7,2.421875,0.6365980431437492,1.6872138381004333,0.07857209164649248,0.24187106546014547,1.2536043909088191e-06,0.07857209164649248,0.7477612122893333,0.10546821728348732,1.1294707842171192,1.024002566933632,512,0.000533865240868181,0.000533865240868181,0.02,68,0.7000031992814586,68,68,136,0,68,4797
1921,0.7000031992814586,0.7,0.52734375,0.38731446117162704,1.0341775491833687,0.12177457753568888,0.1395025746896863,1.2341740052635941e-06,0.12177457753568888,0.7438451796770096,0.16673026233911514,2.1088026091456413,1.9420723468065262,512,,,,,,,,,,,
1922,0.7000031992814586,0.7,0.69921875,0.5012978725135326,1.3295044749975204,0.16754976846277714,0.18957991991192102,1.214893498073577e-06,0.16754976846277714,0.7363964468240738,-0.004461050033569336,2.268398482352495,2.2728595323860645,512,,,,,,,,,,,
1923,0.7000031992814586,0.7,0.59375,0.7446998320519924,1.9764197990298271,0.10579153476282954,0.2802462689578533,1.1957629285960948e-06,0.10579153476282954,0.740546852350235,0.1091439425945282,0.8545730523765087,0.7454291097819805,512,,,,,,,,,,,
1924,0.7000031992814586,0.7,0.55859375,0.5818525068461895,1.5569202229380608,0.11583344778046012,0.20626915339380503,1.1767823556276647e-06,0.11583344778046012,0.7448925748467445,0.1219109371304512,1.0054245106875896,0.8835135735571384,512,,,,,,,,,,,
1925,0.7000031992814586,0.7,0.57421875,0.565637893974781,1.506925791501999,0.14597916416823864,0.20712835434824228,1.157951837503779e-06,0.14597916416823864,0.7460497915744781,0.11120576411485672,1.8328200057148933,1.7216142416000366,512,,,,,,,,,,,
1926,0.7000031992814586,0.7,0.58984375,0.4524287171661854,1.2050846219062805,0.13554747309535742,0.16591140162199736,1.1392714320987596e-06,0.13554747309535742,0.7201611176133156,0.1494089514017105,0.9384804517030716,0.7890715003013611,512,,,,,,,,,,,
1927,0.7000031992814586,0.7,0.58203125,0.44340890645980835,1.1838141232728958,0.12709249928593636,0.15984917245805264,1.1207411968255643e-06,0.12709249928593636,0.7481298744678497,0.17264758795499802,1.4644477367401123,1.2918001487851143,512,,,,,,,,,,,
1928,0.7000031992814586,0.7,0.66796875,0.4827880971133709,1.2913362681865692,0.098776550963521,0.17165787518024445,1.10236118863562e-06,0.098776550963521,0.7437451109290123,0.06623052433133125,0.6824045889079571,0.6161740645766258,512,0.0006627966649830341,0.0006627966649830341,0.02,44,0.7000031992814586,44,44,88,0,44,1374
1929,0.7000031992814586,0.7,0.578125,0.5367306508123875,1.4338134974241257,0.10513319075107574,0.19264294393360615,1.0841314640186228e-06,0.10513319075107574,0.7491650134325027,0.1006404235959053,0.7862608358263969,0.6856204122304916,512,,,,,,,,,,,
1930,0.7000031992814586,0.7,0.59765625,0.46222758293151855,1.2414280846714973,0.12388632539659739,0.15926151536405087,1.0660520790023998e-06,0.12388632539659739,0.7419604361057281,0.14979709684848785,0.85348080098629,0.7036837041378021,512,,,,,,,,,,,
1931,0.7000031992814586,0.7,0.5078125,0.3723951503634453,0.9959789216518402,0.11358353728428483,0.13249116763472557,1.0481230891527084e-06,0.11358353728428483,0.7370092421770096,0.1147828958928585,1.1665029674768448,1.0517200715839863,512,,,,,,,,,,,
1932,0.7000031992814586,0.7,0.5703125,0.6529419645667076,1.7283705919981003,0.11422841716557741,0.2502413671463728,1.0303445495730869e-06,0.11422841716557741,0.7400732114911079,0.11895841360092163,0.9161486700177193,0.7971902564167976,512,,,,,,,,,,,
1933,0.7000031992814586,0.7,0.5390625,0.4787159487605095,1.2685491889715195,0.08636917732656002,0.18210516683757305,1.0127165149046712e-06,0.08636917732656002,0.7531054466962814,0.07631628960371017,0.6784445457160473,0.6021282561123371,512,,,,,,,,,,,
1934,0.7000031992814586,0.7,0.5625,0.5812464915215969,1.5423619523644447,0.11547896917909384,0.21899098996073008,9.952390393260235e-07,0.11547896917909384,0.7438964620232582,0.168278519064188,1.1826280057430267,1.0143494866788387,512,,,,,,,,,,,
1935,0.7000031992814586,0.7,0.515625,0.6003504525870085,1.588380105793476,0.10216476488858461,0.2308636400848627,9.77912176552981e-07,0.10216476488858461,0.7570702955126762,0.11306096613407135,1.422388270497322,1.3093273043632507,512,,,,,,,,,,,
1936,0.7000031992814586,0.7,0.55078125,0.4833037592470646,1.2898510321974754,0.14652108401060104,0.17470575030893087,9.607359798384785e-07,0.14652108401060104,0.7457421645522118,0.06624403223395348,1.9710256047546864,1.9047815725207329,512,0.0005911151529289782,0.0005911151529289782,0.02,39,0.7000031992814586,39,39,78,0,39,209
1937,0.7000031992814586,0.7,0.5390625,0.7077060341835022,1.8913712725043297,0.08880838146433234,0.2531923484057188,9.437105019723891e-07,0.08880838146433234,0.7385473549365997,0.11545434594154358,1.3317681960761547,1.2163138501346111,512,,,,,,,,,,,
1938,0.7000031992814586,0.7,0.65234375,0.5330882482230663,1.4228968769311905,0.12979796342551708,0.19252198096364737,9.268357952813722e-07,0.12979796342551708,0.734428696334362,0.12579558417201042,1.0600414872169495,0.934245903044939,512,,,,,,,,,,,
1939,0.7000031992814586,0.7,0.8203125,0.5427120625972748,1.438992701470852,0.14230982400476933,0.20558924693614244,9.10111911628686e-07,0.14230982400476933,0.7289086729288101,-0.11681172996759415,1.7743659019470215,1.8911776319146156,512,,,,,,,,,,,
1940,0.7000031992814586,0.7,0.59765625,0.5642262026667595,1.5060837417840958,0.12627263646572828,0.20369255635887384,8.935389024140483e-07,0.12627263646572828,0.7532910034060478,0.15957041084766388,1.3833342269062996,1.2237638160586357,512,,,,,,,,,,,
1941,0.7000031992814586,0.7,0.55078125,0.5796493329107761,1.5575635954737663,0.0967319430783391,0.19894943945109844,8.771168185734757e-07,0.0967319430783391,0.7268945202231407,0.08459409698843956,0.8750536404550076,0.790459543466568,512,,,,,,,,,,,
1942,0.7000031992814586,0.7,0.671875,0.47756682708859444,1.2681192830204964,0.11654119938611984,0.17905284464359283,8.608457105791446e-07,0.11654119938611984,0.7604516372084618,0.15513965860009193,1.6694586239755154,1.5143189653754234,512,,,,,,,,,,,
1943,0.7000031992814586,0.7,0.60546875,0.469711747020483,1.2448217645287514,0.14621916599571705,0.17854713834822178,8.447256284391858e-07,0.14621916599571705,0.7356469482183456,0.2272198721766472,2.107927232980728,1.880707360804081,512,,,,,,,,,,,
1944,0.7000031992814586,0.7,0.6328125,0.4650654047727585,1.2376748099923134,0.17530608642846346,0.1716142138466239,8.287566216975795e-07,0.17530608642846346,0.7384325861930847,0.20764704793691635,1.40231341868639,1.1946663707494736,512,0.0006251405575312674,0.0006251405575312674,0.02,34,0.7000031992814586,34,34,68,0,34,135
1945,0.7000031992814586,0.7,2.734375,0.35983552783727646,0.9579319730401039,0.09316306281834841,0.1324786562472582,8.129387394339827e-07,0.09316306281834841,0.7445263415575027,0.0887887105345726,0.7967189326882362,0.7079302221536636,512,,,,,,,,,,,
1946,0.7000031992814586,0.7,0.5234375,0.7025607116520405,1.8779518008232117,0.08701337967067957,0.25101993698626757,7.972720302635906e-07,0.08701337967067957,0.7503197863698006,0.09271882474422455,0.7447378113865852,0.6520189866423607,512,,,,,,,,,,,
1947,0.7000031992814586,0.7,0.8515625,0.7752385139465332,2.0844508185982704,0.14769866317510605,0.2647566990926862,7.817565423369588e-07,0.14769866317510605,0.7267846465110779,0.5899730138480663,2.51984291523695,1.9298699013888836,512,,,,,,,,,,,
1948,0.7000031992814586,0.7,0.61328125,0.5381168536841869,1.431864470243454,0.09426932316273451,0.1987925861030817,7.663923233398928e-07,0.09426932316273451,0.7463525161147118,-0.04581265151500702,1.636520627886057,1.682333279401064,512,,,,,,,,,,,
1949,0.7000031992814586,0.7,0.5546875,0.4419367015361786,1.1864691600203514,0.12064535357058048,0.15273291990160942,7.51179420493281e-07,0.12064535357058048,0.7486328035593033,0.0899471677839756,1.4009864032268524,1.3110392354428768,512,,,,,,,,,,,
1950,0.7000031992814586,0.7,0.67578125,0.5618839040398598,1.5044544488191605,0.14433228503912687,0.19822394475340843,7.36117880552939e-07,0.14433228503912687,0.7308251857757568,0.21587881818413734,1.2509666122496128,1.0350877940654755,512,,,,,,,,,,,
1951,0.7000031992814586,0.7,0.52734375,0.5707942210137844,1.5074675753712654,0.08442385168746114,0.22221182938665152,7.212077498094882e-07,0.08442385168746114,0.7414916902780533,0.09378387033939362,0.6301859803497791,0.5364021100103855,512,,,,,,,,,,,
1952,0.7000031992814586,0.7,0.474609375,0.6194536089897156,1.653858795762062,0.09996406408026814,0.22327331639826298,7.064490740882057e-07,0.09996406408026814,0.7504565268754959,0.08728859946131706,2.049244374036789,1.9619557745754719,512,0.0006361359846778214,0.0006361359846778214,0.02,43,0.7000031992814586,43,43,86,0,43,98
1953,0.7000031992814586,0.7,0.51171875,0.4565561059862375,1.2219930291175842,0.1200486347079277,0.1615102533251047,6.918418987488795e-07,0.1200486347079277,0.7502856105566025,0.11515449360013008,1.5440769344568253,1.4289224408566952,512,,,,,,,,,,,
1954,0.7000031992814586,0.7,0.54296875,0.4931464623659849,1.314611628651619,0.0973320696502924,0.1797715313732624,6.773862686856702e-07,0.0973320696502924,0.747751422226429,0.09690491482615471,0.8036791682243347,0.70677425339818,512,,,,,,,,,,,
1955,0.7000031992814586,0.7,0.5234375,0.46235090494155884,1.234449915587902,0.09870574297383428,0.16661340836435556,6.630822283269721e-07,0.09870574297383428,0.7469604462385178,0.17158908769488335,1.2530835904181004,1.081494502723217,512,,,,,,,,,,,
1956,0.7000031992814586,0.7,0.61328125,0.6843732930719852,1.8466503322124481,0.1575277727097273,0.2272080508992076,6.489298216352912e-07,0.1575277727097273,0.7324072197079659,0.17321021482348442,2.068540535867214,1.8953303210437298,512,,,,,,,,,,,
1957,0.7000031992814586,0.7,0.609375,0.3752758651971817,0.9900894463062286,0.1191259166225791,0.14711011201143265,6.349290921070783e-07,0.1191259166225791,0.7455175593495369,0.12564339488744736,1.18900715559721,1.0633637607097626,512,,,,,,,,,,,
1958,0.7000031992814586,0.7,0.578125,0.579110823571682,1.5463805869221687,0.11394644062966108,0.20850068796426058,6.210800827726349e-07,0.11394644062966108,0.7420165836811066,0.12827041745185852,1.0664775371551514,0.9382071197032928,512,,,,,,,,,,,
1959,0.7000031992814586,0.7,0.68359375,0.4752057269215584,1.2604126185178757,0.1303498661145568,0.17960465420037508,6.073828361959411e-07,0.1303498661145568,0.7479833588004112,0.09109056740999222,1.5458484515547752,1.454757884144783,512,,,,,,,,,,,
1960,0.7000032009328426,0.7,0.58984375,0.6201686561107635,1.6592188403010368,0.11533327400684357,0.22008010279387236,5.938373944745612e-07,0.11533327400684357,0.7418847531080246,0.1031767800450325,0.9066863358020782,0.8035095557570457,512,0.0006538779125548899,0.0006538779125548899,0.02,35,0.7000032009328426,35,29,64,6,35,29
1961,0.7000032009328426,0.7,0.59765625,0.5515711456537247,1.4621517658233643,0.13461464643478394,0.20927593391388655,5.804437992394829e-07,0.13461464643478394,0.7377123832702637,0.19821760058403015,1.3410639613866806,1.1428463608026505,512,,,,,,,,,,,
1962,0.7000032009328426,0.7,0.55078125,0.4628431461751461,1.2324181348085403,0.12887656036764383,0.1701367674395442,5.672020916550224e-07,0.12887656036764383,0.7515527158975601,0.17613157629966736,1.5975664630532265,1.4214348867535591,512,,,,,,,,,,,
1963,0.7000032009328426,0.7,0.53515625,0.3865551482886076,1.020751766860485,0.12132009584456682,0.15062744170427322,5.541123124186642e-07,0.12132009584456682,0.7355492785573006,0.12318189442157745,1.6371476501226425,1.513965755701065,512,,,,,,,,,,,
1964,0.7000032009328426,0.7,0.498046875,0.5193698052316904,1.3859461769461632,0.11482525337487459,0.18790162913501263,5.411745017609493e-07,0.11482525337487459,0.7254247739911079,0.12133369967341423,1.2779411152005196,1.1566074155271053,512,,,,,,,,,,,
1965,0.7000032009328426,0.7,0.515625,0.6180317141115665,1.6765294298529625,0.09304075129330158,0.19629386719316244,5.283886994453757e-07,0.09304075129330158,0.7462914735078812,0.10616612061858177,0.7161157093942165,0.6099495887756348,512,,,,,,,,,,,
1966,0.7000032009328426,0.7,0.56640625,0.32994428277015686,0.8755859285593033,0.09964495664462447,0.12424516770988703,5.157549447682208e-07,0.09964495664462447,0.7443066239356995,0.14284108951687813,0.8064452111721039,0.6636041216552258,512,,,,,,,,,,,
1967,0.7000032009328426,0.7,0.6328125,0.45461077243089676,1.206820897758007,0.11674275062978268,0.17078744806349277,5.032732765584857e-07,0.11674275062978268,0.7504345625638962,0.1905946359038353,1.3750632219016552,1.18446858599782,512,,,,,,,,,,,
1968,0.7000032050613029,0.7,0.55078125,0.42051179334521294,1.1154312491416931,0.1260807951912284,0.15884687285870314,4.909437331777179e-07,0.1260807951912284,0.7281347513198853,0.1340646706521511,1.2094274759292603,1.0753628052771091,512,0.0005996825057081878,0.0005996825057081878,0.02,27,0.7000032050613029,27,12,39,15,27,12
1969,0.7000032050613029,0.7,0.5625,0.579326968640089,1.5548360273241997,0.12890653405338526,0.2007001331076026,4.787663525199438e-07,0.12890653405338526,0.736818827688694,0.1037195473909378,0.9076193906366825,0.8038998432457447,512,,,,,,,,,,,
1970,0.7000032050613029,0.7,0.69921875,0.42684262804687023,1.1283647567033768,0.15789790637791157,0.1650977022945881,4.667411720115145e-07,0.15789790637791157,0.7403173521161079,0.16577132791280746,1.5459469333291054,1.380175605416298,512,,,,,,,,,,,
1971,0.7000032050613029,0.7,0.57421875,0.5903625562787056,1.5740454643964767,0.10211815778166056,0.21493184380233288,4.548682286109995e-07,0.10211815778166056,0.7387402132153511,0.17585275694727898,0.9639852344989777,0.7881324775516987,512,,,,,,,,,,,
1972,0.7000032050613029,0.7,0.59375,0.9086892083287239,2.435665488243103,0.14862506929785013,0.31793813593685627,4.431475588090872e-07,0.14862506929785013,0.7353930249810219,0.19274567067623138,1.8458395525813103,1.6530938819050789,512,,,,,,,,,,,
1973,0.7000032050613029,0.7,0.5078125,0.6182565242052078,1.6508176028728485,0.10679895803332329,0.2226869584992528,4.315791986284623e-07,0.10679895803332329,0.7484960779547691,0.12233150750398636,1.617492988705635,1.4951614812016487,512,,,,,,,,,,,
1974,0.7000032050613029,0.7,0.5234375,0.38249123841524124,1.0175324529409409,0.11825699359178543,0.14153185486793518,4.2016318362368966e-07,0.11825699359178543,0.7536059468984604,0.07898619771003723,1.5607681199908257,1.4817819222807884,512,,,,,,,,,,,
1975,0.7000032050613029,0.7,0.55078125,0.5256255827844143,1.3921853005886078,0.11682524532079697,0.200619425624609,4.088995488811198e-07,0.11682524532079697,0.7444457858800888,0.1630237214267254,1.7566793486475945,1.593655627220869,512,,,,,,,,,,,
1976,0.700003211116378,0.7,0.59375,0.46959870122373104,1.2515659108757973,0.10864904569461942,0.17146040871739388,3.9778832901876675e-07,0.10864904569461942,0.7452612072229385,0.11045226827263832,1.2200420498847961,1.1095897816121578,512,0.0009327646112069488,0.0009327646112069488,0.02,29,0.700003211116378,29,7,36,22,29,7
1977,0.700003211116378,0.7,0.53515625,0.5573635511100292,1.4794936999678612,0.10876200720667839,0.20948665402829647,3.868295581862136e-07,0.10876200720667839,0.7513891384005547,0.12073713168501854,1.1871688291430473,1.0664316974580288,512,,,,,,,,,,,
1978,0.700003211116378,0.7,0.546875,0.6417962461709976,1.7053354308009148,0.09082288667559624,0.2395015824586153,3.7602327006450167e-07,0.09082288667559624,0.7500683441758156,0.07906077057123184,1.4773391261696815,1.3982783555984497,512,,,,,,,,,,,
1979,0.700003211116378,0.7,0.546875,0.5578579045832157,1.4883481487631798,0.12155746156349778,0.20213026832789183,3.653694978660138e-07,0.12155746156349778,0.7365502715110779,0.15155086666345596,1.268789328634739,1.117238461971283,512,,,,,,,,,,,
1980,0.700003211116378,0.7,0.4921875,0.4230492766946554,1.1304751932621002,0.08157941373065114,0.15149226412177086,3.5486827433440785e-07,0.08157941373065114,0.7582299709320068,0.09881335124373436,0.6838699392974377,0.5850565880537033,512,,,,,,,,,,,
1981,0.700003211116378,0.7,0.6171875,0.6660046353936195,1.78526771068573,0.09234772529453039,0.23292809631675482,3.445196317444666e-07,0.09234772529453039,0.7519140392541885,0.14641252905130386,0.9239578545093536,0.7775453254580498,512,,,,,,,,,,,
1982,0.700003211116378,0.7,0.5625,0.5608474798500538,1.4996194317936897,0.13308910373598337,0.19991837814450264,3.343236019020535e-07,0.13308910373598337,0.7432788088917732,0.11737613007426262,2.132454566657543,2.0150784365832806,512,,,,,,,,,,,
1983,0.700003211116378,0.7,0.7734375,0.39123543724417686,1.0395080000162125,0.1318546775728464,0.1460538962855935,3.2428021614396286e-07,0.1318546775728464,0.7437133640050888,0.17125754803419113,1.2166009321808815,1.0453433841466904,512,,,,,,,,,,,
1984,0.7000032182723757,0.7,0.55078125,0.6092287972569466,1.6173203885555267,0.12042559031397104,0.22882739081978798,3.143895053378698e-07,0.12042559031397104,0.7495776116847992,0.1346992291510105,2.1983545273542404,2.06365529820323,512,0.0002360005455557257,0.0002360005455557257,0.02,26,0.7000032182723757,26,0,26,26,26,0
1985,0.7000032182723757,0.7,0.859375,0.39852461963891983,1.0458611324429512,0.13892572559416294,0.16178917232900858,3.04651499882197e-07,0.13892572559416294,0.7426123023033142,0.014616012573242188,1.1453643143177032,1.130748301744461,512,,,,,,,,,,,
1986,0.7000032182723757,0.7,0.5390625,0.6291199363768101,1.6515135169029236,0.11287627927958965,0.25491045229136944,2.95066229706048e-07,0.11287627927958965,0.7524633556604385,0.12546252459287643,1.7823806963860989,1.6569181717932224,512,,,,,,,,,,,
1987,0.7000032182723757,0.7,0.5546875,0.5204974319785833,1.3798443600535393,0.10995417321100831,0.1974205020815134,2.8563372426909094e-07,0.10995417321100831,0.7466357350349426,0.08432530984282494,0.9268073067069054,0.8424819968640804,512,,,,,,,,,,,
1988,0.7000032182723757,0.7,0.60546875,0.6451919041574001,1.7523418217897415,0.14398035127669573,0.20278507191687822,2.7635401256149163e-07,0.14398035127669573,0.7213867008686066,0.28003720194101334,2.26116830855608,1.9811311066150665,512,,,,,,,,,,,
1989,0.7000032182723757,0.7,0.50390625,0.45920269936323166,1.240615539252758,0.13131792889907956,0.15090769715607166,2.672271231038248e-07,0.13131792889907956,0.7361401244997978,0.15731585025787354,1.4093975126743317,1.2520816624164581,512,,,,,,,,,,,
1990,0.7000032182723757,0.7,0.5859375,0.3983296751976013,1.062041662633419,0.12762918882071972,0.14501789305359125,2.582530839469521e-07,0.12762918882071972,0.7321362048387527,0.13688743859529495,0.988507591187954,0.851620152592659,512,,,,,,,,,,,
1991,0.7000032182723757,0.7,0.60546875,0.6344162300229073,1.6965387538075447,0.14126632176339626,0.22593454644083977,2.4943192267198323e-07,0.14126632176339626,0.7383154109120369,0.159681499004364,1.5737013518810272,1.4140198528766632,512,,,,,,,,,,,
1992,0.7000032221256053,0.7,0.498046875,0.4645049460232258,1.2346472665667534,0.08516972791403532,0.17294342909008265,2.407636663901591e-07,0.08516972791403532,0.7509790062904358,0.09399574622511864,1.0437302477657795,0.9497345015406609,512,0.00010625720460666344,0.00010625720460666344,0.02,14,0.7000032221256053,14,0,14,14,14,0
1993,0.7000032221256053,0.7,0.55859375,0.5143649950623512,1.359806977212429,0.12349087186157703,0.19887477811425924,2.3224834174276898e-07,0.12349087186157703,0.7534618899226189,0.1101677343249321,1.2891720831394196,1.1790043488144875,512,,,,,,,,,,,
1994,0.7000032221256053,0.7,0.5390625,0.6607116386294365,1.7443374693393707,0.1048822239972651,0.25781900249421597,2.238859749010891e-07,0.1048822239972651,0.7263451814651489,0.12729794159531593,1.049794863909483,0.922496922314167,512,,,,,,,,,,,
1995,0.7000032221256053,0.7,0.58203125,0.5659315790981054,1.5131434053182602,0.15848103258758783,0.20180070772767067,2.1567659156628285e-07,0.15848103258758783,0.7212646529078484,0.14015987515449524,1.3018537499010563,1.161693874746561,512,,,,,,,,,,,
1996,0.7000032221256053,0.7,0.68359375,0.5341101177036762,1.4182137101888657,0.1612419872544706,0.2003017095848918,2.0762021696933976e-07,0.1612419872544706,0.7154003605246544,0.10501793585717678,1.4048931039869785,1.2998751681298018,512,,,,,,,,,,,
1997,0.7000032221256053,0.7,0.58984375,0.39051555283367634,1.0312813147902489,0.12203002255409956,0.15209912788122892,1.9971687587097554e-07,0.12203002255409956,0.74749755859375,0.11940336599946022,1.1698578111827374,1.0504544451832771,512,,,,,,,,,,,
1998,0.7000032221256053,0.7,0.6171875,0.668629951775074,1.7900229096412659,0.11891580745577812,0.23612845595926046,1.91966592561571e-07,0.11891580745577812,0.7468530088663101,0.11496955901384354,0.9943932816386223,0.8794237226247787,512,,,,,,,,,,,
1999,0.7000032221256053,0.7,0.56640625,0.6405194103717804,1.7097138017416,0.09507522312924266,0.23125402070581913,1.8436939086109995e-07,0.09507522312924266,0.746772438287735,0.10016988217830658,0.9329582937061787,0.8327884115278721,512,,,,,,,,,,,
2000,0.7000032248779121,0.7,0.5078125,0.4628881998360157,1.2355442345142365,0.09598097344860435,0.16714724618941545,1.7692529411904578e-07,0.09598097344860435,0.7508813217282295,0.08902107924222946,0.7703387960791588,0.6813177168369293,512,0.00026127719320356846,0.00026127719320356846,0.02,10,0.7000032248779121,10,0,10,10,10,0
2001,0.7000032248779121,0.7,2.734375,0.47144006565213203,1.2499614730477333,0.3557173926383257,0.17864472325891256,1.6963432521432955e-07,0.3557173926383257,0.7250219509005547,1.0267276018857956,2.227839693427086,1.2011120915412903,512,,,,,,,,,,,
2002,0.7000032248779121,0.7,0.5234375,0.3591117672622204,0.9539354369044304,0.08973474986851215,0.13428199011832476,1.6249650655525417e-07,0.08973474986851215,0.7498827800154686,0.1297358088195324,0.7740985602140427,0.6443627513945103,512,,,,,,,,,,,
2003,0.7000032248779121,0.7,0.494140625,0.6577706672251225,1.7503289356827736,0.08854182763025165,0.242915453389287,1.555118600794103e-07,0.08854182763025165,0.7486620917916298,0.09258964657783508,1.0292949825525284,0.9367053359746933,512,,,,,,,,,,,
2004,0.7000032248779121,0.7,1.0078125,0.4753631241619587,1.2671968713402748,0.12668804684653878,0.17329736799001694,1.4868040725365407e-07,0.12668804684653878,0.741564929485321,0.5155106857419014,1.611956663429737,1.0964459776878357,512,,,,,,,,,,,
2005,0.7000032248779121,0.7,0.55859375,0.7273671962320805,1.9282879009842873,0.10190556524321437,0.275855022482574,1.4200216907397367e-07,0.10190556524321437,0.7424828931689262,0.12636324763298035,1.3239506036043167,1.1975873559713364,512,,,,,,,,,,,
2006,0.7000032248779121,0.7,0.6015625,0.478088166564703,1.2809552550315857,0.10995426075533032,0.16779670026153326,1.3547716606548966e-07,0.10995426075533032,0.7326318100094795,0.12230623513460159,1.3849421814084053,1.2626359462738037,512,,,,,,,,,,,
2007,0.7000032248779121,0.7,0.53515625,0.5991242416203022,1.5989032536745071,0.10946473851799965,0.21662469115108252,1.2910541828235478e-07,0.10946473851799965,0.7423241883516312,0.12528831511735916,0.8813539929687977,0.7560656778514385,512,,,,,,,,,,,
2008,0.7000032270797575,0.7,0.546875,0.6902111694216728,1.8357049822807312,0.12594448775053024,0.2558439504355192,1.228869453076986e-07,0.12594448775053024,0.7490136623382568,0.13875040784478188,1.5095130652189255,1.3707626573741436,512,9.076861169887707e-05,9.076861169887707e-05,0.02,8,0.7000032270797575,8,0,8,8,8,0
2009,0.7000032270797575,0.7,0.59375,0.6409238092601299,1.6958515793085098,0.11101261153817177,0.2463417500257492,1.1682176625358309e-07,0.11101261153817177,0.7543163746595383,0.24061845988035202,1.6815247759222984,1.4409063160419464,512,,,,,,,,,,,
2010,0.7000032270797575,0.7,3.828125,0.38873131945729256,1.0354348123073578,0.36836229963228106,0.1425388464704156,1.1090989976091926e-07,0.36836229963228106,0.7003320083022118,-0.48971276357769966,1.7724226228892803,2.26213538646698,512,,,,,,,,,,,
2011,0.7000032270797575,0.7,0.6328125,0.4588688090443611,1.2074273228645325,0.11789783788844943,0.18308417033404112,1.0515136399943393e-07,0.11789783788844943,0.7508544772863388,0.12464984506368637,0.9717511460185051,0.8471013009548187,512,,,,,,,,,,,
2012,0.7000032270797575,0.7,0.56640625,0.5754947327077389,1.5308644250035286,0.11700159311294556,0.2130589783191681,9.954617666758648e-08,0.11700159311294556,0.7492333576083183,0.12419846281409264,1.1551948264241219,1.0309963636100292,512,,,,,,,,,,,
2013,0.7000032270797575,0.7,0.5390625,0.42011491768062115,1.1230407431721687,0.10431444086134434,0.15003471914678812,9.409435499254104e-08,0.10431444086134434,0.7468383461236954,0.1258791983127594,1.3620280921459198,1.2361488938331604,512,,,,,,,,,,,
2014,0.7000032270797575,0.7,0.55859375,0.8746586255729198,2.3395770639181137,0.094954838976264,0.31090349331498146,8.879591573010548e-08,0.094954838976264,0.739794909954071,0.09135795384645462,1.161846723407507,1.0704887695610523,512,,,,,,,,,,,
2015,0.7000032270797575,0.7,0.88671875,0.4079963453114033,1.0941490083932877,0.1171503085643053,0.14220352843403816,8.36508751646703e-08,0.1171503085643053,0.7431493997573853,0.16831045225262642,0.9268418848514557,0.7585314325988293,512,,,,,,,,,,,
2016,0.7000032287311416,0.7,0.50390625,0.5673317089676857,1.5328902378678322,0.10685546323657036,0.18629672471433878,7.865924910916977e-08,0.10685546323657036,0.7565502673387527,0.11866849660873413,1.4198586121201515,1.3011901155114174,512,3.5261662560515106e-05,3.5261662560515106e-05,0.02,6,0.7000032287311416,6,0,6,6,6,0
2017,0.7000032287311416,0.7,0.59375,0.5168512351810932,1.3744713962078094,0.1261295471340418,0.19174444861710072,7.382105290503205e-08,0.1261295471340418,0.749086894094944,0.1703624650835991,1.3431661501526833,1.1728036850690842,512,,,,,,,,,,,
2018,0.7000032287311416,0.7,0.72265625,0.51236717030406,1.3625710234045982,0.09546911949291825,0.19005668349564075,6.913630142211802e-08,0.09546911949291825,0.7519506812095642,0.10362669080495834,1.3026382215321064,1.199011530727148,512,,,,,,,,,,,
2019,0.7000032287311416,0.7,0.56640625,0.41137523762881756,1.0805328264832497,0.14580720523372293,0.16605875082314014,6.46050090586936e-08,0.14580720523372293,0.7340820208191872,0.21091505140066147,2.191105656325817,1.9801906049251556,512,,,,,,,,,,,
2020,0.7000032287311416,0.7,0.5859375,0.46343326568603516,1.2415117099881172,0.13873679516837,0.16283148620277643,6.022718974137975e-08,0.13873679516837,0.746396467089653,0.19182970374822617,1.371292695403099,1.179462991654873,512,,,,,,,,,,,
2021,0.7000032287311416,0.7,0.59375,0.6624097861349583,1.7658866941928864,0.12683249404653907,0.24141553789377213,5.600285692510809e-08,0.12683249404653907,0.7431811317801476,0.11357074975967407,0.9047306142747402,0.7911598645150661,512,,,,,,,,,,,
2022,0.7000032287311416,0.7,0.54296875,0.8086701296269894,2.166316255927086,0.10587406624108553,0.2841991502791643,5.193202359308202e-08,0.10587406624108553,0.7513574063777924,0.10053170472383499,0.8853787183761597,0.7848470136523247,512,,,,,,,,,,,
2023,0.7000032287311416,0.7,0.671875,0.6622115671634674,1.7583986148238182,0.0981232188642025,0.2483030166476965,4.801470225672122e-08,0.0981232188642025,0.7418700829148293,0.09425865113735199,0.8445723354816437,0.7503136843442917,512,,,,,,,,,,,
2024,0.700003230107295,0.7,0.61328125,0.6078252196311951,1.633854791522026,0.09154713619500399,0.20803976152092218,4.4250904955656095e-08,0.09154713619500399,0.7619531080126762,-0.006116405129432678,1.3270564898848534,1.333172895014286,512,4.5161355956224725e-05,4.5161355956224725e-05,0.02,5,0.700003230107295,5,0,5,5,5,0
2025,0.700003230107295,0.7,0.52734375,0.35902372002601624,0.9380614683032036,0.0878232354298234,0.14988915715366602,4.06406432576556e-08,0.0878232354298234,0.7548144161701202,0.08591938391327858,0.6832973510026932,0.5973779670894146,512,,,,,,,,,,,
2026,0.700003230107295,0.7,0.55078125,0.707684651017189,1.8923278972506523,0.11725888960063457,0.25217093620449305,3.718392825862171e-08,0.11725888960063457,0.7348363995552063,0.11131680384278297,1.622671715915203,1.5113549120724201,512,,,,,,,,,,,
2027,0.700003230107295,0.7,0.6328125,0.3812077175825834,1.0194036066532135,0.13175718672573566,0.13577125873416662,3.388077058252281e-08,0.13175718672573566,0.7504174634814262,0.13664152473211288,0.9733558967709541,0.8367143720388412,512,,,,,,,,,,,
2028,0.700003230107295,0.7,0.59375,0.39991337805986404,1.060616597533226,0.11889942921698093,0.1512420680373907,3.073118038139921e-08,0.11889942921698093,0.7497094422578812,0.06925276666879654,1.549379639327526,1.4801268726587296,512,,,,,,,,,,,
2029,0.700003230107295,0.7,0.56640625,0.6799004822969437,1.8221082538366318,0.11821330804377794,0.2381961289793253,2.7735167335302125e-08,0.11821330804377794,0.7421313151717186,0.11037948355078697,1.0936193317174911,0.9832398481667042,512,,,,,,,,,,,
2030,0.700003230107295,0.7,0.59375,0.5765415988862514,1.5428046807646751,0.1340867355465889,0.2042910074815154,2.4892740652265877e-08,0.1340867355465889,0.7276660054922104,0.11705229058861732,1.6814395114779472,1.56438722088933,512,,,,,,,,,,,
2031,0.700003230107295,0.7,0.5078125,0.7131850831210613,1.9141612276434898,0.10845444723963737,0.24700565356761217,2.2203909068302387e-08,0.10845444723963737,0.7538500651717186,0.13021083921194077,0.8626969531178474,0.7324861139059067,512,,,,,,,,,,,
2032,0.7000032306577564,0.7,0.53515625,0.46854909881949425,1.2473025992512703,0.08640083204954863,0.17254311963915825,1.9668680847356735e-08,0.08640083204954863,0.7532665878534317,0.08615356683731079,0.6796438880264759,0.5934903211891651,512,0,0,0.02,2,0.7000032306577564,2,0,2,2,2,0
2033,0.7000032306577564,0.7,0.5390625,0.47311144694685936,1.2623929902911186,0.1232994170859456,0.17127798032015562,1.728706378126832e-08,0.1232994170859456,0.7341943234205246,0.14694779738783836,1.0447817891836166,0.8978339917957783,512,,,,,,,,,,,
2034,0.7000032306577564,0.7,0.92578125,0.5322116389870644,1.4091503024101257,0.17486395221203566,0.2036121441051364,1.5059065189787503e-08,0.17486395221203566,0.726433090865612,0.16748816147446632,2.3589564338326454,2.191468272358179,512,,,,,,,,,,,
2035,0.7000032306577564,0.7,0.55078125,0.4398220479488373,1.1808456256985664,0.10459430329501629,0.15194843709468842,1.2984691920514547e-08,0.10459430329501629,0.719777800142765,0.0817101001739502,1.0808432176709175,0.9991331174969673,512,,,,,,,,,,,
2036,0.7000032306577564,0.7,0.578125,0.5557711906731129,1.4756380692124367,0.08722362387925386,0.2085169656202197,1.1063950348888518e-08,0.08722362387925386,0.7505395412445068,0.2327888011932373,1.4275139085948467,1.1947251074016094,512,,,,,,,,,,,
2037,0.7000032306577564,0.7,0.55859375,0.5714439712464809,1.5379672273993492,0.1273303758352995,0.1936810901388526,9.296846378181734e-09,0.1273303758352995,0.7379296645522118,0.18126261979341507,1.7568083852529526,1.5755457654595375,512,,,,,,,,,,,
2038,0.7000032306577564,0.7,0.5234375,0.4078052546828985,1.0971912294626236,0.11228992370888591,0.13858220539987087,7.68338543946645e-09,0.11228992370888591,0.7517089620232582,0.15849421173334122,1.36718163266778,1.2086874209344387,512,,,,,,,,,,,
2039,0.7000032306577564,0.7,0.57421875,0.47429029643535614,1.2546473667025566,0.1261928672902286,0.18259586673229933,6.223572491614871e-09,0.1261928672902286,0.7374316304922104,0.14787715300917625,0.9102803654968739,0.7624032124876976,512,,,,,,,,,,,
2040,0.7000032309329871,0.7,0.5546875,0.41355085000395775,1.0899615436792374,0.1058791046962142,0.16322277020663023,4.917412021249179e-09,0.1058791046962142,0.7446606233716011,0.08861896395683289,1.1940756738185883,1.1054567098617554,512,5.1111903303535655e-05,5.1111903303535655e-05,0.02,1,0.7000032309329871,1,0,1,1,1,0
2041,0.7000032309329871,0.7,0.546875,0.44446366280317307,1.1901116594672203,0.12889931444078684,0.15674785804003477,3.764908042774851e-09,0.12889931444078684,0.7463451996445656,0.08059179782867432,1.4826490581035614,1.402057260274887,512,,,,,,,,,,,
2042,0.7000032309329871,0.7,0.5,0.52962376922369,1.4150566086173058,0.10595016647130251,0.18986385967582464,2.7660640983251383e-09,0.10595016647130251,0.7492431402206421,0.10487078875303268,1.5540903136134148,1.449219524860382,512,,,,,,,,,,,
2043,0.7000032309329871,0.7,0.578125,0.4330894760787487,1.1616724580526352,0.11953047569841146,0.15071982145309448,1.9208832577943814e-09,0.11953047569841146,0.7435595467686653,0.12706873938441277,1.5901506841182709,1.463081944733858,512,,,,,,,,,,,
2044,0.7000032309329871,0.7,0.62109375,0.3376316539943218,0.8938392102718353,0.13151525892317295,0.12928698398172855,1.22936811877139e-09,0.13151525892317295,0.7416601330041885,0.1269553154706955,1.179208092391491,1.0522527769207954,512,,,,,,,,,,,
2045,0.7000032309329871,0.7,1.046875,0.3712664432823658,0.9897850155830383,0.10839349823072553,0.1352647626772523,6.915208065894075e-10,0.10839349823072553,0.7466039732098579,0.28058096766471863,1.3056577928364277,1.025076825171709,512,,,,,,,,,,,
2046,0.7000032309329871,0.7,0.52734375,0.49651849642395973,1.333053581416607,0.10416566580533981,0.17154783569276333,3.073429742872502e-10,0.10416566580533981,0.7477245777845383,0.12601741403341293,1.3854947164654732,1.2594773024320602,512,,,,,,,,,,,
2047,0.7000032309329871,0.7,0.6953125,0.5950648188591003,1.5915118604898453,0.12877463549375534,0.21171478368341923,7.683580260930968e-11,0.12877463549375534,0.7058300748467445,0.2513163276016712,1.9453478455543518,1.6940315179526806,512,,,,,,,,,,,
2048,0.7000032309329871,0.7,0.69921875,0.4633571244776249,1.2362051606178284,0.10916126519441605,0.16790727246552706,0,0.10916126519441605,0.7560546770691872,0.1409066952764988,1.4691315665841103,1.3282248713076115,512,0,0,0.02,0,0.7000032309329871,0,0,0,0,0,0
