step,train/sparsity,train/target_sparsity,train/grad_norm,train/loss,train/ntp_loss,train/onpolicy_kd_loss,train/aux_loss,train/lr,onpolicy/kl_loss,onpolicy/overlap_ratio_top100,onpolicy/entropy_gap,onpolicy/student_entropy,onpolicy/teacher_entropy,onpolicy/gen_tokens,pgd/kl_at_full_pgd,pgd/kl_at_k_actual,pgd/kl_budget,pgd/k_actual,pgd/post_sparsity,pgd/prunings,pgd/revivals,pgd/turnover,pgd/net_growth,pgd/n_prune_cand,pgd/n_revive_cand
1,0,0.0013662975971344914,1.5625,0.6175520643591881,1.8713698387145996,0,0,3.90625e-07,0,1,0,0.5767553150653839,0.5767553150653839,512,,,,,,,,,,,
2,0,0.0027308161611910853,1.5,0.49872537702322006,1.5112889558076859,0,0,7.8125e-07,0,1,0,0.4912562631070614,0.4912562631070614,512,,,,,,,,,,,
3,0,0.0040935568511486055,1.6171875,0.34452008828520775,1.0437062084674835,0.00033598834852455184,0.0002940401536761783,1.1718750000000001e-06,0.00033598834852455184,0.9906835705041885,-1.539289951324463e-05,0.5365303456783295,0.5365457385778427,512,,,,,,,,,,,
4,0,0.005454520825986419,1.53125,0.2742920517921448,0.8309013843536377,0.00037615728069795296,0.0002866394497686997,1.5625e-06,0.00037615728069795296,0.9908007681369781,0.0015696436166763306,0.7035895437002182,0.7020199000835419,512,,,,,,,,,,,
5,0,0.006813709244684052,1.4921875,0.3954852558672428,1.1981147229671478,0.00030632514972239733,0.00032546271540923044,1.953125e-06,0.00030632514972239733,0.9893847554922104,0.0027008578181266785,0.497413769364357,0.4947129115462303,512,,,,,,,,,,,
6,0,0.008171123266220092,1.390625,0.546504333615303,1.655777245759964,0.00036039200494997203,0.0002963925653602928,2.3437500000000002e-06,0.00036039200494997203,0.9898437261581421,0.005473658442497253,0.7197291254997253,0.7142554670572281,512,,,,,,,,,,,
7,0,0.009526764049574065,1.7265625,0.5153508186340332,1.5612916946411133,0.0003944004638469778,0.000377388067136053,2.734375e-06,0.0003944004638469778,0.9897753745317459,0.00987422838807106,1.243420548737049,1.233546320348978,512,,,,,,,,,,,
8,0.7000003248309168,0.010880632753725493,1.0234375,0.36675378307700157,1.1109805256128311,0.0005544901796383783,0.0003945230273529887,3.125e-06,0.0005544901796383783,0.987260714173317,0.025001227855682373,1.1778484731912613,1.152847245335579,512,5.830613613128662,5.830613613128662,0.03,4862039453.0,0.7000003248309168,4862039453.0,0,2528330400.0,2528330400.0,4862039453.0,0
9,0.7000003248309168,0.012232730537652968,83,4.083629250526428,6.684208631515503,7.095594525337219,5.690424859523773,3.5156250000000003e-06,7.095594525337219,0.24164550751447678,10.557645164430141,11.34828495979309,0.7906397953629494,512,,,,,,,,,,,
10,0.7000003248309168,0.013583058560336014,65,4.0735819935798645,7.273052453994751,7.190897107124329,5.071134507656097,3.90625e-06,7.190897107124329,0.2403564304113388,10.57741004228592,11.326590061187744,0.749180018901825,512,,,,,,,,,,,
11,0.7000003248309168,0.014931617980753997,64.5,4.1759520173072815,6.920236825942993,6.247606158256531,5.734162449836731,4.296875e-06,6.247606158256531,0.2803369052708149,10.046279475092888,11.34688401222229,1.3006045371294022,512,,,,,,,,,,,
12,0.7000003248309168,0.01627840995788574,78.5,4.18373966217041,6.1599531173706055,6.91360330581665,6.518045425415039,4.6875000000000004e-06,6.91360330581665,0.2501904219388962,10.276425987482071,11.31723928451538,1.04081329703331,512,,,,,,,,,,,
13,0.7000003248309168,0.017623435650710617,61.5,3.9875420331954956,6.750715136528015,6.963105320930481,5.332745134830475,5.078125000000001e-06,6.963105320930481,0.22702636197209358,9.885440170764923,11.347386837005615,1.4619466662406921,512,,,,,,,,,,,
14,0.7000003248309168,0.018966696218208144,58,4.146023273468018,6.05511748790741,7.280060529708862,6.508588671684265,5.46875e-06,7.280060529708862,0.23046385496854782,10.638593897223473,11.391915559768677,0.7533216625452042,512,,,,,,,,,,,
15,0.7000003248309168,0.02030819281935692,69.5,3.865185856819153,5.431150913238525,6.066071629524231,6.2815330028533936,5.859375e-06,6.066071629524231,0.2394091710448265,9.992627777159214,11.346823692321777,1.3541959151625633,512,,,,,,,,,,,
16,0.7000003248309168,0.021647926613136536,70,4.037695407867432,5.829271197319031,6.960836410522461,6.406169176101685,6.25e-06,6.960836410522461,0.24799804762005806,10.26864281669259,11.323707103729248,1.0550642870366573,512,0.0008143132436089218,0.0008143132436089218,0.03,15,0.7000003248309168,15,15,15,-1,15,2271
17,0.7000003248309168,0.022985898758526288,57,3.686331868171692,6.195989608764648,7.044720888137817,4.974713027477264,6.6406250000000005e-06,7.044720888137817,0.22992675006389618,10.505389586091042,11.338944435119629,0.8335548490285873,512,,,,,,,,,,,
18,0.7000003248309168,0.024322110414505004,55.5,3.8186553716659546,6.552357912063599,7.2222230434417725,5.019324839115143,7.031250000000001e-06,7.2222230434417725,0.22174803912639618,10.548114910721779,11.348529577255249,0.8004146665334702,512,,,,,,,,,,,
19,0.7000003248309168,0.025656562740052125,49.25,3.7616409063339233,6.406542181968689,6.992931485176086,4.992369055747986,7.421875e-06,6.992931485176086,0.25388671830296516,10.70332058519125,11.264596939086914,0.5612763538956642,512,,,,,,,,,,,
20,0.7000003248309168,0.026989256894147017,52.75,3.8550806641578674,6.560266971588135,6.79918110370636,5.121794939041138,7.8125e-06,6.79918110370636,0.2539697103202343,10.663219332695007,11.256327152252197,0.5931078195571899,512,,,,,,,,,,,
21,0.7000003248309168,0.028320194035768506,44.75,3.565288007259369,7.0652525424957275,6.84816312789917,3.738649845123291,8.203125000000001e-06,6.84816312789917,0.24718748778104782,10.501038148999214,11.150377988815308,0.6493398398160934,512,,,,,,,,,,,
22,0.7000003248309168,0.029649375323895964,48.25,3.7635433077812195,6.313896656036377,6.365447759628296,5.0907798409461975,8.59375e-06,6.365447759628296,0.26731932908296585,10.369329668581486,11.150176286697388,0.780846618115902,512,,,,,,,,,,,
23,0.7000003248309168,0.03097680191750883,46,3.7164477109909058,6.195700645446777,6.53838837146759,5.066262066364288,8.984375e-06,6.53838837146759,0.2738037109375,10.442732363939285,11.060981273651123,0.6182489097118378,512,,,,,,,,,,,
24,0.7000003248309168,0.032302474975585936,46.25,3.5939639806747437,6.048014521598816,6.7258806228637695,4.842784643173218,9.375000000000001e-06,6.7258806228637695,0.25562987104058266,10.525587752461433,11.076190948486328,0.5506031960248947,512,0.0014274014392867684,0.0014274014392867684,0.03,251,0.7000003248309168,251,251,311,-5,251,2505
25,0.7000003248309168,0.03362639565710664,43.5,3.753452777862549,5.994300007820129,6.325041651725769,5.379799008369446,9.765625e-06,6.325041651725769,0.2750927731394768,10.206111021339893,10.82258915901184,0.6164781376719475,512,,,,,,,,,,,
26,0.7000003248309168,0.03494856512105032,42.25,3.377085268497467,5.744768977165222,5.3421431183815,4.488822340965271,1.0156250000000001e-05,5.3421431183815,0.28413573279976845,9.393333226442337,10.653716087341309,1.2603828608989716,512,,,,,,,,,,,
27,0.7000003248309168,0.03626898452639579,45.25,3.670091986656189,7.051552772521973,5.5817906856536865,4.069937586784363,1.0546875e-05,5.5817906856536865,0.3012646324932575,9.982426449656487,10.77721357345581,0.794787123799324,512,,,,,,,,,,,
28,0.7000003248309168,0.03758765503212251,48,3.489772617816925,5.928940773010254,5.852145552635193,4.646127343177795,1.09375e-05,5.852145552635193,0.2760302685201168,9.525055453181267,10.421263456344604,0.8962080031633377,512,,,,,,,,,,,
29,0.7000003248309168,0.038904577797209836,48,3.241844892501831,5.993760466575623,5.808594346046448,3.8300114274024963,1.1328125000000001e-05,5.808594346046448,0.26692383363842964,9.616626039147377,10.335799217224121,0.7191731780767441,512,,,,,,,,,,,
30,0.7000003248309168,0.0402197539806366,46.75,3.3820502161979675,6.212996125221252,5.497219204902649,4.0356404185295105,1.171875e-05,5.497219204902649,0.28371092677116394,9.079064041376114,9.733902931213379,0.654838889837265,512,,,,,,,,,,,
31,0.7000003248309168,0.04153318474138215,46.25,3.1778913140296936,5.417624592781067,4.878180384635925,4.212348580360413,1.2109375000000001e-05,4.878180384635925,0.28815916925668716,8.594911262392998,9.999425649642944,1.4045143872499466,512,,,,,,,,,,,
32,0.7000003248309168,0.04284487123842596,54.25,3.21527236700058,6.082160949707031,1.402376115322113,3.6610883474349976,1.25e-05,1.402376115322113,0.37028806656599045,4.578885443508625,6.297092437744141,1.7182069942355156,512,0.0009854603558778763,0.0009854603558778763,0.03,807,0.7000003248309168,807,807,1063,39,807,3062
33,0.7000003248309168,0.04415481463074684,64,3.017863690853119,5.785478234291077,0.9200649112462997,3.3595625162124634,1.2890625e-05,0.9200649112462997,0.37089353799819946,4.75413091480732,6.147151827812195,1.3930209130048752,512,,,,,,,,,,,
34,0.7000003248309168,0.045463016077324156,85,3.0698938965797424,6.423649787902832,1.9491496682167053,2.8790586292743683,1.3281250000000001e-05,1.9491496682167053,0.2506201062351465,1.3110478520393372,2.9942284524440765,1.6831806004047394,512,,,,,,,,,,,
35,0.7000003248309168,0.04676947673713728,58.75,2.7689423263072968,5.5389352440834045,0.6312545910477638,2.8517988324165344,1.3671875e-05,0.6312545910477638,0.29267576709389687,0.30030637234449387,1.6396689116954803,1.3393625393509865,512,,,,,,,,,,,
36,0.7000003248309168,0.048074197769165036,48.75,3.201831877231598,6.26778507232666,0.8802738934755325,3.434735357761383,1.4062500000000001e-05,0.8802738934755325,0.3635937422513962,1.064478650689125,3.0394436419010162,1.9749649912118912,512,,,,,,,,,,,
37,0.7000003248309168,0.04937718033238687,52.25,2.8766308426856995,5.728245258331299,2.0757007747888565,2.9888173937797546,1.4453125e-05,2.0757007747888565,0.341679684817791,0.04148790240287781,3.119837373495102,3.078349471092224,512,,,,,,,,,,,
38,0.7000003248309168,0.050678425585782144,40.5,2.9776610136032104,6.13822865486145,0.8568025678396225,2.8849862217903137,1.484375e-05,0.8568025678396225,0.32127928733825684,1.664848543703556,2.304720103740692,0.6398715600371361,512,,,,,,,,,,,
39,0.7000003248309168,0.051977934688329695,48.75,2.6625953912734985,4.9346813559532166,0.7538703009486198,3.1337892413139343,1.5234375000000001e-05,0.7538703009486198,0.27738769352436066,0.2687315810471773,0.6699493397027254,0.4012177586555481,512,,,,,,,,,,,
40,0.7000003248309168,0.05327570879900888,55.5,2.548867166042328,4.711206018924713,0.456534743309021,3.012633502483368,1.5625e-05,0.456534743309021,0.32073241099715233,-0.13605615496635437,2.1570154279470444,2.2930715829133987,512,0.0018295773770660162,0.0018295773770660162,0.03,918,0.7000003248309168,918,918,1021,265,918,3172
41,0.7000003248309168,0.054571749076799146,151,2.4954529404640198,4.274789988994598,0.6974308639764786,3.287188231945038,1.6015625e-05,0.6974308639764786,0.3488818220794201,-0.9665287844836712,4.381613742560148,5.348142527043819,512,,,,,,,,,,,
42,0.7000003248309168,0.055866056680679316,96.5,2.6144354939460754,4.693074107170105,0.5138325914740562,3.2294574975967407,1.6406250000000002e-05,0.5138325914740562,0.35206054151058197,0.4194500595331192,1.1913357973098755,0.7718857377767563,512,,,,,,,,,,,
43,0.7000003248309168,0.057158632769628764,62.75,2.708241105079651,5.0824666023254395,0.9801052138209343,3.124324321746826,1.6796875e-05,0.9801052138209343,0.2705908063799143,-0.7147478759288788,1.0049195140600204,1.7196673899888992,512,,,,,,,,,,,
44,0.7000003248309168,0.058449478502626856,25,2.6163167357444763,5.126023232936859,0.3747287094593048,2.8022091388702393,1.71875e-05,0.3747287094593048,0.32381346821784973,0.04843747243285179,2.363381963223219,2.314944490790367,512,,,,,,,,,,,
45,0.7000003248309168,0.05973859503865241,36.25,2.2433010935783386,3.5808876156806946,0.5169513151049614,3.216994047164917,1.7578125000000002e-05,0.5169513151049614,0.3114599473774433,0.09548190981149673,0.8169619739055634,0.7214800640940666,512,,,,,,,,,,,
46,0.7000003248309168,0.06102598353668489,65,2.269533634185791,3.6659695506095886,1.8821477591991425,3.2114047408103943,1.796875e-05,1.8821477591991425,0.309541005641222,0.12478695809841156,4.165589094161987,4.040802136063576,512,,,,,,,,,,,
47,0.7000003248309168,0.062311645155703636,22.25,2.290134847164154,4.2381468415260315,0.8177430257201195,2.701655626296997,1.8359375e-05,0.8177430257201195,0.32563964277505875,0.23284344375133514,0.9315288215875626,0.6986853778362274,512,,,,,,,,,,,
48,0.7000003248309168,0.0635955810546875,42.25,2.2911414206027985,4.45548540353775,1.447577379643917,2.4873672127723694,1.8750000000000002e-05,1.447577379643917,0.2858984246850014,-0.2967042997479439,1.9461486786603928,2.2428529784083366,512,0.0018537082942202687,0.0018537082942202687,0.03,1118,0.7000003248309168,1118,1118,1189,263,1118,3374
49,0.7000003248309168,0.06487779239261583,31.25,2.63850200176239,5.198535740375519,1.8729763105511665,2.7969245314598083,1.9140625e-05,1.8729763105511665,0.32032714039087296,0.7318515330553055,2.0579919517040253,1.3261404186487198,512,,,,,,,,,,,
50,0.7000003248309168,0.06615828032846807,28.75,2.2980193495750427,4.268854737281799,0.7854990772902966,2.694839894771576,1.953125e-05,0.7854990772902966,0.33008788526058197,0.29452284425497055,4.264274001121521,3.9697511568665504,512,,,,,,,,,,,
51,0.7000003248309168,0.06743704602122307,24.625,2.534758746623993,5.268941402435303,0.4191795289516449,2.4121453762054443,1.9921875e-05,0.4191795289516449,0.3195214793086052,1.5068301111459732,2.4499320685863495,0.9431019574403763,512,,,,,,,,,,,
52,0.7000003248309168,0.06871409062986017,32.5,2.479389250278473,5.152926087379456,0.49219105392694473,2.360374391078949,2.0312500000000002e-05,0.49219105392694473,0.36918456852436066,1.1347020044922829,2.6264652013778687,1.4917631968855858,512,,,,,,,,,,,
53,0.7000003248309168,0.06998941531335874,28.625,2.3621729910373688,5.01707398891449,0.26626111939549446,2.1410257816314697,2.0703125e-05,0.26626111939549446,0.37172361463308334,0.3707672245800495,0.8229042887687683,0.4521370641887188,512,,,,,,,,,,,
54,0.7000003248309168,0.07126302123069762,33.5,2.3231890201568604,4.929864704608917,0.4972826726734638,2.110101491212845,2.109375e-05,0.4972826726734638,0.3366747945547104,0.16841665282845497,1.8919921815395355,1.7235755287110806,512,,,,,,,,,,,
55,0.7000003248309168,0.07253490954085626,30.625,2.0248047709465027,4.174930512905121,0.40628986060619354,1.9608413577079773,2.1484375000000002e-05,0.40628986060619354,0.3906640484929085,0.5800381749868393,1.5681538581848145,0.9881156831979752,512,,,,,,,,,,,
56,0.7000003248309168,0.073805081402814,17.125,1.932901918888092,3.7781185507774353,0.5187822133302689,2.079159766435623,2.1875e-05,0.5187822133302689,0.33253416419029236,0.9776348173618317,1.4173530638217926,0.43971824645996094,512,0.0011118109105154872,0.0011118109105154872,0.03,1597,0.7000003248309168,1597,1597,1722,396,1597,3851
57,0.7000003248309168,0.07507353797554969,54,1.6183493435382843,2.7917192578315735,1.0203151479363441,2.112369567155838,2.2265625e-05,1.0203151479363441,0.35994628816843033,1.4931140393018723,3.7297112345695496,2.2365971952676773,512,,,,,,,,,,,
58,0.7000003248309168,0.0763402804180427,71.5,2.3925917744636536,4.996918261051178,0.6821300685405731,2.253359615802765,2.2656250000000002e-05,0.6821300685405731,0.30387695133686066,2.4791985228657722,4.8996710032224655,2.4204724803566933,512,,,,,,,,,,,
59,0.7000003248309168,0.07760530988927244,56,1.9735773205757141,3.4963330030441284,0.3484037518501282,2.4842041730880737,2.3046875e-05,0.3484037518501282,0.34233885258436203,1.5351582244038582,2.062992975115776,0.5278347507119179,512,,,,,,,,,,,
60,0.7000003248309168,0.07886862754821777,60.25,2.2923117578029633,3.9550647735595703,1.059153713285923,2.991334080696106,2.34375e-05,1.059153713285923,0.2810449115931988,0.7744864076375961,1.899540901184082,1.125054493546486,512,,,,,,,,,,,
61,0.7000003248309168,0.08013023455385804,29.375,1.6117320954799652,2.7450318932533264,0.20610709488391876,2.1390044689178467,2.3828125e-05,0.20610709488391876,0.3483544811606407,0.27687515690922737,0.6316314712166786,0.35475631430745125,512,,,,,,,,,,,
62,0.7000003248309168,0.08139013206517264,12.125,1.7454370260238647,3.50906240940094,0.4843827188014984,1.7801402807235718,2.4218750000000003e-05,0.4843827188014984,0.43699705600738525,0.07777010649442673,3.5243770331144333,3.4466069266200066,512,,,,,,,,,,,
63,0.7000003248309168,0.08264832124114035,125,1.773617833852768,3.3990066051483154,0.7419508844614029,1.9755928218364716,2.4609375e-05,0.7419508844614029,0.32487304508686066,-0.06477212905883789,1.7389673367142677,1.8037394657731056,512,,,,,,,,,,,
64,0.7000003248309168,0.08390480324074068,74.5,1.999569058418274,4.0712502002716064,0.7282731458544731,1.9880498051643372,2.5e-05,0.7282731458544731,0.4469286948442459,1.9511282751336694,4.925702691078186,2.9745744159445167,512,0.0032031561713665724,0.0032031561713665724,0.03,1713,0.7000003248309168,1713,1713,2047,261,1713,3966
65,0.7000003248309168,0.08515957922295293,26.625,2.406010925769806,5.310824453830719,0.605379045009613,1.980117380619049,2.5390625000000002e-05,0.605379045009613,0.434208981692791,1.8516094088554382,3.5380278825759888,1.6864184737205505,512,,,,,,,,,,,
66,0.7000003248309168,0.08641265034675598,16.125,1.6158784925937653,3.1348864436149597,0.28817736729979515,1.7617147266864777,2.578125e-05,0.28817736729979515,0.47107910364866257,0.9433946684002876,1.2530508488416672,0.30965618044137955,512,,,,,,,,,,,
67,0.7000003248309168,0.08766401777112916,41,1.8533284962177277,3.5564653277397156,0.21227995306253433,2.059681475162506,2.6171875e-05,0.21227995306253433,0.46080076694488525,-0.46705570816993713,1.0121482908725739,1.479203999042511,512,,,,,,,,,,,
68,0.7000003248309168,0.08891368265505194,14.5625,1.8679669797420502,3.949288249015808,0.15190483443439007,1.7112175226211548,2.6562500000000002e-05,0.15190483443439007,0.4831884503364563,-0.11838667094707489,0.13462339714169502,0.2530100680887699,512,,,,,,,,,,,
69,0.7000003248309168,0.09016164615750312,12.75,1.8664864301681519,3.653340995311737,0.23842749372124672,2.002678155899048,2.6953125000000003e-05,0.23842749372124672,0.44569336622953415,0.2846955992281437,1.2644991800189018,0.9798035807907581,512,,,,,,,,,,,
70,0.7000003248309168,0.09140790943746209,39.75,1.5316294729709625,2.9196267127990723,0.47963282093405724,1.7216745018959045,2.734375e-05,0.47963282093405724,0.497744120657444,1.3210693821310997,2.637832123786211,1.3167627416551113,512,,,,,,,,,,,
71,0.7000003248309168,0.09265247365390822,13,1.5345457792282104,2.8229219913482666,0.39706308767199516,1.8272164165973663,2.7734375e-05,0.39706308767199516,0.45744625478982925,-0.5434458069503307,1.194413885474205,1.7378596924245358,512,,,,,,,,,,,
72,0.7000003248309168,0.09389533996582031,19.75,1.4789898097515106,2.6840128898620605,0.2989061065018177,1.7977742552757263,2.8125000000000003e-05,0.2989061065018177,0.5190087705850601,-0.01739007607102394,1.4990132227540016,1.5164032988250256,512,0.0019783342722803354,0.0019783342722803354,0.03,2700,0.7000003248309168,2700,2700,2891,659,2700,4954
73,0.7000003248309168,0.09513650953217782,21,1.7842825949192047,3.8086628317832947,0.6587501298636198,1.5982539653778076,2.8515625e-05,0.6587501298636198,0.48954588919878006,1.137299232184887,2.8947640359401703,1.7574648037552834,512,,,,,,,,,,,
74,0.7000003248309168,0.09637598351196013,10.75,1.8499547243118286,3.7610919177532196,0.168413070961833,1.844831258058548,2.890625e-05,0.168413070961833,0.4737304449081421,-0.005623068660497665,0.7428959310054779,0.7485189996659756,512,,,,,,,,,,,
75,0.7000003248309168,0.09761376306414604,9.4375,1.6403388679027557,3.3084741830825806,0.2158034685999155,1.662249505519867,2.9296875000000002e-05,0.2158034685999155,0.4831298813223839,0.2653508521616459,1.2725905366241932,1.0072396844625473,512,,,,,,,,,,,
76,0.7000003248309168,0.09884984934771493,16.5,1.6422883868217468,3.3047619462013245,0.32647349685430527,1.6718693971633911,2.96875e-05,0.32647349685430527,0.46751465648412704,0.8087519258260727,1.9643060266971588,1.1555541008710861,512,,,,,,,,,,,
77,0.7000003248309168,0.10008424352164624,11,1.7990630865097046,4.0016027092933655,0.496093088760972,1.4501032829284668,3.0078125e-05,0.496093088760972,0.40577635914087296,-0.3822264149785042,4.816069632768631,5.198296047747135,512,,,,,,,,,,,
78,0.7000003248309168,0.10131694674491881,8.875,1.5773818492889404,3.1347528398036957,0.2316780211403966,1.6451919376850128,3.0468750000000002e-05,0.2316780211403966,0.4963086023926735,0.12335057556629181,1.4705753326416016,1.3472247570753098,512,,,,,,,,,,,
79,0.7000003248309168,0.102547960176512,13.625,1.3209044337272644,2.547653317451477,0.6469174493104219,1.4550871849060059,3.0859375e-05,0.6469174493104219,0.5078320205211639,0.9221701622009277,3.883644424378872,2.961474262177944,512,,,,,,,,,,,
80,0.7000003248309168,0.10377728497540517,25.25,1.4839265942573547,3.0341634154319763,0.22798109613358974,1.4625836610794067,3.125e-05,0.22798109613358974,0.5232665911316872,0.3555650971829891,1.2187830843031406,0.8632179871201515,512,0.0019000524189323187,0.0019000524189323187,0.03,3509,0.7000003248309168,3509,3509,3902,716,3509,5765
81,0.7000003248309168,0.10500492230057716,11.8125,1.2688490152359009,2.7107149362564087,0.2775912955403328,1.1342819035053253,3.1640625e-05,0.2775912955403328,0.5351366996765137,-0.58005540817976,1.780945211648941,2.361000619828701,512,,,,,,,,,,,
82,0.7000003248309168,0.10623087331100739,10,1.2305747270584106,2.29150128364563,0.10269809700548649,1.4375129640102386,3.203125e-05,0.10269809700548649,0.5780908018350601,0.4628460109233856,0.6175493597984314,0.15470334887504578,512,,,,,,,,,,,
83,0.7000003248309168,0.10745513916567526,10.125,1.6135505139827728,3.3188095688819885,0.1886422149837017,1.5707372426986694,3.2421875e-05,0.1886422149837017,0.5141601637005806,0.6233615055680275,1.433137521147728,0.8097760155797005,512,,,,,,,,,,,
84,0.7000003248309168,0.10867772102355956,9.125,1.2003598511219025,2.3921069502830505,0.26776713971048594,1.2453469932079315,3.2812500000000005e-05,0.26776713971048594,0.4388720616698265,0.9788165204226971,1.2366899773478508,0.25787345692515373,512,,,,,,,,,,,
85,0.7000003248309168,0.10989862004363969,12.0625,1.374277412891388,2.873100847005844,0.11987451277673244,1.291375994682312,3.3203125e-05,0.11987451277673244,0.5473535060882568,0.11481869220733643,0.7246033474802971,0.6097846552729607,512,,,,,,,,,,,
86,0.7000003248309168,0.11111783738489507,11.0625,1.0678516328334808,2.123959392309189,0.18136701732873917,1.1119545102119446,3.359375e-05,0.18136701732873917,0.5310351550579071,0.2353157103061676,1.1678267270326614,0.9325110167264938,512,,,,,,,,,,,
87,0.7000003248309168,0.11233537420630454,12,1.1941377967596054,2.4914451837539673,0.2588334158062935,1.1271541863679886,3.3984375000000004e-05,0.2588334158062935,0.548476554453373,-0.6797419674694538,0.7979813851416111,1.477723352611065,512,,,,,,,,,,,
88,0.7000003248309168,0.11355123166684747,8.9375,0.9680706709623337,1.8248951137065887,0.43617838621139526,1.1086523830890656,3.4375e-05,0.43617838621139526,0.466855451464653,-0.870991438627243,2.3464397490024567,3.2174311876296997,512,0.0009828188922256231,0.0009828188922256231,0.03,4647,0.7000003248309168,4647,4647,5288,600,4647,6903
89,0.7000003248309168,0.11476541092550321,11,1.3642271906137466,2.8315596878528595,0.41142795979976654,1.3024621307849884,3.4765625e-05,0.41142795979976654,0.5088671669363976,1.7059860229492188,4.964625656604767,3.258639633655548,512,,,,,,,,,,,
90,0.7000003248309168,0.1159779131412506,11.75,1.2406690120697021,2.45326030254364,0.2487548366189003,1.306342601776123,3.5156250000000004e-05,0.2487548366189003,0.5276757478713989,1.594975009560585,2.1109375655651093,0.5159625560045242,512,,,,,,,,,,,
91,0.7000003248309168,0.11718873947306908,10.375,1.0382173657417297,2.1049871146678925,0.12016655411571264,1.0411259084939957,3.5546875e-05,0.12016655411571264,0.5688476487994194,0.6716320812702179,1.0256171971559525,0.35398511588573456,512,,,,,,,,,,,
92,0.7000003248309168,0.11839789107993802,13.625,1.5525575280189514,3.5079946517944336,0.31455816701054573,1.19672492146492,3.59375e-05,0.31455816701054573,0.3964941203594208,0.5140044763684273,2.8071489185094833,2.293144442141056,512,,,,,,,,,,,
93,0.7000003248309168,0.11960536912083625,12.25,1.303983062505722,2.9480186998844147,0.3411698378622532,1.0034450888633728,3.6328125000000004e-05,0.3411698378622532,0.5183105394244194,-0.5537769254297018,1.0759640727192163,1.6297409981489182,512,,,,,,,,,,,
94,0.7000003248309168,0.12081117475474312,7.28125,1.8108351528644562,4.285881608724594,0.14689860958606005,1.2014973014593124,3.671875e-05,0.14689860958606005,0.42491698265075684,0.12128196097910404,0.8618437293916941,0.74056176841259,512,,,,,,,,,,,
95,0.7000003248309168,0.1220153091406381,10.5625,1.5141162872314453,3.4025155305862427,0.3608598681166768,1.1857153922319412,3.7109375e-05,0.3608598681166768,0.5573290809988976,-1.4402975905686617,0.6833643969148397,2.1236619874835014,512,,,,,,,,,,,
96,0.7000003248309168,0.1232177734375,8.6875,1.4810871481895447,3.3097390830516815,0.5515558645129204,1.1784035414457321,3.7500000000000003e-05,0.5515558645129204,0.5373095571994781,1.1285817623138428,3.463474303483963,2.3348925411701202,512,0.0010310265934094787,0.0010310265934094787,0.03,4576,0.7000003248309168,4576,4576,4876,1004,4576,6829
97,0.7000003248309168,0.12441856880430817,13.75,1.0178282260894775,1.8141773641109467,0.5785881355404854,1.2701504826545715,3.7890625e-05,0.5785881355404854,0.5816161930561066,0.624186635017395,2.9820526838302612,2.357866048812866,512,,,,,,,,,,,
98,0.7000003248309168,0.12561769640004203,11.375,1.2613056004047394,2.5151007175445557,0.5211728662252426,1.3070373833179474,3.828125e-05,0.5211728662252426,0.5714306384325027,1.1340761929750443,2.358141243457794,1.22406505048275,512,,,,,,,,,,,
99,0.7000003248309168,0.12681515738368035,12.4375,0.8852716386318207,1.6988292336463928,0.6540757194161415,0.9838120639324188,3.8671875e-05,0.6540757194161415,0.5963476449251175,1.6344289481639862,4.26896858215332,2.634539633989334,512,,,,,,,,,,,
100,0.7000003248309168,0.12801095291420259,7.96875,0.8460863381624222,1.7491427063941956,0.4708753973245621,0.8147551566362381,3.90625e-05,0.4708753973245621,0.6009325981140137,1.4820812940597534,4.445776522159576,2.963695228099823,512,,,,,,,,,,,
101,0.7000003248309168,0.12920508415058812,13.5,1.3013236224651337,2.9122574627399445,0.6693460494279861,1.0311471819877625,3.9453125000000005e-05,0.6693460494279861,0.5663476288318634,-0.8532876372337341,1.4772992134094238,2.330586850643158,512,,,,,,,,,,,
102,0.7000003248309168,0.1303975522518158,10.5625,0.993738979101181,2.1770161390304565,0.7818587422370911,0.8343139439821243,3.984375e-05,0.7818587422370911,0.5755029320716858,-1.3382059037685394,1.35237255692482,2.6905784606933594,512,,,,,,,,,,,
103,0.7000003248309168,0.13158835837686494,10.375,1.2093356847763062,2.653483420610428,0.5325078144669533,1.0111700892448425,4.0234375e-05,0.5325078144669533,0.6258739829063416,-0.6894510984420776,2.1706114411354065,2.860062539577484,512,,,,,,,,,,,
104,0.7000003248309168,0.13277750368471503,5.28125,1.1666016578674316,2.6108897924423218,0.4842747822403908,0.9242665320634842,4.0625000000000005e-05,0.4842747822403908,0.5912304669618607,-0.4148716926574707,2.681201457977295,3.0960731506347656,512,0.0010706206085160375,0.0010706206085160375,0.03,5736,0.7000003248309168,5736,5736,6483,619,5736,7991
105,0.7000003248309168,0.13396498933434486,9.125,0.8965483456850052,1.8314680457115173,0.4534309506416321,0.8853449523448944,4.1015625e-05,0.4534309506416321,0.5910400450229645,1.8682214319705963,3.7435970306396484,1.8753755986690521,512,,,,,,,,,,,
106,0.7000003248309168,0.13515081648473382,7.03125,0.7506432682275772,1.5055616796016693,0.49903515353798866,0.769114762544632,4.140625e-05,0.49903515353798866,0.575244128704071,1.1694741249084473,4.574577629566193,3.4051035046577454,512,,,,,,,,,,,
107,0.7000003248309168,0.13633498629486127,5.84375,1.3108259439468384,2.948861539363861,0.3264392502605915,1.0233381539583206,4.1796875000000005e-05,0.3264392502605915,0.6210546940565109,1.3595785200595856,2.7295501828193665,1.3699716627597809,512,,,,,,,,,,,
108,0.7000003248309168,0.13751749992370604,3.859375,1.4771668463945389,3.3293648660182953,0.27381791546940804,1.1468979865312576,4.21875e-05,0.27381791546940804,0.628955066204071,0.20226749777793884,3.4003615379333496,3.1980940401554108,512,,,,,,,,,,,
109,0.7000003248309168,0.1386983585302476,6.625,1.0032371580600739,2.269900292158127,0.49118687957525253,0.7702122032642365,4.2578125e-05,0.49118687957525253,0.5905419886112213,-0.31673043966293335,3.7993473410606384,4.116077780723572,512,,,,,,,,,,,
110,0.7000003248309168,0.13987756327346523,8.8125,0.7330204099416733,1.5075078904628754,0.45113705098629,0.7137659639120102,4.2968750000000004e-05,0.45113705098629,0.5630419701337814,1.310177743434906,4.369624197483063,3.0594464540481567,512,,,,,,,,,,,
111,0.7000003248309168,0.14105511531233786,4.125,1.0436219573020935,2.3469789028167725,0.28883448988199234,0.8155117034912109,4.3359375e-05,0.28883448988199234,0.6202343553304672,-0.5359127819538116,1.4409416913986206,1.9768544733524323,512,,,,,,,,,,,
112,0.7000003248309168,0.1422310158058448,7,0.8440140932798386,1.8290671110153198,0.37209562957286835,0.7285511940717697,4.375e-05,0.37209562957286835,0.5999706834554672,0.08226940035820007,2.3999215960502625,2.3176521956920624,512,0.0013652830384671688,0.0013652830384671688,0.03,6705,0.7000003248309168,6705,6705,7191,1199,6705,8959
113,0.7000003248309168,0.1434052659129655,3.65625,1.1254567354917526,2.5518334209918976,0.3619813546538353,0.8586414456367493,4.4140625000000004e-05,0.3619813546538353,0.6076562255620956,0.4408864378929138,2.882074624300003,2.4411881864070892,512,,,,,,,,,,,
114,0.7000003248309168,0.1445778667926788,23.875,0.6835127472877502,1.3702070116996765,0.3385230414569378,0.7010436356067657,4.453125e-05,0.3385230414569378,0.5314404219388962,1.6392623782157898,3.92196524143219,2.2827028632164,512,,,,,,,,,,,
115,0.7000003248309168,0.14574881960396407,14.5625,1.2744618356227875,2.881429046392441,0.2660522684454918,0.9805764406919479,4.4921875e-05,0.2660522684454918,0.6044042706489563,-0.04678279161453247,2.7480623722076416,2.794845163822174,512,,,,,,,,,,,
116,0.7000003248309168,0.1469181255058007,6.65625,0.6405454874038696,1.2935997992753983,0.4071454331278801,0.6474470794200897,4.5312500000000004e-05,0.4071454331278801,0.6214599609375,0.2656077742576599,2.594568908214569,2.328961133956909,512,,,,,,,,,,,
117,0.7000003248309168,0.14808578565716743,8.8125,1.0950529873371124,2.420373857021332,0.30338601768016815,0.8979684114456177,4.5703125e-05,0.30338601768016815,0.6356591731309891,0.47797296941280365,2.627323806285858,2.1493508368730545,512,,,,,,,,,,,
118,0.7000003248309168,0.14925180121704376,5.15625,0.9231583029031754,2.07563978433609,0.3065858818590641,0.721809521317482,4.609375e-05,0.3065858818590641,0.5915331840515137,0.6617090702056885,2.588213324546814,1.9265042543411255,512,,,,,,,,,,,
119,0.7000003248309168,0.15041617334440907,5.0625,1.012475460767746,2.334400713443756,0.3212728872895241,0.7337065935134888,4.6484375e-05,0.3212728872895241,0.6469189375638962,0.03000512719154358,2.1059068739414215,2.075901746749878,512,,,,,,,,,,,
120,0.7000003248309168,0.1515789031982422,9.4375,1.326724573969841,3.1386381089687347,0.4062024801969528,0.8817392885684967,4.6875e-05,0.4062024801969528,0.6522411853075027,-0.4966002106666565,3.3319027423858643,3.8285029530525208,512,0.0019042534986510873,0.0019042534986510873,0.03,8117,0.7000003248309168,8117,8117,7533,2397,8117,10372
121,0.7000003248309168,0.15273999193752244,4.15625,1.072483703494072,2.426548272371292,0.4029337391257286,0.8234021216630936,4.7265625000000005e-05,0.4029337391257286,0.6405761539936066,-0.10254895687103271,2.269949734210968,2.3724986910820007,512,,,,,,,,,,,
122,0.7000003248309168,0.1538994407212293,7.3125,0.8754565492272377,2.003197520971298,0.34155207872390747,0.6497010141611099,4.765625e-05,0.34155207872390747,0.6345556527376175,0.10940775275230408,3.2694436609745026,3.1600359082221985,512,,,,,,,,,,,
123,0.7000003248309168,0.1550572507083416,11.8125,1.0306172370910645,2.3180906176567078,0.2887626364827156,0.8049917444586754,4.8046875e-05,0.2887626364827156,0.6687451004981995,0.42017441987991333,2.4162920117378235,1.9961175918579102,512,,,,,,,,,,,
124,0.7000003248309168,0.15621342305783867,4.5625,0.9343237280845642,2.1797047555446625,0.34340858459472656,0.6515792161226273,4.8437500000000005e-05,0.34340858459472656,0.6369775235652924,0.2479296326637268,3.674332082271576,3.426402449607849,512,,,,,,,,,,,
125,0.7000003248309168,0.15736795892869992,6.96875,0.9048098474740982,2.1402383148670197,0.16065586917102337,0.6016095504164696,4.8828125e-05,0.16065586917102337,0.6615869104862213,0.7318477034568787,2.725994288921356,1.9941465854644775,512,,,,,,,,,,,
126,0.7000003248309168,0.15852085947990416,3.78125,0.7580938786268234,1.7784928679466248,0.2569160535931587,0.5187611877918243,4.921875e-05,0.2569160535931587,0.7053417861461639,-0.6960761547088623,2.882259786128998,3.57833594083786,512,,,,,,,,,,,
127,0.7000003248309168,0.15967212587043084,3.46875,0.8983542919158936,2.0483447313308716,0.16945169493556023,0.673940896987915,4.9609375000000005e-05,0.16945169493556023,0.6725243926048279,-0.06002838909626007,2.5267026126384735,2.5867310017347336,512,,,,,,,,,,,
128,0.7000003248309168,0.16082175925925932,81,0.6938564628362656,1.528588593006134,5.476616859436035,0.5740066692233086,5e-05,5.476616859436035,0.08254726231098175,7.667125016450882,9.16267704963684,1.4955520331859589,79.25,0.005847675260156393,0.005847675260156393,0.03,9943,0.7000003248309168,9943,9944,12044,-80,9943,12191
129,0.7000003248309168,0.1619697608053684,52.5,0.685297355055809,1.572099357843399,2.054207742214203,0.504559189081192,5.0390625e-05,2.054207742214203,0.1792629063129425,5.742160081863403,6.883774042129517,1.1416139602661133,161.75,,,,,,,,,,,
130,0.7000003248309168,0.1631161316677375,11.3125,0.6982679218053818,1.595980703830719,0.8122983276844025,0.5199825689196587,5.0781250000000004e-05,0.8122983276844025,0.37525705993175507,0.37358367443084717,2.7148861289024353,2.341302454471588,297,,,,,,,,,,,
131,0.7000003248309168,0.16426087300534603,36.75,0.9469025731086731,2.265934079885483,0.9897335842251778,0.603467583656311,5.1171875e-05,0.9897335842251778,0.3172497861087322,-1.0738909244537354,1.4340529292821884,2.5079438537359238,278.75,,,,,,,,,,,
132,0.7000003248309168,0.16540398597717285,11.5,0.7050344496965408,1.6086483895778656,0.44023319333791733,0.5278195291757584,5.15625e-05,0.44023319333791733,0.40826911106705666,0.4192078113555908,3.206205427646637,2.786997616291046,280,,,,,,,,,,,
133,0.7000003248309168,0.16654547174219728,25.375,1.2372204661369324,2.90817990899086,0.9355508387088776,0.8409728482365608,5.1953125000000004e-05,0.9355508387088776,0.2024068459868431,3.9988068491220474,5.745820999145508,1.7470141500234604,98.75,,,,,,,,,,,
134,0.7000003248309168,0.1676853314593987,19.125,0.8581782877445221,2.022274136543274,1.4845294952392578,0.5782660841941833,5.234375e-05,1.4845294952392578,0.29807179793715477,2.020560085773468,4.31729793548584,2.296737849712372,266.5,,,,,,,,,,,
135,0.7000003248309168,0.16882356628775597,26.125,0.6622620299458504,1.5510412603616714,0.8657838851213455,0.45581331849098206,5.2734375e-05,0.8657838851213455,0.4522289112210274,-1.019341953098774,1.3223822638392448,2.341724216938019,301.25,,,,,,,,,,,
136,0.7000003248309168,0.16996017738624847,26.25,0.6735266894102097,1.5482586771249771,0.6027858778834343,0.4927311986684799,5.3125000000000004e-05,0.6027858778834343,0.4740269258618355,-0.8776770308613777,1.688691608607769,2.5663686394691467,398,0.002474668202921748,0.002474668202921748,0.03,53661,0.7000003248309168,53661,53661,85388,-18508,53661,55794
137,0.7000003248309168,0.17109516591385565,15.5625,0.7587584108114243,1.7427494823932648,0.5602773353457451,0.5565184056758881,5.3515625e-05,0.5602773353457451,0.27667006105184555,2.010264113545418,4.013365030288696,2.0031009167432785,230.25,,,,,,,,,,,
138,0.7000003248309168,0.17222853302955626,14.3125,0.9166356325149536,2.143438905477524,0.5626130178570747,0.6342446953058243,5.3906250000000006e-05,0.5626130178570747,0.3427676633000374,1.9975845366716385,3.6392566561698914,1.6416721194982529,187.75,,,,,,,,,,,
139,0.7000003248309168,0.17336027989232972,7.03125,1.0059221684932709,2.356441915035248,0.4488062262535095,0.6918070092797279,5.4296875000000004e-05,0.4488062262535095,0.346154123544693,0.537570908665657,2.102383866906166,1.564812958240509,162,,,,,,,,,,,
140,0.7000003248309168,0.17449040766115545,4.6875,0.9618718475103378,2.221758395433426,0.38215240463614464,0.6930046230554581,5.46875e-05,0.38215240463614464,0.4568602666258812,0.21275973320007324,2.5278492867946625,2.3150895535945892,298.75,,,,,,,,,,,
141,0.7000003248309168,0.17561891749501227,5.03125,1.4885541051626205,3.6104210913181305,0.2958986349403858,0.9003487378358841,5.5078125000000006e-05,0.2958986349403858,0.5596817061305046,0.33090993762016296,2.0528753846883774,1.7219654470682144,392.25,,,,,,,,,,,
142,0.7000003248309168,0.17674581055287958,4.25,0.8425755798816681,1.9236289858818054,0.3683322183787823,0.6296302601695061,5.546875e-05,0.3683322183787823,0.39884965866804123,-0.619166687130928,2.1891905069351196,2.8083571940660477,165.75,,,,,,,,,,,
143,0.7000003248309168,0.1778710879937367,5.46875,1.2285084277391434,2.8846715092658997,0.3980180285871029,0.8380811959505081,5.5859375e-05,0.3980180285871029,0.4057212769985199,0.8939768224954605,2.9513864517211914,2.057409629225731,189.75,,,,,,,,,,,
144,0.7000003248309168,0.17899475097656248,6.125,0.5527230203151703,1.173426553606987,0.5217026025056839,0.501491591334343,5.6250000000000005e-05,0.5217026025056839,0.5187526792287827,0.5278546214103699,4.230144143104553,3.7022895216941833,458.25,0.0014426979469135404,0.0014426979469135404,0.03,6910,0.7000003248309168,6910,6910,8198,238,6910,9164
145,0.7000003248309168,0.1801168006603364,11.3125,1.0260822921991348,2.359648734331131,0.2555009163916111,0.749691367149353,5.6640625e-05,0.2555009163916111,0.47545764595270157,0.9023026376962662,2.931004226207733,2.028701588511467,265.25,,,,,,,,,,,
146,0.7000003248309168,0.18123723820403775,10.75,0.6387457549571991,1.459624171257019,0.5404281914234161,0.47596895694732666,5.703125e-05,0.5404281914234161,0.5259785503149033,0.12893640995025635,3.785143107175827,3.6562066972255707,393.75,,,,,,,,,,,
147,0.7000003248309168,0.18235606476664543,5.25,0.9052122086286545,2.1082059144973755,0.2686736434698105,0.6348613053560257,5.7421875000000005e-05,0.2686736434698105,0.5140026733279228,0.23790013790130615,1.6947078108787537,1.4568076729774475,287.75,,,,,,,,,,,
148,0.7000003248309168,0.18347328150713876,4.625,0.9802562892436981,2.3250007331371307,0.2559954095631838,0.6454728245735168,5.78125e-05,0.2559954095631838,0.5301745980978012,0.2728343904018402,2.2567016780376434,1.9838672876358032,199.5,,,,,,,,,,,
149,0.7000003248309168,0.1845888895844972,6.8125,0.59913270175457,1.3706863969564438,0.3211502805352211,0.44486716389656067,5.8203125e-05,0.3211502805352211,0.5696081891655922,0.9768967032432556,3.1777800619602203,2.2008833587169647,390.25,,,,,,,,,,,
150,0.7000003248309168,0.18570289015769958,12.625,1.0422661378979683,2.4306863099336624,0.8823744058609009,0.7276958450675011,5.8593750000000005e-05,0.8823744058609009,0.43669918179512024,2.156180500984192,5.041958153247833,2.8857776522636414,512,,,,,,,,,,,
151,0.7000003248309168,0.18681528438572526,4.03125,1.0172062814235687,2.5716233253479004,0.19587580859661102,0.5108198821544647,5.8984375e-05,0.19587580859661102,0.5119410827755928,0.28766074776649475,1.5240413844585419,1.2363806366920471,152,,,,,,,,,,,
152,0.7000003249748893,0.1879260734275536,16.75,1.4786860942840576,3.5303137600421906,0.3202437646687031,0.9505529925227165,5.9375e-05,0.3202437646687031,0.5019019395112991,0.09957212209701538,1.8708806335926056,1.7713085114955902,188,0.0014889785088598728,0.0014889785088598728,0.03,8421,0.7000003249748893,8421,8420,9714,754,8421,10674
153,0.7000003249748893,0.18903525844216346,3.125,1.2041434049606323,2.8398509323596954,0.339900478720665,0.8090682476758957,5.9765625000000004e-05,0.339900478720665,0.5676695853471756,0.3394523859024048,2.616150915622711,2.2766985297203064,317.75,,,,,,,,,,,
154,0.7000003249748893,0.19014284058853426,2.859375,0.5230817124247551,1.195481777191162,0.33830549009144306,0.3896142467856407,6.015625e-05,0.33830549009144306,0.6030729115009308,0.43303874135017395,1.9724712520837784,1.5394325107336044,390,,,,,,,,,,,
155,0.7000003249748893,0.19124882102564533,3.875,0.591438926756382,1.3881499618291855,0.21910752542316914,0.404089130461216,6.0546875e-05,0.21910752542316914,0.5478011965751648,-0.3049238324165344,1.7669284343719482,2.0718522667884827,196.75,,,,,,,,,,,
156,0.7000003249748893,0.19235320091247557,37.5,0.788840226829052,1.8581009209156036,0.44880636781454086,0.5323239043354988,6.0937500000000004e-05,0.44880636781454086,0.6074609160423279,-0.8960668444633484,2.9177685976028442,3.8138354420661926,512,,,,,,,,,,,
157,0.7000003249748893,0.1934559814080043,10.1875,0.4698827937245369,1.0802559703588486,0.4722313955426216,0.34363123774528503,6.132812500000001e-05,0.4722313955426216,0.5466515421867371,0.2270464301109314,3.111105501651764,2.8840590715408325,305.5,,,,,,,,,,,
158,0.7000003249748893,0.19455716367121098,33,0.7629683911800385,1.7863262742757797,0.34487948194146156,0.5256990119814873,6.171875e-05,0.34487948194146156,0.5514789298176765,1.3682787120342255,3.384447395801544,2.0161686837673187,290,,,,,,,,,,,
159,0.7000003249748893,0.19565674886107443,13.4375,1.1398992165923119,2.7585590481758118,0.3131023086607456,0.6956808716058731,6.2109375e-05,0.3131023086607456,0.5989120155572891,0.956480860710144,2.4999560117721558,1.5434751510620117,309.75,,,,,,,,,,,
160,0.7000003251188619,0.19675473813657401,13.3125,1.224478840827942,2.9569228291511536,0.4459318518638611,0.7536188960075378,6.25e-05,0.4459318518638611,0.5953759700059891,-0.23537279665470123,1.6302857995033264,1.8656585961580276,512,0.0012370761251077056,0.0012370761251077056,0.03,12235,0.7000003251188619,12235,12235,16839,-2111,12235,14489
161,0.7000003251188619,0.19785113265668913,6.21875,0.9944742172956467,2.3570447862148285,0.34936580806970596,0.6565133705735207,6.2890625e-05,0.34936580806970596,0.6497021317481995,0.12599191069602966,2.778287559747696,2.6522956490516663,512,,,,,,,,,,,
162,0.7000003251188619,0.19894593358039855,5.75,1.0944113284349442,2.6215358674526215,0.5012155398726463,0.6948619782924652,6.328125e-05,0.5012155398726463,0.6398583799600601,-0.900979071855545,3.4634957015514374,4.364474773406982,512,,,,,,,,,,,
163,0.7000003251188619,0.20003914206668175,7.625,0.5831419602036476,1.3391321897506714,0.5150154232978821,0.42796456068754196,6.367187500000001e-05,0.5150154232978821,0.6380859315395355,0.42910340428352356,2.4583863019943237,2.0292828977108,512,,,,,,,,,,,
164,0.7000003251188619,0.2011307592745181,2.953125,0.7327573299407959,1.7282379865646362,0.3704740107059479,0.49223869293928146,6.40625e-05,0.3704740107059479,0.6549218893051147,0.5378731787204742,2.2954009771347046,1.7575277984142303,512,,,,,,,,,,,
165,0.7000003251188619,0.20222078636288643,5.25,0.8294734507799149,1.993774488568306,0.2345074014738202,0.5197813510894775,6.4453125e-05,0.2345074014738202,0.48802733421325684,0.6731060482561588,1.7903937958180904,1.1172877475619316,512,,,,,,,,,,,
166,0.7000003251188619,0.20330922449076608,10.4375,0.9247445166110992,2.268020838499069,0.3856195481494069,0.5342351794242859,6.484375e-05,0.3856195481494069,0.5690429657697678,0.2587138954550028,2.4448056761175394,2.1860917806625366,512,,,,,,,,,,,
167,0.7000003251188619,0.2043960748171365,2.953125,0.4918413981795311,1.1507843434810638,0.236410329118371,0.33964409679174423,6.5234375e-05,0.236410329118371,0.5697656124830246,0.483230784535408,1.26493476703763,0.7817039825022221,512,,,,,,,,,,,
168,0.7000003251188619,0.20548133850097655,3.40625,0.6668272241950035,1.614432916045189,0.29324315674602985,0.4062555655837059,6.562500000000001e-05,0.29324315674602985,0.556586891412735,-0.6432815119624138,1.7203210964798927,2.3636026084423065,512,0.001017458736896515,0.001017458736896515,0.03,14077,0.7000003251188619,14077,14077,15586,788,14077,16332
169,0.7000003251188619,0.20656501670126556,3.15625,0.6736345365643501,1.5531089305877686,0.12971661379560828,0.4882076755166054,6.601562500000001e-05,0.12971661379560828,0.4315136671066284,-0.17773183435201645,1.2068191580474377,1.3845509923994541,512,,,,,,,,,,,
170,0.7000003251188619,0.20764711057698293,3.390625,0.8670438081026077,2.1220860481262207,0.3045908669009805,0.5053194016218185,6.640625e-05,0.3045908669009805,0.6111181378364563,0.36844250559806824,2.3084615394473076,1.9400190338492393,512,,,,,,,,,,,
171,0.7000003251188619,0.20872762128710745,3.515625,1.0300918221473694,2.348227620124817,0.1691406462341547,0.7732626646757126,6.6796875e-05,0.1691406462341547,0.550351545214653,0.22432989440858364,2.7204630598425865,2.496133165434003,512,,,,,,,,,,,
172,0.7000003251188619,0.2098065499906186,2.21875,0.5839820355176926,1.3352258801460266,0.3955411911010742,0.4344165474176407,6.71875e-05,0.3955411911010742,0.6793847531080246,0.5045038759708405,2.040227234363556,1.5357233583927155,512,,,,,,,,,,,
173,0.7000003251188619,0.21088389784649572,3.53125,0.7697401866316795,1.8085048496723175,0.223192454315722,0.5240410566329956,6.7578125e-05,0.223192454315722,0.49580076336860657,0.5773624703288078,1.4016476944088936,0.8242852240800858,512,,,,,,,,,,,
174,0.7000003251188619,0.21195966601371763,4.46875,0.6818532198667526,1.6642670035362244,0.18570261728018522,0.4019548073410988,6.796875000000001e-05,0.18570261728018522,0.5534326210618019,0.13430058397352695,0.8009890411049128,0.6666884571313858,512,,,,,,,,,,,
175,0.7000003251188619,0.21303385565126373,2.40625,0.8369331955909729,2.0097884833812714,0.22955413069576025,0.5263725891709328,6.8359375e-05,0.22955413069576025,0.5493701100349426,0.0042111072689294815,0.8191092927008867,0.8148981854319572,512,,,,,,,,,,,
176,0.7000003251188619,0.21410646791811344,3,0.9887440279126167,2.430728644132614,0.18692875560373068,0.5654652491211891,6.875e-05,0.18692875560373068,0.5624999850988388,0.011471739038825035,1.5518214609473944,1.5403497219085693,512,0.0016847995575517416,0.0016847995575517416,0.03,10381,0.7000003251188619,10381,10381,11845,709,10381,12629
177,0.7000003251188619,0.21517750397324562,2.21875,0.5171076580882072,1.201255813241005,0.060078236274421215,0.3657369911670685,6.9140625e-05,0.060078236274421215,0.49199217557907104,0.24831542558968067,0.9113624673336744,0.6630470417439938,512,,,,,,,,,,,
178,0.7000003251188619,0.21624696497563958,2.0625,0.829323947429657,1.961087018251419,0.09692399157211185,0.5520157292485237,6.953125e-05,0.09692399157211185,0.49510250985622406,0.1795500200241804,0.4864963460713625,0.3069463260471821,512,,,,,,,,,,,
179,0.7000003251188619,0.21731485208427473,2.25,0.7770046293735504,1.854490041732788,0.12542549660429358,0.5000693276524544,6.9921875e-05,0.12542549660429358,0.5787890627980232,0.20662885904312134,0.7865307778120041,0.5799019187688828,512,,,,,,,,,,,
180,0.7000003251188619,0.21838116645812988,4.21875,0.8866048902273178,2.174314320087433,0.44683174788951874,0.5123671293258667,7.031250000000001e-05,0.44683174788951874,0.6498827934265137,-0.44756168127059937,1.759015440940857,2.2065771222114563,512,,,,,,,,,,,
181,0.7000003251188619,0.21944590925618446,2.421875,0.6190165728330612,1.5395963788032532,0.3530823029577732,0.33621133863925934,7.0703125e-05,0.3530823029577732,0.6796288937330246,0.21095380187034607,1.6683509945869446,1.4573971927165985,512,,,,,,,,,,,
182,0.7000003251188619,0.22050908163741786,2.6875,0.7244324460625648,1.7193261831998825,0.3323146179318428,0.47592349350452423,7.109375e-05,0.3323146179318428,0.6760546714067459,0.1391725242137909,2.4426781237125397,2.303505599498749,512,,,,,,,,,,,
183,0.7000003251188619,0.22157068476080893,6.75,0.7426144555211067,1.6128450483083725,0.2771950392052531,0.6375017240643501,7.1484375e-05,0.2771950392052531,0.63819819688797,0.5443833358585835,1.6922886297106743,1.1479052938520908,512,,,,,,,,,,,
184,0.7000003251188619,0.222630719785337,2.296875,0.7257661744952202,1.7337127476930618,0.20771812042221427,0.4655786529183388,7.1875e-05,0.20771812042221427,0.5594872906804085,0.19613271951675415,1.4463140815496445,1.2501813620328903,512,0.001171905780211091,0.001171905780211091,0.03,12743,0.7000003251188619,12743,12743,15734,-224,12743,14997
185,0.7000003251188619,0.22368918786998152,2.875,0.6240861266851425,1.4975346326828003,0.39497504383325577,0.39363541454076767,7.226562500000001e-05,0.39497504383325577,0.6600292921066284,0.3994060456752777,2.418856918811798,2.0194508731365204,512,,,,,,,,,,,
186,0.7000003251188619,0.2247460901737213,2.1875,0.8132446184754372,1.9590897411108017,0.12698253989219666,0.5052878186106682,7.265625000000001e-05,0.12698253989219666,0.5294873043894768,0.005909498780965805,0.9999445825815201,0.9940350838005543,512,,,,,,,,,,,
187,0.7000003251188619,0.22580142785553572,2.09375,0.7774484977126122,1.9118385910987854,0.297013022005558,0.4440658316016197,7.3046875e-05,0.297013022005558,0.6641308516263962,0.1082976758480072,1.7302290499210358,1.6219313740730286,512,,,,,,,,,,,
188,0.7000003251188619,0.22685520207440418,2.28125,0.883171796798706,2.1724941730499268,0.2431210777722299,0.5037838518619537,7.34375e-05,0.2431210777722299,0.6296142339706421,0.21315790340304375,1.6138796992599964,1.4007217958569527,512,,,,,,,,,,,
189,0.7000003251188619,0.22790741398930547,1.9921875,0.6235794275999069,1.4940600097179413,0.2911060289479792,0.39557453244924545,7.3828125e-05,0.2911060289479792,0.6232812404632568,0.4580441862344742,2.134732037782669,1.6766878515481949,512,,,,,,,,,,,
190,0.7000003251188619,0.22895806475921907,1.34375,0.45003797113895416,1.0586894005537033,0.13274334836751223,0.3050619959831238,7.421875e-05,0.13274334836751223,0.5795312598347664,0.06737758219242096,1.969420526176691,1.90204294398427,512,,,,,,,,,,,
191,0.7000003251188619,0.2300071555431243,4.21875,0.48638832569122314,1.1778096705675125,0.41427657357417047,0.29609420523047447,7.460937500000001e-05,0.41427657357417047,0.5518359020352364,-0.56084961630404,1.0038401875644922,1.5646898038685322,512,,,,,,,,,,,
192,0.7000003252628345,0.2310546875,2.40625,0.8225015476346016,1.9354376196861267,0.3405279070138931,0.5569912791252136,7.500000000000001e-05,0.3405279070138931,0.6562353521585464,-0.03082031011581421,1.4785764813423157,1.5093967914581299,512,0.0019432947738096118,0.0019432947738096118,0.03,17426,0.7000003252628345,17426,17426,21835,-1245,17426,19672
193,0.7000003252628345,0.23210066178882552,2.40625,0.5452244728803635,1.3090036362409592,0.3438705503940582,0.3431916646659374,7.5390625e-05,0.3438705503940582,0.6708886474370956,0.40823887288570404,1.6112412512302399,1.2030023783445358,512,,,,,,,,,,,
194,0.7000003252628345,0.23314507956858035,2.359375,0.7354191020131111,1.7043905407190323,0.42626621574163437,0.5241521447896957,7.578125e-05,0.42626621574163437,0.6524023115634918,0.5900868922472,2.6252145171165466,2.0351276248693466,512,,,,,,,,,,,
195,0.7000003252628345,0.2341879419982433,3.53125,0.5467486009001732,1.2332239001989365,0.29096105694770813,0.4235899895429611,7.6171875e-05,0.29096105694770813,0.5964208841323853,0.442469016648829,1.635505729354918,1.193036712706089,512,,,,,,,,,,,
196,0.7000003252628345,0.23522925023679375,3.34375,0.8013256788253784,1.939671516418457,0.4963422790169716,0.48858805000782013,7.65625e-05,0.4963422790169716,0.6312060803174973,1.8638291954994202,3.907727211713791,2.0438980162143707,512,,,,,,,,,,,
197,0.7000003252628345,0.23626900544321103,2,0.7264448925852776,1.6612685322761536,0.3259982615709305,0.5400795228779316,7.695312500000001e-05,0.3259982615709305,0.6528124958276749,0.23329801857471466,2.2402092814445496,2.006911262869835,512,,,,,,,,,,,
198,0.7000003252628345,0.237307208776474,2.296875,0.6574392765760422,1.6002916991710663,0.307812100276351,0.3919483870267868,7.734375e-05,0.307812100276351,0.6398290693759918,-0.1651407927274704,1.069245532155037,1.2343863248825073,512,,,,,,,,,,,
199,0.7000003252628345,0.23834386139556205,2.046875,0.9736206233501434,2.4573872685432434,0.26223720982670784,0.49297813326120377,7.7734375e-05,0.26223720982670784,0.6797656118869781,0.1957068145275116,1.3082911372184753,1.1125843226909637,512,,,,,,,,,,,
200,0.700000325406807,0.2393789644594546,9.1875,0.7153570130467415,1.7584868669509888,0.6851130276918411,0.4092615768313408,7.8125e-05,0.6851130276918411,0.5910741984844208,2.0754322707653046,3.8860539495944977,1.8106216788291931,512,0.006967747583985329,0.006967747583985329,0.03,73155,0.700000325406807,73155,73154,117974,-23118,73155,75397
201,0.700000325406807,0.2404125191271305,2.859375,0.8416793197393417,1.9273071587085724,0.29569970816373825,0.6232361048460007,7.8515625e-05,0.29569970816373825,0.695117175579071,0.76234932243824,1.8127351999282837,1.0503858774900436,512,,,,,,,,,,,
202,0.700000325406807,0.24144452655756904,2.75,0.43046605587005615,0.9972265511751175,0.38768064230680466,0.30721602588891983,7.890625000000001e-05,0.38768064230680466,0.6772997677326202,0.6166908740997314,2.014921545982361,1.3982306718826294,512,,,,,,,,,,,
203,0.700000325406807,0.24247498790974972,2.046875,0.5071117728948593,1.2383466064929962,0.4776303507387638,0.2983556464314461,7.929687500000001e-05,0.4776303507387638,0.5780273452401161,-0.1276317648589611,2.0282542668282986,2.1558860316872597,512,,,,,,,,,,,
204,0.700000325406807,0.24350390434265134,1.953125,0.4637211859226227,1.1029942631721497,0.33541612327098846,0.3022214025259018,7.96875e-05,0.33541612327098846,0.6735791116952896,0.3394878953695297,1.47190922498703,1.1324213296175003,512,,,,,,,,,,,
205,0.700000325406807,0.2445312770152533,1.9375,0.40111009031534195,0.9707217663526535,0.3641224354505539,0.2447633221745491,8.0078125e-05,0.3641224354505539,0.6764208823442459,-0.07451602816581726,2.1370062232017517,2.211522251367569,512,,,,,,,,,,,
206,0.700000325406807,0.24555710708653491,1.5625,0.5424491241574287,1.3295727372169495,0.3087012767791748,0.3142124265432358,8.046875e-05,0.3087012767791748,0.7078808397054672,0.36397939920425415,2.4749346375465393,2.110955238342285,512,,,,,,,,,,,
207,0.700000325406807,0.24658139571547508,1.828125,0.8664935901761055,2.178497076034546,0.24887555837631226,0.4472409635782242,8.0859375e-05,0.24887555837631226,0.6408447250723839,0.1869870200753212,1.209901437163353,1.0229144170880318,512,,,,,,,,,,,
208,0.700000325406807,0.24760414406105316,1.9765625,0.770222395658493,1.9194631278514862,0.24513044580817223,0.4145440384745598,8.125000000000001e-05,0.24513044580817223,0.6709374636411667,0.316695898771286,2.685171067714691,2.368475168943405,512,0.001980104483664036,0.001980104483664036,0.03,11853,0.700000325406807,11853,11853,13909,845,11853,14111
209,0.700000325406807,0.24862535328224858,2.03125,0.7577627897262573,1.873558148741722,0.33926384523510933,0.4226926118135452,8.164062500000001e-05,0.33926384523510933,0.684384748339653,0.4450451135635376,2.0021806955337524,1.5571355819702148,512,,,,,,,,,,,
210,0.700000325406807,0.24964502453804013,1.453125,0.5406690463423729,1.328144147992134,0.24657723307609558,0.3102467954158783,8.203125e-05,0.24657723307609558,0.6819677799940109,-0.19773297011852264,1.5602136552333832,1.7579466253519058,512,,,,,,,,,,,
211,0.700000325406807,0.2506631589874072,1.6015625,0.5053722560405731,1.1864739507436752,0.32999884337186813,0.3449570797383785,8.2421875e-05,0.32999884337186813,0.6906933486461639,0.06377923488616943,2.549418032169342,2.4856387972831726,512,,,,,,,,,,,
212,0.700000325406807,0.2516797577893293,1.375,0.4620528742671013,1.1290977001190186,0.3031678907573223,0.2710624746978283,8.28125e-05,0.3031678907573223,0.6825537085533142,0.023597344756126404,1.2264892160892487,1.2028918713331223,512,,,,,,,,,,,
213,0.700000325406807,0.2526948221027851,1.5546875,0.47878358513116837,1.187609612941742,0.22192832082509995,0.2632497064769268,8.3203125e-05,0.22192832082509995,0.6983739882707596,0.44881461560726166,1.5628326833248138,1.1140180677175522,512,,,,,,,,,,,
214,0.700000325406807,0.2537083530867541,1.8203125,0.6904561892151833,1.7142253816127777,0.1694657290354371,0.3780660480260849,8.359375000000001e-05,0.1694657290354371,0.6359179466962814,0.33172091096639633,1.933488629758358,1.6017677187919617,512,,,,,,,,,,,
215,0.700000325406807,0.2547203519002156,1.5859375,0.6504071801900864,1.5897366851568222,0.3484000936150551,0.3811940625309944,8.398437500000001e-05,0.3484000936150551,0.6883788853883743,0.29493045806884766,2.7765364050865173,2.4816059470176697,512,,,,,,,,,,,
216,0.700000325406807,0.25573081970214845,1.5,0.5323391035199165,1.2969693690538406,0.3596990928053856,0.3161793388426304,8.4375e-05,0.3596990928053856,0.6718359142541885,0.05568043887615204,2.34613698720932,2.290456548333168,512,0.0009908619103953242,0.0009908619103953242,0.03,18361,0.700000325406807,18361,18361,22661,-251,18361,20607
217,0.700000325406807,0.25673975765153206,1.328125,0.5447420626878738,1.3545104712247849,0.292143851518631,0.2962229289114475,8.4765625e-05,0.292143851518631,0.6808886379003525,0.278220072388649,2.0433874279260635,1.7651673555374146,512,,,,,,,,,,,
218,0.700000325406807,0.25774716690734584,1.3671875,0.70261599868536,1.7751855552196503,0.24045560136437416,0.35395367443561554,8.515625e-05,0.24045560136437416,0.6994237899780273,0.39861348271369934,1.9642196893692017,1.5656062066555023,512,,,,,,,,,,,
219,0.700000325406807,0.2587530486285686,1.1484375,0.36734115332365036,0.8893579840660095,0.2822333239018917,0.22379696741700172,8.5546875e-05,0.2822333239018917,0.6811523288488388,0.2923019155859947,2.6857703626155853,2.3934684470295906,512,,,,,,,,,,,
220,0.700000325406807,0.2597574039741798,1.640625,0.6551053300499916,1.621868297457695,0.2463990319520235,0.36329925805330276,8.593750000000001e-05,0.2463990319520235,0.6412109136581421,0.5144378319382668,1.9022261500358582,1.3877883180975914,512,,,,,,,,,,,
221,0.700000325406807,0.2607602341031587,1.6484375,0.6335161700844765,1.547538548707962,0.2656421922147274,0.3722073845565319,8.6328125e-05,0.2656421922147274,0.7094530761241913,0.20013242959976196,1.2447708547115326,1.0446384251117706,512,,,,,,,,,,,
222,0.700000325406807,0.2617615401744842,1.40625,0.4149169996380806,0.9746887683868408,0.3131575807929039,0.2826354019343853,8.671875e-05,0.3131575807929039,0.6965136528015137,0.3673575073480606,1.786740466952324,1.4193829596042633,512,,,,,,,,,,,
223,0.700000325406807,0.26276132334713576,1.328125,1.1170618385076523,2.8616804480552673,0.2593453824520111,0.5233553051948547,8.7109375e-05,0.2593453824520111,0.7146777212619781,0.283401682972908,1.4636712819337845,1.1802695989608765,512,,,,,,,,,,,
224,0.7000003255507796,0.26375958478009265,1.4765625,0.7046723663806915,1.7994140982627869,0.36929675936698914,0.33595656603574753,8.75e-05,0.36929675936698914,0.6835449039936066,0.012181833386421204,1.4744780659675598,1.4622962325811386,512,0.0009327031439170241,0.0009327031439170241,0.03,19880,0.7000003255507796,19880,19879,25280,-1080,19880,22137
225,0.7000003255507796,0.26475632563233376,1.59375,0.6621926501393318,1.6164378225803375,0.3712328374385834,0.3902064971625805,8.789062500000001e-05,0.3712328374385834,0.6684375107288361,0.3920507878065109,1.8744464218616486,1.4823956340551376,512,,,,,,,,,,,
226,0.7000003255507796,0.26575154706283843,1.546875,0.5118306800723076,1.2487924844026566,0.29294681921601295,0.3022095412015915,8.828125000000001e-05,0.29294681921601295,0.6844579726457596,0.5403983518481255,1.3565548062324524,0.8161564543843269,512,,,,,,,,,,,
227,0.7000003255507796,0.26674525023058615,1.390625,1.0969615131616592,2.737343579530716,0.24570773169398308,0.5867820903658867,8.8671875e-05,0.24570773169398308,0.6923974603414536,0.3881550133228302,1.3482862710952759,0.9601312577724457,512,,,,,,,,,,,
228,0.7000003255507796,0.26773743629455565,1.703125,0.9462108910083771,2.424391582608223,0.27184343710541725,0.4429139941930771,8.90625e-05,0.27184343710541725,0.7065136432647705,0.22178800404071808,1.6340875327587128,1.4122995287179947,512,,,,,,,,,,,
229,0.7000003255507796,0.26872810641372635,1.8984375,0.5455363616347313,1.3559074848890305,0.3210122138261795,0.29723290354013443,8.9453125e-05,0.3210122138261795,0.6653759479522705,-0.16558389365673065,1.1365803480148315,1.3021642416715622,512,,,,,,,,,,,
230,0.7000003255507796,0.26971726174707766,1.2890625,0.4389697089791298,1.066252425312996,0.2835511900484562,0.26395874843001366,8.984375e-05,0.2835511900484562,0.6708984225988388,0.21701517701148987,2.689129590988159,2.4721144139766693,512,,,,,,,,,,,
231,0.7000003255507796,0.27070490345358844,3.421875,0.6259524822235107,1.4891390800476074,0.29534248262643814,0.4076864942908287,9.023437500000001e-05,0.29534248262643814,0.6709081679582596,0.722719132900238,2.0753536224365234,1.3526344895362854,512,,,,,,,,,,,
232,0.7000003255507796,0.2716910326922381,1.84375,0.7683164328336716,1.955318421125412,0.2939334250986576,0.37291308864951134,9.062500000000001e-05,0.2939334250986576,0.6800927817821503,0.4829093813896179,1.4240698516368866,0.9411604702472687,512,0.0015437868423759937,0.0015437868423759937,0.03,20265,0.7000003255507796,20265,20265,22798,1920,20265,22517
233,0.7000003255507796,0.2726756506220059,1.6328125,0.8473675400018692,2.099662482738495,0.2554186061024666,0.4681178964674473,9.1015625e-05,0.2554186061024666,0.6639843583106995,0.5653789639472961,1.5193433165550232,0.953964352607727,512,,,,,,,,,,,
234,0.7000003255507796,0.2736587584018707,1.734375,0.6436132788658142,1.6340820640325546,0.38378646969795227,0.31626109778881073,9.140625e-05,0.38378646969795227,0.6642675697803497,0.09485960006713867,1.1927455961704254,1.0978859961032867,512,,,,,,,,,,,
235,0.7000003255507796,0.274640357190812,1.71875,0.9557849764823914,2.2743553072214127,0.31506647169589996,0.6219626553356647,9.1796875e-05,0.31506647169589996,0.6771874874830246,0.026251494884490967,2.7310979664325714,2.7048464715480804,512,,,,,,,,,,,
236,0.7000003255507796,0.2756204481478091,1.359375,0.7173433527350426,1.7474635988473892,0.2740531489253044,0.42630406469106674,9.21875e-05,0.2740531489253044,0.6959911733865738,0.3970131427049637,1.3116209208965302,0.9146077781915665,512,,,,,,,,,,,
237,0.7000003255507796,0.27659903243184086,1.625,0.9089153110980988,2.339248687028885,0.2989165633916855,0.4150399751961231,9.257812500000001e-05,0.2989165633916855,0.685849592089653,0.42156779766082764,1.783869057893753,1.3623012602329254,512,,,,,,,,,,,
238,0.7000003255507796,0.2775761112018867,1.7734375,0.7430797666311264,1.8980560600757599,0.29751254618167877,0.35370074212551117,9.296875e-05,0.29751254618167877,0.6502636820077896,0.6698900759220123,2.7134226858615875,2.043532609939575,512,,,,,,,,,,,
239,0.7000003255507796,0.27855168561692595,1.125,0.5914885550737381,1.4940960705280304,0.18579907342791557,0.2982933670282364,9.3359375e-05,0.18579907342791557,0.7002050578594208,0.32504914700984955,1.882427230477333,1.5573780834674835,512,,,,,,,,,,,
240,0.7000003255507796,0.2795257568359375,1.140625,0.7382115870714188,1.8467682301998138,0.2786824256181717,0.39023640006780624,9.375e-05,0.2786824256181717,0.6946191340684891,0.27541086077690125,1.2751106023788452,0.999699741601944,512,0.0011273592244833708,0.0011273592244833708,0.03,23099,0.7000003255507796,23099,23099,26938,724,23099,25341
241,0.7000003255507796,0.2804983260179007,1.203125,0.46971917897462845,1.1590144634246826,0.37630198895931244,0.2643769271671772,9.4140625e-05,0.37630198895931244,0.676093727350235,0.100762277841568,2.4596708714962006,2.3589085936546326,512,,,,,,,,,,,
242,0.7000003255507796,0.2814693943217949,1.1328125,0.6484117358922958,1.5923627018928528,0.28853873163461685,0.37252121046185493,9.453125000000001e-05,0.28853873163461685,0.6976318359375,0.3194750249385834,1.4909188747406006,1.1714438498020172,512,,,,,,,,,,,
243,0.7000003255507796,0.28243896290659903,1.1796875,0.8937386870384216,2.2346050143241882,0.3302112780511379,0.47369396686553955,9.492187500000001e-05,0.3302112780511379,0.6716601252555847,0.2940227687358856,2.3094526529312134,2.0154298841953278,512,,,,,,,,,,,
244,0.7000003255507796,0.28340703293129244,1.4296875,0.6662341430783272,1.7065519541502,0.3432767391204834,0.3123392388224602,9.53125e-05,0.3432767391204834,0.7012353241443634,0.29049865901470184,1.8158040642738342,1.5253054052591324,512,,,,,,,,,,,
245,0.7000003255507796,0.28437360555485447,1.296875,0.4734767749905586,1.1999737322330475,0.2937031239271164,0.23480434343218803,9.5703125e-05,0.2937031239271164,0.7004980146884918,0.158564031124115,1.4272276163101196,1.2686635851860046,512,,,,,,,,,,,
246,0.7000003255507796,0.285338681936264,4.78125,0.6437875330448151,1.5758079588413239,0.2864927351474762,0.37506332993507385,9.609375e-05,0.2864927351474762,0.6991406083106995,0.1410987377166748,1.2145126909017563,1.0734139531850815,512,,,,,,,,,,,
247,0.7000003255507796,0.2863022632345004,1.6796875,0.44635632634162903,1.095977783203125,0.2867236025631428,0.25661705434322357,9.6484375e-05,0.2867236025631428,0.6971874833106995,0.519415482878685,1.7890534698963165,1.2696379870176315,512,,,,,,,,,,,
248,0.7000003255507796,0.2872643506085431,1.328125,0.5950492396950722,1.4611920267343521,0.22090663388371468,0.34198736771941185,9.687500000000001e-05,0.22090663388371468,0.7231250107288361,0.4732033461332321,2.2726798057556152,1.7994764596223831,512,0.000953288865275681,0.000953288865275681,0.03,77210,0.7000003255507796,77210,77210,123247,-25955,77210,79405
249,0.7000003255507796,0.28822494521737096,26.875,0.48763158917427063,1.2117914855480194,0.9012055266648531,0.26587994024157524,9.726562500000001e-05,0.9012055266648531,0.5646435394883156,1.081452563405037,2.568060800433159,1.486608237028122,512,,,,,,,,,,,
250,0.7000003255507796,0.2891840482199633,2.140625,0.6353096663951874,1.6170364320278168,0.3352474942803383,0.30814429745078087,9.765625e-05,0.3352474942803383,0.6425292789936066,0.6640082001686096,3.1349492371082306,2.470941036939621,512,,,,,,,,,,,
251,0.7000003255507796,0.2901416607752995,1.640625,0.5645544677972794,1.4169656336307526,0.2445858009159565,0.29380543902516365,9.8046875e-05,0.2445858009159565,0.6983300596475601,0.29855790734291077,1.3338981717824936,1.0353402644395828,512,,,,,,,,,,,
252,0.7000003255507796,0.29109778404235837,1.203125,0.6692512780427933,1.6463368833065033,0.3349537178874016,0.3816971965134144,9.84375e-05,0.3349537178874016,0.6829003840684891,0.19436481595039368,2.8984243869781494,2.7040595710277557,512,,,,,,,,,,,
253,0.7000003255507796,0.29205241918011937,1.1953125,0.8447669893503189,2.0863375812768936,0.3266470283269882,0.473562266677618,9.8828125e-05,0.3266470283269882,0.6595068275928497,0.6442452073097229,2.021142601966858,1.376897394657135,512,,,,,,,,,,,
254,0.7000003255507796,0.2930055673475619,1.015625,0.511249266564846,1.2755581438541412,0.18966785818338394,0.27368199825286865,9.921875000000001e-05,0.18966785818338394,0.7102392464876175,0.2816835716366768,1.0958002507686615,0.8141166791319847,512,,,,,,,,,,,
255,0.7000003255507796,0.2939572297036648,1.9296875,0.8566560372710228,2.0557361394166946,0.35642995312809944,0.5401911400258541,9.960937500000001e-05,0.35642995312809944,0.6762011647224426,0.1143549382686615,2.2540778815746307,2.1397229433059692,512,,,,,,,,,,,
256,0.7000003256947522,0.2949074074074073,2.046875,0.7272213399410248,1.8325368165969849,0.4260811135172844,0.37116413936018944,0.0001,0.4260811135172844,0.6735839694738388,-0.44207561016082764,2.8561385571956635,3.298214167356491,512,0.0013514789752662182,0.0013514789752662182,0.03,16840,0.7000003256947522,16840,16839,19722,1438,16840,19100
257,0.7000003256947522,0.295856101617769,1.5703125,0.600149966776371,1.5178822726011276,0.1847117319703102,0.30075397342443466,9.999992316419739e-05,0.1847117319703102,0.6860790848731995,0.11573585867881775,1.9092162251472473,1.7934803664684296,512,,,,,,,,,,,
258,0.7000003256947522,0.2968033134937286,1.375,0.39741426706314087,0.947257786989212,0.3296623043715954,0.2570278123021126,9.99996926570257e-05,0.3296623043715954,0.6804736256599426,0.4447748214006424,1.9488794207572937,1.5041045993566513,512,,,,,,,,,,,
259,0.7000003256947522,0.29774904419426557,1.609375,0.4123316705226898,0.9645545780658722,0.3247706964612007,0.28493526205420494,9.99993084791934e-05,0.3247706964612007,0.6863183528184891,0.6758168339729309,2.4797904193401337,1.8039735853672028,512,,,,,,,,,,,
260,0.7000003256947522,0.2986932948783593,1.53125,0.3914322480559349,0.9342518597841263,0.386839784681797,0.2519064322113991,9.999877063188124e-05,0.386839784681797,0.668100580573082,0.4228457510471344,2.253708600997925,1.8308628499507904,512,,,,,,,,,,,
261,0.7000003256947522,0.29963606670498844,1.0546875,0.4093238562345505,1.027060404419899,0.30474619194865227,0.21331486478447914,9.999807911674221e-05,0.30474619194865227,0.6937060505151749,0.12268279492855072,1.5730660557746887,1.450383260846138,512,,,,,,,,,,,
262,0.7000003256947522,0.30057736083313263,1.1796875,0.5595809817314148,1.4144164025783539,0.2740012817084789,0.2812834680080414,9.999723393590168e-05,0.2740012817084789,0.6813671737909317,0.10798099637031555,1.6296682953834534,1.5216872990131378,512,,,,,,,,,,,
263,0.7000003256947522,0.3015171784217711,1.15625,0.4010752812027931,0.9639074206352234,0.29663684219121933,0.25147219747304916,9.999623509195724e-05,0.29663684219121933,0.685473620891571,0.43116147816181183,2.21347339451313,1.7823119163513184,512,,,,,,,,,,,
264,0.7000003256947522,0.3024555206298828,1.234375,0.3891499489545822,0.9439990222454071,0.30856261029839516,0.23524319753050804,9.999508258797877e-05,0.30856261029839516,0.6699072569608688,0.33026717603206635,2.2739048898220062,1.9436377137899399,512,0.00048118786071427166,0.00048118786071427166,0.03,19446,0.7000003256947522,19446,19446,22956,1190,19446,21702
265,0.7000003256947522,0.30339238861644696,2.265625,0.4944809079170227,1.1728239804506302,0.25030068308115005,0.3256029821932316,9.999377642750839e-05,0.25030068308115005,0.7081835716962814,0.08122051507234573,1.753609538078308,1.6723890230059624,512,,,,,,,,,,,
266,0.7000003256947522,0.30432778354044315,1.0625,0.4895293638110161,1.2342627346515656,0.3495318703353405,0.2491595409810543,9.999231661456054e-05,0.3495318703353405,0.6749413907527924,0.2745404541492462,1.9454163759946823,1.670875921845436,512,,,,,,,,,,,
267,0.7000003256947522,0.3052617065608501,1.140625,0.6938103064894676,1.7720926254987717,0.23422466963529587,0.33036279305815697,9.999070315362182e-05,0.23422466963529587,0.7041357308626175,0.21762557327747345,1.1733275353908539,0.9557019621133804,512,,,,,,,,,,,
268,0.7000003256947522,0.30619415883664725,1.390625,0.5424377396702766,1.3064040839672089,0.28194233775138855,0.33734655380249023,9.998893604965111e-05,0.28194233775138855,0.6931689530611038,0.468088760972023,1.8786360919475555,1.4105473309755325,512,,,,,,,,,,,
269,0.7000003256947522,0.3071251415268139,1.2578125,0.4957621321082115,1.2586745470762253,0.2478683888912201,0.2436349242925644,9.998701530807949e-05,0.2478683888912201,0.7086523324251175,0.18477849662303925,1.2890092581510544,1.1042307615280151,512,,,,,,,,,,,
270,0.7000003256947522,0.308054655790329,1.265625,0.624171145260334,1.5550276786088943,0.2940470799803734,0.33639999106526375,9.998494093481021e-05,0.2940470799803734,0.6954052448272705,0.21873077750205994,1.2583651840686798,1.0396344065666199,512,,,,,,,,,,,
271,0.7000003256947522,0.3089827027861718,1.2109375,0.4482535719871521,1.1144115030765533,0.31105902045965195,0.2439325861632824,9.998271293621873e-05,0.31105902045965195,0.6904345601797104,0.3539808392524719,1.6634126156568527,1.3094317764043808,512,,,,,,,,,,,
272,0.7000003256947522,0.3099092836733218,1.2890625,0.6269177719950676,1.5674148350954056,0.28996382653713226,0.33233581483364105,9.998033131915266e-05,0.28996382653713226,0.6922899931669235,0.3335970342159271,1.6571167409420013,1.3235197067260742,512,0.0013147091958671808,0.0013147091958671808,0.03,21735,0.7000003256947522,21735,21735,24115,2549,21735,23965
273,0.7000003256947522,0.3108343996107578,1.234375,0.6927507147192955,1.7564620077610016,0.3294753357768059,0.342782411724329,9.99777960909317e-05,0.3294753357768059,0.6981738209724426,0.5439502894878387,2.594934731721878,2.0509844422340393,512,,,,,,,,,,,
274,0.7000003256947522,0.3117580517574592,1.2890625,0.4142541214823723,1.0315082669258118,0.3544069230556488,0.2238071821630001,9.997510725934773e-05,0.3544069230556488,0.6933984160423279,0.37310849130153656,1.760543316602707,1.3874348253011703,512,,,,,,,,,,,
275,0.7000003256947522,0.31268024127240535,1.046875,0.6673189401626587,1.718555822968483,0.29097654670476913,0.30362266674637794,9.997226483266471e-05,0.29097654670476913,0.6913476586341858,0.35357505083084106,1.6469022631645203,1.2933272123336792,512,,,,,,,,,,,
276,0.7000003256947522,0.31360096931457515,1.375,0.6114601865410805,1.4731691926717758,0.26837924867868423,0.3797403834760189,9.996926881961862e-05,0.26837924867868423,0.6992529034614563,0.15591780841350555,1.3146130442619324,1.1586952358484268,512,,,,,,,,,,,
277,0.7000003256947522,0.314520237042948,1.359375,0.893144853413105,2.244673192501068,0.31052830815315247,0.4618263207376003,9.996611922941747e-05,0.31052830815315247,0.6842919737100601,0.2571650296449661,2.1277181804180145,1.8705531507730484,512,,,,,,,,,,,
278,0.7000003256947522,0.3154380456165032,1.6015625,0.5747073069214821,1.362558126449585,0.3121631219983101,0.3789791464805603,9.996281607174138e-05,0.3121631219983101,0.6089160069823265,0.5736192166805267,3.5059782564640045,2.932359039783478,512,,,,,,,,,,,
279,0.7000003256947522,0.31635439619421957,1.140625,0.5762845799326897,1.3844991028308868,0.2696607783436775,0.36181776225566864,9.995935935674234e-05,0.2696607783436775,0.680351510643959,0.20601528882980347,2.403634250164032,2.1976189613342285,512,,,,,,,,,,,
280,0.7000003258387247,0.3172692899350766,1.265625,0.44423116743564606,1.1032928079366684,0.40064578503370285,0.24286220595240593,9.995574909504435e-05,0.40064578503370285,0.6696581989526749,0.39657410979270935,2.245612293481827,1.8490381836891174,512,0.000726508442312479,0.000726508442312479,0.03,25384,0.7000003258387247,25384,25383,31641,-1199,25384,27625
281,0.7000003258387247,0.31818272799805364,1.2890625,0.5395490005612373,1.2909863889217377,0.30339522659778595,0.34401051700115204,9.995198529774328e-05,0.30339522659778595,0.6971484422683716,0.2142488956451416,1.7249370217323303,1.5106881260871887,512,,,,,,,,,,,
282,0.7000003258387247,0.3190947115421295,1.453125,0.5616771280765533,1.3457841128110886,0.34847019985318184,0.3562677390873432,9.994806797640692e-05,0.34847019985318184,0.6411132663488388,-0.16142821311950684,2.116046041250229,2.2774742543697357,512,,,,,,,,,,,
283,0.7000003258387247,0.3200052417262836,1.0078125,0.4255100414156914,1.0675604939460754,0.25225576385855675,0.22186383232474327,9.99439971430749e-05,0.25225576385855675,0.7079784870147705,0.22867506742477417,1.4253435730934143,1.1966685056686401,512,,,,,,,,,,,
284,0.7000003258387247,0.3209143197094953,0.984375,0.7759885415434837,1.924664169549942,0.21867555752396584,0.42681609839200974,9.993977281025862e-05,0.21867555752396584,0.6998486220836639,0.2231789231300354,1.5953961908817291,1.3722172677516937,512,,,,,,,,,,,
285,0.7000003258387247,0.3218219466507435,1.0625,1.1140575855970383,2.8405646681785583,0.1663074716925621,0.5353671312332153,9.99353949909413e-05,0.1663074716925621,0.6947705149650574,0.2466214895248413,1.1357528120279312,0.8891313225030899,512,,,,,,,,,,,
286,0.7000003258387247,0.3227281237090075,1.71875,0.6402523964643478,1.6375452131032944,0.3417065963149071,0.3026135303080082,9.99308636985779e-05,0.3417065963149071,0.6964697390794754,0.3991924822330475,2.27558833360672,1.8763958513736725,512,,,,,,,,,,,
287,0.7000003258387247,0.3236328520432667,1.234375,0.615168422460556,1.5321982204914093,0.47441769391298294,0.33194849267601967,9.992617894709497e-05,0.47441769391298294,0.7005761563777924,0.2549556493759155,1.718311756849289,1.4633561074733734,512,,,,,,,,,,,
288,0.7000003258387247,0.3245361328125,0.92578125,0.4160742610692978,1.0404510647058487,0.27196814864873886,0.22037998959422112,9.992134075089084e-05,0.27196814864873886,0.7117871046066284,0.26186391711235046,1.7676237225532532,1.5057598054409027,512,0.0010292069055140018,0.0010292069055140018,0.03,22087,0.7000003258387247,22087,22087,25549,1667,22087,24334
289,0.7000003258387247,0.32543796717568674,1.171875,0.6809420585632324,1.6528634428977966,0.2530801221728325,0.4105972573161125,9.991634912483533e-05,0.2530801221728325,0.7174853533506393,0.2762877643108368,2.3421274423599243,2.0658396780490875,512,,,,,,,,,,,
290,0.7000003258387247,0.3263383562918063,1,0.7159109339118004,1.8005118072032928,0.2692882567644119,0.3689151890575886,9.991120408426991e-05,0.2692882567644119,0.7034570127725601,0.38731247186660767,2.3277308642864227,1.940418392419815,512,,,,,,,,,,,
291,0.7000003258387247,0.3272373013198375,0.890625,0.7008305266499519,1.7958068698644638,0.22868253663182259,0.32792190089821815,9.990590564500746e-05,0.22868253663182259,0.7062499970197678,0.340224489569664,1.5793170928955078,1.2390926033258438,512,,,,,,,,,,,
292,0.7000003258387247,0.32813480341875984,1.4609375,0.6022162064909935,1.5137543827295303,0.22410548478364944,0.3111431635916233,9.990045382333242e-05,0.22410548478364944,0.7141894400119781,0.19319480657577515,1.3315203487873077,1.1383255422115326,512,,,,,,,,,,,
293,0.7000003258387247,0.3290308637475526,1.28125,0.8087354451417923,2.0991355776786804,0.2596452459692955,0.35157768428325653,9.989484863600057e-05,0.2596452459692955,0.6939941346645355,-0.01567225158214569,1.3040164411067963,1.319688692688942,512,,,,,,,,,,,
294,0.7000003258387247,0.3299254834651947,1.1875,0.614809013903141,1.5537340193986893,0.21629883721470833,0.30932357907295227,9.988909010023908e-05,0.21629883721470833,0.6865087747573853,0.5921119749546051,1.57524773478508,0.9831357598304749,512,,,,,,,,,,,
295,0.7000003258387247,0.33081866373066543,2.921875,0.7058074176311493,1.7765495032072067,0.28686928004026413,0.36226078122854233,9.988317823374643e-05,0.28686928004026413,0.7119384706020355,0.33941054344177246,1.3949362486600876,1.0555257052183151,512,,,,,,,,,,,
296,0.7000003258387247,0.33171040570294424,2.625,0.6147022992372513,1.5669531226158142,0.3714492917060852,0.2957809939980507,9.987711305469231e-05,0.3714492917060852,0.6353905946016312,1.0295860767364502,2.946067661046982,1.9164815843105316,512,0.0011602059239521623,0.0011602059239521623,0.03,29127,0.7000003258387247,29127,29127,32927,1177,29127,31375
297,0.7000003258387247,0.33260071054100987,1.2890625,0.8325420022010803,2.1422143280506134,0.25373367220163345,0.38064009696245193,9.987089458171765e-05,0.25373367220163345,0.7169335633516312,0.26516135036945343,1.4056646972894669,1.1405033469200134,512,,,,,,,,,,,
298,0.7000003258387247,0.33348957940384183,1.2421875,0.45382480323314667,1.1245433986186981,0.36461763828992844,0.2506832107901573,9.986452283393452e-05,0.36461763828992844,0.6791894286870956,-0.029287636280059814,2.5999124348163605,2.6292000710964203,512,,,,,,,,,,,
299,0.7000003258387247,0.3343770134504195,0.9921875,0.6877700388431549,1.7405495345592499,0.2626158259809017,0.3436019942164421,9.985799783092603e-05,0.2626158259809017,0.7141650468111038,0.25405843555927277,1.2465582937002182,0.9924998581409454,512,,,,,,,,,,,
300,0.7000003258387247,0.3352630138397217,1.9296875,0.7285073697566986,1.8313764482736588,0.3082793951034546,0.37622153759002686,9.985131959274637e-05,0.3082793951034546,0.6928954869508743,0.6800974607467651,3.978837698698044,3.2987402379512787,512,,,,,,,,,,,
301,0.7000003258387247,0.3361475817307278,1.1015625,0.5618065595626831,1.4380780160427094,0.23915880545973778,0.2643659934401512,9.98444881399206e-05,0.23915880545973778,0.6759570091962814,0.7896692156791687,3.5380386114120483,2.7483693957328796,512,,,,,,,,,,,
302,0.7000003258387247,0.33703071828241704,1.1171875,0.6732608303427696,1.677579939365387,0.2924012690782547,0.362604346126318,9.983750349344476e-05,0.2924012690782547,0.7008154392242432,0.2101111114025116,1.8874546587467194,1.6773435473442078,512,,,,,,,,,,,
303,0.7000003258387247,0.33791242465376853,1.0390625,0.5620103552937508,1.4163187742233276,0.25143563002347946,0.2867428846657276,9.983036567478567e-05,0.25143563002347946,0.7197216749191284,0.2339324802160263,1.7543305158615112,1.520398035645485,512,,,,,,,,,,,
304,0.7000003259826973,0.3387927020037615,1.09375,0.6559358388185501,1.6526863873004913,0.28402090817689896,0.33499792218208313,9.982307470588098e-05,0.28402090817689896,0.7025537043809891,0.3716285228729248,1.96108877658844,1.5894602537155151,512,0.001115619670599699,0.001115619670599699,0.03,24258,0.7000003259826973,24258,24257,29448,144,24258,26482
305,0.7000003259826973,0.3396715514913753,1.6171875,1.0697492361068726,2.746780753135681,0.3128132335841656,0.4948834851384163,9.98156306091389e-05,0.3128132335841656,0.7013134509325027,0.2382558435201645,1.353462278842926,1.1152064353227615,512,,,,,,,,,,,
306,0.7000003259826973,0.34054897427558894,1.0859375,0.4123785272240639,1.0112365186214447,0.23180095106363297,0.2383953332901001,9.980803340743843e-05,0.23180095106363297,0.7268554419279099,0.16610795259475708,1.1422036737203598,0.9760957211256027,512,,,,,,,,,,,
307,0.7000003259826973,0.3414249715153817,0.99609375,0.5876742005348206,1.4754430651664734,0.3003998175263405,0.30538779497146606,9.980028312412904e-05,0.3003998175263405,0.6929394453763962,0.29513271152973175,1.9865561127662659,1.6914234012365341,512,,,,,,,,,,,
308,0.7000003259826973,0.3422995443697329,1.3046875,0.5499875172972679,1.3999825567007065,0.2895757332444191,0.26664620637893677,9.979237978303066e-05,0.2895757332444191,0.6820410043001175,0.28697994351387024,3.042924612760544,2.7559446692466736,512,,,,,,,,,,,
309,0.7000003259826973,0.3431726939976215,1.078125,0.5635606497526169,1.4014322757720947,0.21703775972127914,0.3063272088766098,9.978432340843372e-05,0.21703775972127914,0.7207128554582596,0.1237228512763977,2.1791741251945496,2.055451273918152,512,,,,,,,,,,,
310,0.7000003259826973,0.3440444215580269,0.9765625,0.6110788509249687,1.5370103269815445,0.2999177500605583,0.31474363058805466,9.977611402509892e-05,0.2999177500605583,0.698232427239418,0.2572610378265381,1.517449215054512,1.260188177227974,512,,,,,,,,,,,
311,0.7000003259826973,0.34491472820992825,0.96484375,0.7830239832401276,2.025017887353897,0.20264796912670135,0.3477819114923477,9.976775165825725e-05,0.20264796912670135,0.7157860994338989,0.18780994415283203,2.0084081143140793,1.8205981701612473,512,,,,,,,,,,,
312,0.7000003259826973,0.34578361511230465,0.98046875,0.7839616686105728,1.9901271313428879,0.24504214525222778,0.385514210909605,9.975923633360985e-05,0.24504214525222778,0.6988281011581421,0.3318091332912445,1.3101859986782074,0.9783768653869629,512,0.0010656274389475584,0.0010656274389475584,0.03,22684,0.7000003259826973,22684,22684,25383,2233,22684,24942
313,0.7000003259826973,0.3466510834241354,0.89453125,0.6203581839799881,1.591412976384163,0.23676374927163124,0.2884601950645447,9.975056807732802e-05,0.23676374927163124,0.7099804580211639,0.3772764205932617,1.3211944699287415,0.9439180493354797,512,,,,,,,,,,,
314,0.7000003259826973,0.34751713430439984,1.2265625,0.4435485750436783,1.120235115289688,0.27452079206705093,0.22385144233703613,9.974174691605305e-05,0.27452079206705093,0.6972851306200027,-0.04437236487865448,1.0294353514909744,1.073807716369629,512,,,,,,,,,,,
315,0.7000003259826973,0.34838176891207695,1.03125,0.603199690580368,1.5424624979496002,0.2805609703063965,0.28541530296206474,9.973277287689618e-05,0.2805609703063965,0.7032959014177322,0.28260937333106995,1.9490252137184143,1.6664158403873444,512,,,,,,,,,,,
316,0.7000003259826973,0.34924498840614593,0.89453125,0.7715397849678993,1.9718995690345764,0.25423914566636086,0.3660997077822685,9.97236459874385e-05,0.25423914566636086,0.6912451088428497,0.05722447484731674,1.7283128052949905,1.6710883304476738,512,,,,,,,,,,,
317,0.7000003259826973,0.3501067939455863,1.1640625,0.40710878372192383,1.0077490657567978,0.250968087464571,0.2259138859808445,9.971436627573092e-05,0.250968087464571,0.689707025885582,0.44182148575782776,2.4264536798000336,1.9846321940422058,512,,,,,,,,,,,
318,0.7000003259826973,0.3509671866893768,1.1171875,0.6762546300888062,1.7494915425777435,0.24436474964022636,0.29976484924554825,9.970493377029396e-05,0.24436474964022636,0.6916455030441284,0.18403863906860352,1.5624428391456604,1.3784042000770569,512,,,,,,,,,,,
319,0.7000003259826973,0.35182616779649695,1.078125,0.6412449702620506,1.6406374424695969,0.31480905413627625,0.30252906680107117,9.969534850011782e-05,0.31480905413627625,0.6846337616443634,0.4342857003211975,1.959525853395462,1.5252401530742645,512,,,,,,,,,,,
320,0.7000003264146151,0.35268373842592593,0.77734375,0.560608297586441,1.4227557331323624,0.19420064240694046,0.2760572321712971,9.968561049466214e-05,0.19420064240694046,0.7205321788787842,0.13602033257484436,1.586389198899269,1.4503688663244247,512,0.0009243030217476189,0.0009243030217476189,0.03,28437,0.7000003264146151,28437,28437,36617,-3237,28437,30693
321,0.7000003264146151,0.3535398997366428,1.4921875,0.5094035640358925,1.2982980608940125,0.3028736673295498,0.24534907937049866,9.967571978385604e-05,0.3028736673295498,0.6881054490804672,-0.08015689253807068,1.3130979388952255,1.3932548314332962,512,,,,,,,,,,,
322,0.7000003264146151,0.3543946528876269,0.78125,0.38258109241724014,0.9466099739074707,0.1980687603354454,0.212726641446352,9.966567639809795e-05,0.1980687603354454,0.7206103503704071,0.2931293547153473,1.3994593918323517,1.1063300371170044,512,,,,,,,,,,,
323,0.7000003264146151,0.3552479990378574,1.578125,0.7760129272937775,1.9830141365528107,0.27416907250881195,0.36854005604982376,9.965548036825554e-05,0.27416907250881195,0.6806152164936066,0.7460850477218628,2.6256864964962006,1.8796014487743378,512,,,,,,,,,,,
324,0.7000003264146151,0.35609993934631345,1.3984375,0.6476162821054459,1.6643169820308685,0.2700972221791744,0.2981565520167351,9.964513172566561e-05,0.2700972221791744,0.6866113096475601,0.5777994096279144,2.118248760700226,1.5404493510723114,512,,,,,,,,,,,
325,0.7000003264146151,0.35695047497197424,0.859375,0.6881903782486916,1.7490628063678741,0.2598845586180687,0.3363625146448612,9.9634630502134e-05,0.2598845586180687,0.7213525474071503,0.16200286149978638,1.920314371585846,1.7583115100860596,512,,,,,,,,,,,
326,0.7000003264146151,0.35779960707381925,1.0546875,0.7230708450078964,1.8036655932664871,0.22254891693592072,0.38745809346437454,9.96239767299355e-05,0.22254891693592072,0.6898730248212814,0.5329895317554474,1.6993553638458252,1.1663658320903778,512,,,,,,,,,,,
327,0.7000003264146151,0.3586473368108272,0.8203125,0.42874133586883545,1.0875691771507263,0.2136266902089119,0.2116469219326973,9.96131704418138e-05,0.2136266902089119,0.72509765625,0.1578996479511261,1.2837941944599152,1.125894546508789,512,,,,,,,,,,,
328,0.7000003262706425,0.3594936653419777,0.8359375,0.4363420233130455,1.09692020714283,0.2538079097867012,0.22532827779650688,9.960221167098124e-05,0.2538079097867012,0.694628894329071,0.1448839157819748,1.8320924639701843,1.6872085481882095,512,0.0012629872653633356,0.0012629872653633356,0.03,28259,0.7000003262706425,28259,28260,37003,-3091,28259,30483
329,0.7000003262706425,0.36033859382624983,0.95703125,0.8229770511388779,2.105232894420624,0.21062811836600304,0.3886367976665497,9.959110045111887e-05,0.21062811836600304,0.7186474651098251,0.3029538094997406,1.3342912942171097,1.031337484717369,512,,,,,,,,,,,
330,0.7000003262706425,0.3611821234226227,0.83984375,0.5179579481482506,1.303504392504692,0.2168238554149866,0.2660650685429573,9.957983681637631e-05,0.2168238554149866,0.7052636593580246,0.24928131699562073,1.700089544057846,1.4508082270622253,512,,,,,,,,,,,
331,0.7000003262706425,0.36202425529007554,2.15625,0.4145153909921646,1.0219413191080093,0.7805921733379364,0.23416583985090256,9.956842080137154e-05,0.7805921733379364,0.6883837580680847,1.809598684310913,3.322667747735977,1.513069063425064,512,,,,,,,,,,,
332,0.7000003262706425,0.3628649905875877,1.0703125,0.5947629436850548,1.502902090549469,0.2284400872886181,0.29940978065133095,9.955685244119091e-05,0.2284400872886181,0.7109033018350601,0.16042090952396393,1.6054483652114868,1.4450274556875229,512,,,,,,,,,,,
333,0.7000003262706425,0.36370433047413825,0.8984375,0.6979318559169769,1.7792503833770752,0.2530924044549465,0.3356945514678955,9.9545131771389e-05,0.2530924044549465,0.7024267315864563,0.2498495876789093,1.7367193698883057,1.4868697822093964,512,,,,,,,,,,,
334,0.7000003262706425,0.3645422761087064,0.9765625,0.9350760951638222,2.4235695600509644,0.3284887224435806,0.40999431163072586,9.95332588279885e-05,0.3284887224435806,0.7078466713428497,0.013090342283248901,2.3339783251285553,2.3208879828453064,512,,,,,,,,,,,
335,0.7000003262706425,0.3653788286502715,1.2734375,0.7937815189361572,2.0230542719364166,0.32880427688360214,0.38234421610832214,9.952123364748005e-05,0.32880427688360214,0.6957519501447678,1.048383355140686,3.9232817888259888,2.8748984336853027,512,,,,,,,,,,,
336,0.70000032612667,0.36621398925781246,2.0625,0.7218161001801491,1.8460800796747208,0.17041755095124245,0.34124135598540306,9.950905626682228e-05,0.17041755095124245,0.7089501768350601,0.2500717043876648,1.0682431608438492,0.8181714564561844,512,0.0009364644647575915,0.0009364644647575915,0.03,26932,0.70000032612667,26932,26933,27587,4679,26932,29195
337,0.70000032612667,0.36704775909030873,0.95703125,0.697625569999218,1.8211891055107117,0.20567143708467484,0.2928277626633644,9.949672672344153e-05,0.20567143708467484,0.7055468708276749,0.2340257465839386,1.1345484554767609,0.9005227088928223,512,,,,,,,,,,,
338,0.70000032612667,0.3678801393067395,0.890625,0.5822270959615707,1.4807445853948593,0.18822446838021278,0.28357990086078644,9.948424505523179e-05,0.18822446838021278,0.7070166021585464,0.24787040799856186,1.7474627941846848,1.499592386186123,512,,,,,,,,,,,
339,0.70000032612667,0.3687111310660839,1.3203125,0.6826249286532402,1.622234269976616,0.29349953308701515,0.44632602483034134,9.947161130055463e-05,0.29349953308701515,0.6608300507068634,-0.1708473563194275,2.3986537158489227,2.56950107216835,512,,,,,,,,,,,
340,0.70000032612667,0.3695407355273211,3.40625,0.603026494383812,1.5308394879102707,0.26281116902828217,0.2965134121477604,9.945882549823906e-05,0.26281116902828217,0.6992333829402924,-0.06500771641731262,1.9383377730846405,2.003345489501953,512,,,,,,,,,,,
341,0.70000032612667,0.3703689538494304,1.078125,0.5803070515394211,1.4520373940467834,0.2948489971458912,0.306468702852726,9.944588768758134e-05,0.2948489971458912,0.691332995891571,0.23718583583831787,1.9573255479335785,1.7201397120952606,512,,,,,,,,,,,
342,0.70000032612667,0.37119578719139096,0.9453125,0.5515056774020195,1.3794211745262146,0.27230485528707504,0.2918081171810627,9.943279790834499e-05,0.27230485528707504,0.6810888797044754,-0.26484304666519165,2.6036641597747803,2.868507206439972,512,,,,,,,,,,,
343,0.70000032612667,0.3720212367121819,0.8046875,0.633630633354187,1.6201717257499695,0.1964219994843006,0.29992108047008514,9.941955620076052e-05,0.1964219994843006,0.710864245891571,0.17661624401807785,1.7228462547063828,1.546230010688305,512,,,,,,,,,,,
344,0.70000032612667,0.3728453035707827,1.1328125,0.6536119729280472,1.6612742096185684,0.31344201043248177,0.3193680979311466,9.940616260552544e-05,0.31344201043248177,0.6915331780910492,-0.11138442158699036,1.5189834982156754,1.6303679198026657,512,0.0007441636989824474,0.0007441636989824474,0.03,27570,0.70000032612667,27570,27570,29063,3897,27570,29833
345,0.70000032612667,0.37366798892617226,1.234375,0.4834698215126991,1.1638762801885605,0.17904949560761452,0.3011837378144264,9.939261716380406e-05,0.17904949560761452,0.6656737774610519,0.08041468262672424,1.2414135187864304,1.1609988361597061,512,,,,,,,,,,,
346,0.70000032612667,0.3744892939373299,1.203125,0.5396403074264526,1.3304575979709625,0.2853131666779518,0.30481600761413574,9.937891991722736e-05,0.2853131666779518,0.7005126774311066,0.4688161015510559,2.516754001379013,2.047937899827957,512,,,,,,,,,,,
347,0.70000032612667,0.37530921976323484,0.76171875,0.5473205149173737,1.3813188821077347,0.19000080227851868,0.27722809836268425,9.936507090789293e-05,0.19000080227851868,0.7180370986461639,0.3126130998134613,1.2645386159420013,0.95192551612854,512,,,,,,,,,,,
348,0.70000032612667,0.3761277675628662,0.94921875,0.6434983760118484,1.6452277898788452,0.24988994374871254,0.3047671653330326,9.935107017836471e-05,0.24988994374871254,0.7008056342601776,0.16108956933021545,1.894700288772583,1.7336107194423676,512,,,,,,,,,,,
349,0.70000032612667,0.3769449384952032,0.84765625,0.35776691883802414,0.8885518908500671,0.19948934391140938,0.19559025019407272,9.933691777167302e-05,0.19948934391140938,0.7228222638368607,0.30450791120529175,1.304295390844345,0.9997874796390533,512,,,,,,,,,,,
350,0.70000032612667,0.37776073371922525,0.75390625,0.349968284368515,0.8554479032754898,0.20537042431533337,0.20506199821829796,9.932261373131433e-05,0.20537042431533337,0.726855456829071,0.32185062766075134,1.8052555322647095,1.4834049046039581,512,,,,,,,,,,,
351,0.70000032612667,0.3785751543939113,1.078125,0.8547952249646187,2.2255205512046814,0.2360103726387024,0.3647679202258587,9.930815810125113e-05,0.2360103726387024,0.7213525325059891,0.26851171255111694,2.0136832296848297,1.7451715171337128,512,,,,,,,,,,,
352,0.7000003262706425,0.37938820167824067,1.25,0.7671374082565308,1.9368764758110046,0.19851373508572578,0.3877822794020176,9.92935509259118e-05,0.19851373508572578,0.715624988079071,0.12480711936950684,1.3228491842746735,1.1980420649051666,512,0.0006463140016421676,0.0006463140016421676,0.03,21443,0.7000003262706425,21443,21443,25078,1442,21443,23688
353,0.7000003262706425,0.38019987673119265,1,0.6037875860929489,1.5447270274162292,0.23199381306767464,0.2849322184920311,9.927879225019052e-05,0.23199381306767464,0.6927782893180847,-0.14617855846881866,1.6211628019809723,1.767341360449791,512,,,,,,,,,,,
354,0.7000003262706425,0.3810101807117462,1.5234375,0.742252379655838,1.4737665355205536,0.17126889526844025,0.7754830047488213,9.926388211944706e-05,0.17126889526844025,0.6413281112909317,0.14437329769134521,1.3295920491218567,1.1852187514305115,512,,,,,,,,,,,
355,0.7000003262706425,0.3818191147788807,1.0546875,0.42226921766996384,1.069240689277649,0.2558041773736477,0.21036294475197792,9.924882057950672e-05,0.2558041773736477,0.704960897564888,0.059462860226631165,2.682947278022766,2.623484417796135,512,,,,,,,,,,,
356,0.7000003262706425,0.38262668009157536,2.765625,0.8804072216153145,2.095863863825798,0.189206313341856,0.5720366574823856,9.923360767666011e-05,0.189206313341856,0.7244921922683716,0.32860156893730164,2.3401661813259125,2.011564612388611,512,,,,,,,,,,,
357,0.7000003262706425,0.38343287780880925,1.15625,0.7470067366957664,1.945929080247879,0.23369985818862915,0.31772760674357414,9.921824345766304e-05,0.23369985818862915,0.7154638469219208,0.3686162382364273,1.837710201740265,1.4690939635038376,512,,,,,,,,,,,
358,0.7000003262706425,0.3842377090895617,1.046875,0.5276541188359261,1.3638962358236313,0.24155953899025917,0.2350555993616581,9.920272796973642e-05,0.24155953899025917,0.7195996195077896,0.21613726019859314,1.5061251819133759,1.2899879217147827,512,,,,,,,,,,,
359,0.7000003262706425,0.38504117509281194,1.078125,0.6020423099398613,1.5182748138904572,0.26851318031549454,0.30609580129384995,9.918706126056602e-05,0.26851318031549454,0.6944286972284317,0.3469739109277725,1.338301807641983,0.9913278967142105,512,,,,,,,,,,,
360,0.7000003262706425,0.38584327697753906,0.94921875,0.6145289838314056,1.5489367991685867,0.21015086397528648,0.31327224895358086,9.917124337830243e-05,0.21015086397528648,0.7018164098262787,0.2661075219511986,1.1085623353719711,0.8424548134207726,512,0.002024576533585787,0.002024576533585787,0.03,62784,0.7000003262706425,62784,62784,96113,-25159,62784,65029
361,0.7000003262706425,0.38664401590272224,1.0390625,0.4094984754920006,1.0239800661802292,0.2543804347515106,0.21692433953285217,9.915527437156083e-05,0.2543804347515106,0.7174072116613388,0.35433371365070343,1.4966457784175873,1.1423120647668839,512,,,,,,,,,,,
362,0.7000003262706425,0.387443393027341,1.3359375,0.5413825362920761,1.4050293266773224,0.18086017295718193,0.235523771494627,9.913915428942087e-05,0.18086017295718193,0.7357714772224426,0.20437590777873993,1.1051529943943024,0.9007770866155624,512,,,,,,,,,,,
363,0.7000003262706425,0.38824140951037406,1.046875,0.5756319016218185,1.4733860939741135,0.1929994747042656,0.27095289528369904,9.912288318142653e-05,0.1929994747042656,0.6688427701592445,0.2558683156967163,0.9910345673561096,0.7351662516593933,512,,,,,,,,,,,
364,0.7000003262706425,0.3890380665108009,1.46875,0.6172408983111382,1.5928437113761902,0.2644466236233711,0.27758316695690155,9.910646109758596e-05,0.2644466236233711,0.7224657833576202,0.01756608486175537,1.312001258134842,1.2944351732730865,512,,,,,,,,,,,
365,0.7000003262706425,0.3898333651876008,0.91796875,0.5298532694578171,1.3359315097332,0.17846821621060371,0.2696843557059765,9.908988808837132e-05,0.17846821621060371,0.72412109375,0.12813934683799744,0.9220112711191177,0.7938719242811203,512,,,,,,,,,,,
366,0.7000003262706425,0.39062730669975276,0.91015625,0.5604136660695076,1.4164086878299713,0.24787716194987297,0.28181444108486176,9.907316420471863e-05,0.24787716194987297,0.706967756152153,0.25376224517822266,1.1405340284109116,0.8867717832326889,512,,,,,,,,,,,
367,0.7000003262706425,0.39141989220623613,1.21875,0.9080680012702942,2.2822612822055817,0.21205929666757584,0.4694598540663719,9.905628949802761e-05,0.21205929666757584,0.7160400152206421,0.09672792255878448,0.9844253063201904,0.887697383761406,512,,,,,,,,,,,
368,0.7000003262706425,0.3922111228660301,1.1640625,0.4401175528764725,1.1341969072818756,0.24112729355692863,0.19949256628751755,9.903926402016153e-05,0.24112729355692863,0.7101660221815109,-0.007587075233459473,2.0436184108257294,2.051205486059189,512,0.0006754738860763609,0.0006754738860763609,0.03,19349,0.7000003262706425,19349,19349,21994,2538,19349,21590
369,0.7000003262706425,0.39300099983811376,0.73828125,0.4357731342315674,1.1111202538013458,0.21938436478376389,0.2094043344259262,9.902208782344702e-05,0.21938436478376389,0.7167627215385437,0.2239418923854828,1.7272198498249054,1.5032779574394226,512,,,,,,,,,,,
370,0.7000003262706425,0.39378952428146635,0.83984375,0.6691920384764671,1.7011569142341614,0.18882199376821518,0.32669777423143387,9.900476096067398e-05,0.18882199376821518,0.7119335681200027,0.228073850274086,1.0045228749513626,0.7764490246772766,512,,,,,,,,,,,
371,0.7000003262706425,0.39457669735506734,1.03125,0.9726710319519043,2.538520261645317,0.27497566118836403,0.40896763652563095,9.898728348509534e-05,0.27497566118836403,0.6854248046875,0.31098149716854095,1.9760815501213074,1.6651000529527664,512,,,,,,,,,,,
372,0.7000003262706425,0.3953625202178955,0.9921875,0.9013266861438751,2.2860752642154694,0.18304918333888054,0.4452176094055176,9.89696554504269e-05,0.18304918333888054,0.7035204768180847,0.3713258281350136,1.1113837510347366,0.740057922899723,512,,,,,,,,,,,
373,0.7000003262706425,0.3961469940289303,1.2265625,0.7190925851464272,1.8018490821123123,0.25091638043522835,0.3772192411124706,9.89518769108473e-05,0.25091638043522835,0.7150146216154099,0.18224932253360748,1.2104193568229675,1.02817003428936,512,,,,,,,,,,,
374,0.7000003262706425,0.39693011994715094,0.86328125,0.536080751568079,1.378496989607811,0.21255585551261902,0.2459900677204132,9.893394792099762e-05,0.21255585551261902,0.7097363322973251,0.17640061676502228,0.9042767137289047,0.7278760969638824,512,,,,,,,,,,,
375,0.7000003262706425,0.3977118991315365,0.9609375,0.5134374350309372,1.2961615920066833,0.1754659228026867,0.25970933958888054,9.891586853598139e-05,0.1754659228026867,0.71766597032547,0.18796159327030182,0.8515215665102005,0.6635599732398987,512,,,,,,,,,,,
376,0.7000003262706425,0.3984923327410662,0.82421875,0.5466377437114716,1.419531300663948,0.2140701450407505,0.23694662377238274,9.889763881136439e-05,0.2140701450407505,0.7037499845027924,-0.040615856647491455,1.3450286835432053,1.3856445401906967,512,0.0009099961607716978,0.0009099961607716978,0.03,21753,0.7000003262706425,21753,21753,24639,2443,21753,24008
377,0.7000003262706425,0.39927142193471943,0.78515625,0.3872571662068367,0.9766852408647537,0.19051403179764748,0.19682123512029648,9.887925880317443e-05,0.19051403179764748,0.7165234088897705,-0.10795170068740845,2.8139312714338303,2.9218829721212387,512,,,,,,,,,,,
378,0.7000003262706425,0.4000491678714752,0.9765625,0.4663444310426712,1.166749820113182,0.22184069082140923,0.24641508236527443,9.886072856790125e-05,0.22184069082140923,0.7137988060712814,0.2464204579591751,1.1313607394695282,0.8849402815103531,512,,,,,,,,,,,
379,0.7000003262706425,0.40082557171031274,0.7734375,0.35424458235502243,0.8795028626918793,0.23183777183294296,0.19396549835801125,9.884204816249622e-05,0.23183777183294296,0.6984570324420929,0.17284289002418518,2.0311593413352966,1.8583164513111115,512,,,,,,,,,,,
380,0.7000003262706425,0.40160063461021145,0.95703125,0.5596269592642784,1.385652244091034,0.1513425149023533,0.3101869486272335,9.882321764437234e-05,0.1513425149023533,0.7204101234674454,0.19555062055587769,0.9503236413002014,0.7547730207443237,512,,,,,,,,,,,
381,0.7000003262706425,0.4023743577301502,0.953125,0.6468819379806519,1.6562256813049316,0.23051121085882187,0.30402256920933723,9.880423707140391e-05,0.23051121085882187,0.7294140458106995,0.2506619989871979,1.743432104587555,1.492770105600357,512,,,,,,,,,,,
382,0.7000003262706425,0.4031467422291084,1.2109375,0.7642554193735123,1.952267050743103,0.2140435017645359,0.36365843564271927,9.878510650192643e-05,0.2140435017645359,0.7138085961341858,0.29868167638778687,2.4817412197589874,2.1830595433712006,512,,,,,,,,,,,
383,0.7000003262706425,0.4039177892660653,0.7578125,0.543554812669754,1.3997516185045242,0.16111213341355324,0.24738415703177452,9.876582599473642e-05,0.16111213341355324,0.720761701464653,0.15600979328155518,0.8785251379013062,0.722515344619751,512,,,,,,,,,,,
384,0.7000003267025602,0.4046875,0.91796875,0.4015117287635803,1.0204799473285675,0.24583642929792404,0.19622217118740082,9.874639560909117e-05,0.24583642929792404,0.6913232356309891,0.27291422337293625,1.6746031492948532,1.401688925921917,512,0.0007633853820152581,0.0007633853820152581,0.03,22939,0.7000003267025602,22939,22940,27459,439,22939,25195
385,0.7000003267025602,0.4054558755898917,0.8984375,0.4046761989593506,1.0177527219057083,0.2664514407515526,0.2085387110710144,9.872681540470872e-05,0.2664514407515526,0.7044042646884918,0.2956486791372299,1.4846942126750946,1.1890455335378647,512,,,,,,,,,,,
386,0.7000003267025602,0.4062229171947195,0.765625,0.3270750939846039,0.8255230188369751,0.15478219650685787,0.1656135804951191,9.870708544176745e-05,0.15478219650685787,0.7054785043001175,-0.10926783084869385,1.1557903438806534,1.2650581747293472,512,,,,,,,,,,,
387,0.7000003267025602,0.406988625973463,1.125,0.41871629655361176,1.064870610833168,0.27316710352897644,0.2039666324853897,9.868720578090605e-05,0.27316710352897644,0.6907958686351776,0.18123459815979004,1.8893116414546967,1.7080770432949066,512,,,,,,,,,,,
388,0.7000003267025602,0.40775300308510115,1.0859375,0.5562307611107826,1.413588061928749,0.27421367168426514,0.2719596140086651,9.866717648322335e-05,0.27421367168426514,0.6885449141263962,0.24797040224075317,1.532101571559906,1.2841311693191528,512,,,,,,,,,,,
389,0.7000003267025602,0.4085160496886129,1.40625,0.6203744187951088,1.56714329123497,0.18869489803910255,0.31277911737561226,9.864699761027801e-05,0.18869489803910255,0.71826171875,0.2507319897413254,1.1045581549406052,0.8538261651992798,512,,,,,,,,,,,
390,0.7000003267025602,0.4092777669429779,1.265625,0.5350776016712189,1.3518367856740952,0.23984279483556747,0.2696104347705841,9.862666922408843e-05,0.23984279483556747,0.650034174323082,-0.14400139451026917,1.1229823231697083,1.2669837176799774,512,,,,,,,,,,,
391,0.7000003267025602,0.4100381560071752,2.609375,0.6845082342624664,1.787186622619629,0.18175246194005013,0.28708067163825035,9.860619138713254e-05,0.18175246194005013,0.7175683379173279,0.14579588174819946,0.891571119427681,0.7457752376794815,512,,,,,,,,,,,
392,0.7000003267025602,0.41079721804018365,0.8828125,0.4440758228302002,1.1366904526948929,0.23572004213929176,0.2089938335120678,9.858556416234755e-05,0.23572004213929176,0.6919384598731995,0.3177683427929878,1.7455439567565918,1.427775613963604,512,0.0011163236340507865,0.0011163236340507865,0.03,24267,0.7000003267025602,24267,24267,28278,870,24267,26483
393,0.7000003267025602,0.41155495420098304,0.87109375,0.840780571103096,2.1755314469337463,0.256412573158741,0.37228840216994286,9.856478761312987e-05,0.256412573158741,0.6895361244678497,0.38177189975976944,1.9915580451488495,1.60978614538908,512,,,,,,,,,,,
394,0.7000003267025602,0.41231136564855225,0.8125,0.7553357407450676,1.9470524042844772,0.18250981904566288,0.34184373170137405,9.854386180333479e-05,0.18250981904566288,0.7052343636751175,0.2241792008280754,1.11147091537714,0.8872917145490646,512,,,,,,,,,,,
395,0.7000003267025602,0.4130664535418703,1.015625,0.7384521216154099,1.8963881880044937,0.29494885355234146,0.3413454107940197,9.852278679727635e-05,0.29494885355234146,0.6898730397224426,-0.07288873195648193,1.8359237909317017,1.9088125228881836,512,,,,,,,,,,,
396,0.7000003267025602,0.41382021903991695,0.8671875,0.6811300069093704,1.7735998630523682,0.1884215585887432,0.29043037816882133,9.850156265972721e-05,0.1884215585887432,0.6929980367422104,0.217765212059021,1.4662498086690903,1.2484845966100693,512,,,,,,,,,,,
397,0.7000003267025602,0.4145726633016711,0.89453125,0.4879635348916054,1.244926005601883,0.3018459938466549,0.23375128209590912,9.848018945591826e-05,0.3018459938466549,0.6793505698442459,0.3736300766468048,2.1728319078683853,1.7992018312215805,512,,,,,,,,,,,
398,0.7000003267025602,0.41532378748611154,0.8515625,0.5551498979330063,1.4347001761198044,0.1571435872465372,0.2475721761584282,9.84586672515386e-05,0.1571435872465372,0.6959814578294754,0.2566991150379181,1.1184432208538055,0.8617441058158875,512,,,,,,,,,,,
399,0.7000003267025602,0.4160735927522182,1.1484375,0.6676818281412125,1.7345960438251495,0.24947263300418854,0.2886822000145912,9.84369961127353e-05,0.24947263300418854,0.7159472554922104,0.07054659724235535,1.591013342142105,1.5204667448997498,512,,,,,,,,,,,
400,0.7000003268465328,0.41682208025896994,0.8203125,0.5962554439902306,1.5716634094715118,0.19679785147309303,0.23517119511961937,9.841517610611309e-05,0.19679785147309303,0.7209326028823853,0.37071728706359863,1.4341324269771576,1.063415139913559,512,0.0009229847346432507,0.0009229847346432507,0.03,20878,0.7000003268465328,20878,20877,22931,2407,20878,23140
401,0.7000003268465328,0.4175692511653458,0.8359375,0.37685974687337875,0.9611580520868301,0.2801731564104557,0.1808411180973053,9.839320729873428e-05,0.2801731564104557,0.6923828125,0.4130571186542511,3.384657323360443,2.971600204706192,512,,,,,,,,,,,
402,0.7000003268465328,0.4183151066303253,0.67578125,0.6134922727942467,1.5918508917093277,0.18518710881471634,0.26721660792827606,9.837108975811854e-05,0.18518710881471634,0.7198388427495956,0.2897673100233078,1.8557709455490112,1.5660036355257034,512,,,,,,,,,,,
403,0.7000003268465328,0.4190596478128875,0.76953125,0.5972320064902306,1.5236320197582245,0.20018843561410904,0.28616194427013397,9.834882355224261e-05,0.20018843561410904,0.7322118878364563,0.23661884665489197,1.3097269088029861,1.0731080621480942,512,,,,,,,,,,,
404,0.7000003268465328,0.4198028758720114,0.81640625,0.46822022646665573,1.2157625257968903,0.2658415399491787,0.20308663323521614,9.832640874954016e-05,0.2658415399491787,0.7047070264816284,0.07709003984928131,1.7234559059143066,1.6463658660650253,512,,,,,,,,,,,
405,0.7000003268465328,0.4205447919666767,0.81640625,0.38844089955091476,0.9921367764472961,0.19448797404766083,0.18495677784085274,9.830384541890159e-05,0.19448797404766083,0.7119531035423279,0.19165298342704773,1.238185539841652,1.0465325564146042,512,,,,,,,,,,,
406,0.7000003268465328,0.4212853972558623,0.93359375,0.48769865185022354,1.250506579875946,0.18450501933693886,0.2273680567741394,9.828113362967372e-05,0.18450501933693886,0.6739794909954071,0.16317905485630035,1.374653086066246,1.2114740312099457,512,,,,,,,,,,,
407,0.7000003268465328,0.4220246928985471,0.91796875,0.3998476341366768,0.9775124192237854,0.2307722084224224,0.23414704948663712,9.825827345165972e-05,0.2307722084224224,0.701616182923317,0.24840833246707916,1.401573270559311,1.1531649380922318,512,,,,,,,,,,,
408,0.7000003267025602,0.4227626800537109,0.6953125,0.7521232143044472,1.9467730522155762,0.2194233052432537,0.33238811790943146,9.82352649551188e-05,0.2194233052432537,0.7128515541553497,0.26711199432611465,1.4530899226665497,1.185977928340435,512,0.0008159406133927405,0.0008159406133927405,0.03,20293,0.7000003267025602,20293,20294,22457,1823,20293,22561
409,0.7000003267025602,0.42349935988033266,0.77734375,0.5812060162425041,1.503839299082756,0.19946694374084473,0.25739096105098724,9.821210821076599e-05,0.19946694374084473,0.7200146168470383,0.20114050805568695,1.7385239005088806,1.5373833924531937,512,,,,,,,,,,,
410,0.7000003267025602,0.42423473353739133,1.2421875,0.9745615348219872,2.4981564432382584,0.19247835129499435,0.4550602436065674,9.8188803289772e-05,0.19247835129499435,0.7120702862739563,0.14396217465400696,1.0582600831985474,0.9142979085445404,512,,,,,,,,,,,
411,0.7000003267025602,0.42496880218386646,1.1796875,0.6599575951695442,1.7077202200889587,0.22287550196051598,0.2921511381864548,9.81653502637629e-05,0.22287550196051598,0.7056103199720383,-0.14158733189105988,1.1109910905361176,1.2525784224271774,512,,,,,,,,,,,
412,0.7000003267025602,0.4257015669787372,0.765625,0.42297210544347763,1.0844667255878448,0.26235170662403107,0.19726690277457237,9.814174920481998e-05,0.26235170662403107,0.7164208889007568,0.1437993049621582,1.8227248042821884,1.6789254993200302,512,,,,,,,,,,,
413,0.7000003267025602,0.42643302908098246,0.75390625,0.5876295864582062,1.4922340363264084,0.18928850628435612,0.2884615436196327,9.811800018547949e-05,0.18928850628435612,0.7245604991912842,0.10985705256462097,1.4257253557443619,1.315868303179741,512,,,,,,,,,,,
414,0.7000003267025602,0.4271631896495819,0.75,0.7165715843439102,1.8614915013313293,0.27604928240180016,0.3099375106394291,9.809410327873244e-05,0.27604928240180016,0.715390607714653,0.1948603093624115,1.611307293176651,1.4164469838142395,512,,,,,,,,,,,
415,0.7000003267025602,0.4278920498435145,0.8125,0.5477714464068413,1.4195908457040787,0.2271593175828457,0.2403225637972355,9.807005855802432e-05,0.2271593175828457,0.7148925513029099,0.3689912185072899,1.9593006372451782,1.5903094187378883,512,,,,,,,,,,,
416,0.7000003272784505,0.42861961082175914,0.7265625,0.36186160147190094,0.9068659543991089,0.18606945872306824,0.18968428671360016,9.804586609725499e-05,0.18606945872306824,0.7097997665405273,0.16208285838365555,1.6972173750400543,1.5351345166563988,512,0.0010299499845132232,0.0010299499845132232,0.03,20807,0.7000003272784505,20807,20807,23503,1147,20807,23064
417,0.7000003272784505,0.42934587374329564,0.921875,0.5977666974067688,1.5568109303712845,0.20270680636167526,0.25460322201251984,9.80215259707783e-05,0.20270680636167526,0.7170361429452896,0.20431926846504211,1.0153502821922302,0.8110310137271881,512,,,,,,,,,,,
418,0.7000003272784505,0.43007083976710286,0.96875,0.6393283754587173,1.6170627623796463,0.2326464019715786,0.3202958256006241,9.799703825340198e-05,0.2326464019715786,0.6928076148033142,0.38533729314804077,1.3704068511724472,0.9850695580244064,512,,,,,,,,,,,
419,0.7000003272784505,0.4307945100521599,0.87890625,0.9772810190916061,2.5349481850862503,0.2521461732685566,0.4265092574059963,9.79724030203874e-05,0.2521461732685566,0.7156298607587814,0.516708493232727,1.9742052257061005,1.4574967324733734,512,,,,,,,,,,,
420,0.7000003272784505,0.4315168857574463,0.9296875,0.5538254603743553,1.4481137990951538,0.2900310307741165,0.23014512658119202,9.794762034744925e-05,0.2900310307741165,0.6910058557987213,0.5025663375854492,2.3324915170669556,1.8299251794815063,512,,,,,,,,,,,
421,0.7000003272784505,0.432237968041941,0.93359375,0.6797291710972786,1.767382562160492,0.14448387175798416,0.2924027480185032,9.792269031075538e-05,0.14448387175798416,0.7118456810712814,0.12180192768573761,0.6926261633634567,0.5708242356777191,512,,,,,,,,,,,
422,0.7000003272784505,0.43295775806462317,0.85546875,0.728575587272644,1.7903192639350891,0.1477021761238575,0.41748541966080666,9.789761298692657e-05,0.1477021761238575,0.7373778969049454,0.14086123555898666,0.8438108712434769,0.7029496356844902,512,,,,,,,,,,,
423,0.7000003272784505,0.43367625698447226,0.84375,0.5841293707489967,1.472346469759941,0.250126663595438,0.29774241521954536,9.78723884530363e-05,0.250126663595438,0.7030663788318634,0.04171319305896759,2.6625118255615234,2.620798632502556,512,,,,,,,,,,,
424,0.7000003272784505,0.43439346596046735,1.2734375,0.32335758954286575,0.7992796152830124,0.24325384944677353,0.18059182539582253,9.784701678661045e-05,0.24325384944677353,0.6938329935073853,-1.0111534744501114,0.9138499051332474,1.9250033795833588,512,0.0008563060546293855,0.0008563060546293855,0.03,23891,0.7000003272784505,23891,23891,27267,1203,23891,26146
425,0.7000003272784505,0.4351093861515874,0.94921875,0.5192406512796879,1.3145815283060074,0.1827048435807228,0.25887489318847656,9.782149806562711e-05,0.1827048435807228,0.7205419689416885,0.2961176484823227,1.1331191658973694,0.8370015174150467,512,,,,,,,,,,,
426,0.7000003272784505,0.4358240187168121,1.078125,0.8300403505563736,2.147040694952011,0.2972172722220421,0.36823301017284393,9.779583236851631e-05,0.2972172722220421,0.6866796761751175,0.50835020840168,2.1708087623119354,1.6624585539102554,512,,,,,,,,,,,
427,0.7000003272784505,0.4365373648151204,0.79296875,0.8432704508304596,2.1571558117866516,0.20744206756353378,0.3982091397047043,9.777001977415987e-05,0.20744206756353378,0.7167431712150574,0.25491227209568024,1.3677874952554703,1.11287522315979,512,,,,,,,,,,,
428,0.7000003272784505,0.4372494256054913,0.91796875,0.5788646787405014,1.4926009625196457,0.14123182743787766,0.2615343891084194,9.774406036189103e-05,0.14123182743787766,0.7225048542022705,0.14242339879274368,1.2314868867397308,1.0890634879469872,512,,,,,,,,,,,
429,0.7000003272784505,0.43796020224690435,1.125,0.43594948574900627,1.135880932211876,0.312896728515625,0.18517806380987167,9.771795421149428e-05,0.312896728515625,0.6708788722753525,-0.3040754795074463,1.445850819349289,1.7499262988567352,512,,,,,,,,,,,
430,0.7000003272784505,0.4386696958983386,0.67578125,0.47339148819446564,1.224153459072113,0.1507449522614479,0.2103661373257637,9.76917014032051e-05,0.1507449522614479,0.712470680475235,0.21966347098350525,0.8260541707277298,0.6063906997442245,512,,,,,,,,,,,
431,0.7000003272784505,0.43937790771877316,1.0234375,0.4146524965763092,1.0462234020233154,0.22156695276498795,0.210299264639616,9.766530201770969e-05,0.22156695276498795,0.7058984339237213,0.688577875494957,2.3119837045669556,1.6234058290719986,512,,,,,,,,,,,
432,0.7000003271344779,0.44008483886718747,0.87109375,0.407025471329689,1.0247498750686646,0.19452700018882751,0.20866061747074127,9.763875613614482e-05,0.19452700018882751,0.7237353473901749,0.3708622604608536,1.3184382766485214,0.9475760161876678,512,0.0009353278437629342,0.0009353278437629342,0.03,21345,0.7000003271344779,21345,21346,23987,1353,21345,23591
433,0.7000003271344779,0.44079049050256064,1.4765625,0.896481566131115,2.3433644771575928,0.23452728241682053,0.3732462227344513,9.761206384009742e-05,0.23452728241682053,0.7031201124191284,0.39777588844299316,2.1423846781253815,1.7446087896823883,512,,,,,,,,,,,
434,0.7000003271344779,0.44149486378387154,0.96875,0.37559234350919724,0.9563675969839096,0.18242711201310158,0.181791003793478,9.758522521160446e-05,0.18242711201310158,0.7240771353244781,0.05422343313694,0.8544746190309525,0.8002511858940125,512,,,,,,,,,,,
435,0.7000003271344779,0.44219795987009997,0.90234375,0.5694174841046333,1.4528843760490417,0.20668530836701393,0.27262309193611145,9.755824033315263e-05,0.20668530836701393,0.7316796779632568,0.08023625612258911,1.7753229141235352,1.695086658000946,512,,,,,,,,,,,
436,0.7000003271344779,0.44289977992022483,0.82421875,0.39808498322963715,0.9998805075883865,0.14860761165618896,0.20643753558397293,9.753110928767815e-05,0.14860761165618896,0.720957025885582,0.03944852948188782,0.8365359231829643,0.7970873937010765,512,,,,,,,,,,,
437,0.7000003271344779,0.4436003250932251,1.0546875,0.3744073882699013,0.9511732012033463,0.17522452026605606,0.18339461088180542,9.750383215856641e-05,0.17522452026605606,0.715268537402153,0.28038671612739563,1.3484411537647247,1.068054437637329,512,,,,,,,,,,,
438,0.7000003271344779,0.44429959654808043,1.265625,0.5364188849925995,1.368664875626564,0.17866154946386814,0.2568468376994133,9.747640902965184e-05,0.17866154946386814,0.7308593690395355,0.34622161090373993,1.5062190294265747,1.1599974185228348,512,,,,,,,,,,,
439,0.7000003271344779,0.44499759544376977,1.140625,0.7271805256605148,1.8683425337076187,0.2555321753025055,0.33523470535874367,9.744883998521755e-05,0.2555321753025055,0.7082226127386093,0.26330864429473877,2.095056474208832,1.831747829914093,512,,,,,,,,,,,
440,0.7000003271344779,0.4456943229392722,0.765625,0.3720250651240349,0.9473749846220016,0.23598086088895798,0.17997363209724426,9.742112510999515e-05,0.23598086088895798,0.7009570151567459,-0.023571684956550598,2.010338678956032,2.0339103639125824,512,0.001544852158986032,0.001544852158986032,0.03,22879,0.7000003271344779,22879,22879,26750,164,22879,25143
441,0.7000003271344779,0.44638978019356723,0.859375,0.5520071089267731,1.4439187794923782,0.20584343001246452,0.2288299798965454,9.73932644891644e-05,0.20584343001246452,0.7032959014177322,-0.1554381400346756,1.6988121420145035,1.854250282049179,512,,,,,,,,,,,
442,0.7000003271344779,0.44708396836563397,0.9375,0.4175250381231308,1.0707142800092697,0.21990254893898964,0.19451305270195007,9.736525820835303e-05,0.21990254893898964,0.7122656106948853,0.1871832236647606,1.190900832414627,1.0037176087498665,512,,,,,,,,,,,
443,0.7000003271344779,0.4477768886144513,0.98828125,0.43726474046707153,1.1171738058328629,0.22136293351650238,0.20787077024579048,9.733710635363645e-05,0.22136293351650238,0.6754931211471558,0.18515661358833313,1.7978812158107758,1.6127246022224426,512,,,,,,,,,,,
444,0.7000003271344779,0.448468542098999,0.71875,0.5586856231093407,1.4251536130905151,0.1675366759300232,0.2678331211209297,9.730880901153747e-05,0.1675366759300232,0.6821874976158142,0.13388827443122864,1.0793097391724586,0.94542146474123,512,,,,,,,,,,,
445,0.7000003271344779,0.4491589299782559,1.2421875,0.6154353097081184,1.5478404462337494,0.251516904681921,0.3171149790287018,9.728036626902607e-05,0.251516904681921,0.7049853354692459,0.2426052987575531,1.6822490990161896,1.4396438002586365,512,,,,,,,,,,,
446,0.7000003271344779,0.4498480534112011,0.79296875,0.43747568130493164,1.1046391278505325,0.14158164337277412,0.22104469314217567,9.725177821351907e-05,0.14158164337277412,0.7290771454572678,0.7608413025736809,2.2039486467838287,1.4431073442101479,512,,,,,,,,,,,
447,0.7000003271344779,0.45053591355681416,0.93359375,0.542212501168251,1.3930844813585281,0.2278507500886917,0.24998359382152557,9.72230449328799e-05,0.2278507500886917,0.7174267321825027,0.10623398423194885,2.0775212049484253,1.9712872207164764,512,,,,,,,,,,,
448,0.7000003272784505,0.45122251157407406,1.203125,0.3657749444246292,0.9196360558271408,0.240225899964571,0.18877284601330757,9.719416651541839e-05,0.240225899964571,0.7079736143350601,0.064881831407547,2.061309814453125,1.996427983045578,512,0.0012392298085615039,0.0012392298085615039,0.03,30745,0.7000003272784505,30745,30745,36672,-808,30745,32992
449,0.7000003272784505,0.45190784862195993,1.0390625,0.5985911563038826,1.5335281640291214,0.20369550585746765,0.2803844325244427,9.716514304989036e-05,0.20369550585746765,0.7085497677326202,0.17782653868198395,1.1241581588983536,0.9463316202163696,512,,,,,,,,,,,
450,0.7000003272784505,0.45259192585945124,1.53125,0.580162912607193,1.4864197969436646,0.18000865913927555,0.2716495990753174,9.713597462549747e-05,0.18000865913927555,0.7207421809434891,-0.3189825713634491,1.6664703339338303,1.9854529052972794,512,,,,,,,,,,,
451,0.7000003272784505,0.4532747444455271,0.82421875,0.39603226631879807,0.9783633202314377,0.2024167887866497,0.2217344045639038,9.710666133188688e-05,0.2024167887866497,0.7205224335193634,0.25204069912433624,1.3347636461257935,1.0827229470014572,512,,,,,,,,,,,
452,0.7000003272784505,0.4539563055391664,1.1875,0.5338033810257912,1.3445532321929932,0.22403953224420547,0.27303270250558853,9.707720325915104e-05,0.22403953224420547,0.7086523324251175,0.2897927761077881,1.1771347522735596,0.8873419761657715,512,,,,,,,,,,,
453,0.7000003272784505,0.4546366102993488,1.1015625,0.5017662420868874,1.2235171496868134,0.31359824165701866,0.29698655381798744,9.704760049782732e-05,0.31359824165701866,0.6977441310882568,0.42308299243450165,2.106299191713333,1.6832161992788315,512,,,,,,,,,,,
454,0.7000003272784505,0.4553156598850533,1.015625,0.44115282595157623,1.1281217187643051,0.25147464871406555,0.20870495587587357,9.70178531388978e-05,0.25147464871406555,0.7192382663488388,0.4118662178516388,2.484663277864456,2.0727970600128174,512,,,,,,,,,,,
455,0.7000003272784505,0.455993455455259,0.84765625,0.9359738379716873,2.4147068858146667,0.2322826273739338,0.4215773306787014,9.698796127378895e-05,0.2322826273739338,0.7113574147224426,0.3237612396478653,1.8233625143766403,1.499601274728775,512,,,,,,,,,,,
456,0.700000327422423,0.45666999816894527,1.03125,0.46478109061717987,1.2148895412683487,0.20329226925969124,0.19353793188929558,9.69579249943714e-05,0.20329226925969124,0.7201415598392487,0.05011960119009018,0.9531279355287552,0.903008334338665,512,0.0007774120313115418,0.0007774120313115418,0.03,24208,0.700000327422423,24208,24207,29345,-255,24208,26461
457,0.700000327422423,0.4573452891850913,0.90625,0.4330693483352661,1.118924394249916,0.2546192891895771,0.19340690597891808,9.692774439295962e-05,0.2546192891895771,0.7060156315565109,0.13917440176010132,1.6348503232002258,1.4956759214401245,512,,,,,,,,,,,
458,0.700000327422423,0.4580193296626761,0.875,0.4946274757385254,1.2438999712467194,0.16766679473221302,0.25497109070420265,9.689741956231163e-05,0.16766679473221302,0.7070605456829071,0.43719766288995743,1.571191355586052,1.1339936926960945,512,,,,,,,,,,,
459,0.700000327422423,0.4586921207606792,0.9453125,0.5333062931895256,1.36533422768116,0.18392930924892426,0.25074539333581924,9.686695059562876e-05,0.18392930924892426,0.7293701022863388,0.29550617933273315,1.125777006149292,0.8302708268165588,512,,,,,,,,,,,
460,0.700000327422423,0.4593636636380797,0.828125,0.634423740208149,1.6371246427297592,0.19849994964897633,0.28537144511938095,9.683633758655529e-05,0.19849994964897633,0.7162207067012787,0.259968563914299,1.1741387248039246,0.9141701608896255,512,,,,,,,,,,,
461,0.700000327422423,0.4600339594538564,0.6640625,0.8996647149324417,2.300065815448761,0.20821519568562508,0.42619072645902634,9.680558062917822e-05,0.20821519568562508,0.6917187422513962,0.33453936874866486,1.3284633159637451,0.9939239472150803,512,,,,,,,,,,,
462,0.700000327422423,0.4607030093669891,0.8515625,0.7218501791357994,1.8700159192085266,0.25330207496881485,0.31740881875157356,9.677467981802696e-05,0.25330207496881485,0.7071484327316284,0.29244665801525116,1.7752266079187393,1.4827799499034882,512,,,,,,,,,,,
463,0.700000327422423,0.46137081453645673,1.203125,0.6172415688633919,1.5831312388181686,0.22517620399594307,0.28729766607284546,9.67436352480731e-05,0.22517620399594307,0.7200927585363388,0.08496369421482086,2.053178623318672,1.9682149291038513,512,,,,,,,,,,,
464,0.700000327422423,0.46203737612123835,0.73046875,0.43719571083784103,1.1268662959337234,0.19491704180836678,0.19796916842460632,9.671244701472999e-05,0.19491704180836678,0.7313134670257568,0.13561025261878967,1.0637563318014145,0.9281460791826248,512,0.000741087831556797,0.000741087831556797,0.03,22086,0.700000327422423,22086,22086,24280,2310,22086,24257
465,0.700000327422423,0.46270269528031344,0.84375,1.0094176083803177,2.631971538066864,0.20061050727963448,0.4268696904182434,9.668111521385256e-05,0.20061050727963448,0.7213866859674454,0.2952006757259369,1.729137510061264,1.4339368343353271,512,,,,,,,,,,,
466,0.700000327422423,0.4633667731726611,1.0390625,0.8741276264190674,2.2479988634586334,0.23014509305357933,0.4008726477622986,9.664963994173695e-05,0.23014509305357933,0.7152148187160492,0.3849100321531296,1.5023538321256638,1.1174437999725342,512,,,,,,,,,,,
467,0.700000327422423,0.46402961095726036,0.92578125,0.5686856582760811,1.407090574502945,0.2635352872312069,0.31619923934340477,9.661802129512029e-05,0.2635352872312069,0.7088085860013962,0.2917976826429367,2.182370975613594,1.8905732929706573,512,,,,,,,,,,,
468,0.700000327422423,0.4646912097930908,0.90625,0.40351617336273193,1.0280792862176895,0.2307434305548668,0.19469695165753365,9.658625937118034e-05,0.2307434305548668,0.690253883600235,-0.12220433354377747,3.0465149581432343,3.1687192916870117,512,,,,,,,,,,,
469,0.700000327422423,0.46535157083913137,0.6875,0.3089330904185772,0.764658197760582,0.15062674321234226,0.17150264605879784,9.655435426753521e-05,0.15062674321234226,0.7127441167831421,0.1816854327917099,0.809562936425209,0.6278775036334991,512,,,,,,,,,,,
470,0.700000327422423,0.46601069525436106,1.28125,0.6124062091112137,1.5998442023992538,0.2053329274058342,0.2559320814907551,9.652230608224307e-05,0.2053329274058342,0.7104882597923279,0.12312100827693939,1.579759955406189,1.4566389471292496,512,,,,,,,,,,,
471,0.700000327422423,0.4666685841977596,0.890625,0.7257374078035355,1.8893060088157654,0.14942685514688492,0.30989817902445793,9.649011491380184e-05,0.14942685514688492,0.7333447188138962,0.5675124228000641,2.117033928632736,1.5495215058326721,512,,,,,,,,,,,
472,0.7000003271344779,0.4673252388283059,1.1875,0.6572321057319641,1.6754971146583557,0.2387939915060997,0.31611520051956177,9.645778086114892e-05,0.2387939915060997,0.7129199057817459,0.08992494642734528,1.3083094358444214,1.218384489417076,512,0.001195885124616325,0.001195885124616325,0.03,26038,0.7000003271344779,26038,26040,27095,3219,26038,28303
473,0.7000003271344779,0.467980660304979,0.84375,0.49938689172267914,1.287135750055313,0.24530622735619545,0.2261577919125557,9.642530402366079e-05,0.24530622735619545,0.687509760260582,0.22855445742607117,2.2078637778759003,1.979309320449829,512,,,,,,,,,,,
474,0.7000003271344779,0.4686348497867584,0.9609375,0.6649727895855904,1.7527065724134445,0.2506284024566412,0.26236243173480034,9.639268450115282e-05,0.2506284024566412,0.7044384628534317,0.46700188517570496,1.900388479232788,1.4333865940570831,512,,,,,,,,,,,
475,0.7000003271344779,0.4692878084326232,0.8125,0.5645672604441643,1.4554260671138763,0.1835176944732666,0.2553837448358536,9.635992239387888e-05,0.1835176944732666,0.7226318269968033,0.2637076675891876,1.174847424030304,0.9111397564411163,512,,,,,,,,,,,
476,0.7000003271344779,0.4699395374015525,0.703125,0.39048410952091217,0.979388639330864,0.20664681121706963,0.20389648154377937,9.632701780253111e-05,0.20664681121706963,0.7164306640625,0.2546241730451584,1.5453310310840607,1.2907068580389023,512,,,,,,,,,,,
477,0.7000003271344779,0.4705900378525257,0.76171875,0.3888709247112274,1.014415591955185,0.200402969494462,0.1639810986816883,9.629397082823952e-05,0.200402969494462,0.719921886920929,0.07949519157409668,0.7874553203582764,0.7079601287841797,512,,,,,,,,,,,
478,0.7000003271344779,0.4712393109445219,0.78125,0.8231039643287659,2.138069301843643,0.19804725795984268,0.35618509352207184,9.626078157257176e-05,0.19804725795984268,0.7144873142242432,-0.061343610286712646,1.5862900614738464,1.647633671760559,512,,,,,,,,,,,
479,0.7000003271344779,0.4718873578365201,0.81640625,0.3521004989743233,0.9004711508750916,0.20988889038562775,0.1665000431239605,9.622745013753273e-05,0.20988889038562775,0.7109130769968033,0.023677237331867218,1.2269034683704376,1.2032262310385704,512,,,,,,,,,,,
480,0.7000003272784505,0.47253417968749994,0.90625,0.9320509284734726,1.9478689581155777,0.2232070006430149,0.8765276707708836,9.619397662556435e-05,0.2232070006430149,0.7243798822164536,0.248792365193367,2.683781549334526,2.434989184141159,512,0.0008920401451177895,0.0008920401451177895,0.03,21858,0.7000003272784505,21858,21859,23612,1986,21858,24082
481,0.7000003272784505,0.4731797776564404,1.0625,0.6074936538934708,1.579496756196022,0.23968156799674034,0.26139311119914055,9.616036113954516e-05,0.23968156799674034,0.7099853456020355,-0.667965292930603,2.106554836034775,2.774520128965378,512,,,,,,,,,,,
482,0.7000003272784505,0.4738241529023205,0.90625,0.48598240315914154,1.179920494556427,0.2016618400812149,0.292753379791975,9.612660378279012e-05,0.2016618400812149,0.7085351496934891,0.2834761142730713,1.5910738706588745,1.3075977563858032,512,,,,,,,,,,,
483,0.7000003272784505,0.4744673065841198,0.671875,0.437361404299736,1.1265511810779572,0.16455388814210892,0.19878636673092842,9.609270465905012e-05,0.16455388814210892,0.7131543010473251,0.16235753893852234,1.2793656140565872,1.1170080751180649,512,,,,,,,,,,,
484,0.7000003272784505,0.47510923986081727,1.09375,0.5720769092440605,1.4657526165246964,0.2059214748442173,0.2678137421607971,9.605866387251186e-05,0.2059214748442173,0.6964208483695984,-0.0018343031406402588,1.5978421717882156,1.599676474928856,512,,,,,,,,,,,
485,0.7000003272784505,0.475749953891392,0.83203125,0.7223422080278397,1.8767116516828537,0.1813175342977047,0.3122040256857872,9.602448152779737e-05,0.1813175342977047,0.6987158060073853,0.774618610739708,1.5577183216810226,0.7830997109413147,512,,,,,,,,,,,
486,0.7000003272784505,0.47638944983482356,0.734375,0.3378605544567108,0.8659562766551971,0.18410280346870422,0.157863549888134,9.599015772996375e-05,0.18410280346870422,0.7231933623552322,0.21685901284217834,2.019440233707428,1.8025812208652496,512,,,,,,,,,,,
487,0.7000003272784505,0.477027728850091,0.796875,0.5958483070135117,1.5496277064085007,0.205600555986166,0.25597312673926353,9.59556925845029e-05,0.205600555986166,0.706064447760582,0.29571789503097534,1.4418993294239044,1.146181434392929,512,,,,,,,,,,,
488,0.7000003272784505,0.4776647920961732,0.6328125,0.3848261535167694,0.9767554998397827,0.12192287109792233,0.18938430026173592,9.592108619734106e-05,0.12192287109792233,0.7261620908975601,0.3911144956946373,2.0781042873859406,1.6869897916913033,512,0.0011012633331120014,0.0011012633331120014,0.03,20866,0.7000003272784505,20866,20866,24114,352,20866,23108
489,0.7000003272784505,0.4783006407320499,0.71875,0.5017312318086624,1.2896129041910172,0.18611454218626022,0.23078471422195435,9.588633867483864e-05,0.18611454218626022,0.713071271777153,0.13318845629692078,1.2904909998178482,1.1573025435209274,512,,,,,,,,,,,
490,0.7000003272784505,0.47893527591670004,1.65625,0.39073507487773895,0.982467770576477,0.19433321058750153,0.20157788693904877,9.585145012378978e-05,0.19433321058750153,0.7083544880151749,0.20167361199855804,1.2572720795869827,1.0555984675884247,512,,,,,,,,,,,
491,0.7000003272784505,0.47956869880910263,0.85546875,0.7510770112276077,1.93352210521698,0.22736879996955395,0.3424687944352627,9.581642065142208e-05,0.22736879996955395,0.702592745423317,0.14441971480846405,1.6124556362628937,1.4680359214544296,512,,,,,,,,,,,
492,0.7000003272784505,0.48020091056823727,0.86328125,0.6245829090476036,1.6078969240188599,0.20812812075018883,0.2847784385085106,9.578125036539624e-05,0.20812812075018883,0.7160497903823853,0.25401727855205536,1.3988420963287354,1.14482481777668,512,,,,,,,,,,,
493,0.7000003272784505,0.4808319123530829,0.76953125,0.4213067963719368,1.0830235481262207,0.17371173389256,0.19366363808512688,9.574593937380575e-05,0.17371173389256,0.7032860964536667,0.21475910395383835,1.4275932013988495,1.2128340974450111,512,,,,,,,,,,,
494,0.7000003272784505,0.4814617053226187,0.73046875,0.6133391633629799,1.5496740192174911,0.16119093261659145,0.3089294843375683,9.571048778517654e-05,0.16119093261659145,0.7306835502386093,0.2149234563112259,2.1603764295578003,1.9454529732465744,512,,,,,,,,,,,
495,0.7000003272784505,0.48209029063582415,0.625,0.42255425453186035,1.069140002131462,0.1988256871700287,0.21132740378379822,9.567489570846666e-05,0.1988256871700287,0.705698236823082,-0.013877913355827332,1.232523500919342,1.2464014142751694,512,,,,,,,,,,,
496,0.7000003272784505,0.4827176694516783,0.67578125,0.5805767253041267,1.5139992386102676,0.1392602901905775,0.24532415717840195,9.563916325306594e-05,0.1392602901905775,0.7136621028184891,0.1230173110961914,0.8148944973945618,0.6918771862983704,512,0.004359195940196514,0.004359195940196514,0.03,22369,0.7000003272784505,22369,22369,26124,-186,22369,24579
497,0.7000003272784505,0.48334384292916005,0.87890625,0.384986087679863,0.9886583089828491,0.24144678749144077,0.1779661364853382,9.560329052879568e-05,0.24144678749144077,0.6832372844219208,0.5212908089160919,2.6862731873989105,2.1649823784828186,512,,,,,,,,,,,
498,0.7000003272784505,0.48396881222724913,1.0859375,0.5920746549963951,1.560611680150032,0.17447052523493767,0.23355389758944511,9.556727764590823e-05,0.17447052523493767,0.7303906232118607,0.1961899772286415,1.0775968134403229,0.8814068362116814,512,,,,,,,,,,,
499,0.7000003272784505,0.48459257850492443,0.76171875,0.7190431132912636,1.9148149639368057,0.17000556364655495,0.264103427529335,9.553112471508676e-05,0.17000556364655495,0.7315478324890137,0.24300433695316315,1.3556634187698364,1.1126590818166733,512,,,,,,,,,,,
500,0.7000003272784505,0.48521514292116513,0.7109375,0.6033222377300262,1.5912150740623474,0.14902367070317268,0.23703407868742943,9.549483184744483e-05,0.14902367070317268,0.7313036769628525,0.14827148616313934,0.9834909439086914,0.8352194577455521,512,,,,,,,,,,,
501,0.7000003272784505,0.4858365066349506,0.71875,0.4500209242105484,1.153079777956009,0.2148933932185173,0.2106199599802494,9.545839915452613e-05,0.2148933932185173,0.678891584277153,0.21853165328502655,3.142412379384041,2.9238807260990143,512,,,,,,,,,,,
502,0.7000003272784505,0.48645667080526,0.73828125,0.6436020359396935,1.6513305455446243,0.12555509619414806,0.2989785373210907,9.542182674830405e-05,0.12555509619414806,0.7346337735652924,0.12066398561000824,1.3230715543031693,1.202407568693161,512,,,,,,,,,,,
503,0.7000003272784505,0.48707563659107234,1.0703125,0.5494405329227448,1.3623206466436386,0.2790830433368683,0.3026506081223488,9.53851147411814e-05,0.2790830433368683,0.6942431628704071,0.32991454005241394,1.8312238454818726,1.5013093054294586,512,,,,,,,,,,,
504,0.7000003271344779,0.48769340515136717,0.94921875,0.4001851752400398,1.0383754968643188,0.2406250461935997,0.17430680990219116,9.534826324599003e-05,0.2406250461935997,0.7138280868530273,0.40943051874637604,2.0740817040205,1.6646511852741241,512,0.001089679659344256,0.001089679659344256,0.03,32347,0.7000003271344779,32347,32348,37339,-817,32347,34567
505,0.7000003271344779,0.4883099776451235,1.1875,0.4894183576107025,1.2741476744413376,0.21939603611826897,0.20893822610378265,9.531127237599053e-05,0.21939603611826897,0.7303027361631393,0.1871427744626999,3.0298964977264404,2.8427537232637405,512,,,,,,,,,,,
506,0.7000003271344779,0.4889253552313203,0.84765625,0.4406626299023628,1.1329199373722076,0.1809741873294115,0.20242131128907204,9.527414224487182e-05,0.1809741873294115,0.7208056598901749,0.13146501779556274,1.2078105807304382,1.0763455629348755,512,,,,,,,,,,,
507,0.7000003271344779,0.48953953906893727,0.890625,0.7226914688944817,1.8366526663303375,0.16370202228426933,0.35332129895687103,9.523687296675083e-05,0.16370202228426933,0.724414050579071,0.22939467430114746,0.9144635945558548,0.6850689202547073,512,,,,,,,,,,,
508,0.7000003271344779,0.4901525303169533,0.953125,0.7245173454284668,1.8530615717172623,0.13769256323575974,0.342445470392704,9.519946465617218e-05,0.13769256323575974,0.7231298983097076,0.2464349865913391,1.7121706306934357,1.4657356441020966,512,,,,,,,,,,,
509,0.7000003271344779,0.49076433013434756,0.796875,0.5815580412745476,1.5115484148263931,0.14693281799554825,0.25074857473373413,9.516191742810773e-05,0.14693281799554825,0.6877099573612213,0.5333704724907875,1.6510274708271027,1.1176569983363152,512,,,,,,,,,,,
510,0.7000003271344779,0.49137493968009943,1,0.6254619285464287,1.5538174211978912,0.2126363180577755,0.3415216654539108,9.512423139795637e-05,0.2126363180577755,0.7290332019329071,0.013281404972076416,2.05543115735054,2.0421497523784637,512,,,,,,,,,,,
511,0.7000003271344779,0.4919843601131881,0.81640625,0.4450274780392647,1.1726078987121582,0.2210358791053295,0.17596019059419632,9.508640668154355e-05,0.2210358791053295,0.7157324105501175,0.003276541829109192,2.420033484697342,2.4167569428682327,512,,,,,,,,,,,
512,0.700000327422423,0.49259259259259247,0.796875,0.703076608479023,1.7841661721467972,0.22548026591539383,0.34636884927749634,9.504844339512095e-05,0.22548026591539383,0.7186474353075027,0.2788710594177246,2.231526479125023,1.9526554197072983,512,0.0008997202385216951,0.0008997202385216951,0.03,22465,0.700000327422423,22465,22465,24419,1781,22465,24710
513,0.700000327422423,0.49319963827729224,1.203125,0.33313488215208054,0.8362585157155991,0.19943071529269218,0.17324110493063927,9.501034165536619e-05,0.19943071529269218,0.7276611179113388,0.1323261484503746,0.9271313399076462,0.7948051914572716,512,,,,,,,,,,,
514,0.700000327422423,0.4938054983262663,0.80859375,0.38667963445186615,0.9718927145004272,0.15959088318049908,0.1998637244105339,9.497210157938234e-05,0.15959088318049908,0.7316552698612213,0.39107745885849,1.407940313220024,1.0168628543615341,512,,,,,,,,,,,
515,0.700000327422423,0.4944101738984937,0.77734375,0.5869316086173058,1.5289261788129807,0.15297995135188103,0.249654371291399,9.49337232846977e-05,0.15297995135188103,0.725581020116806,0.17514967173337936,0.984661690890789,0.8095120191574097,512,,,,,,,,,,,
516,0.700000327422423,0.49501366615295406,0.7734375,0.38948365300893784,0.974591076374054,0.21699722856283188,0.20566239207983017,9.489520688926534e-05,0.21699722856283188,0.7143359184265137,0.30763913691043854,1.6273549795150757,1.3197158426046371,512,,,,,,,,,,,
517,0.700000327422423,0.4956159762486264,2.21875,0.5441572070121765,1.4167047441005707,0.17104781046509743,0.23225648701190948,9.48565525114628e-05,0.17104781046509743,0.7217040807008743,0.2899491488933563,1.6855119466781616,1.3955627977848053,512,,,,,,,,,,,
518,0.700000327422423,0.4962171053444897,0.98046875,0.524524375796318,1.3755139112472534,0.1974419616162777,0.21395381540060043,9.481776027009167e-05,0.1974419616162777,0.7247948795557022,-0.41499853134155273,2.729521930217743,3.1445204615592957,512,,,,,,,,,,,
519,0.700000327422423,0.4968170545995235,0.74609375,0.33264046162366867,0.8547281622886658,0.1623198613524437,0.1532731708139181,9.477883028437728e-05,0.1623198613524437,0.727597638964653,0.29883530735969543,1.534251868724823,1.2354165613651276,512,,,,,,,,,,,
520,0.7000003272784505,0.4974158251727069,1.109375,0.75838702917099,1.9524503499269485,0.19349908456206322,0.34569209441542625,9.473976267396831e-05,0.19349908456206322,0.7140722423791885,0.22527098655700684,1.3820028603076935,1.1567318737506866,512,0.0020776670426130295,0.0020776670426130295,0.03,41325,0.7000003272784505,41325,41326,49363,-3519,41325,43554
521,0.7000003272784505,0.4980134182230189,0.84765625,0.5558625683188438,1.4487555772066116,0.2282903976738453,0.2356763631105423,9.470055755893638e-05,0.2282903976738453,0.7248828113079071,0.18294169008731842,1.3646205812692642,1.1816788911819458,512,,,,,,,,,,,
522,0.7000003272784505,0.49860983490943905,0.79296875,0.5614786148071289,1.4539289474487305,0.22052820026874542,0.24752133712172508,9.466121505977577e-05,0.22052820026874542,0.7228661924600601,0.4342752993106842,1.7462094724178314,1.3119341731071472,512,,,,,,,,,,,
523,0.7000003272784505,0.4992050763909464,1.1875,0.7249980717897415,1.8924559652805328,0.20752235502004623,0.30450787767767906,9.462173529740296e-05,0.20752235502004623,0.7343408018350601,0.24068939685821533,1.549071878194809,1.3083824813365936,512,,,,,,,,,,,
524,0.7000003272784505,0.49979914382651985,0.86328125,0.6493575870990753,1.6642987579107285,0.21817824244499207,0.30345146730542183,9.458211839315636e-05,0.21817824244499207,0.7365136295557022,0.13118287920951843,2.275171771645546,2.1439888924360275,512,,,,,,,,,,,
525,0.7000003272784505,0.5003920383751392,0.7265625,0.49959803372621536,1.2542188465595245,0.13537568785250187,0.2597145326435566,9.454236446879579e-05,0.13537568785250187,0.7357617020606995,0.0900985524058342,0.8184165805578232,0.728318028151989,512,,,,,,,,,,,
526,0.7000003272784505,0.5009837611957833,0.65625,0.4899989143013954,1.2399430871009827,0.14343225210905075,0.24490207061171532,9.450247364650227e-05,0.14343225210905075,0.7380370944738388,0.19171641767024994,0.9478221237659454,0.7561057060956955,512,,,,,,,,,,,
527,0.7000003272784505,0.5015743134474312,0.74609375,0.808240495622158,2.124882683157921,0.1729373298585415,0.32433080673217773,9.446244604887751e-05,0.1729373298585415,0.7143408060073853,0.08918821811676025,0.845098689198494,0.7559104710817337,512,,,,,,,,,,,
528,0.7000003271344779,0.5021636962890624,0.79296875,0.7245059832930565,1.9249604791402817,0.20645863562822342,0.2705121338367462,9.442228179894362e-05,0.20645863562822342,0.7075439244508743,0.2232462242245674,1.253593124449253,1.0303469002246857,512,0.000789799087215215,0.000789799087215215,0.03,33035,0.7000003271344779,33035,33036,49361,-10949,33035,35297
529,0.7000003271344779,0.5027519108796561,9.4375,0.6163909807801247,1.5985801666975021,0.2350326143205166,0.26927121356129646,9.43819810201427e-05,0.2350326143205166,0.7120409905910492,0.5057977735996246,2.895091861486435,2.3892940878868103,512,,,,,,,,,,,
530,0.7000003271344779,0.5033389583781912,0.86328125,0.6723060309886932,1.7392617613077164,0.24125400930643082,0.29802921041846275,9.434154383633646e-05,0.24125400930643082,0.698657214641571,0.17567293345928192,1.9383418411016464,1.7626689076423645,512,,,,,,,,,,,
531,0.7000003271344779,0.5039248399436473,0.84375,0.3835945725440979,0.9795113354921341,0.16344616748392582,0.18289640545845032,9.430097037180583e-05,0.16344616748392582,0.7365185469388962,0.14603951573371887,1.0351753681898117,0.8891358524560928,512,,,,,,,,,,,
532,0.7000003271344779,0.5045095567350035,0.7421875,0.4665038138628006,1.1994606405496597,0.18865322694182396,0.21418719366192818,9.426026075125061e-05,0.18865322694182396,0.7177490144968033,0.20265424251556396,0.998159721493721,0.795505478978157,512,,,,,,,,,,,
533,0.7000003271344779,0.5050931099112386,0.7578125,0.5379212126135826,1.3931538760662079,0.20836316794157028,0.23691033571958542,9.421941509978904e-05,0.20836316794157028,0.723334938287735,0.23645634949207306,2.1506111919879913,1.9141548424959183,512,,,,,,,,,,,
534,0.7000003271344779,0.5056755006313324,0.77734375,0.3748498931527138,0.9620168805122375,0.20639728754758835,0.1738918498158455,9.417843354295748e-05,0.20639728754758835,0.7345898300409317,0.34816765785217285,1.9212366938591003,1.5730690360069275,512,,,,,,,,,,,
535,0.7000003271344779,0.5062567300542637,0.80078125,0.6308414340019226,1.6042164117097855,0.17315755784511566,0.30742431804537773,9.413731620670994e-05,0.17315755784511566,0.7414794713258743,0.12090529501438141,1.326852560043335,1.2059472650289536,512,,,,,,,,,,,
536,0.7000003272784505,0.5068367993390118,0.80859375,0.6196440905332565,1.583989530801773,0.19079072400927544,0.29371973127126694,9.409606321741775e-05,0.19079072400927544,0.7200244069099426,0.14827029407024384,2.0543618351221085,1.9060915410518646,512,0.0007298673735931516,0.0007298673735931516,0.03,16840,0.7000003272784505,16840,16839,19343,1095,16840,19101
537,0.7000003272784505,0.5074157096445561,0.8125,0.5076925680041313,1.2851245999336243,0.20087124407291412,0.25333766266703606,9.405467470186922e-05,0.20087124407291412,0.734370082616806,0.16495846211910248,1.3203673958778381,1.1554089337587357,512,,,,,,,,,,,
538,0.7000003272784505,0.5079934621298755,0.84765625,0.5083740279078484,1.3183794915676117,0.22990752197802067,0.22214776277542114,9.401315078726909e-05,0.22990752197802067,0.7194970399141312,0.22815611958503723,2.076629117131233,1.848472997546196,512,,,,,,,,,,,
539,0.7000003272784505,0.5085700579539493,0.6171875,0.6377918124198914,1.6536802351474762,0.12109610065817833,0.2790221907198429,9.397149160123833e-05,0.12109610065817833,0.7277685403823853,0.14551956951618195,0.7556760162115097,0.6101564466953278,512,,,,,,,,,,,
540,0.7000003272784505,0.5091454982757568,0.71875,0.5249822065234184,1.341044157743454,0.20796369761228561,0.24981099367141724,9.392969727181359e-05,0.20796369761228561,0.7252587825059891,0.3142341375350952,1.246720790863037,0.9324866533279419,512,,,,,,,,,,,
541,0.7000003272784505,0.5097197842542772,0.75,0.4838148131966591,1.2211270183324814,0.17904460802674294,0.2449783980846405,9.388776792744692e-05,0.17904460802674294,0.7283007502555847,0.21608763933181763,1.1007689535617828,0.8846813142299652,512,,,,,,,,,,,
542,0.7000003272784505,0.5102929170484894,0.703125,0.4769822508096695,1.2117608338594437,0.17016030102968216,0.23363987728953362,9.384570369700531e-05,0.17016030102968216,0.717904657125473,0.2895379215478897,2.0997430235147476,1.810205101966858,401.75,,,,,,,,,,,
543,0.7000003272784505,0.5108648978173732,0.69921875,0.7814064919948578,2.0200259387493134,0.22266829758882523,0.3478723205626011,9.380350470977032e-05,0.22266829758882523,0.6856738179922104,0.1593511402606964,2.098605528473854,1.9392543882131577,512,,,,,,,,,,,
544,0.7000003275663956,0.5114357277199074,0.9296875,0.765642911195755,1.9984081238508224,0.2886839397251606,0.321721825748682,9.376117109543769e-05,0.2886839397251606,0.6907470375299454,-0.19418096542358398,1.8420303761959076,2.0362113416194916,512,0.0008618169813416898,0.0008618169813416898,0.03,20221,0.7000003275663956,20221,20221,22418,1754,20221,22452
545,0.7000003275663956,0.5120054079150711,0.703125,0.4857645034790039,1.2467495948076248,0.17253432422876358,0.225264023989439,9.371870298411687e-05,0.17253432422876358,0.7382861226797104,0.1764785647392273,1.1136132329702377,0.9371346682310104,512,,,,,,,,,,,
546,0.7000003275663956,0.5125739395618438,0.80859375,0.7380998209118843,1.9117238074541092,0.17432143911719322,0.3249421902000904,9.367610050633075e-05,0.17432143911719322,0.7372216582298279,0.2106500118970871,1.3286852091550827,1.1180351972579956,512,,,,,,,,,,,
547,0.7000003275663956,0.5131413238192046,0.74609375,0.6016821712255478,1.5511533170938492,0.1460934653878212,0.2721259109675884,9.363336379301512e-05,0.1460934653878212,0.7190917730331421,0.14791078120470047,1.3810889273881912,1.2331781461834908,512,,,,,,,,,,,
548,0.7000003275663956,0.5137075618461325,0.6796875,0.4163997918367386,1.0585662424564362,0.19344065710902214,0.20325125753879547,9.35904929755184e-05,0.19344065710902214,0.714960902929306,0.378377228975296,1.7314653396606445,1.3530881106853485,512,,,,,,,,,,,
549,0.7000003275663956,0.5142726548016071,0.69921875,0.7725501954555511,1.9737633168697357,0.2100403793156147,0.36729782074689865,9.35474881856011e-05,0.2100403793156147,0.7127441316843033,0.25276683270931244,2.069248393177986,1.8164815604686737,512,,,,,,,,,,,
550,0.7000003275663956,0.5148366038446074,0.81640625,0.4274127148091793,1.1051130592823029,0.14872310496866703,0.19007691740989685,9.350434955543557e-05,0.14872310496866703,0.744819313287735,0.09108662605285645,1.9363458305597305,1.845259204506874,512,,,,,,,,,,,
551,0.7000003275663956,0.5153994101341123,0.7578125,0.7374023795127869,1.8646218031644821,0.16950881108641624,0.36993077024817467,9.346107721760543e-05,0.16950881108641624,0.6867382675409317,0.03729204833507538,1.244770586490631,1.2074785381555557,512,,,,,,,,,,,
552,0.7000003275663956,0.5159610748291016,0.75390625,0.5357214510440826,1.392379954457283,0.21669070422649384,0.2310183085501194,9.341767130510528e-05,0.21669070422649384,0.7154394388198853,0.3892124593257904,2.237324506044388,1.8481120467185974,512,0.0006549117970280349,0.0006549117970280349,0.03,18763,0.7000003275663956,18763,18763,21289,1091,18763,20988
553,0.7000003275663956,0.5165215990885541,0.75,0.569177970290184,1.4269572645425797,0.17275308445096016,0.2978244051337242,9.337413195134024e-05,0.17275308445096016,0.7344531118869781,0.15441057085990906,1.1612831354141235,1.0068725645542145,512,,,,,,,,,,,
554,0.7000003275663956,0.517080984071449,0.73828125,0.3088355287909508,0.7819064110517502,0.2113899178802967,0.1539587713778019,9.333045929012556e-05,0.2113899178802967,0.7054003775119781,0.2927561402320862,1.1690362393856049,0.8762800991535187,512,,,,,,,,,,,
555,0.7000003275663956,0.5176392309367657,0.6875,0.6112069562077522,1.6109214574098587,0.2211766503751278,0.24122080579400063,9.32866534556862e-05,0.2211766503751278,0.7020556330680847,0.24337288737297058,2.5223086029291153,2.2789357155561447,512,,,,,,,,,,,
556,0.7000003275663956,0.5181963408434833,0.90625,0.6074502840638161,1.6226302981376648,0.14724340289831161,0.2181280106306076,9.32427145826564e-05,0.14724340289831161,0.7275292873382568,0.11146342754364014,0.7354354560375214,0.6239720284938812,512,,,,,,,,,,,
557,0.7000003275663956,0.5187523149505808,0.875,0.3052102252840996,0.7680377215147018,0.3124076649546623,0.1568416990339756,9.319864280607935e-05,0.3124076649546623,0.686713844537735,0.5623830109834671,2.063364639878273,1.500981628894806,512,,,,,,,,,,,
558,0.7000003275663956,0.5193071544170379,0.7421875,1.0552604496479034,2.7817065715789795,0.1442003007978201,0.4160522148013115,9.315443826140661e-05,0.1442003007978201,0.7413574010133743,0.0785275548696518,1.3174778819084167,1.238950327038765,512,,,,,,,,,,,
559,0.7000003275663956,0.5198608604018335,0.74609375,0.439444363117218,1.1573771685361862,0.1871192380785942,0.17427238449454308,9.311010108449788e-05,0.1871192380785942,0.7256884723901749,0.25282619893550873,1.4595703333616257,1.206744134426117,512,,,,,,,,,,,
560,0.7000003277103682,0.5204134340639467,0.70703125,0.4172743633389473,1.0778004974126816,0.180684307590127,0.18666721880435944,9.306563141162046e-05,0.180684307590127,0.7281835824251175,0.07957322895526886,0.9993973672389984,0.9198241382837296,512,0.0031420420855283737,0.0031420420855283737,0.03,19565,0.7000003277103682,19565,19564,22299,565,19565,21767
561,0.7000003277103682,0.5209648765623569,0.73046875,0.5474776476621628,1.4136572778224945,0.22870172560214996,0.24536576494574547,9.302102937944885e-05,0.22870172560214996,0.6866894364356995,0.17089153826236725,2.144738495349884,1.9738469570875168,512,,,,,,,,,,,
562,0.7000003277103682,0.5215151890560433,0.640625,0.30957770347595215,0.7871018350124359,0.1604204811155796,0.15101241506636143,9.297629512506439e-05,0.1604204811155796,0.7187255769968033,0.1675916165113449,0.9989556670188904,0.8313640505075455,512,,,,,,,,,,,
563,0.7000003277103682,0.5220643727039849,0.6953125,0.7695522010326385,2.012727737426758,0.15402262285351753,0.3192485645413399,9.293142878595475e-05,0.15402262285351753,0.7405370771884918,0.14243443310260773,1.056210532784462,0.9137760996818542,512,,,,,,,,,,,
564,0.7000003277103682,0.5226124286651611,0.99609375,0.5232657268643379,1.3369583785533905,0.35688117146492004,0.2486952506005764,9.288643050001361e-05,0.35688117146492004,0.6603173613548279,0.5907658040523529,4.179893851280212,3.5891280472278595,512,,,,,,,,,,,
565,0.7000003277103682,0.5231593580985511,0.64453125,0.6116694882512093,1.5989228636026382,0.22496406733989716,0.2546209804713726,9.284130040554013e-05,0.22496406733989716,0.6809081733226776,0.301298126578331,2.4039182364940643,2.1026201099157333,512,,,,,,,,,,,
566,0.7000003277103682,0.5237051621631339,0.671875,0.49932127445936203,1.299129143357277,0.22841382771730423,0.2139654979109764,9.279603864123858e-05,0.22841382771730423,0.7114550471305847,0.25050321221351624,1.9316437542438507,1.6811405420303345,512,,,,,,,,,,,
567,0.7000003277103682,0.524249842017889,0.75,0.3698335438966751,0.9439733624458313,0.15171418711543083,0.1767343170940876,9.275064534621792e-05,0.15171418711543083,0.7200732082128525,0.1952962577342987,0.9587717652320862,0.7634755074977875,512,,,,,,,,,,,
568,0.7000003277103682,0.5247933988217955,0.6953125,0.42804791778326035,1.1365454345941544,0.1549902781844139,0.16056939959526062,9.270512065999137e-05,0.1549902781844139,0.7429101169109344,0.19841307401657104,1.1776182055473328,0.9792051315307617,512,0.0011967888567596674,0.0011967888567596674,0.03,19589,0.7000003277103682,19589,19589,20993,1661,19589,21820
569,0.7000003277103682,0.5253358337338323,0.72265625,0.5720621645450592,1.4896292835474014,0.20073569007217884,0.2438923828303814,9.265946472247598e-05,0.20073569007217884,0.722890630364418,0.04488852620124817,2.6483762562274933,2.603487730026245,512,,,,,,,,,,,
570,0.7000003277103682,0.5258771479129791,0.7109375,0.5599981844425201,1.4587936699390411,0.18465164303779602,0.23817044124007225,9.261367767399213e-05,0.18465164303779602,0.7207861095666885,0.3586859777569771,1.154288426041603,0.795602448284626,512,,,,,,,,,,,
571,0.7000003277103682,0.5264173425182148,0.6796875,0.597126692533493,1.5492632389068604,0.1683497540652752,0.2602115646004677,9.256775965526326e-05,0.1683497540652752,0.7288281172513962,0.230454221367836,1.042469561100006,0.8120153397321701,512,,,,,,,,,,,
572,0.7000003277103682,0.5269564187085186,0.58984375,0.3074074313044548,0.7930674105882645,0.20080512762069702,0.13847021386027336,9.252171080741524e-05,0.20080512762069702,0.7355126738548279,0.22116336226463318,1.2561813592910767,1.0350179970264435,512,,,,,,,,,,,
573,0.7000003277103682,0.5274943776428699,0.62890625,0.9615266472101212,2.457798644900322,0.17307724058628082,0.45591839775443077,9.247553127197609e-05,0.17307724058628082,0.7354150265455246,0.12013581395149231,1.1255741268396378,1.0054383128881454,512,,,,,,,,,,,
574,0.7000003277103682,0.5280312204802478,0.77734375,0.9549023285508156,2.5170154571533203,0.18811283633112907,0.37662775442004204,9.242922119087548e-05,0.18811283633112907,0.7219530940055847,0.042494311928749084,0.8605675250291824,0.8180732131004333,512,,,,,,,,,,,
575,0.7000003277103682,0.5285669483796313,0.9296875,0.3571409285068512,0.9336455017328262,0.16017277166247368,0.14859968796372414,9.23827807064443e-05,0.16017277166247368,0.7429589480161667,0.12878228724002838,1.078304260969162,0.9495219737291336,512,,,,,,,,,,,
576,0.7000003279983134,0.5291015625,0.90625,0.4838738739490509,1.2527246922254562,0.13951687887310982,0.21355974301695824,9.233620996141421e-05,0.13951687887310982,0.7221972495317459,-0.15501324832439423,1.050551876425743,1.2055651247501373,512,0.0011891000904142857,0.0011891000904142857,0.03,35024,0.7000003279983134,35024,35024,46299,-8369,35024,37260
577,0.7000003279983134,0.5296350640003329,0.71875,0.5735319033265114,1.4973820745944977,0.19518006220459938,0.24059326574206352,9.228950909891726e-05,0.19518006220459938,0.7419970631599426,0.09685926139354706,1.2735025882720947,1.1766433268785477,512,,,,,,,,,,,
578,0.7000003279983134,0.5301674540396089,0.703125,0.4799005165696144,1.222074955701828,0.14662937819957733,0.2321690134704113,9.224267826248536e-05,0.14662937819957733,0.7300536930561066,0.1893233060836792,0.8736514151096344,0.6843281090259552,512,,,,,,,,,,,
579,0.7000003279983134,0.5306987337768078,0.703125,0.3266245350241661,0.830328643321991,0.24944454431533813,0.15944265015423298,9.219571759604992e-05,0.24944454431533813,0.7130175679922104,0.4260452836751938,1.8702310472726822,1.4441857635974884,512,,,,,,,,,,,
580,0.7000003279983134,0.5312289043709084,0.6171875,0.6298383548855782,1.6841812804341316,0.11681275255978107,0.22441975958645344,9.214862724394133e-05,0.11681275255978107,0.7232909947633743,0.11453930288553238,1.021478533744812,0.9069392308592796,512,,,,,,,,,,,
581,0.7000003279983134,0.53175796698089,0.71875,0.5970321074128151,1.6010388880968094,0.25868853740394115,0.2081492394208908,9.210140735088863e-05,0.25868853740394115,0.7145507633686066,0.10397812724113464,1.861494392156601,1.7575162649154663,512,,,,,,,,,,,
582,0.7000003279983134,0.5322859227657317,0.58984375,0.5279393121600151,1.368536502122879,0.1508272271603346,0.23127957805991173,9.205405806201895e-05,0.1508272271603346,0.7312255799770355,0.1641211211681366,0.9519980400800705,0.7878769189119339,512,,,,,,,,,,,
583,0.7000003279983134,0.5328127728844131,0.60546875,0.5377206355333328,1.4126272648572922,0.09239492192864418,0.21682924404740334,9.200657952285707e-05,0.09239492192864418,0.6899218559265137,0.09229327738285065,0.9462921321392059,0.8539988547563553,512,,,,,,,,,,,
584,0.7000003279983134,0.5333385184959128,0.66796875,0.3627564534544945,0.92464978992939,0.22367895394563675,0.1746121272444725,9.195897187932512e-05,0.22367895394563675,0.7228368818759918,0.43990667164325714,1.9768948554992676,1.5369881838560104,512,0.002030916977673769,0.002030916977673769,0.03,15106,0.7000003279983134,15106,15106,17118,704,15106,17343
585,0.7000003279983134,0.5338631607592106,0.640625,0.3796217069029808,0.9760730117559433,0.16673429682850838,0.17429574206471443,9.19112352777419e-05,0.16673429682850838,0.7302880883216858,0.20652391016483307,1.0140465795993805,0.8075226694345474,512,,,,,,,,,,,
586,0.7000003279983134,0.5343867008332853,0.62890625,0.512790635228157,1.3432527780532837,0.16900236532092094,0.2106582075357437,9.186336986482267e-05,0.16900236532092094,0.731088861823082,0.11188188195228577,1.0618212223052979,0.9499393403530121,512,,,,,,,,,,,
587,0.7000003279983134,0.5349091398771161,0.67578125,0.35812704265117645,0.9203919470310211,0.21942752040922642,0.16484148427844048,9.181537578767848e-05,0.21942752040922642,0.7121337652206421,0.19714121520519257,1.8172041773796082,1.6200629621744156,512,,,,,,,,,,,
588,0.7000003279983134,0.5354304790496826,0.796875,0.3890022188425064,1.0136549174785614,0.1411122940480709,0.16513963788747787,9.176725319381589e-05,0.1411122940480709,0.731928676366806,0.0842130035161972,0.7990157902240753,0.7148027867078781,512,,,,,,,,,,,
589,0.7000003279983134,0.5359507195099636,0.6484375,0.503708004951477,1.3044834285974503,0.13891957327723503,0.2219044268131256,9.171900223113643e-05,0.13891957327723503,0.7386816293001175,0.1514006108045578,1.0166496485471725,0.8652490377426147,512,,,,,,,,,,,
590,0.7000003279983134,0.5364698624169384,0.64453125,0.564276747405529,1.47533717751503,0.19374056346714497,0.2345922850072384,9.167062304793614e-05,0.19374056346714497,0.713446170091629,0.39186201989650726,2.6528400182724,2.2609779983758926,393,,,,,,,,,,,
591,0.7000003279983134,0.5369879089295864,0.63671875,0.6445268616080284,1.711147278547287,0.19317539781332016,0.24196428805589676,9.162211579290517e-05,0.19317539781332016,0.7337255626916885,0.14004087448120117,1.4050433337688446,1.2650024592876434,512,,,,,,,,,,,
592,0.7000003279983134,0.5375048602068866,0.62890625,0.5370766445994377,1.3878593742847443,0.14845681190490723,0.23964554071426392,9.157348061512727e-05,0.14845681190490723,0.7309179455041885,0.14345143735408783,0.7713419795036316,0.6278905421495438,512,0.00118478003423661,0.00118478003423661,0.03,16576,0.7000003279983134,16576,16576,18687,727,16576,18773
593,0.7000003279983134,0.5380207174078181,0.796875,0.5772972404956818,1.4896517843008041,0.1939167007803917,0.25973375514149666,9.152471766407935e-05,0.1939167007803917,0.7299950867891312,0.5231218934059143,2.707131326198578,2.1840094327926636,512,,,,,,,,,,,
594,0.7000003279983134,0.5385354816913605,0.640625,0.3976202756166458,1.0318555682897568,0.15474040806293488,0.1730543151497841,9.147582708963104e-05,0.15474040806293488,0.7313964664936066,0.17664820700883865,1.0306596457958221,0.8540114387869835,512,,,,,,,,,,,
595,0.7000003279983134,0.5390491542164927,0.640625,0.5502119660377502,1.3821125477552414,0.1322791464626789,0.28519633039832115,9.142680904204419e-05,0.1322791464626789,0.7204785197973251,0.09199762344360352,0.7032658010721207,0.6112681776285172,512,,,,,,,,,,,
596,0.7000003279983134,0.5395617361421937,0.65234375,0.6952628642320633,1.8491890579462051,0.1961001306772232,0.25766798108816147,9.137766367197246e-05,0.1961001306772232,0.727832019329071,0.2222650796175003,1.3985979855060577,1.1763329058885574,512,,,,,,,,,,,
597,0.7000003279983134,0.5400732286274432,0.640625,0.5185155645012856,1.343380257487297,0.23290492594242096,0.22787900269031525,9.132839113046079e-05,0.23290492594242096,0.7167285233736038,0.04096078872680664,2.157973825931549,2.1170130372047424,512,,,,,,,,,,,
598,0.7000003279983134,0.5405836328312204,0.625,0.7894709333777428,2.0715270191431046,0.1332626324146986,0.3208089843392372,9.1278991568945e-05,0.1332626324146986,0.7419775426387787,0.1693705916404724,0.9375523328781128,0.7681817412376404,512,,,,,,,,,,,
599,0.7000003279983134,0.5410929499125038,0.58203125,0.35416847467422485,0.9166474342346191,0.13693594746291637,0.1565903127193451,9.122946513925127e-05,0.13693594746291637,0.720571294426918,0.023669958114624023,0.9692552089691162,0.9455852508544922,512,,,,,,,,,,,
600,0.7000003279983134,0.5416011810302734,0.66796875,0.34810860455036163,0.9038871079683304,0.19286025874316692,0.1509873904287815,9.117981199359574e-05,0.19286025874316692,0.7224853187799454,0.26590411365032196,1.5230574905872345,1.2571533769369125,512,0.0011553376680240035,0.0011553376680240035,0.03,17561,0.7000003279983134,17561,17561,19119,1171,17561,19739
601,0.7000003279983134,0.542108327343508,0.60546875,0.7619795948266983,2.005719304084778,0.14266644604504108,0.3033095672726631,9.113003228458397e-05,0.14266644604504108,0.7360839545726776,0.21834810078144073,1.006454661488533,0.7881065607070923,512,,,,,,,,,,,
602,0.7000003279983134,0.5426143900111868,0.7109375,0.5437531098723412,1.4051812142133713,0.19595621526241302,0.24255541525781155,9.108012616521055e-05,0.19595621526241302,0.7365868836641312,0.299017995595932,1.350135177373886,1.051117181777954,512,,,,,,,,,,,
603,0.7000003279983134,0.5431193701922893,0.67578125,0.8271647989749908,2.1508201956748962,0.20045871287584305,0.35573970153927803,9.103009378885849e-05,0.20045871287584305,0.7200048714876175,0.18995335698127747,1.4157737493515015,1.225820392370224,512,,,,,,,,,,,
604,0.7000003279983134,0.5436232690457945,0.6015625,0.5729823708534241,1.485738530755043,0.14137150719761848,0.2505716495215893,9.097993530929895e-05,0.14137150719761848,0.7353808283805847,0.1327393651008606,0.9279220551252365,0.7951826900243759,512,,,,,,,,,,,
605,0.7000003279983134,0.5441260877306813,0.7265625,0.6485115215182304,1.6573233604431152,0.11312249675393105,0.3078629933297634,9.092965088069058e-05,0.11312249675393105,0.7375097274780273,0.08356077969074249,0.6258581280708313,0.5422973483800888,512,,,,,,,,,,,
606,0.7000003279983134,0.5446278274059295,0.58984375,0.581319734454155,1.5054499506950378,0.12137074954807758,0.25612496584653854,9.087924065757919e-05,0.12137074954807758,0.7236767411231995,0.11548856645822525,0.8485568687319756,0.7330683022737503,512,,,,,,,,,,,
607,0.7000003279983134,0.545128489230518,0.67578125,0.5082030147314072,1.2980512827634811,0.15118860080838203,0.24195777252316475,9.082870479489715e-05,0.15118860080838203,0.7293505519628525,0.17750215530395508,0.9087681472301483,0.7312659919261932,512,,,,,,,,,,,
608,0.7000003282862585,0.5456280743634259,0.7734375,0.5182827189564705,1.3375914096832275,0.1781950443983078,0.2329622320830822,9.077804344796302e-05,0.1781950443983078,0.7350732386112213,0.3176599442958832,1.3169287145137787,0.9992687702178955,512,0.0007938188500702381,0.0007938188500702381,0.03,18565,0.7000003282862585,18565,18565,21113,83,18565,20758
609,0.7000003282862585,0.5461265839636326,0.796875,0.7656677439808846,2.0286474525928497,0.23252111673355103,0.29155770130455494,9.072725677248099e-05,0.23252111673355103,0.7267138510942459,0.004084914922714233,2.7387650907039642,2.73468017578125,512,,,,,,,,,,,
610,0.7000003282862585,0.5466240191901172,0.69921875,0.552012525498867,1.3855285048484802,0.1494663655757904,0.28723662346601486,9.067634492454048e-05,0.1494663655757904,0.7419433444738388,0.11241191625595093,0.8966166377067566,0.7842047214508057,512,,,,,,,,,,,
611,0.7000003282862585,0.5471203812018588,0.67578125,0.5850260406732559,1.4794556945562363,0.1645860392600298,0.2933504432439804,9.062530806061557e-05,0.1645860392600298,0.7274902164936066,0.13282090425491333,1.634543314576149,1.5017224103212357,512,,,,,,,,,,,
612,0.7000003282862585,0.5476156711578368,1.3359375,0.7651899978518486,2.0256852954626083,0.23848795890808105,0.2930722050368786,9.057414633756464e-05,0.23848795890808105,0.723388671875,0.7745322436094284,2.3363953232765198,1.5618630796670914,512,,,,,,,,,,,
613,0.7000003282862585,0.5481098902170305,0.65234375,0.3461412712931633,0.8863275498151779,0.14578351005911827,0.16258534416556358,9.052285991262975e-05,0.14578351005911827,0.7341015636920929,0.1554393172264099,1.1407181173563004,0.9852788001298904,512,,,,,,,,,,,
614,0.7000003282862585,0.5486030395384187,0.671875,0.6120474487543106,1.616400569677353,0.12956291995942593,0.23828860744833946,9.047144894343623e-05,0.12956291995942593,0.7384618818759918,0.10695745050907135,0.8034100458025932,0.6964525952935219,512,,,,,,,,,,,
615,0.7000003282862585,0.5490951202809811,0.7890625,0.3777521476149559,0.991558775305748,0.2660030797123909,0.15314463898539543,9.041991358799222e-05,0.2660030797123909,0.6970067918300629,0.47666993737220764,1.9142747819423676,1.43760484457016,512,,,,,,,,,,,
616,0.7000003282862585,0.5495861336036965,0.69140625,0.8508617207407951,2.2388502061367035,0.18687109276652336,0.33951857313513756,9.036825400468812e-05,0.18687109276652336,0.7425976395606995,0.16039083898067474,1.5407980233430862,1.3804071843624115,512,0.0006347333546727896,0.0006347333546727896,0.03,23258,0.7000003282862585,23258,23258,24285,2033,23258,25513
617,0.7000003282862585,0.5500760806655441,0.6875,0.9094218462705612,2.38855117559433,0.18680746108293533,0.36727243289351463,9.031647035229618e-05,0.18680746108293533,0.7518554627895355,0.1993386447429657,1.921866089105606,1.7225274443626404,512,,,,,,,,,,,
618,0.7000003282862585,0.5505649626255035,0.671875,0.5611568279564381,1.4626065343618393,0.15869221836328506,0.23786861076951027,9.02645627899699e-05,0.15869221836328506,0.7355077862739563,0.06805206835269928,1.0024321377277374,0.9343800693750381,512,,,,,,,,,,,
619,0.7000003282862585,0.5510527806425536,0.65625,0.460067018866539,1.1420828998088837,0.12588072195649147,0.2520595081150532,9.02125314772437e-05,0.12588072195649147,0.7299120873212814,0.13260690867900848,0.7659357190132141,0.6333288103342056,512,,,,,,,,,,,
620,0.7000003282862585,0.5515395358756735,0.66796875,0.4366323798894882,1.1225102841854095,0.13633601553738117,0.20061809569597244,9.016037657403224e-05,0.13633601553738117,0.732734352350235,0.12974755465984344,0.8851498365402222,0.7554022818803787,512,,,,,,,,,,,
621,0.7000003282862585,0.5520252294838428,0.6796875,0.5880021527409554,1.5178184360265732,0.1700559239834547,0.26400621607899666,9.010809824063011e-05,0.1700559239834547,0.731069341301918,0.2307247370481491,0.9845051318407059,0.7537803947925568,512,,,,,,,,,,,
622,0.7000003282862585,0.5525098626260405,0.78125,0.6841940358281136,1.7709544599056244,0.1489187404513359,0.30236073210835457,9.005569663771119e-05,0.1489187404513359,0.7198925614356995,0.18816956132650375,0.7960633039474487,0.607893742620945,512,,,,,,,,,,,
623,0.7000003282862585,0.5529934364612454,0.7578125,0.5044769272208214,1.3137492835521698,0.21835011430084705,0.21496860310435295,9.000317192632826e-05,0.21835011430084705,0.6862011849880219,0.37948795408010483,2.084131434559822,1.7046434804797173,512,,,,,,,,,,,
624,0.7000003282862585,0.5534759521484375,0.99609375,0.3934684619307518,1.0232918411493301,0.1291912216693163,0.16903678700327873,8.995052426791247e-05,0.1291912216693163,0.7280712723731995,0.12816763669252396,1.1844401881098747,1.0562725514173508,512,0.0007708444609306753,0.0007708444609306753,0.03,26121,0.7000003282862585,26121,26121,27682,1880,26121,28373
625,0.7000003282862585,0.5539574108465954,1.1953125,0.4395018368959427,1.1336636692285538,0.18385956436395645,0.19816003367304802,8.989775382427278e-05,0.18385956436395645,0.6885058581829071,0.625847727060318,1.651806801557541,1.025959074497223,512,,,,,,,,,,,
626,0.7000003282862585,0.5544378137146985,0.69921875,0.7414505332708359,1.9423430562019348,0.19097072631120682,0.30447666347026825,8.98448607575956e-05,0.19097072631120682,0.7193603366613388,0.2162822186946869,1.5842540264129639,1.367971807718277,512,,,,,,,,,,,
627,0.7000003282862585,0.5549171619117259,0.6015625,0.3866630718111992,1.0003596246242523,0.20133108645677567,0.17134659364819527,8.979184523044418e-05,0.20133108645677567,0.7173730134963989,0.17685985565185547,1.6711190789937973,1.4942592233419418,512,,,,,,,,,,,
628,0.7000003282862585,0.5553954565966571,0.65625,0.4877311550080776,1.2552426010370255,0.15021767280995846,0.22273057885468006,8.973870740575814e-05,0.15021767280995846,0.7334277182817459,0.14776939153671265,1.2414387539029121,1.0936693623661995,512,,,,,,,,,,,
629,0.7000003282862585,0.5558726989284709,0.84765625,0.620359256863594,1.6010208129882812,0.17027872242033482,0.2788556329905987,8.968544744685297e-05,0.17027872242033482,0.7347314208745956,-0.07352638989686966,1.05907641351223,1.1326028034090996,512,,,,,,,,,,,
630,0.7000003282862585,0.5563488900661469,0.62109375,0.5268732607364655,1.3707449734210968,0.1615958735346794,0.2258406300097704,8.963206551741952e-05,0.1615958735346794,0.7287402302026749,0.11056738346815109,0.7923251241445541,0.681757740676403,512,,,,,,,,,,,
631,0.7000003282862585,0.556824031168664,0.62890625,1.001579001545906,2.6252209693193436,0.14454392157495022,0.4098668396472931,8.957856178152358e-05,0.14454392157495022,0.732783168554306,0.1808686926960945,0.982627809047699,0.8017591163516045,512,,,,,,,,,,,
632,0.700000328142286,0.5572981233950013,0.72265625,0.7257265374064445,1.8843408077955246,0.21156733110547066,0.3148304782807827,8.952493640360517e-05,0.21156733110547066,0.7292382717132568,0.17268183827400208,1.1261689364910126,0.9534870982170105,512,0.0007968952995724976,0.0007968952995724976,0.03,18856,0.700000328142286,18856,18857,19898,1644,18856,21112
633,0.700000328142286,0.5577711679041385,0.5546875,0.34901680797338486,0.9016743004322052,0.1297092791646719,0.155952338129282,8.947118954847832e-05,0.1297092791646719,0.7309277057647705,0.1464638076722622,0.8470148891210556,0.7005510814487934,512,,,,,,,,,,,
634,0.700000328142286,0.5582431658550545,0.75390625,0.3692654073238373,0.942757323384285,0.1921807825565338,0.17622872814536095,8.941732138133032e-05,0.1921807825565338,0.7369579821825027,0.3188624680042267,2.085614338517189,1.7667518705129623,512,,,,,,,,,,,
635,0.700000328142286,0.5587141184067284,0.7890625,0.8423138484358788,1.9103185832500458,0.1907772347331047,0.6421474739909172,8.936333206772131e-05,0.1907772347331047,0.7283740043640137,0.10769490897655487,1.5399566143751144,1.4322617053985596,512,,,,,,,,,,,
636,0.700000328142286,0.5591840267181396,0.7421875,0.5787187665700912,1.505573809146881,0.17780901864171028,0.24811937659978867,8.930922177358379e-05,0.17780901864171028,0.726733386516571,0.22227835655212402,1.114570677280426,0.892292320728302,512,,,,,,,,,,,
637,0.700000328142286,0.5596528919482673,0.765625,0.3651735261082649,0.9531275480985641,0.20533466711640358,0.15345883555710316,8.925499066522207e-05,0.20533466711640358,0.7334863096475601,-0.009906396269798279,1.2415820956230164,1.2514884918928146,512,,,,,,,,,,,
638,0.700000328142286,0.5601207152560904,0.64453125,0.5730634704232216,1.5047834813594818,0.1523609273135662,0.2317723836749792,8.920063890931177e-05,0.1523609273135662,0.7429296672344208,0.1643991768360138,1.014725685119629,0.8503265082836151,512,,,,,,,,,,,
639,0.700000328142286,0.5605874978005886,0.7109375,0.5788174197077751,1.519572138786316,0.13284972310066223,0.2344199400395155,8.914616667289935e-05,0.13284972310066223,0.743232399225235,0.22593439370393753,1.7198101952672005,1.493875801563263,512,,,,,,,,,,,
640,0.7000003279983134,0.5610532407407408,0.78125,0.34628967195749283,0.898233026266098,0.26935791969299316,0.1511296145617962,8.90915741234015e-05,0.26935791969299316,0.7220654189586639,0.09609302878379822,1.7971029430627823,1.701009914278984,512,0.001078532775864005,0.001078532775864005,0.03,19659,0.7000003279983134,19659,19661,22547,-187,19659,21906
641,0.7000003279983134,0.561517945235526,0.578125,0.5566189363598824,1.44154891371727,0.13347027637064457,0.2451750934123993,8.903686142860472e-05,0.13347027637064457,0.7173681706190109,0.11252070963382721,1.4204089641571045,1.3078882545232773,512,,,,,,,,,,,
642,0.7000003279983134,0.5619816124439239,1.71875,0.4827449694275856,1.247968539595604,0.1545654684305191,0.21489493176341057,8.89820287566648e-05,0.1545654684305191,0.7021093666553497,0.02040386199951172,1.1606503874063492,1.1402465254068375,512,,,,,,,,,,,
643,0.7000003279983134,0.5624442435249135,0.78125,0.7559674382209778,1.9433066248893738,0.14822861179709435,0.3475036919116974,8.892707627610618e-05,0.14822861179709435,0.7350634634494781,0.20628546178340912,0.8925730735063553,0.6862876117229462,512,,,,,,,,,,,
644,0.7000003279983134,0.5629058396374736,0.76953125,0.40966006368398666,1.0373918265104294,0.18169532343745232,0.2040022388100624,8.887200415582161e-05,0.18169532343745232,0.7172851264476776,0.29600104689598083,1.3535635471343994,1.0575625002384186,512,,,,,,,,,,,
645,0.7000003279983134,0.5633664019405842,0.6875,0.6527355685830116,1.728089228272438,0.14653879031538963,0.24989725276827812,8.88168125650715e-05,0.14653879031538963,0.7370410263538361,0.11903069913387299,1.2892293184995651,1.1701986193656921,512,,,,,,,,,,,
646,0.7000003279983134,0.5638259315932238,0.58203125,0.7264751344919205,1.7894238084554672,0.13190624490380287,0.4120159149169922,8.876150167348348e-05,0.13190624490380287,0.7328417748212814,0.19295701384544373,1.0894702523946762,0.8965132385492325,512,,,,,,,,,,,
647,0.7000003279983134,0.5642844297543719,1.3515625,0.4619012027978897,1.1757302284240723,0.24849500320851803,0.22397035360336304,8.870607165105179e-05,0.24849500320851803,0.6931982487440109,0.33515340834856033,2.172180011868477,1.8370266035199165,512,,,,,,,,,,,
648,0.7000003279983134,0.5647418975830077,0.82421875,0.4074106588959694,1.0552237778902054,0.18877057917416096,0.17935393378138542,8.865052266813685e-05,0.18877057917416096,0.7310302555561066,0.19969528913497925,1.5227259993553162,1.323030710220337,512,0.0011396683985367417,0.0011396683985367417,0.03,23969,0.7000003279983134,23969,23969,25942,1468,23969,26211
649,0.7000003279983134,0.5651983362381106,0.80859375,0.4566615968942642,1.2003430426120758,0.21488337591290474,0.1834798939526081,8.85948548954647e-05,0.21488337591290474,0.7159081846475601,0.02087511122226715,2.2284407019615173,2.20756559073925,512,,,,,,,,,,,
650,0.7000003279983134,0.5656537468786591,0.625,0.6170639470219612,1.6176752001047134,0.15016331523656845,0.2522154450416565,8.853906850412644e-05,0.15016331523656845,0.7433300614356995,0.16110773384571075,1.0016720294952393,0.8405642956495285,512,,,,,,,,,,,
651,0.7000003279983134,0.5661081306636333,0.5625,0.2770105414092541,0.7120123654603958,0.16160675138235092,0.12741348333656788,8.848316366557777e-05,0.16160675138235092,0.7494823932647705,0.1911466419696808,1.1268509775400162,0.9357043355703354,512,,,,,,,,,,,
652,0.7000003279983134,0.566561488752012,0.6328125,0.34649281948804855,0.8820991218090057,0.14191059581935406,0.16787908226251602,8.842714055163841e-05,0.14191059581935406,0.7222070097923279,-0.07486340403556824,1.5682125389575958,1.643075942993164,512,,,,,,,,,,,
653,0.7000003279983134,0.5670138223027741,0.72265625,0.6697535663843155,1.7237339913845062,0.13544527627527714,0.305822167545557,8.83709993344916e-05,0.13544527627527714,0.7608740031719208,0.12330923974514008,0.9167225509881973,0.7934133112430573,512,,,,,,,,,,,
654,0.7000003279983134,0.5674651324748993,0.625,0.35684435814619064,0.9325960874557495,0.18965179845690727,0.14875040389597416,8.831474018668355e-05,0.18965179845690727,0.7347070425748825,0.17615751922130585,1.7534470558166504,1.5772895365953445,512,,,,,,,,,,,
655,0.7000003279983134,0.5679154204273665,0.90234375,0.5327782183885574,1.41090826690197,0.11075584217905998,0.20357110165059566,8.825836328112295e-05,0.11075584217905998,0.747790053486824,0.15490244328975677,1.455110341310501,1.3002078980207443,393.25,,,,,,,,,,,
656,0.7000003278543407,0.568364687319155,0.69140625,0.5446674898266792,1.4263972640037537,0.13387494906783104,0.22411025688052177,8.820186879108038e-05,0.13387494906783104,0.7344970554113388,0.1539446860551834,0.7875268459320068,0.6335821598768234,512,0.000595366524066776,0.000595366524066776,0.03,21645,0.7000003278543407,21645,21646,23648,1396,21645,23854
657,0.7000003278543407,0.5688129343092441,0.80859375,0.37026820331811905,0.9630241543054581,0.18815061822533607,0.1590006686747074,8.814525689018781e-05,0.18815061822533607,0.7401171624660492,0.13469581305980682,1.5180020779371262,1.3833062648773193,512,,,,,,,,,,,
658,0.7000003278543407,0.5692601625566129,0.9140625,0.7330094426870346,1.9154684841632843,0.15508345142006874,0.3057721368968487,8.808852775243809e-05,0.15508345142006874,0.6956298798322678,0.03396616131067276,1.3008941262960434,1.2669279649853706,512,,,,,,,,,,,
659,0.7000003278543407,0.5697063732202405,0.828125,0.45986076444387436,1.1703282743692398,0.19667920470237732,0.2231890819966793,8.803168155218437e-05,0.19667920470237732,0.7365478426218033,0.15681520104408264,1.6368356943130493,1.4800204932689667,512,,,,,,,,,,,
660,0.7000003278543407,0.5701515674591064,0.71875,0.6022889092564583,1.5437946021556854,0.21063420921564102,0.28132321313023567,8.797471846413958e-05,0.21063420921564102,0.7194223552942276,0.398754358291626,2.7689868807792664,2.3702325224876404,392.25,,,,,,,,,,,
661,0.7000003278543407,0.5705957464321896,0.66796875,0.5380971804261208,1.4067952632904053,0.11525918170809746,0.22380216792225838,8.79176386633759e-05,0.11525918170809746,0.7308593839406967,0.10759071260690689,0.8375026509165764,0.7299119383096695,512,,,,,,,,,,,
662,0.7000003278543407,0.5710389112984692,0.75,0.4738830551505089,1.169442281126976,0.16125745326280594,0.2665669247508049,8.786044232532424e-05,0.16125745326280594,0.7362988293170929,0.26182450354099274,1.7246651351451874,1.4628406316041946,512,,,,,,,,,,,
663,0.7000003278543407,0.5714810632169246,0.69140625,0.4044050797820091,1.0531974732875824,0.16973621025681496,0.17227239534258842,8.780312962577364e-05,0.16973621025681496,0.7423290759325027,0.04214656352996826,1.2837541103363037,1.2416075468063354,512,,,,,,,,,,,
664,0.7000003278543407,0.571922203346535,0.75390625,0.4309898093342781,1.124622792005539,0.15708627179265022,0.18140685185790062,8.77457007408708e-05,0.15708627179265022,0.7150292694568634,0.1578921601176262,0.8758019655942917,0.7179098054766655,512,0.007327070459723473,0.007327070459723473,0.03,22405,0.7000003278543407,22405,22405,24797,1151,22405,24617
665,0.7000003278543407,0.5723623328462794,0.58984375,0.32482655346393585,0.8416261225938797,0.16528367437422276,0.14269671589136124,8.768815584711952e-05,0.16528367437422276,0.7135546654462814,0.1264403760433197,1.3142103552818298,1.1877699792385101,512,,,,,,,,,,,
666,0.7000003278543407,0.5728014528751373,0.8125,0.4793696328997612,1.2569605857133865,0.11954862251877785,0.19567463546991348,8.763049512138008e-05,0.11954862251877785,0.7380663901567459,0.1702166497707367,0.7474848926067352,0.5772682428359985,512,,,,,,,,,,,
667,0.7000003278543407,0.5732395645920878,1.0625,0.6454811170697212,1.5997891426086426,0.12379223294556141,0.3562142066657543,8.757271874086884e-05,0.12379223294556141,0.7352001816034317,0.179334856569767,0.8555423319339752,0.6762074753642082,512,,,,,,,,,,,
668,0.7000003278543407,0.5736766691561097,1.1875,0.31302429735660553,0.7941268980503082,0.14477752149105072,0.1544315479695797,8.751482688315757e-05,0.14477752149105072,0.7252197265625,0.07364130765199661,1.0180317610502243,0.9443904533982277,512,,,,,,,,,,,
669,0.7000003278543407,0.5741127677261829,0.7265625,0.605380691587925,1.582976445555687,0.2220765072852373,0.2515104189515114,8.745681972617296e-05,0.2220765072852373,0.7107275128364563,0.28400135040283203,1.5858305394649506,1.3018291890621185,512,,,,,,,,,,,
670,0.7000003278543407,0.5745478614612862,0.71484375,0.6837064176797867,1.798444077372551,0.2411963827908039,0.27339351177215576,8.739869744819609e-05,0.2411963827908039,0.7163769155740738,0.16099964082241058,2.20372411608696,2.0427244752645493,512,,,,,,,,,,,
671,0.7000003278543407,0.5749819515203988,0.7734375,0.4728396236896515,1.2275603115558624,0.20835063979029655,0.20528698340058327,8.734046022786182e-05,0.20835063979029655,0.7144286632537842,0.0572596937417984,2.0449831187725067,1.9877234250307083,512,,,,,,,,,,,
672,0.7000003279983134,0.5754150390624999,0.86328125,0.5541621968150139,1.4173623472452164,0.19458259642124176,0.2619169391691685,8.728210824415827e-05,0.19458259642124176,0.7210449278354645,0.08649875223636627,1.8544879257678986,1.7679891735315323,512,0.0008222536998800933,0.0008222536998800933,0.03,34857,0.7000003279983134,34857,34858,42808,-3716,34857,37105
673,0.7000003279983134,0.575847125246569,0.69921875,0.414638914167881,1.0927102267742157,0.15729207172989845,0.16377127170562744,8.722364167642636e-05,0.15729207172989845,0.7337597459554672,0.1620497778058052,0.960475504398346,0.7984257265925407,512,,,,,,,,,,,
674,0.7000003279983134,0.5762782112315848,0.671875,0.5998603031039238,1.5683404356241226,0.11980408616364002,0.2494180053472519,8.716506070435906e-05,0.11980408616364002,0.7330029010772705,0.14526554197072983,0.8257342725992203,0.6804687306284904,512,,,,,,,,,,,
675,0.7000003279983134,0.576708298176527,0.7265625,0.49793538451194763,1.304628074169159,0.20545361191034317,0.2042669802904129,8.710636550800102e-05,0.20545361191034317,0.724790021777153,0.22145050764083862,2.6609871983528137,2.439536690711975,512,,,,,,,,,,,
676,0.7000003279983134,0.5771373872403746,0.6796875,0.552675150334835,1.4149185568094254,0.10998961515724659,0.2598545551300049,8.704755626774796e-05,0.10998961515724659,0.725654274225235,0.17872294783592224,0.9827774167060852,0.804054468870163,512,,,,,,,,,,,
677,0.7000003279983134,0.5775654795821065,0.6953125,0.34810180962085724,0.9000855833292007,0.15294186398386955,0.15476837567985058,8.698863316434608e-05,0.15294186398386955,0.7446923553943634,0.12761208415031433,0.8958930522203445,0.7682809680700302,512,,,,,,,,,,,
678,0.7000003279983134,0.5779925763607024,0.76953125,0.3700134605169296,0.9633144438266754,0.22107969224452972,0.1579384207725525,8.692959637889154e-05,0.22107969224452972,0.7248046696186066,0.1806967705488205,1.3228300511837006,1.14213328063488,512,,,,,,,,,,,
679,0.7000003279983134,0.5784186787351414,1.34375,0.4504532590508461,1.1682845503091812,0.22031887248158455,0.19672530516982079,8.687044609282986e-05,0.22031887248158455,0.6888622790575027,-0.14074569195508957,0.927205391228199,1.0679510831832886,512,,,,,,,,,,,
680,0.7000003279983134,0.5788437878644024,0.77734375,0.6413288041949272,1.6756053864955902,0.19106924906373024,0.26781516894698143,8.681118248795547e-05,0.19106924906373024,0.6911767274141312,0.05863732099533081,1.4846466034650803,1.4260092824697495,512,0.00118035648483783,0.00118035648483783,0.03,24630,0.7000003279983134,24630,24630,28509,459,24630,26880
681,0.7000003279983134,0.5792679049074649,0.66796875,0.7156630083918571,1.8417995870113373,0.13973521441221237,0.32687612250447273,8.675180574641102e-05,0.13973521441221237,0.7273876816034317,-0.008794456720352173,1.892165943980217,1.9009604007005692,512,,,,,,,,,,,
682,0.7000003279983134,0.5796910310233081,1.390625,0.8269478380680084,2.1610006242990494,0.16249534860253334,0.3449018560349941,8.66923160506869e-05,0.16249534860253334,0.7367285192012787,0.16302192211151123,1.1919919848442078,1.0289700627326965,512,,,,,,,,,,,
683,0.7000003279983134,0.5801131673709109,0.7578125,0.5330527946352959,1.3931739777326584,0.1767958663403988,0.22213749587535858,8.663271358362064e-05,0.1767958663403988,0.7309032827615738,0.203251451253891,2.051749736070633,1.848498284816742,512,,,,,,,,,,,
684,0.7000003279983134,0.5805343151092529,0.6328125,0.6748492754995823,1.7401566356420517,0.10902350768446922,0.3048410750925541,8.657299852839639e-05,0.10902350768446922,0.740678682923317,0.0833275094628334,0.5757291615009308,0.4924016520380974,512,,,,,,,,,,,
685,0.7000003279983134,0.5809544753973132,0.6484375,0.5817400738596916,1.5257110744714737,0.2221822328865528,0.23713749274611473,8.65131710685443e-05,0.2221822328865528,0.734565407037735,0.19195085763931274,2.0270567536354065,1.8351058959960938,512,,,,,,,,,,,
686,0.7000003279983134,0.5813736493940705,0.60546875,0.4276772364974022,1.1127068549394608,0.1996447555720806,0.18328473344445229,8.645323138794001e-05,0.1996447555720806,0.733579084277153,0.36026284098625183,2.2697727382183075,1.9095098972320557,512,,,,,,,,,,,
687,0.7000003279983134,0.5817918382585048,0.69921875,0.6073928847908974,1.6081369370222092,0.24009818211197853,0.2324475161731243,8.639317967080408e-05,0.24009818211197853,0.7319482117891312,0.13185051083564758,1.5427604019641876,1.41090989112854,512,,,,,,,,,,,
688,0.7000003278543407,0.582209043149595,0.6484375,0.4445473402738571,1.1576554775238037,0.14391629584133625,0.18945761770009995,8.633301610170135e-05,0.14391629584133625,0.7405859231948853,0.1908358782529831,1.1421767324209213,0.9513408541679382,512,0.0008617460262030363,0.0008617460262030363,0.03,19379,0.7000003278543407,19379,19380,22768,88,19379,21606
689,0.7000003278543407,0.5826252652263199,0.57421875,0.48031751811504364,1.2595721781253815,0.13364271074533463,0.19593534618616104,8.62727408655405e-05,0.13364271074533463,0.7315331846475601,0.2978760600090027,1.9079005420207977,1.610024482011795,512,,,,,,,,,,,
690,0.7000003278543407,0.5830405056476593,0.6484375,0.3630959093570709,0.938230887055397,0.19396986439824104,0.16205969825387,8.621235414757336e-05,0.19396986439824104,0.7172216325998306,0.03153325617313385,1.871863767504692,1.8403305113315582,512,,,,,,,,,,,
691,0.7000003278543407,0.583454765572592,0.890625,0.5526005029678345,1.4422762542963028,0.1954493634402752,0.23227062821388245,8.615185613339438e-05,0.1954493634402752,0.7274755835533142,-0.4856278896331787,1.338314950466156,1.8239428400993347,512,,,,,,,,,,,
692,0.7000003278543407,0.5838680461600974,0.6953125,0.7073174715042114,1.8815831989049911,0.15132234059274197,0.2618029937148094,8.609124700894016e-05,0.15132234059274197,0.7351367026567459,0.11082237958908081,0.923542395234108,0.8127200156450272,512,,,,,,,,,,,
693,0.7000003278543407,0.5842803485691547,0.875,0.7881100028753281,2.038584738969803,0.15433241985738277,0.3496273532509804,8.603052696048867e-05,0.15433241985738277,0.7342382669448853,0.1671147122979164,1.0814432352781296,0.9143285229802132,512,,,,,,,,,,,
694,0.7000003278543407,0.5846916739587431,0.546875,0.3794756978750229,0.9874913543462753,0.16302865743637085,0.16243496909737587,8.596969617465889e-05,0.16302865743637085,0.7217626720666885,0.1370665282011032,1.3544800281524658,1.2174134999513626,512,,,,,,,,,,,
695,0.7000003278543407,0.5851020234878415,0.625,0.7064419016242027,1.8258540034294128,0.16217995807528496,0.3148788884282112,8.590875483841011e-05,0.16217995807528496,0.7298437207937241,0.02687186747789383,0.7716048061847687,0.7447329387068748,512,,,,,,,,,,,
696,0.7000003279983134,0.5855113983154296,0.83203125,0.7204580828547478,1.8306665122509003,0.27300412952899933,0.35253969952464104,8.584770313904137e-05,0.27300412952899933,0.7153369039297104,0.19711771607398987,2.204007774591446,2.006890058517456,512,0.0009334601345472038,0.0009334601345472038,0.03,21020,0.7000003279983134,21020,21019,22395,1995,21020,23246
697,0.7000003279983134,0.5859197996004865,0.59765625,0.6237515360116959,1.6196907758712769,0.11756761744618416,0.27046529576182365,8.578654126419093e-05,0.11756761744618416,0.7481493949890137,0.14005905389785767,1.2757585495710373,1.1356994956731796,512,,,,,,,,,,,
698,0.7000003279983134,0.5863272285019909,0.546875,0.8801233768463135,2.374057725071907,0.13849751092493534,0.29298272728919983,8.572526940183568e-05,0.13849751092493534,0.7344287037849426,0.0792616680264473,1.7551276981830597,1.6758660301566124,512,,,,,,,,,,,
699,0.7000003279983134,0.5867336861789226,0.65234375,0.4066554978489876,1.0229492336511612,0.13108893670141697,0.20934013649821281,8.566388774029051e-05,0.13108893670141697,0.7456347644329071,0.2483750879764557,1.3857711255550385,1.1373960375785828,512,,,,,,,,,,,
700,0.7000003279983134,0.5871391737902606,0.640625,0.6228989809751511,1.6050032824277878,0.17989862523972988,0.28256936371326447,8.560239646820778e-05,0.17989862523972988,0.7165527194738388,0.24302712082862854,1.4824110865592957,1.2393839657306671,512,,,,,,,,,,,
701,0.7000003279983134,0.587543692494984,0.65625,0.6224260181188583,1.638009861111641,0.16885983012616634,0.24812950193881989,8.554079577457674e-05,0.16885983012616634,0.7182323932647705,0.11434410512447357,1.4023928046226501,1.2880486994981766,512,,,,,,,,,,,
702,0.7000003279983134,0.587947243452072,0.6484375,0.38913457095623016,1.028796762228012,0.13976505026221275,0.1503988392651081,8.547908584872297e-05,0.13976505026221275,0.7287060469388962,0.10974887013435364,1.4914727956056595,1.3817239254713058,512,,,,,,,,,,,
703,0.7000003279983134,0.5883498278205042,0.8203125,0.4371592700481415,1.104479655623436,0.17308605462312698,0.22024532407522202,8.541726688030771e-05,0.17308605462312698,0.7587011456489563,0.08075456321239471,1.2488894164562225,1.1681348532438278,512,,,,,,,,,,,
704,0.700000328142286,0.5887514467592592,0.71484375,0.3592505045235157,0.9300604313611984,0.15170693397521973,0.15857740491628647,8.535533905932738e-05,0.15170693397521973,0.7355273216962814,0.1199348121881485,0.8399301618337631,0.7199953496456146,512,0.007290350738912821,0.007290350738912821,0.03,19666,0.700000328142286,19666,19666,22633,43,19666,21906
705,0.700000328142286,0.5891521014273167,0.734375,0.5246838852763176,1.3635382056236267,0.22579289227724075,0.22641286253929138,8.529330257611293e-05,0.22579289227724075,0.7223778963088989,0.3645193576812744,1.827668473124504,1.4631491154432297,512,,,,,,,,,,,
706,0.700000328142286,0.5895517929836556,0.64453125,0.5508390963077545,1.4219304621219635,0.1686060819774866,0.2472788505256176,8.523115762132925e-05,0.1686060819774866,0.6961230337619781,0.39208028465509415,1.8225733637809753,1.4304930791258812,512,,,,,,,,,,,
707,0.700000328142286,0.5899505225872551,0.83984375,0.8098021075129509,2.136541098356247,0.17414670437574387,0.3174045458436012,8.516890438597467e-05,0.17414670437574387,0.7172851413488388,0.7646651864051819,2.1706606447696686,1.4059954583644867,512,,,,,,,,,,,
708,0.700000328142286,0.5903482913970947,2.265625,0.5703892409801483,1.4890442490577698,0.5141813606023788,0.23940788954496384,8.510654306138027e-05,0.5141813606023788,0.6767382621765137,-0.624042272567749,1.2743644565343857,1.8984067291021347,512,,,,,,,,,,,
709,0.700000328142286,0.5907451005721533,0.6015625,0.5847522914409637,1.543932482600212,0.15402364172041416,0.2280440665781498,8.504407383920936e-05,0.15402364172041416,0.714790016412735,0.2044687718153,0.9485894292593002,0.7441206574440002,512,,,,,,,,,,,
710,0.700000328142286,0.5911409512714102,0.59375,0.49138597398996353,1.2952050268650055,0.10507266782224178,0.1938432678580284,8.498149691145684e-05,0.10507266782224178,0.7535107433795929,0.21766530722379684,0.8491265922784805,0.6314612850546837,512,,,,,,,,,,,
711,0.700000328142286,0.5915358446538448,0.65625,0.5380243957042694,1.386807531118393,0.1565617024898529,0.24356935545802116,8.491881247044866e-05,0.1565617024898529,0.7494189292192459,0.17625659704208374,1.3427217453718185,1.1664651483297348,512,,,,,,,,,,,
712,0.7000003279983134,0.5919297818784361,0.69921875,0.5478842929005623,1.4388847649097443,0.14203903265297413,0.2213706187903881,8.485602070884117e-05,0.14203903265297413,0.7026904225349426,0.17884962260723114,1.0985009223222733,0.9196512997150421,512,0.0008929061004891992,0.0008929061004891992,0.03,21066,0.7000003279983134,21066,21067,24154,20,21066,23267
713,0.7000003279983134,0.5923227641041631,0.92578125,0.7809925675392151,2.053802117705345,0.17368822172284126,0.3128419257700443,8.479312181962061e-05,0.17368822172284126,0.7312011569738388,0.39310401678085327,1.7497745603322983,1.356670543551445,512,,,,,,,,,,,
714,0.7000003279983134,0.5927147924900055,0.7421875,0.7941746935248375,2.081358313560486,0.14910156279802322,0.32523156702518463,8.473011599610244e-05,0.14910156279802322,0.7456200867891312,0.0007240176200866699,1.8270234167575836,1.826299399137497,512,,,,,,,,,,,
715,0.7000003279983134,0.5931058681949422,0.6796875,0.5412041395902634,1.406259149312973,0.12734483927488327,0.23375331982970238,8.466700343193077e-05,0.12734483927488327,0.744189441204071,0.0759207233786583,1.287910483777523,1.2119897603988647,512,,,,,,,,,,,
716,0.7000003279983134,0.5934959923779523,0.671875,0.5337977781891823,1.4013042449951172,0.17541338875889778,0.21626466512680054,8.460378432107779e-05,0.17541338875889778,0.7233788818120956,0.14406128227710724,1.3085202127695084,1.1644589304924011,512,,,,,,,,,,,
717,0.7000003279983134,0.5938851661980151,0.890625,0.7982017025351524,2.113877385854721,0.17804133333265781,0.3049156628549099,8.454045885784315e-05,0.17804133333265781,0.722543939948082,0.2750967964529991,2.3130752369761467,2.0379784405231476,512,,,,,,,,,,,
718,0.7000003279983134,0.5942733908141101,0.6484375,0.4436076879501343,1.168580025434494,0.19015450775623322,0.17568561807274818,8.447702723685335e-05,0.19015450775623322,0.6832275241613388,-0.006491273641586304,1.5007242262363434,1.5072154998779297,512,,,,,,,,,,,
719,0.7000003279983134,0.5946606673852161,0.76953125,0.42117661237716675,1.0898187160491943,0.18296145275235176,0.18647398799657822,8.441348965306119e-05,0.18296145275235176,0.721186488866806,0.19850630313158035,1.3710106536746025,1.1725043505430222,512,,,,,,,,,,,
720,0.7000003279983134,0.5950469970703125,0.6171875,0.44208789616823196,1.1576817333698273,0.15563945844769478,0.181978490203619,8.434984630174509e-05,0.15563945844769478,0.7449706792831421,0.12741577625274658,0.9511556625366211,0.8237398862838745,512,0.0008533828076906502,0.0008533828076906502,0.03,32298,0.7000003279983134,32298,32298,46970,-11010,32298,34465
721,0.7000003279983134,0.5954323810283785,0.625,0.5270048305392265,1.3849515169858932,0.14186133071780205,0.2120327576994896,8.428609737850859e-05,0.14186133071780205,0.7324462682008743,0.19298388063907623,0.9646448567509651,0.7716609761118889,512,,,,,,,,,,,
722,0.7000003279983134,0.595816820418393,0.69140625,0.5557543113827705,1.3979548662900925,0.17562435939908028,0.2861490212380886,8.422224307927967e-05,0.17562435939908028,0.7286327928304672,0.2219444066286087,1.9837470352649689,1.7618026286363602,512,,,,,,,,,,,
723,0.7000003279983134,0.5962003163993358,0.609375,0.394500270485878,1.0041970163583755,0.14587447047233582,0.19125831127166748,8.415828360031019e-05,0.14587447047233582,0.751147449016571,0.24170301854610443,1.489781215786934,1.2480781972408295,512,,,,,,,,,,,
724,0.7000003279983134,0.5965828701301857,0.76953125,0.38277166336774826,0.9869706034660339,0.21336812525987625,0.17294349521398544,8.409421913817526e-05,0.21336812525987625,0.7296337485313416,0.3472262918949127,2.315020263195038,1.9677939713001251,512,,,,,,,,,,,
725,0.7000003279983134,0.5969644827699219,0.5390625,0.39673877507448196,1.0289531201124191,0.10285261645913124,0.17328553274273872,8.403004988977266e-05,0.10285261645913124,0.738706037402153,0.09629955142736435,0.6762710139155388,0.5799714624881744,512,,,,,,,,,,,
726,0.7000003279983134,0.5973451554775238,0.6484375,0.4999215230345726,1.3253787457942963,0.10346083343029022,0.18953490443527699,8.39657760523222e-05,0.10346083343029022,0.7281152009963989,0.10437151789665222,0.9105154126882553,0.8061438947916031,512,,,,,,,,,,,
727,0.7000003279983134,0.5977248894119704,0.6328125,0.6683744862675667,1.7406576424837112,0.12354342453181744,0.2847195044159889,8.390139782336519e-05,0.12354342453181744,0.7322998046875,0.14306967705488205,0.7995827943086624,0.6565131172537804,512,,,,,,,,,,,
728,0.7000003279983134,0.5981036857322409,0.55859375,0.4348623529076576,1.1279449611902237,0.15529724583029747,0.18981974571943283,8.383691540076371e-05,0.15529724583029747,0.7355761379003525,-0.09933941811323166,1.2648319154977798,1.3641713336110115,512,0.002172843087464571,0.002172843087464571,0.03,15019,0.7000003279983134,15019,15019,17548,754,15019,17258
729,0.7000003279983134,0.5984815455973148,0.98046875,0.5983189642429352,1.5956592112779617,0.19951233640313148,0.21742848306894302,8.377232898270014e-05,0.19951233640313148,0.7235107272863388,0.40824174880981445,3.2682946920394897,2.8600529432296753,512,,,,,,,,,,,
730,0.7000003279983134,0.598858470166171,0.83203125,0.606571190059185,1.5885702967643738,0.1451401337981224,0.24952419102191925,8.370763876767642e-05,0.1451401337981224,0.7342529147863388,0.086333267390728,0.8457311317324638,0.7593978643417358,512,,,,,,,,,,,
731,0.7000003279983134,0.5992344605977888,0.6953125,0.6326400637626648,1.6479295939207077,0.12437057122588158,0.26916150003671646,8.364284495451355e-05,0.12437057122588158,0.7363232374191284,0.17043164372444153,0.9310104995965958,0.7605788558721542,512,,,,,,,,,,,
732,0.7000003279983134,0.5996095180511474,1.1953125,0.5792977809906006,1.5064834952354431,0.16656914819031954,0.24896429106593132,8.357794774235092e-05,0.16656914819031954,0.7092675566673279,0.05151522159576416,2.158072352409363,2.1065571308135986,512,,,,,,,,,,,
733,0.7000003279983134,0.5999836436852262,0.73046875,0.5566284582018852,1.4425252974033356,0.13206438161432743,0.24422751739621162,8.35129473306457e-05,0.13206438161432743,0.7301855385303497,0.15660903602838516,1.2551500648260117,1.0985410287976265,512,,,,,,,,,,,
734,0.7000003279983134,0.6003568386590038,0.7265625,0.7152894139289856,1.8830801993608475,0.15132935531437397,0.28446340560913086,8.344784391917224e-05,0.15132935531437397,0.6891552656888962,-0.08622909337282181,1.891027957201004,1.9772570505738258,512,,,,,,,,,,,
735,0.7000003279983134,0.6007291041314602,0.671875,0.4110305905342102,1.0545043647289276,0.2036831509321928,0.19104277715086937,8.338263770802145e-05,0.2036831509321928,0.7306445091962814,0.25200915336608887,2.0478488206863403,1.7958396673202515,512,,,,,,,,,,,
736,0.7000003282862585,0.601100441261574,2.34375,0.5762190818786621,1.499712586402893,0.17691595479846,0.24640578776597977,8.33173288976002e-05,0.17691595479846,0.7492626756429672,0.06078004837036133,0.9539885073900223,0.893208459019661,512,0.0012343158014118671,0.0012343158014118671,0.03,39190,0.7000003282862585,39190,39190,46100,-2474,39190,41467
737,0.7000003282862585,0.6014708512083247,0.828125,0.5717296451330185,1.5170119255781174,0.1954278163611889,0.21550202183425426,8.32519176886307e-05,0.1954278163611889,0.7273388504981995,0.010739922523498535,0.9733893424272537,0.9626494199037552,512,,,,,,,,,,,
738,0.7000003282862585,0.6018403351306915,0.625,0.7267582416534424,1.907366782426834,0.11127698048949242,0.2949308790266514,8.318640428214982e-05,0.11127698048949242,0.7468554675579071,0.11908601969480515,0.7859551459550858,0.6668691262602806,512,,,,,,,,,,,
739,0.7000003282862585,0.6022088941876534,0.6328125,0.8067217469215393,2.131042033433914,0.17098821699619293,0.31356925517320633,8.31207888795086e-05,0.17098821699619293,0.7307177633047104,0.18386657536029816,1.8855768293142319,1.7017102539539337,512,,,,,,,,,,,
740,0.7000003282862585,0.6025765295381899,0.65625,0.3993966281414032,1.0195292979478836,0.21806649304926395,0.19076348468661308,8.305507168237152e-05,0.21806649304926395,0.7162548750638962,0.37607576698064804,2.1441719383001328,1.7680961713194847,512,,,,,,,,,,,
741,0.7000003282862585,0.6029432423412799,0.609375,0.8235701769590378,2.118977278470993,0.1812151074409485,0.37668994069099426,8.298925289271588e-05,0.1812151074409485,0.7126757651567459,0.3096295893192291,2.0620126128196716,1.7523830235004425,512,,,,,,,,,,,
742,0.7000003282862585,0.603309033755903,0.6796875,0.3900372087955475,1.0204671323299408,0.16330160573124886,0.16146375238895416,8.292333271283134e-05,0.16330160573124886,0.728686511516571,0.051425956189632416,1.8686839491128922,1.8172579929232597,512,,,,,,,,,,,
743,0.7000003282862585,0.6036739049410378,0.57421875,0.6590206399559975,1.750526174902916,0.13528034277260303,0.24650599621236324,8.285731134531906e-05,0.13528034277260303,0.7396484166383743,0.12170614302158356,0.9830209016799927,0.8613147586584091,512,,,,,,,,,,,
744,0.7000003282862585,0.604037857055664,0.70703125,0.4109021872282028,1.078346163034439,0.177299739792943,0.16681194305419922,8.279118899309122e-05,0.177299739792943,0.7376171946525574,0.0399792343378067,1.5851432085037231,1.5451639741659164,512,0.0009504435583949089,0.0009504435583949089,0.03,14063,0.7000003282862585,14063,14063,15361,1463,14063,16315
745,0.7000003282862585,0.6044008912587607,0.86328125,0.9975782707333565,2.645392805337906,0.14637846499681473,0.3775716722011566,8.272496585937038e-05,0.14637846499681473,0.7286279499530792,-0.20310121774673462,1.585834100842476,1.7889353185892105,512,,,,,,,,,,,
746,0.7000003282862585,0.604763008709307,0.68359375,0.3730957433581352,0.9525495022535324,0.18338338285684586,0.17804359644651413,8.265864214768883e-05,0.18338338285684586,0.7223437130451202,-0.10123246908187866,1.1414829790592194,1.242715448141098,512,,,,,,,,,,,
747,0.7000003282862585,0.6051242105662822,0.6171875,0.3738304451107979,0.982298880815506,0.1952248439192772,0.15052061341702938,8.259221806188806e-05,0.1952248439192772,0.729116216301918,0.25260238349437714,1.5771731734275818,1.3245707899332047,512,,,,,,,,,,,
748,0.7000003282862585,0.6054844979886655,0.60546875,0.5940434336662292,1.5369295924901962,0.1914944313466549,0.263201966881752,8.252569380611792e-05,0.1914944313466549,0.7229492217302322,0.11428259313106537,1.5385532230138779,1.4242706298828125,512,,,,,,,,,,,
749,0.7000003282862585,0.605843872135436,0.6328125,0.5234151482582092,1.3520253747701645,0.17029132694005966,0.2340811099857092,8.245906958483623e-05,0.17029132694005966,0.7336425483226776,0.1181664764881134,0.9912940710783005,0.8731275945901871,512,,,,,,,,,,,
750,0.7000003282862585,0.6062023341655731,0.59375,0.3841871917247772,0.9956244677305222,0.19574408046901226,0.1685791015625,8.2392345602808e-05,0.19574408046901226,0.7445995807647705,0.10515941679477692,1.870348647236824,1.7651892304420471,512,,,,,,,,,,,
751,0.7000003282862585,0.6065598852380558,0.65625,0.7532861679792404,1.9835484027862549,0.1217362992465496,0.2991368770599365,8.232552206510485e-05,0.1217362992465496,0.7234863191843033,0.05539442598819733,1.2799779772758484,1.224583551287651,512,,,,,,,,,,,
752,0.7000003282862585,0.6069165265118633,0.78125,0.6682897172868252,1.7826128900051117,0.2760487571358681,0.2425073590129614,8.225859917710439e-05,0.2760487571358681,0.7116992026567459,0.4346853792667389,2.9618766009807587,2.5271912217140198,512,0.0014042305992916226,0.0014042305992916226,0.03,17945,0.7000003282862585,17945,17945,18522,2384,17945,20187
753,0.7000003282862585,0.607272259145975,0.64453125,0.46697237342596054,1.21388478577137,0.20299683511257172,0.20118293166160583,8.219157714448958e-05,0.20299683511257172,0.7259960770606995,0.09130264818668365,1.603887215256691,1.5125845670700073,512,,,,,,,,,,,
754,0.7000003282862585,0.6076270842993701,0.6015625,0.5272044539451599,1.3956751078367233,0.12934092432260513,0.20191410928964615,8.212445617324809e-05,0.12934092432260513,0.7204345464706421,0.18335846066474915,0.7644177228212357,0.5810592621564865,512,,,,,,,,,,,
755,0.7000003282862585,0.6079810031310274,1.15625,0.7431356385350227,1.9395624697208405,0.17423097789287567,0.31236357241868973,8.205723646967165e-05,0.17423097789287567,0.7554833590984344,0.2794487178325653,2.020046889781952,1.7405981719493866,512,,,,,,,,,,,
756,0.7000003282862585,0.6083340167999267,1.1328125,0.35400958359241486,0.9267920702695847,0.13613616675138474,0.14596416242420673,8.198991824035547e-05,0.13613616675138474,0.740790992975235,0.28124265372753143,1.3740631937980652,1.0928205400705338,512,,,,,,,,,,,
757,0.7000003282862585,0.6086861264650468,0.59375,0.3706897497177124,0.964132234454155,0.22731902822852135,0.1591700166463852,8.192250169219756e-05,0.22731902822852135,0.7152001559734344,0.005190849304199219,3.2654796838760376,3.2602888345718384,512,,,,,,,,,,,
758,0.7000003282862585,0.609037333285367,0.6875,0.5175675079226494,1.3491355180740356,0.1325535587966442,0.21925081685185432,8.18549870323981e-05,0.1325535587966442,0.7424218654632568,0.11708219349384308,0.9439924210309982,0.8269102275371552,512,,,,,,,,,,,
759,0.7000003282862585,0.6093876384198665,0.7421875,0.6101032197475433,1.6037283092737198,0.14180861692875624,0.24506933987140656,8.178737446845879e-05,0.14180861692875624,0.7430077940225601,0.1067027747631073,0.9525475949048996,0.8458448201417923,512,,,,,,,,,,,
760,0.7000003284302311,0.6097370430275246,0.71484375,0.4163435772061348,1.0986552685499191,0.2003647144883871,0.16299189254641533,8.171966420818228e-05,0.2003647144883871,0.6885302513837814,0.125653974711895,3.402067892253399,3.276413917541504,512,0.0017087250016629696,0.0017087250016629696,0.03,22027,0.7000003284302311,22027,22026,21576,3522,22027,24294
761,0.7000003284302311,0.6100855482673203,0.6953125,0.45590998232364655,1.1900030076503754,0.2395913153886795,0.19154233112931252,8.165185645967146e-05,0.2395913153886795,0.7228222489356995,0.2752135246992111,2.0309197306632996,1.7557062059640884,512,,,,,,,,,,,
762,0.7000003284302311,0.6104331552982329,0.494140625,0.49983152747154236,1.3084845840930939,0.13861540891230106,0.2061562817543745,8.158395143132882e-05,0.13861540891230106,0.7373242229223251,0.23793527483940125,1.8176414370536804,1.5797061622142792,512,,,,,,,,,,,
763,0.7000003284302311,0.6107798652792419,0.609375,0.5772068947553635,1.524513378739357,0.11746559664607048,0.22459834814071655,8.151594933185589e-05,0.11746559664607048,0.7335009723901749,0.10820938646793365,0.7200125306844711,0.6118031442165375,512,,,,,,,,,,,
764,0.7000003284302311,0.6111256793693259,0.61328125,0.4251762256026268,1.1012613326311111,0.15066802874207497,0.18715141341090202,8.144785037025247e-05,0.15066802874207497,0.7265087813138962,0.12252648174762726,1.023371621966362,0.9008451402187347,512,,,,,,,,,,,
765,0.7000003284302311,0.6114705987274647,0.6640625,0.6133477687835693,1.6072814166545868,0.18617150373756886,0.2513481341302395,8.13796547558161e-05,0.18617150373756886,0.7156005799770355,0.18869978189468384,1.3969930410385132,1.2082932591438293,512,,,,,,,,,,,
766,0.7000003284302311,0.6118146245126371,0.80078125,0.7018653377890587,1.8488043248653412,0.19714056700468063,0.27806035056710243,8.131136269814139e-05,0.19714056700468063,0.7316113263368607,0.14159798622131348,1.1662280559539795,1.024630069732666,512,,,,,,,,,,,
767,0.7000003284302311,0.6121577578838224,1.0703125,0.5851543247699738,1.5357645004987717,0.202272430062294,0.23743034526705742,8.124297440711932e-05,0.202272430062294,0.7281152158975601,0.20179413259029388,1.5257537364959717,1.3239596039056778,512,,,,,,,,,,,
768,0.7000003288621488,0.6124999999999999,0.66015625,0.39187511056661606,1.0232662856578827,0.14283763244748116,0.16423402726650238,8.117449009293668e-05,0.14283763244748116,0.7368310540914536,0.12136495858430862,0.8368816822767258,0.7155167236924171,512,0.0007960791699588299,0.0007960791699588299,0.03,20548,0.7000003288621488,20548,20549,22153,1185,20548,22790
769,0.7000003288621488,0.6128413520201488,0.953125,0.7651916891336441,1.9738297909498215,0.1430009938776493,0.34493277594447136,8.110590996607534e-05,0.1430009938776493,0.7375292927026749,0.15377578139305115,1.276196762919426,1.1224209815263748,512,,,,,,,,,,,
770,0.7000003288621488,0.6131818151032483,0.80078125,0.5518470481038094,1.4467111378908157,0.1397581286728382,0.22555260732769966,8.103723423731169e-05,0.1397581286728382,0.7449121028184891,0.17060984671115875,1.4295809119939804,1.2589710652828217,512,,,,,,,,,,,
771,0.7000003288621488,0.6135213904082775,0.66015625,0.46457798033952713,1.213015154004097,0.1979024950414896,0.1947968378663063,8.09684631177159e-05,0.1979024950414896,0.7291113138198853,0.1771966964006424,1.0197573006153107,0.8425606042146683,512,,,,,,,,,,,
772,0.7000003288621488,0.6138600790942156,0.6875,0.4931522235274315,1.2897191941738129,0.19334645941853523,0.20468144863843918,8.089959681865133e-05,0.19334645941853523,0.7452441155910492,0.20367982983589172,2.281518965959549,2.0778391361236572,512,,,,,,,,,,,
773,0.7000003288621488,0.614197882320042,0.62890625,0.35682377964258194,0.9274627268314362,0.18361181020736694,0.1538214012980461,8.083063555177388e-05,0.18361181020736694,0.7210448980331421,0.15881122648715973,2.5236271768808365,2.3648159503936768,512,,,,,,,,,,,
774,0.7000003288621488,0.6145348012447357,0.80078125,0.584986113011837,1.5274417996406555,0.1454965490847826,0.24524329975247383,8.076157952903134e-05,0.1454965490847826,0.721870094537735,0.09296997636556625,1.0890146791934967,0.9960447028279305,512,,,,,,,,,,,
775,0.7000003288621488,0.614870837027276,0.58984375,0.7559609413146973,1.902908369898796,0.1500365510582924,0.387882262468338,8.069242896266269e-05,0.1500365510582924,0.7302636504173279,0.1876559853553772,1.4406937062740326,1.2530377209186554,512,,,,,,,,,,,
776,0.7000003287181762,0.6152059908266421,1.2109375,0.42384497821331024,1.0887189656496048,0.17599953897297382,0.19565974175930023,8.062318406519751e-05,0.17599953897297382,0.7285497933626175,0.20808111131191254,1.5240471214056015,1.315966010093689,512,0.0009063244797289371,0.0009063244797289371,0.03,22948,0.7000003287181762,22948,22949,21483,4557,22948,25204
777,0.7000003287181762,0.615540263801813,0.625,0.7834095507860184,2.070948153734207,0.1636974886059761,0.3030201084911823,8.055384504945528e-05,0.1636974886059761,0.7474706619977951,0.3216044008731842,1.9786723256111145,1.6570679247379303,512,,,,,,,,,,,
778,0.7000003287181762,0.6158736571117683,0.640625,0.5295323804020882,1.3763646632432938,0.16916541755199432,0.22827879711985588,8.048441212854476e-05,0.16916541755199432,0.7246093600988388,0.21242482960224152,1.2326955497264862,1.0202707201242447,512,,,,,,,,,,,
779,0.7000003287181762,0.616206171915487,0.59375,0.6995514407753944,1.855491116642952,0.17601298540830612,0.2643616944551468,8.041488551586332e-05,0.17601298540830612,0.7267870754003525,0.24377983808517456,1.3860725164413452,1.1422926783561707,512,,,,,,,,,,,
780,0.7000003287181762,0.6165378093719482,0.81640625,0.40389296412467957,1.0633729100227356,0.2078065201640129,0.16054512560367584,8.034526542509628e-05,0.2078065201640129,0.6638427525758743,0.5447044968605042,2.2067325115203857,1.6620280146598816,512,,,,,,,,,,,
781,0.7000003287181762,0.6168685706401312,0.65625,0.7089889384806156,1.9019547998905182,0.14103184267878532,0.24649653211236,8.027555207021628e-05,0.14103184267878532,0.7469628751277924,0.09601131081581116,1.2263118922710419,1.1303005814552307,512,,,,,,,,,,,
782,0.7000003287181762,0.6171984568790153,0.76953125,0.6065153181552887,1.6108093410730362,0.16650910675525665,0.22711581736803055,8.020574566548256e-05,0.16650910675525665,0.7463622987270355,0.11154815554618835,2.1047565191984177,1.9932083636522293,512,,,,,,,,,,,
783,0.7000003287181762,0.6175274692475795,0.7109375,0.7212108299136162,1.874014675617218,0.13541814871132374,0.31147256307303905,8.013584642544038e-05,0.13541814871132374,0.7230468690395355,0.15004073083400726,0.8051161915063858,0.6550754606723785,512,,,,,,,,,,,
784,0.7000003285742037,0.6178556089048032,0.9140625,0.34007810056209564,0.8850859701633453,0.1519379373639822,0.14545367285609245,8.006585456492029e-05,0.1519379373639822,0.7462451010942459,0.11298015713691711,1.0276555716991425,0.9146754145622253,512,0.0006911243544891477,0.0006911243544891477,0.03,21540,0.7000003285742037,21540,21541,20384,3956,21540,23775
785,0.7000003285742037,0.6181828770096655,0.70703125,0.5817520022392273,1.52250237762928,0.12843948788940907,0.24038241058588028,7.999577029903755e-05,0.12843948788940907,0.7346972674131393,0.1254776269197464,1.029923751950264,0.9044461250305176,512,,,,,,,,,,,
786,0.7000003285742037,0.6185092747211456,0.54296875,0.80318583548069,2.091604322195053,0.08818589709699154,0.34229204431176186,7.992559384319137e-05,0.08818589709699154,0.7478222548961639,0.11453515291213989,0.7331385612487793,0.6186034083366394,512,,,,,,,,,,,
787,0.7000003285742037,0.6188348031982227,0.71875,0.6453299075365067,1.6529421657323837,0.17891868390142918,0.3026028424501419,7.985532541306433e-05,0.17891868390142918,0.7130761742591858,0.20144353806972504,1.4738388061523438,1.2723952680826187,512,,,,,,,,,,,
788,0.7000003285742037,0.6191594635998762,0.60546875,0.4073019325733185,1.060145154595375,0.15625105239450932,0.17410313338041306,7.978496522462167e-05,0.15625105239450932,0.7086718678474426,0.12893034890294075,1.2401618659496307,1.11123151704669,512,,,,,,,,,,,
789,0.7000003285742037,0.6194832570850849,0.6484375,0.5208175331354141,1.3904433101415634,0.1293039619922638,0.18779160268604755,7.971451349411068e-05,0.1293039619922638,0.7369042932987213,0.08762532472610474,0.8630343824625015,0.7754090577363968,512,,,,,,,,,,,
790,0.7000003285742037,0.6198061848128282,0.75,0.36859113723039627,0.9251320660114288,0.17529838904738426,0.19181073270738125,7.964397043805993e-05,0.17529838904738426,0.7261035144329071,0.04102911800146103,0.9089774787425995,0.8679483607411385,512,,,,,,,,,,,
791,0.7000003285742037,0.6201282479420855,0.80859375,0.4012591391801834,1.046919658780098,0.17884305492043495,0.169017119333148,7.957333627327875e-05,0.17884305492043495,0.7206347435712814,0.12133736908435822,1.9273071885108948,1.8059698194265366,512,,,,,,,,,,,
792,0.7000003287181762,0.6204494476318358,0.625,0.6517986133694649,1.6523037254810333,0.16467472910881042,0.3228434957563877,7.950261121685641e-05,0.16467472910881042,0.7395165711641312,0.17699699103832245,1.0815716981887817,0.9045747071504593,512,0.0007483649533241987,0.0007483649533241987,0.03,16469,0.7000003287181762,16469,16468,18575,415,16469,18716
793,0.7000003287181762,0.6207697850410585,0.59765625,0.533864364027977,1.4038403034210205,0.1431200783699751,0.21393046528100967,7.943179548616162e-05,0.1431200783699751,0.7262744009494781,0.13764120638370514,1.2712471187114716,1.1336059123277664,512,,,,,,,,,,,
794,0.7000003287181762,0.6210892613287324,0.6953125,0.5099613592028618,1.3036797493696213,0.16841181553900242,0.24165760725736618,7.936088929884166e-05,0.16841181553900242,0.7215771377086639,0.29043127596378326,1.7960865199565887,1.5056552439928055,512,,,,,,,,,,,
795,0.7000003287181762,0.6214078776538372,0.72265625,0.5155078992247581,1.3516287803649902,0.18529816716909409,0.21051636338233948,7.928989287282195e-05,0.18529816716909409,0.7181835770606995,-0.012611426413059235,1.574493944644928,1.5871053710579872,512,,,,,,,,,,,
796,0.7000003287181762,0.6217256351753517,0.66796875,0.569695234298706,1.4770331233739853,0.1362177301198244,0.2493160478770733,7.921880642630514e-05,0.1362177301198244,0.721318319439888,0.15638983249664307,1.447380155324936,1.2909903228282928,512,,,,,,,,,,,
797,0.7000003287181762,0.6220425350522554,0.73046875,0.3493182808160782,0.9044808745384216,0.21945858374238014,0.1540592983365059,7.91476301777706e-05,0.21945858374238014,0.7198046445846558,0.21767637878656387,1.5399902611970901,1.3223138824105263,512,,,,,,,,,,,
798,0.7000003287181762,0.6223585784435272,0.58984375,0.5597522184252739,1.4915178418159485,0.13399609923362732,0.20470095798373222,7.907636434597369e-05,0.13399609923362732,0.7523583769798279,0.1667623370885849,0.9704806059598923,0.8037182688713074,512,,,,,,,,,,,
799,0.7000003287181762,0.6226737665081465,0.86328125,0.4236663579940796,1.1083926409482956,0.17845702730119228,0.17544474825263023,7.900500914994516e-05,0.17845702730119228,0.6971777230501175,-0.1738186851143837,1.3001824468374252,1.474001131951809,512,,,,,,,,,,,
800,0.7000003288621488,0.6229881004050926,0.640625,0.6854358464479446,1.8241992145776749,0.10839481931179762,0.25287897139787674,7.89335648089903e-05,0.10839481931179762,0.727231428027153,0.16173461079597473,1.029707059264183,0.8679724484682083,512,0.0009859834099188447,0.0009859834099188447,0.03,17091,0.7000003288621488,17091,17091,18933,1055,17091,19374
801,0.7000003288621488,0.6233015812933445,0.7578125,0.5493965148925781,1.439283400774002,0.11167422495782375,0.2255544476211071,7.886203154268846e-05,0.11167422495782375,0.7247070223093033,-0.0910601019859314,0.8664356470108032,0.9574957489967346,512,,,,,,,,,,,
802,0.7000003288621488,0.6236142103318815,1.1875,0.4038086384534836,1.0414505302906036,0.1989812608808279,0.1822119690477848,7.879040957089228e-05,0.1989812608808279,0.721982404589653,0.16960346698760986,1.2285804972052574,1.0589770302176476,512,,,,,,,,,,,
803,0.7000003288621488,0.6239259886796827,0.87109375,0.769542969763279,2.0179114937782288,0.11289756000041962,0.31403670832514763,7.871869911372702e-05,0.11289756000041962,0.705024391412735,0.390541136264801,1.1838719546794891,0.7933308184146881,512,,,,,,,,,,,
804,0.7000003288621488,0.6242369174957275,0.5859375,0.5852313861250877,1.5377475321292877,0.13918167352676392,0.23568087071180344,7.86469003915899e-05,0.13918167352676392,0.741035133600235,0.16871370375156403,1.3533347696065903,1.1846210658550262,512,,,,,,,,,,,
805,0.7000003288621488,0.6245469979389949,0.546875,0.38201672583818436,0.9951396882534027,0.1042255125939846,0.16248669475317,7.857501362514946e-05,0.1042255125939846,0.7219237983226776,0.263434499502182,1.3763657063245773,1.1129312068223953,512,,,,,,,,,,,
806,0.7000003288621488,0.6248562311684643,0.80078125,0.5178490951657295,1.355263128876686,0.13956854306161404,0.21397650241851807,7.850303903534473e-05,0.13956854306161404,0.7385595440864563,0.1830749362707138,1.0074256211519241,0.8243506848812103,512,,,,,,,,,,,
807,0.7000003288621488,0.6251646183431148,0.88671875,0.4290566220879555,1.1378051489591599,0.1335984580218792,0.1623663529753685,7.843097684338477e-05,0.1335984580218792,0.7376562207937241,0.12129838764667511,0.8869876861572266,0.7656892985105515,512,,,,,,,,,,,
808,0.7000003288621488,0.6254721606219256,0.56640625,0.33901287987828255,0.8949361592531204,0.14119641482830048,0.13237554393708706,7.835882727074779e-05,0.14119641482830048,0.7347460836172104,0.03778448700904846,1.15573950111866,1.1179550141096115,512,0.0031939472537487745,0.0031939472537487745,0.03,25041,0.7000003288621488,25041,25041,22227,5537,25041,27287
809,0.7000003288621488,0.6257788591638759,0.7421875,0.8099336326122284,2.08329975605011,0.2390255518257618,0.3710445575416088,7.828659053918066e-05,0.2390255518257618,0.6919579952955246,0.038217172026634216,2.132020652294159,2.0938034802675247,512,,,,,,,,,,,
810,0.7000003288621488,0.626084715127945,0.6328125,0.6301468387246132,1.6335533112287521,0.1662839613854885,0.2759824339300394,7.821426687069803e-05,0.1662839613854885,0.7014062404632568,0.17924603819847107,1.2019520699977875,1.0227060317993164,512,,,,,,,,,,,
811,0.7000003288621488,0.6263897296731119,0.57421875,0.8443762138485909,2.2339899837970734,0.14527388475835323,0.32472582161426544,7.814185648758181e-05,0.14527388475835323,0.7173583805561066,0.15827806293964386,1.2666307836771011,1.1083527207374573,512,,,,,,,,,,,
812,0.7000003288621488,0.6266939039583559,0.66796875,0.7143973112106323,1.7978649884462357,0.16901391744613647,0.36697521805763245,7.80693596123804e-05,0.16901391744613647,0.7231591790914536,0.23681217432022095,1.236132651567459,0.9993204772472382,512,,,,,,,,,,,
813,0.7000003288621488,0.6269972391426563,0.71875,0.5380463004112244,1.3820150643587112,0.16723289154469967,0.24842820689082146,7.799677646790799e-05,0.16723289154469967,0.7281493842601776,0.1811199188232422,1.249473124742508,1.0683532059192657,512,,,,,,,,,,,
814,0.7000003288621488,0.6272997363849921,0.796875,0.391226090490818,1.0299454778432846,0.20353767275810242,0.15558810159564018,7.792410727724395e-05,0.20353767275810242,0.7221337705850601,0.14901220798492432,1.5136763751506805,1.3646641671657562,512,,,,,,,,,,,
815,0.7000003288621488,0.6276013968443429,0.53515625,0.674916960299015,1.8055843710899353,0.12844111770391464,0.23961839452385902,7.785135226373212e-05,0.12844111770391464,0.7578320205211639,0.13066691160202026,1.0302234292030334,0.8995565176010132,512,,,,,,,,,,,
816,0.7000003288621488,0.6279022216796875,0.71875,1.086862951517105,2.857308804988861,0.12955718860030174,0.4362151175737381,7.777851165098012e-05,0.12955718860030174,0.7474755346775055,0.14432062208652496,1.0524853765964508,0.9081647545099258,512,0.0007219237741082907,0.0007219237741082907,0.03,16306,0.7000003288621488,16306,16306,18052,624,16306,18562
817,0.7000003288621488,0.6282022120500051,0.7109375,0.707983136177063,1.9100439548492432,0.1231460738927126,0.23535938560962677,7.770558566285858e-05,0.1231460738927126,0.7383544892072678,0.15266121923923492,0.8590614795684814,0.7064002603292465,512,,,,,,,,,,,
818,0.7000003288621488,0.6285013691142753,1.453125,0.4805910997092724,1.246301382780075,0.2362710554152727,0.21003523655235767,7.763257452350058e-05,0.2362710554152727,0.7179492115974426,0.8000671118497849,3.0002634674310684,2.2001963555812836,512,,,,,,,,,,,
819,0.7000003288621488,0.628799694031477,0.63671875,0.36996907740831375,0.959371954202652,0.16627717018127441,0.16174638457596302,7.755947845730094e-05,0.16627717018127441,0.7374023348093033,0.25730475783348083,1.3179439902305603,1.0606392323970795,512,,,,,,,,,,,
820,0.7000003288621488,0.6290971879605893,0.625,0.5731415152549744,1.4989075064659119,0.10661073494702578,0.23788490518927574,7.748629768891543e-05,0.10661073494702578,0.7377294898033142,0.04744693264365196,0.8055754415690899,0.7581285089254379,512,,,,,,,,,,,
821,0.7000003288621488,0.6293938520605917,0.74609375,0.9021586626768112,2.369245767593384,0.20654899068176746,0.36456821113824844,7.741303244326014e-05,0.20654899068176746,0.709956020116806,0.6140178516507149,2.2432600408792496,1.6292421892285347,512,,,,,,,,,,,
822,0.7000003288621488,0.6296896874904632,0.52734375,0.2983997315168381,0.7656093835830688,0.10129867307841778,0.13863219693303108,7.733968294551088e-05,0.10129867307841778,0.718320295214653,0.1306772381067276,0.6251700967550278,0.49449285864830017,512,,,,,,,,,,,
823,0.7000003288621488,0.6299846954091831,0.7265625,0.3975588232278824,1.0357351750135422,0.12725118175148964,0.1689884439110756,7.726624942110232e-05,0.12725118175148964,0.7463476210832596,0.03836327791213989,0.8016462028026581,0.7632829248905182,512,,,,,,,,,,,
824,0.7000003288621488,0.6302788769757306,0.77734375,0.37775417417287827,0.9666090160608292,0.17186439037322998,0.1781005710363388,7.719273209572744e-05,0.17186439037322998,0.7220751792192459,0.17542587220668793,0.9252250492572784,0.7497991770505905,512,0.0009783596033230424,0.0009783596033230424,0.03,20073,0.7000003288621488,20073,20073,19411,2933,20073,22321
825,0.7000003288621488,0.6305722333490849,0.7421875,0.5984806418418884,1.5516959875822067,0.17735813185572624,0.2618817202746868,7.711913119533672e-05,0.17735813185572624,0.733354464173317,0.10285335779190063,1.2237979769706726,1.120944619178772,512,,,,,,,,,,,
826,0.7000003288621488,0.630864765688225,0.5703125,0.3470350354909897,0.8979380875825882,0.15068340301513672,0.15368318557739258,7.704544694613755e-05,0.15068340301513672,0.7348046749830246,0.15937621891498566,1.0065508484840393,0.8471746295690536,512,,,,,,,,,,,
827,0.7000003288621488,0.6311564751521305,0.640625,0.5216348990797997,1.3642924129962921,0.1845314409583807,0.21641932055354118,7.697167957459345e-05,0.1845314409583807,0.7394335865974426,-0.007815741002559662,1.6916635110974312,1.6994792520999908,512,,,,,,,,,,,
828,0.7000003288621488,0.6314473628997802,0.671875,0.36784546822309494,0.9576533436775208,0.14409124106168747,0.15702983364462852,7.689782930742344e-05,0.14409124106168747,0.7347216457128525,0.29855529963970184,1.9638731330633163,1.6653178334236145,512,,,,,,,,,,,
829,0.7000003288621488,0.6317374300901536,0.74609375,0.5290238745510578,1.3826487958431244,0.20414486899971962,0.22045379504561424,7.682389637160127e-05,0.20414486899971962,0.7298632860183716,0.11361685395240784,2.2206896543502808,2.107072800397873,512,,,,,,,,,,,
830,0.7000003288621488,0.6320266778822298,0.6796875,0.3613864332437515,0.9513367414474487,0.1736965123564005,0.1437736116349697,7.674988099435487e-05,0.1736965123564005,0.7382324188947678,0.18716008961200714,1.510202407836914,1.323042318224907,512,,,,,,,,,,,
831,0.7000003288621488,0.632315107434988,0.60546875,0.6121201515197754,1.6095820516347885,0.15067185275256634,0.2453274093568325,7.667578340316541e-05,0.15067185275256634,0.7435400038957596,0.25551630556583405,1.3213387057185173,1.0658224001526833,512,,,,,,,,,,,
832,0.7000003288621488,0.6326027199074074,0.64453125,0.6219920590519905,1.6340309083461761,0.17820118181407452,0.2507934644818306,7.660160382576683e-05,0.17820118181407452,0.7355908155441284,0.2861306071281433,1.949008896946907,1.6628782898187637,512,0.0008489831816405058,0.0008489831816405058,0.03,16159,0.7000003288621488,16159,16159,18626,-88,16159,18419
833,0.7000003288621488,0.6328895164584672,0.57421875,0.7846966162323952,2.0617871284484863,0.1225599404424429,0.31608130782842636,7.652734249014504e-05,0.1225599404424429,0.7463817894458771,0.1371670812368393,1.0862297415733337,0.9490626603364944,512,,,,,,,,,,,
834,0.7000003288621488,0.6331754982471466,0.625,0.5977608487010002,1.5925461798906326,0.0998301887884736,0.21885024197399616,7.645299962453716e-05,0.0998301887884736,0.7395947277545929,0.1116856262087822,0.9116233959794044,0.7999377697706223,512,,,,,,,,,,,
835,0.7000003288621488,0.6334606664324247,0.74609375,0.9078121483325958,2.3705888986587524,0.21455324441194534,0.3803567923605442,7.637857545743101e-05,0.21455324441194534,0.7298144400119781,0.31715330481529236,2.404994308948517,2.0878410041332245,512,,,,,,,,,,,
836,0.7000003288621488,0.633745022173281,0.6796875,0.5423845946788788,1.4419798254966736,0.16162201948463917,0.20160971209406853,7.630407021756418e-05,0.16162201948463917,0.7278564423322678,0.14399967342615128,1.9189606681466103,1.774960994720459,512,,,,,,,,,,,
837,0.7000003288621488,0.6340285666286944,0.58203125,0.38249004632234573,0.9941598027944565,0.16764428280293941,0.16490088775753975,7.622948413392344e-05,0.16764428280293941,0.7610351145267487,0.18380191922187805,2.1937536746263504,2.0099517554044724,512,,,,,,,,,,,
838,0.7000003288621488,0.6343113009576444,0.59375,0.6988532021641731,1.8532187640666962,0.1673215702176094,0.2645181268453598,7.615481743574411e-05,0.1673215702176094,0.7426025122404099,0.17158424854278564,1.3355169594287872,1.1639327108860016,512,,,,,,,,,,,
839,0.7000003288621488,0.6345932263191099,0.640625,0.4760512113571167,1.2316391915082932,0.16378646530210972,0.21094010025262833,7.608007035250917e-05,0.16378646530210972,0.7432275116443634,0.2076759785413742,1.1453467160463333,0.9376707375049591,512,,,,,,,,,,,
840,0.7000003287181762,0.6348743438720703,0.515625,0.58371751755476,1.533729538321495,0.13672967441380024,0.2351113185286522,7.600524311394873e-05,0.13672967441380024,0.7384765446186066,0.22613368928432465,1.5281872004270554,1.3020535111427307,512,0.002516730921342969,0.002516730921342969,0.03,15412,0.7000003287181762,15412,15413,17286,214,15412,17598
841,0.7000003287181762,0.6351546547755047,0.51953125,0.4122144430875778,1.0808121860027313,0.11729268915951252,0.16832245886325836,7.593033595003922e-05,0.11729268915951252,0.7323534935712814,0.24540850520133972,1.622432067990303,1.3770235627889633,512,,,,,,,,,,,
842,0.7000003287181762,0.6354341601883924,0.52734375,0.31399553269147873,0.8107247054576874,0.11457616090774536,0.14077684469521046,7.585534909100274e-05,0.11457616090774536,0.7234423756599426,0.09833268076181412,0.7137908190488815,0.6154581382870674,512,,,,,,,,,,,
843,0.7000003287181762,0.6357128612697124,0.6796875,0.4176439270377159,1.0872274339199066,0.1661551222205162,0.1783602088689804,7.578028276730627e-05,0.1661551222205162,0.7376366704702377,0.014978498220443726,1.8588791489601135,1.8439006507396698,512,,,,,,,,,,,
844,0.7000003287181762,0.6359907591784442,0.65234375,0.5719809755682945,1.524802140891552,0.162355937063694,0.20847346633672714,7.570513720966108e-05,0.162355937063694,0.7474169731140137,0.16975386440753937,1.652256190776825,1.4825023263692856,512,,,,,,,,,,,
845,0.7000003287181762,0.6362678550735668,0.62890625,0.5183835327625275,1.3048020899295807,0.20419418066740036,0.26605698466300964,7.562991264902197e-05,0.20419418066740036,0.740170881152153,0.12201884388923645,1.942075401544571,1.8200565576553345,512,,,,,,,,,,,
846,0.7000003287181762,0.6365441501140594,0.71484375,0.5036964043974876,1.3236016929149628,0.1415010280907154,0.20275100879371166,7.555460931658647e-05,0.1415010280907154,0.7343115210533142,0.19085663557052612,1.6052235960960388,1.4143669605255127,512,,,,,,,,,,,
847,0.7000003287181762,0.6368196454589014,0.6171875,0.4326266497373581,1.1535545140504837,0.21299689635634422,0.15743526443839073,7.547922744379428e-05,0.21299689635634422,0.7295947372913361,0.056781187653541565,2.1659115701913834,2.109130382537842,512,,,,,,,,,,,
848,0.7000003284302311,0.6370943422670717,0.70703125,0.4382551610469818,1.1486689895391464,0.1666969321668148,0.17937690392136574,7.540376726232648e-05,0.1666969321668148,0.7385546863079071,-0.19664549827575684,1.7348826229572296,1.9315281212329865,512,0.0009105369681492448,0.0009105369681492448,0.03,17012,0.7000003284302311,17012,17014,17944,1114,17012,19195
849,0.7000003284302311,0.6373682416975498,0.59375,0.44006793200969696,1.1410701721906662,0.1486469730734825,0.19246897101402283,7.53282290041048e-05,0.1486469730734825,0.7321728467941284,0.2214476242661476,1.1829200610518456,0.9614724367856979,512,,,,,,,,,,,
850,0.7000003284302311,0.6376413449093147,0.69140625,0.5748495906591415,1.4868843853473663,0.14969504345208406,0.2550840303301811,7.525261290129095e-05,0.14969504345208406,0.7302832156419754,0.15422716364264488,1.0433920919895172,0.8891649283468723,512,,,,,,,,,,,
851,0.7000003284302311,0.6379136530613457,1.53125,0.7355533540248871,1.8645043224096298,0.14466665498912334,0.36444514617323875,7.517691918628588e-05,0.14466665498912334,0.7455370873212814,0.25068819522857666,1.7296164333820343,1.4789282381534576,512,,,,,,,,,,,
852,0.7000003284302311,0.638185167312622,0.71484375,0.572029709815979,1.4668061137199402,0.13339024037122726,0.26661721616983414,7.51011480917291e-05,0.13339024037122726,0.7273828238248825,0.18707916140556335,1.362023577094078,1.1749444156885147,512,,,,,,,,,,,
853,0.7000003284302311,0.6384558888221228,0.70703125,0.658404216170311,1.7098760902881622,0.13002094998955727,0.28528809919953346,7.502529985049793e-05,0.13002094998955727,0.757626935839653,0.1890323981642723,1.0832443237304688,0.8942119255661964,512,,,,,,,,,,,
854,0.7000003284302311,0.6387258187488273,0.91796875,0.40349777042865753,1.0617194920778275,0.14072997495532036,0.16100101172924042,7.494937469570676e-05,0.14072997495532036,0.740048810839653,0.15364013612270355,1.0968848168849945,0.943244680762291,512,,,,,,,,,,,
855,0.7000003284302311,0.6389949582517147,0.67578125,0.6254790499806404,1.6455703228712082,0.18267594650387764,0.24982069805264473,7.487337286070642e-05,0.18267594650387764,0.7411181330680847,0.19369149208068848,1.532304584980011,1.3386130928993225,512,,,,,,,,,,,
856,0.7000003284302311,0.6392633084897642,0.703125,0.3172089271247387,0.8260982185602188,0.15326208621263504,0.13514087162911892,7.47972945790834e-05,0.15326208621263504,0.7404784709215164,-0.11931335926055908,1.6105010211467743,1.7298143804073334,512,0.0009019378339871764,0.0009019378339871764,0.03,20422,0.7000003284302311,20422,20422,22282,46,20422,22586
857,0.7000003284302311,0.6395308706219549,0.65625,0.6989412903785706,1.8577177226543427,0.13384957052767277,0.2602861411869526,7.472114008465909e-05,0.13384957052767277,0.73976069688797,0.2639862298965454,2.26021209359169,1.9962258636951447,512,,,,,,,,,,,
858,0.7000003284302311,0.6397976458072662,0.68359375,0.39210736006498337,1.023621752858162,0.26262497901916504,0.16458236798644066,7.464490961148921e-05,0.26262497901916504,0.7087646424770355,0.36996766924858093,2.9498912692070007,2.57992359995842,512,,,,,,,,,,,
859,0.7000003284302311,0.6400636352046771,0.57421875,0.38525503873825073,1.01460762321949,0.09900482557713985,0.15283184312283993,7.456860339386292e-05,0.09900482557713985,0.746821254491806,0.04722784459590912,0.6083895415067673,0.5611616969108582,512,,,,,,,,,,,
860,0.7000003284302311,0.6403288399731671,0.59765625,0.5618929415941238,1.4515076726675034,0.14812910184264183,0.2511980962008238,7.449222166630218e-05,0.14812910184264183,0.7436523139476776,0.172282874584198,1.0195899903774261,0.8473071157932281,512,,,,,,,,,,,
861,0.7000003284302311,0.6405932612717151,0.84765625,0.5287315100431442,1.3369876593351364,0.22026977688074112,0.2652289867401123,7.441576466356108e-05,0.22026977688074112,0.7254882603883743,0.33012597262859344,2.390317291021347,2.0601913183927536,512,,,,,,,,,,,
862,0.7000003284302311,0.6408569002593004,0.60546875,0.5337272211909294,1.3642808943986893,0.12332836352288723,0.2530742399394512,7.4339232620625e-05,0.12332836352288723,0.7488915771245956,0.137185700237751,0.9180964529514313,0.7809107527136803,512,,,,,,,,,,,
863,0.7000003284302311,0.6411197580949024,0.62109375,0.7477159425616264,1.9671831279993057,0.15581958554685116,0.29862262308597565,7.426262577270999e-05,0.15581958554685116,0.7414501905441284,0.24367256462574005,2.15927354991436,1.91560098528862,512,,,,,,,,,,,
864,0.7000003290061213,0.6413818359375,0.64453125,0.6912129744887352,1.7888650447130203,0.1361178308725357,0.30571964755654335,7.4185944355262e-05,0.1361178308725357,0.7491210699081421,0.07529391348361969,0.9397327452898026,0.8644388318061829,512,0.0009501543827354908,0.0009501543827354908,0.03,15296,0.7000003290061213,15296,15296,16813,441,15296,17536
865,0.7000003290061213,0.6416431349460725,0.76171875,0.7345196604728699,1.962158054113388,0.14890895038843155,0.26365895569324493,7.410918860395615e-05,0.14890895038843155,0.7437743991613388,0.08947283029556274,0.9197331070899963,0.8302602767944336,512,,,,,,,,,,,
866,0.7000003290061213,0.6419036562795992,0.60546875,0.34315335750579834,0.8978451788425446,0.14554931223392487,0.14201343059539795,7.403235875469603e-05,0.14554931223392487,0.7489257454872131,0.04670214653015137,2.3485719859600067,2.3018698394298553,512,,,,,,,,,,,
867,0.7000003290061213,0.6421634010970592,0.51171875,0.39690641313791275,1.046843335032463,0.09668395109474659,0.15590333566069603,7.395545504361296e-05,0.09668395109474659,0.74818354845047,0.09322080761194229,0.6467190757393837,0.5534982681274414,512,,,,,,,,,,,
868,0.7000003290061213,0.6424223705574318,0.859375,0.5765512883663177,1.5082164704799652,0.14317509718239307,0.2389085851609707,7.387847770706531e-05,0.14317509718239307,0.7383007705211639,0.1193343922495842,0.8187430948019028,0.6994087025523186,512,,,,,,,,,,,
869,0.7000003290061213,0.6426805658196961,0.6875,0.800809845328331,2.093341276049614,0.2226938009262085,0.3333551622927189,7.380142698163766e-05,0.2226938009262085,0.7305956780910492,0.357184574007988,3.3264225721359253,2.9692379981279373,512,,,,,,,,,,,
870,0.7000003290061213,0.6429379880428314,0.65625,0.7170045897364616,1.7905699014663696,0.14547555521130562,0.38217123597860336,7.372430310414016e-05,0.14547555521130562,0.7149218320846558,0.005754128098487854,1.0399865061044693,1.0342323780059814,512,,,,,,,,,,,
871,0.7000003290061213,0.6431946383858168,0.6328125,0.7486203461885452,1.9699662774801254,0.13005024194717407,0.29858003929257393,7.36471063116079e-05,0.13005024194717407,0.7376025170087814,0.11628282070159912,0.8839216083288193,0.7676387876272202,512,,,,,,,,,,,
872,0.7000003290061213,0.6434505180076316,0.66796875,0.7769588530063629,2.017436593770981,0.14324448816478252,0.3369840085506439,7.35698368412999e-05,0.14324448816478252,0.7323046922683716,0.17431403696537018,1.3214026391506195,1.1470886021852493,512,0.0008310264092870057,0.0008310264092870057,0.03,16635,0.7000003290061213,16635,16635,17924,508,16635,18892
873,0.7000003290061213,0.643705628067255,0.6484375,0.43087921291589737,1.123626783490181,0.12703761085867882,0.1820677313953638,7.349249493069865e-05,0.12703761085867882,0.7404247969388962,0.1113702654838562,0.8839888125658035,0.7726185470819473,512,,,,,,,,,,,
874,0.7000003290061213,0.6439599697236661,1.65625,0.5695520415902138,1.5108122825622559,0.16911130025982857,0.2151029370725155,7.341508081750927e-05,0.16911130025982857,0.7281591594219208,-0.028997719287872314,2.4814531803131104,2.5104508996009827,512,,,,,,,,,,,
875,0.7000003290061213,0.6442135441358442,0.59765625,0.39347438141703606,1.0300953090190887,0.14202703163027763,0.162251278758049,7.333759473965877e-05,0.14202703163027763,0.7436864823102951,0.1513165980577469,1.496197521686554,1.344880923628807,512,,,,,,,,,,,
876,0.7000003290061213,0.6444663524627685,0.58203125,0.3700482174754143,0.9716139733791351,0.15232858061790466,0.14974418096244335,7.326003693529538e-05,0.15232858061790466,0.742724597454071,0.3538409620523453,2.4300545752048492,2.076213613152504,512,,,,,,,,,,,
877,0.7000003290061213,0.6447183958634182,0.78125,0.9176460206508636,2.3643810898065567,0.16223258338868618,0.4163643829524517,7.318240764278772e-05,0.16223258338868618,0.7239013761281967,0.15577971935272217,1.3738759905099869,1.2180962711572647,512,,,,,,,,,,,
878,0.7000003290061213,0.6449696754967725,0.71484375,0.44458048045635223,1.1633425056934357,0.1479947194457054,0.18387102708220482,7.310470710072413e-05,0.1479947194457054,0.7390673756599426,0.08600592613220215,1.0467517673969269,0.9607458412647247,512,,,,,,,,,,,
879,0.7000003290061213,0.6452201925218105,0.609375,0.5143957138061523,1.3635666221380234,0.11870347708463669,0.19520818069577217,7.3026935547912e-05,0.11870347708463669,0.7377316504716873,0.08667806535959244,2.3925494104623795,2.305871345102787,386.25,,,,,,,,,,,
880,0.7000003290061213,0.6454699480975115,0.6953125,0.5992034152150154,1.5763667225837708,0.15393510088324547,0.23940115049481392,7.294909322337689e-05,0.15393510088324547,0.7458495795726776,0.14274396747350693,1.0557427629828453,0.9129987955093384,512,0.0007352749234996736,0.0007352749234996736,0.03,22151,0.7000003290061213,22151,22151,27940,-3712,22151,24415
881,0.7000003290061213,0.6457189433828547,0.6484375,0.3531300127506256,0.9130867570638657,0.11243625171482563,0.15700415149331093,7.287118036636189e-05,0.11243625171482563,0.7380419671535492,0.129777692258358,0.6961039900779724,0.5663262978196144,512,,,,,,,,,,,
882,0.7000003290061213,0.6459671795368194,0.5390625,0.7234916165471077,1.9035085439682007,0.11176149174571037,0.28889025375247,7.27931972163269e-05,0.11176149174571037,0.7278075963258743,0.19962520152330399,0.8159382790327072,0.6163130775094032,512,,,,,,,,,,,
883,0.7000003290061213,0.6462146577183847,0.57421875,0.5605176910758018,1.4819480329751968,0.1415031999349594,0.21659033372998238,7.27151440129478e-05,0.1415031999349594,0.734687477350235,0.1748305857181549,1.0100314170122147,0.8352008312940598,512,,,,,,,,,,,
884,0.7000003290061213,0.6464613790865297,0.6484375,0.39919204264879227,1.0410453379154205,0.10868383944034576,0.16862749308347702,7.263702099611586e-05,0.10868383944034576,0.7286034822463989,0.1386987492442131,0.6295472756028175,0.49084852635860443,512,,,,,,,,,,,
885,0.7000003290061213,0.6467073448002338,0.7890625,0.4639293998479843,1.1971547454595566,0.1566630881279707,0.20869187638163567,7.255882840593682e-05,0.1566630881279707,0.7383349239826202,0.03846046328544617,1.7913474291563034,1.7528869658708572,512,,,,,,,,,,,
886,0.7000003290061213,0.6469525560184761,1.7578125,0.6262917518615723,1.6041054725646973,0.15407990105450153,0.29374828934669495,7.248056648273034e-05,0.15407990105450153,0.725107416510582,0.11820989847183228,0.8919528871774673,0.7737429887056351,512,,,,,,,,,,,
887,0.7000003290061213,0.6471970139002359,0.66796875,0.3301689401268959,0.8442221283912659,0.14076565019786358,0.15628977864980698,7.240223546702908e-05,0.14076565019786358,0.7410107105970383,0.14661970734596252,0.9256277680397034,0.7790080606937408,512,,,,,,,,,,,
888,0.7000003288621488,0.6474407196044921,0.625,0.39643970131874084,1.0327692776918411,0.14592795073986053,0.1685630865395069,7.232383559957814e-05,0.14592795073986053,0.749335914850235,0.10303832590579987,0.9385924786329269,0.8355541527271271,512,0.0008926537702791393,0.0008926537702791393,0.03,18668,0.7000003288621488,18668,18669,21519,-583,18668,20908
889,0.7000003288621488,0.6476836742902243,0.65625,0.40581078827381134,1.0594615787267685,0.13313009403645992,0.17026801966130733,7.224536712133418e-05,0.13313009403645992,0.7514403909444809,0.14381082355976105,1.376096487045288,1.232285663485527,512,,,,,,,,,,,
890,0.7000003288621488,0.6479258791164115,0.703125,0.5092834979295731,1.3421359807252884,0.18335887417197227,0.201147323474288,7.216683027346475e-05,0.18335887417197227,0.7473535090684891,0.11835625767707825,1.5248337984085083,1.40647754073143,512,,,,,,,,,,,
891,0.7000003288621488,0.648167335242033,0.5546875,0.41510286182165146,1.0974720269441605,0.12071873992681503,0.1604154035449028,7.208822529734749e-05,0.12071873992681503,0.7436963021755219,0.257592037320137,1.2906430587172508,1.0330510213971138,512,,,,,,,,,,,
892,0.7000003288621488,0.6484080438260679,0.6328125,0.8715798705816269,2.2571038603782654,0.1304981019347906,0.3840470612049103,7.200955243456947e-05,0.1304981019347906,0.7484911978244781,0.1856158822774887,1.213208869099617,1.0275929868221283,512,,,,,,,,,,,
893,0.7000003288621488,0.6486480060274954,0.6015625,0.7605863958597183,2.001784160733223,0.13974252343177795,0.3030230402946472,7.193081192692639e-05,0.13974252343177795,0.7447753846645355,0.2163998931646347,1.5683532357215881,1.3519533425569534,512,,,,,,,,,,,
894,0.7000003288621488,0.6488872230052948,0.67578125,0.3446175828576088,0.90090212225914,0.1512257717549801,0.14339352026581764,7.185200401642187e-05,0.1512257717549801,0.7362304627895355,0.24739105254411697,1.2510339468717575,1.0036428943276405,512,,,,,,,,,,,
895,0.7000003288621488,0.6491256959184452,0.59765625,0.4154590740799904,1.1081817001104355,0.11185378022491932,0.15078512020409107,7.177312894526665e-05,0.11185378022491932,0.7457128614187241,0.05899982899427414,1.0545009151101112,0.9955010861158371,512,,,,,,,,,,,
896,0.7000003291500939,0.6493634259259259,0.59375,0.49946874380111694,1.3154279440641403,0.146744292229414,0.19811367988586426,7.169418695587791e-05,0.146744292229414,0.7431249767541885,0.12140832841396332,1.059806764125824,0.9383984357118607,512,0.001912121195346117,0.001912121195346117,0.03,15241,0.7000003291500939,15241,15241,16698,672,15241,17508
897,0.7000003291500939,0.649600414186716,0.6328125,0.43861792981624603,1.164710983633995,0.13267540372908115,0.16443422250449657,7.161517829087852e-05,0.13267540372908115,0.7319677323102951,0.1333559900522232,0.9920539408922195,0.8586979508399963,512,,,,,,,,,,,
898,0.7000003291500939,0.6498366618597948,0.7109375,1.063269317150116,2.8037062883377075,0.17631977424025536,0.41832176595926285,7.153610319309621e-05,0.17631977424025536,0.7470214813947678,0.014006122946739197,1.71786767244339,1.7038615494966507,512,,,,,,,,,,,
899,0.7000003291500939,0.6500721701041415,0.8125,0.8143587708473206,2.1109522879123688,0.21221937611699104,0.35680150985717773,7.145696190556295e-05,0.21221937611699104,0.718085914850235,-0.016137540340423584,1.6812766790390015,1.697414219379425,512,,,,,,,,,,,
900,0.7000003291500939,0.6503069400787354,0.58203125,0.3985850065946579,1.0426321178674698,0.16330614872276783,0.16520117223262787,7.137775467151411e-05,0.16330614872276783,0.7281542867422104,0.1887846291065216,1.1528921276330948,0.9641074985265732,512,,,,,,,,,,,
901,0.7000003291500939,0.6505409729425554,0.5234375,0.7280411422252655,1.9347452223300934,0.18738715909421444,0.27143998444080353,7.129848173438774e-05,0.18738715909421444,0.7367236018180847,0.06458500027656555,2.1493335366249084,2.084748536348343,512,,,,,,,,,,,
902,0.7000003291500939,0.6507742698545809,0.609375,0.6564175933599472,1.6214825510978699,0.13712403178215027,0.36766158044338226,7.121914333782384e-05,0.13712403178215027,0.7370751947164536,0.16780626773834229,1.037742093205452,0.8699358254671097,512,,,,,,,,,,,
903,0.7000003291500939,0.6510068319737911,0.56640625,0.5020706653594971,1.3248590975999832,0.16254303231835365,0.1965671218931675,7.113973972566357e-05,0.16254303231835365,0.7462646216154099,0.21991977095603943,1.8987741470336914,1.678854376077652,512,,,,,,,,,,,
904,0.7000003291500939,0.6512386604591651,0.640625,0.416448712348938,1.0912907719612122,0.18347335048019886,0.17067499458789825,7.106027114194855e-05,0.18347335048019886,0.7283837795257568,0.10310593247413635,1.604345664381981,1.5012397319078445,512,0.0011543072760105133,0.0011543072760105133,0.03,15589,0.7000003291500939,15589,15589,17046,522,15589,17861
905,0.7000003291500939,0.6514697564696824,0.6484375,0.47967948392033577,1.2430889010429382,0.13299886509776115,0.21048522368073463,7.098073783092007e-05,0.13299886509776115,0.7430272996425629,0.16714513301849365,1.374713808298111,1.2075686752796173,512,,,,,,,,,,,
906,0.7000003291500939,0.6517001211643219,0.61328125,0.578647792339325,1.501233696937561,0.13552291691303253,0.2522443439811468,7.090114003701838e-05,0.13552291691303253,0.7508739829063416,0.16381023824214935,1.8970698416233063,1.733259603381157,512,,,,,,,,,,,
907,0.7000003291500939,0.6519297557020628,0.64453125,0.5180189609527588,1.359683096408844,0.14062434807419777,0.210071237757802,7.082147800488187e-05,0.14062434807419777,0.7294237911701202,0.16109322011470795,0.9253327250480652,0.7642395049333572,512,,,,,,,,,,,
908,0.7000003291500939,0.6521586612418846,0.484375,0.6593380570411682,1.7512828707695007,0.1664539184421301,0.2467111088335514,7.074175197934639e-05,0.1664539184421301,0.7337841540575027,0.21895932406187057,1.5383123829960823,1.3193530589342117,512,,,,,,,,,,,
909,0.7000003291500939,0.6523868389427662,0.55078125,0.3746872693300247,0.9789858460426331,0.09138333238661289,0.15643012151122093,7.066196220544449e-05,0.09138333238661289,0.7430810183286667,0.42218417674303055,2.0571646094322205,1.63498043268919,512,,,,,,,,,,,
910,0.7000003291500939,0.6526142899636869,0.6953125,0.4092950038611889,1.087760865688324,0.1157967671751976,0.152526980265975,7.058210892840461e-05,0.1157967671751976,0.7480468451976776,0.10873682796955109,0.8466713130474091,0.737934485077858,512,,,,,,,,,,,
911,0.7000003291500939,0.6528410154636259,0.58203125,0.3623688444495201,0.94440957903862,0.13646192848682404,0.1536777876317501,7.050219239365037e-05,0.13646192848682404,0.7465234249830246,0.10216470062732697,1.4524596631526947,1.3502949625253677,512,,,,,,,,,,,
912,0.7000003292940665,0.6530670166015624,0.6328125,0.34898702055215836,0.9003437161445618,0.1147964857518673,0.1571926735341549,7.042221284679982e-05,0.1147964857518673,0.7369726598262787,0.12231942266225815,0.815637931227684,0.6933185085654259,512,0.0007232329808175564,0.0007232329808175564,0.03,17312,0.7000003292940665,17312,17311,17187,2199,17312,19564
913,0.7000003292940665,0.6532922945364757,0.703125,0.4905930981040001,1.2849127054214478,0.16982110776007175,0.20173298940062523,7.034217053366465e-05,0.16982110776007175,0.7267431318759918,0.25582630932331085,1.3985906839370728,1.142764374613762,512,,,,,,,,,,,
914,0.7000003292940665,0.653516850427345,0.59375,0.6673436686396599,1.7224754095077515,0.184080608189106,0.2997780442237854,7.02620657002495e-05,0.184080608189106,0.7063622772693634,0.1869785636663437,1.1795750111341476,0.992596447467804,512,,,,,,,,,,,
915,0.7000003292940665,0.6537406854331493,0.5234375,0.4527730345726013,1.2093809843063354,0.11567727476358414,0.1626584567129612,7.018189859275112e-05,0.11567727476358414,0.7113036960363388,0.028492003679275513,1.2922986522316933,1.2638066485524178,512,,,,,,,,,,,
916,0.7000003292940665,0.653963800712868,0.78125,0.6047307774424553,1.5493076741695404,0.1369709763675928,0.28320976719260216,7.010166945755768e-05,0.1369709763675928,0.7298827916383743,0.10916109383106232,0.8883477002382278,0.7791866064071655,512,,,,,,,,,,,
917,0.7000003292940665,0.6541861974254802,0.6953125,0.7196606621146202,1.8760229051113129,0.16852856427431107,0.30476683378219604,7.002137854124797e-05,0.16852856427431107,0.7251757383346558,0.19744320213794708,1.3146333992481232,1.117190197110176,512,,,,,,,,,,,
918,0.7000003292940665,0.6544078767299651,0.68359375,0.4861092306673527,1.259344443678856,0.10775012895464897,0.21371378563344479,6.99410260905907e-05,0.10775012895464897,0.7544286698102951,0.10640650987625122,0.9383376091718674,0.8319310992956161,512,,,,,,,,,,,
919,0.7000003292940665,0.6546288397853021,0.55078125,0.5793817602097988,1.4671451598405838,0.13182938657701015,0.2885570377111435,6.986061235254363e-05,0.13182938657701015,0.7309911698102951,0.09547128528356552,0.7500279992818832,0.6545567139983177,512,,,,,,,,,,,
920,0.7000003292940665,0.6548490877504701,0.58203125,0.5590523779392242,1.4827653914690018,0.15101169236004353,0.21133265644311905,6.978013757425295e-05,0.15101169236004353,0.676572248339653,-0.0020782053470611572,1.493806004524231,1.4958842098712921,512,0.000944464118219912,0.000944464118219912,0.03,14936,0.7000003292940665,14936,14936,16251,449,14936,17169
921,0.7000003292940665,0.6550686217844486,0.515625,0.5326631516218185,1.3861293494701385,0.1314705591648817,0.22800137102603912,6.969960200305241e-05,0.1314705591648817,0.7379296869039536,0.13352319598197937,0.853793278336525,0.7202700823545456,512,,,,,,,,,,,
922,0.7000003292940665,0.6552874430462166,0.56640625,0.6596217639744282,1.7548929452896118,0.13590385392308235,0.24396081641316414,6.961900588646263e-05,0.13590385392308235,0.721972644329071,0.0007069408893585205,1.6121062636375427,1.6113993227481842,512,,,,,,,,,,,
923,0.7000003292940665,0.6555055526947534,0.5234375,0.3536893203854561,0.9200814366340637,0.17562582716345787,0.15170438773930073,6.95383494721903e-05,0.17562582716345787,0.724970668554306,-0.0657159835100174,3.23257215321064,3.2982881367206573,512,,,,,,,,,,,
924,0.7000003292940665,0.6557229518890381,0.62890625,0.42028407752513885,1.108358457684517,0.14424251951277256,0.16522960737347603,6.945763300812745e-05,0.14424251951277256,0.7498534917831421,0.08893477916717529,1.7106221318244934,1.6216873526573181,512,,,,,,,,,,,
925,0.7000003292940665,0.6559396417880499,0.65625,0.3507976531982422,0.9151707887649536,0.19226626865565777,0.14785237237811089,6.937685674235064e-05,0.19226626865565777,0.7235009521245956,0.054123952984809875,1.613701954483986,1.559578001499176,512,,,,,,,,,,,
926,0.7000003292940665,0.6561556235507682,0.73046875,0.649123065173626,1.7207927107810974,0.1354693416506052,0.246246837079525,6.929602092312023e-05,0.1354693416506052,0.7613964527845383,0.13914291560649872,1.3713407516479492,1.2321978360414505,512,,,,,,,,,,,
927,0.7000003292940665,0.656370898336172,0.6796875,0.565922200679779,1.495043396949768,0.2617167253047228,0.21987230889499187,6.921512579887962e-05,0.2617167253047228,0.712480440735817,0.23080644011497498,2.6811299473047256,2.4503235071897507,512,,,,,,,,,,,
928,0.700000329438039,0.6565854673032407,0.62890625,0.44895319640636444,1.1689532399177551,0.1180221475660801,0.1915108822286129,6.91341716182545e-05,0.1180221475660801,0.7378320246934891,0.09954799711704254,0.8122427761554718,0.7126947790384293,512,0.0007842610939405859,0.0007842610939405859,0.03,16120,0.700000329438039,16120,16120,17191,783,16120,18379
929,0.700000329438039,0.6567993316109533,0.6328125,0.7035757265985012,1.8766660243272781,0.1944175362586975,0.255381578579545,6.905315863005202e-05,0.1944175362586975,0.7092675566673279,0.11671246588230133,1.573316976428032,1.4566045105457306,512,,,,,,,,,,,
930,0.700000329438039,0.6570124924182892,0.671875,0.35006630420684814,0.9187698513269424,0.1495991200208664,0.14203708991408348,6.897208708326013e-05,0.1495991200208664,0.7384667843580246,0.09654740989208221,1.392940804362297,1.2963933944702148,512,,,,,,,,,,,
931,0.700000329438039,0.6572249508842274,0.94921875,0.5803631246089935,1.5244815349578857,0.2511366605758667,0.23419447615742683,6.88909572270467e-05,0.2511366605758667,0.7183642238378525,0.10623601078987122,2.1852670907974243,2.079031080007553,512,,,,,,,,,,,
932,0.700000329438039,0.6574367081677472,0.65625,0.6675378978252411,1.7718700170516968,0.16850543022155762,0.25097203999757767,6.880976931075887e-05,0.16850543022155762,0.7429736256599426,0.39780285954475403,2.4953154623508453,2.0975126028060913,512,,,,,,,,,,,
933,0.700000329438039,0.6576477654278278,0.58984375,0.5579563081264496,1.4431021362543106,0.09114751406013966,0.24767444096505642,6.872852358392215e-05,0.09114751406013966,0.7135742008686066,0.18349505215883255,0.7945049628615379,0.6110099107027054,512,,,,,,,,,,,
934,0.700000329438039,0.6578581238234484,0.6484375,0.7608027458190918,1.9900057911872864,0.17735731974244118,0.31545696035027504,6.864722029623977e-05,0.17735731974244118,0.7550390511751175,0.24720346927642822,3.304288685321808,3.0570852160453796,512,,,,,,,,,,,
935,0.700000329438039,0.6580677845135883,0.6796875,0.6392719596624374,1.6402996331453323,0.1890922598540783,0.2968881130218506,6.856585969759189e-05,0.1890922598540783,0.7211083769798279,0.24058610200881958,2.2839313447475433,2.0433452427387238,512,,,,,,,,,,,
936,0.700000329438039,0.6582767486572265,0.57421875,0.3970221057534218,1.0297095775604248,0.12570607475936413,0.17338770255446434,6.848444203803476e-05,0.12570607475936413,0.7459472268819809,0.1334255486726761,0.907468780875206,0.7740432322025299,512,0.0009214665042236447,0.0009214665042236447,0.03,18594,0.700000329438039,18594,18594,19365,1029,18594,20869
937,0.700000329438039,0.6584850174133424,0.62890625,0.6141327247023582,1.5939420014619827,0.2288049254566431,0.26706621795892715,6.840296756780002e-05,0.2288049254566431,0.7235741913318634,0.01629883050918579,1.9200557470321655,1.9037569165229797,512,,,,,,,,,,,
938,0.700000329438039,0.6586925919409151,0.765625,0.6767152324318886,1.7701598703861237,0.1945444941520691,0.28049225360155106,6.832143653729397e-05,0.1945444941520691,0.7404101192951202,0.15447308123111725,1.4756368845701218,1.3211638033390045,512,,,,,,,,,,,
939,0.700000329438039,0.6588994733989239,0.60546875,0.5876663476228714,1.5139984637498856,0.16470977291464806,0.26680852472782135,6.823984919709667e-05,0.16470977291464806,0.7287597507238388,0.21045783162117004,1.4772729873657227,1.2668151557445526,512,,,,,,,,,,,
940,0.700000329438039,0.6591056629463478,0.52734375,0.45760881900787354,1.2188658565282822,0.15038851834833622,0.16782747395336628,6.815820579796127e-05,0.15038851834833622,0.7517626881599426,0.14447515457868576,1.0961646437644958,0.9516894891858101,512,,,,,,,,,,,
941,0.700000329438039,0.6593111617421662,0.6953125,0.5940586403012276,1.5566580295562744,0.17693206295371056,0.24351957812905312,6.807650659081317e-05,0.17693206295371056,0.7553905993700027,0.1532115489244461,1.6017514318227768,1.4485398828983307,512,,,,,,,,,,,
942,0.700000329438039,0.6595159709453582,0.828125,0.6905905604362488,1.7797036468982697,0.11736703850328922,0.31299490854144096,6.799475182674942e-05,0.11736703850328922,0.747973620891571,0.13053545355796814,0.7898368537425995,0.6593014001846313,512,,,,,,,,,,,
943,0.700000329438039,0.6597200917149031,0.59765625,0.3655726984143257,0.9457227140665054,0.14953811466693878,0.16207327507436275,6.791294175703768e-05,0.14953811466693878,0.7406787127256393,0.11508658528327942,1.0608056634664536,0.9457190781831741,512,,,,,,,,,,,
944,0.700000329438039,0.65992352520978,0.453125,0.3104996979236603,0.8169097900390625,0.1148774903267622,0.12399834394454956,6.783107663311565e-05,0.1148774903267622,0.7338964343070984,0.08183504641056061,1.8426736891269684,1.7608386427164078,512,0.0008823158568702638,0.0008823158568702638,0.03,17085,0.700000329438039,17085,17085,17405,1609,17085,19352
945,0.700000329438039,0.6601262725889683,0.87890625,0.6337138563394547,1.6745102405548096,0.13801495172083378,0.24583465605974197,6.774915670659025e-05,0.13801495172083378,0.7462158203125,0.14685235917568207,0.9561309814453125,0.8092786222696304,512,,,,,,,,,,,
946,0.700000329438039,0.6603283350114469,0.5546875,0.7242233455181122,1.9395788609981537,0.12552932742983103,0.25503725931048393,6.76671822292368e-05,0.12552932742983103,0.7262402176856995,0.12091075628995895,0.8226681500673294,0.7017573937773705,512,,,,,,,,,,,
947,0.700000329438039,0.6605297136361952,0.71875,0.7174364030361176,1.9022889137268066,0.22392474487423897,0.2717606760561466,6.758515345299831e-05,0.22392474487423897,0.7239501774311066,0.12993383407592773,3.4008548259735107,3.270920991897583,512,,,,,,,,,,,
948,0.700000329438039,0.6607304096221923,0.5859375,0.5387088507413864,1.4112448692321777,0.1439778320491314,0.22120607644319534,6.750307062998462e-05,0.1439778320491314,0.7383642196655273,0.18778443336486816,1.8157163858413696,1.6279319524765015,512,,,,,,,,,,,
949,0.700000329438039,0.6609304241284175,0.640625,0.5718433558940887,1.5156801044940948,0.17349955439567566,0.21717846766114235,6.742093401247172e-05,0.17349955439567566,0.7411962747573853,0.27745217084884644,1.8650807738304138,1.5876286029815674,512,,,,,,,,,,,
950,0.700000329438039,0.6611297583138501,0.6015625,0.7021141573786736,1.8386293798685074,0.09379524551331997,0.28898921236395836,6.733874385290097e-05,0.09379524551331997,0.7377831935882568,0.175819993019104,0.7229597121477127,0.5471397191286087,512,,,,,,,,,,,
951,0.700000329438039,0.6613284133374691,0.6015625,0.4263404980301857,1.1247173249721527,0.18770207092165947,0.1672234982252121,6.725650040387817e-05,0.18770207092165947,0.724252924323082,0.32438547164201736,1.7654146701097488,1.4410291984677315,512,,,,,,,,,,,
952,0.700000329438039,0.6615263903582537,0.703125,0.8890681862831116,2.351259171962738,0.2378665041178465,0.34288668632507324,6.717420391817306e-05,0.2378665041178465,0.7225976437330246,0.4052545875310898,1.9303815811872482,1.5251269936561584,512,0.0010473259026184678,0.0010473259026184678,0.03,19897,0.700000329438039,19897,19897,24699,-3079,19897,22143
953,0.700000329438039,0.6617236905351833,0.68359375,0.613007664680481,1.6380181461572647,0.1386228445917368,0.21958081610500813,6.709185464871825e-05,0.1386228445917368,0.7222802340984344,0.33861441910266876,1.4448394924402237,1.106225073337555,512,,,,,,,,,,,
954,0.700000329438039,0.6619203150272369,0.56640625,0.3986846096813679,1.0444842875003815,0.14221255853772163,0.16365088149905205,6.700945284860862e-05,0.14221255853772163,0.7214599549770355,0.13503031432628632,1.076533019542694,0.9415027052164078,512,,,,,,,,,,,
955,0.700000329438039,0.6621162649933938,0.69140625,0.4022349938750267,1.071395218372345,0.09540569595992565,0.14749867841601372,6.692699877110054e-05,0.09540569595992565,0.7548046708106995,0.09953156113624573,0.7551352754235268,0.655603714287281,512,,,,,,,,,,,
956,0.700000329438039,0.6623115415926333,0.6171875,0.5918402373790741,1.548898845911026,0.17847944982349873,0.24455633386969566,6.6844492669611e-05,0.17847944982349873,0.7379052489995956,0.16240808367729187,1.697330355644226,1.5349222719669342,512,,,,,,,,,,,
957,0.700000329438039,0.6625061459839343,3.4375,0.7101866751909256,1.8013051748275757,0.32977505400776863,0.35077548772096634,6.676193479771692e-05,0.32977505400776863,0.6899169683456421,-1.1527777165174484,1.1437733471393585,2.296551063656807,512,,,,,,,,,,,
958,0.700000329438039,0.6627000793262764,0.70703125,0.4923842325806618,1.2854443490505219,0.15640730410814285,0.20662901550531387,6.66793254091543e-05,0.15640730410814285,0.7236865162849426,0.22253040969371796,1.0966571867465973,0.8741267770528793,512,,,,,,,,,,,
959,0.700000329438039,0.6628933427786385,1.0078125,0.8179609775543213,2.038521036505699,0.09915293753147125,0.4401484355330467,6.659666475781747e-05,0.09915293753147125,0.7397802770137787,0.0946083664894104,0.7353883236646652,0.6407799571752548,512,,,,,,,,,,,
960,0.700000330157902,0.6630859375,0.76171875,0.7692985758185387,2.058686763048172,0.12244165316224098,0.2725209631025791,6.651395309775837e-05,0.12244165316224098,0.7424364984035492,0.1785392165184021,0.9278121143579483,0.7492728978395462,512,0.000811076897662133,0.000811076897662133,0.03,25270,0.700000330157902,25270,25270,27425,-177,25270,27552
961,0.700000330157902,0.6632778646493399,0.53515625,0.3518739566206932,0.912436306476593,0.13941379263997078,0.1538483463227749,6.643119068318563e-05,0.13941379263997078,0.7425292730331421,0.16260842978954315,1.1838529407978058,1.0212445110082626,512,,,,,,,,,,,
962,0.700000330157902,0.6634691253856376,0.58203125,0.41928602010011673,1.103547841310501,0.10489164665341377,0.16701580956578255,6.634837776846393e-05,0.10489164665341377,0.7576025128364563,0.1104172021150589,0.8467291295528412,0.7363119274377823,512,,,,,,,,,,,
963,0.700000330157902,0.6636597208678722,0.60546875,0.4028022363781929,1.0527605414390564,0.18918654322624207,0.1678522638976574,6.626551460811315e-05,0.18918654322624207,0.7338037043809891,0.06400419771671295,1.6024144738912582,1.5384102761745453,512,,,,,,,,,,,
964,0.700000330157902,0.6638496522550229,0.65234375,0.5119699016213417,1.353630468249321,0.21593456529080868,0.19779344275593758,6.618260145680757e-05,0.21593456529080868,0.727465808391571,0.1498502492904663,2.1257726699113846,1.9759224206209183,512,,,,,,,,,,,
965,0.700000330157902,0.664038920706069,0.5078125,0.329674668610096,0.8494325429201126,0.13608397170901299,0.1495815683156252,6.609963856937516e-05,0.13608397170901299,0.7434130609035492,0.04320943355560303,1.786309853196144,1.743100419640541,512,,,,,,,,,,,
966,0.700000330157902,0.6642275273799896,0.59765625,0.7817043960094452,2.072255641222,0.15359093062579632,0.29654545709490776,6.601662620079669e-05,0.15359093062579632,0.7496142536401749,0.2395145148038864,1.5460877418518066,1.3065732270479202,512,,,,,,,,,,,
967,0.700000330157902,0.6644154734357639,0.64453125,0.33629582449793816,0.867877185344696,0.09516293928027153,0.1512010134756565,6.593356460620504e-05,0.09516293928027153,0.752490222454071,0.08368124067783356,0.6510483622550964,0.5673671215772629,512,,,,,,,,,,,
968,0.7000003300139294,0.6646027600323713,0.62890625,0.4702266603708267,1.205585926771164,0.19167931005358696,0.21934330090880394,6.585045404088441e-05,0.19167931005358696,0.7233105301856995,0.0005967468023300171,1.63713139295578,1.63653464615345,512,0.000793252547737211,0.000793252547737211,0.03,12680,0.7000003300139294,12680,12681,14707,37,12680,14947
969,0.7000003300139294,0.6647893883287906,0.5859375,0.6054312810301781,1.612600490450859,0.10573769174516201,0.222039632499218,6.576729476026945e-05,0.10573769174516201,0.7472070306539536,0.1161561980843544,0.691477581858635,0.5753213837742805,512,,,,,,,,,,,
970,0.7000003300139294,0.6649753594840013,0.75,0.7367981374263763,1.9406970739364624,0.18620789051055908,0.2920243814587593,6.568408701994458e-05,0.18620789051055908,0.7350292801856995,0.09036897122859955,1.0711743235588074,0.9808053523302078,512,,,,,,,,,,,
971,0.7000003300139294,0.6651606746569827,0.69140625,0.5897849574685097,1.5679952055215836,0.19025369733572006,0.21923189237713814,6.560083107564313e-05,0.19025369733572006,0.687509760260582,-0.06374022364616394,1.702147752046585,1.765887975692749,512,,,,,,,,,,,
972,0.7000003300139294,0.6653453350067138,0.64453125,0.9436938539147377,2.5104717910289764,0.20730308070778847,0.34920647740364075,6.551752718324659e-05,0.20730308070778847,0.7258105427026749,0.33151741325855255,2.2326733767986298,1.9011559635400772,512,,,,,,,,,,,
973,0.7000003300139294,0.6655293416921739,0.6171875,0.5637952461838722,1.4665812700986862,0.11065693013370037,0.241889089345932,6.543417559878384e-05,0.11065693013370037,0.7493847459554672,0.13215133547782898,0.8102083057165146,0.6780569702386856,512,,,,,,,,,,,
974,0.7000003300139294,0.665712695872342,0.59765625,0.7640104815363884,1.9555374085903168,0.14049476571381092,0.35964573733508587,6.53507765784303e-05,0.14049476571381092,0.7119970619678497,0.16339616477489471,1.0975555032491684,0.9341593384742737,512,,,,,,,,,,,
975,0.7000003300139294,0.6658953987061977,0.76171875,0.5937359109520912,1.557620108127594,0.20518871024250984,0.2415795475244522,6.52673303785072e-05,0.20518871024250984,0.7308593541383743,0.37173423171043396,1.7434855103492737,1.3717512786388397,512,,,,,,,,,,,
976,0.7000003300139294,0.6660774513527199,0.67578125,0.538369357585907,1.3939160108566284,0.15561995282769203,0.23750625178217888,6.518383725548074e-05,0.15561995282769203,0.7386913746595383,0.16333800554275513,2.0400826930999756,1.8767446875572205,512,0.0008678541053086519,0.0008678541053086519,0.03,15613,0.7000003300139294,15613,15613,17429,289,15613,17850
977,0.7000003300139294,0.6662588549708879,0.68359375,0.5849795639514923,1.5198931396007538,0.10665069334208965,0.25277214124798775,6.510029746596142e-05,0.10665069334208965,0.7411572188138962,0.09110137820243835,0.5887354016304016,0.49763402342796326,512,,,,,,,,,,,
978,0.7000003300139294,0.6664396107196807,0.6015625,0.741875633597374,1.9260777086019516,0.1251075193285942,0.3220301456749439,6.501671126670306e-05,0.1251075193285942,0.7514062225818634,0.1996893733739853,1.3322151899337769,1.1325258165597916,512,,,,,,,,,,,
979,0.7000003300139294,0.6666197197580779,1.1640625,0.6640526279807091,1.757810190320015,0.22797551192343235,0.25447047501802444,6.49330789146022e-05,0.22797551192343235,0.7268212884664536,0.21775184571743011,1.5437997579574585,1.3260479122400284,512,,,,,,,,,,,
980,0.7000003300139294,0.6667991832450584,0.7109375,0.3851154148578644,1.0011077225208282,0.1315848883241415,0.16590868309140205,6.484940066669718e-05,0.1315848883241415,0.7310839891433716,0.15713505446910858,1.2950006872415543,1.1378656327724457,512,,,,,,,,,,,
981,0.7000003300139294,0.6669780023396015,0.69140625,0.7791102379560471,2.0423415303230286,0.15518052130937576,0.31859852746129036,6.476567678016742e-05,0.15518052130937576,0.7208300530910492,0.5443154275417328,1.4599967002868652,0.9156812727451324,512,,,,,,,,,,,
982,0.7000003300139294,0.6671561782006864,0.7109375,0.6415203809738159,1.7181508839130402,0.11287830211222172,0.22585031017661095,6.468190751233262e-05,0.11287830211222172,0.7424609065055847,0.11020102351903915,0.7192178219556808,0.6090167984366417,512,,,,,,,,,,,
983,0.7000003300139294,0.6673337119872923,0.80859375,0.501556359231472,1.323209211230278,0.12052704766392708,0.19665846787393093,6.45980931206519e-05,0.12052704766392708,0.7571630477905273,0.15193727612495422,1.4127902686595917,1.2608529925346375,512,,,,,,,,,,,
984,0.7000003300139294,0.6675106048583984,0.515625,0.5243312567472458,1.3917957693338394,0.13803192600607872,0.19708674401044846,6.451423386272312e-05,0.13803192600607872,0.7394189238548279,0.15997673571109772,0.9660167172551155,0.8060399815440178,512,0.0006079220329411328,0.0006079220329411328,0.03,19558,0.7000003300139294,19558,19558,21442,326,19558,21783
985,0.7000003300139294,0.6676868579729839,0.5546875,0.7508563548326492,1.9746143966913223,0.19794542342424393,0.3007078543305397,6.443032999628203e-05,0.19794542342424393,0.738896444439888,0.14605392515659332,2.4321295619010925,2.286075636744499,512,,,,,,,,,,,
986,0.7000003300139294,0.6678624724900281,0.63671875,0.60475854575634,1.5738601386547089,0.20481956005096436,0.2587414439767599,6.434638177920144e-05,0.20481956005096436,0.7265771180391312,0.3065759688615799,1.8025607615709305,1.4959847927093506,512,,,,,,,,,,,
987,0.7000003300139294,0.66803744956851,0.71875,0.9451012536883354,2.527861565351486,0.22304659709334373,0.3360815830528736,6.42623894694905e-05,0.22304659709334373,0.7225146293640137,0.2559996098279953,2.112231731414795,1.8562321215867996,512,,,,,,,,,,,
988,0.7000003300139294,0.668211790367409,0.78515625,0.6076914668083191,1.596637025475502,0.2507995143532753,0.24485210329294205,6.417835332529389e-05,0.2507995143532753,0.7021337747573853,0.1606447994709015,2.025850884616375,1.8652060851454735,512,,,,,,,,,,,
989,0.7000003300139294,0.6683854960457042,3.375,0.5647688284516335,1.4914264678955078,0.2660626247525215,0.21999416872859,6.409427360489098e-05,0.2660626247525215,0.6965868920087814,1.0843017622828484,2.501006230711937,1.4167044684290886,512,,,,,,,,,,,
990,0.7000003300139294,0.6685585677623749,0.609375,0.3844202756881714,1.0033801645040512,0.13847972080111504,0.16152971796691418,6.401015056669508e-05,0.13847972080111504,0.7376611232757568,0.15965236723423004,1.0332782417535782,0.8736258745193481,512,,,,,,,,,,,
991,0.7000003300139294,0.6687310066764002,0.56640625,0.5761676505208015,1.5073222368955612,0.1290031559765339,0.23864023387432098,6.392598446925266e-05,0.1290031559765339,0.7351659685373306,0.17184659838676453,0.8230381011962891,0.6511915028095245,512,,,,,,,,,,,
992,0.7000003307337922,0.6689028139467592,0.8984375,0.7151962667703629,1.886861890554428,0.16244745068252087,0.2803993485867977,6.384177557124247e-05,0.16244745068252087,0.7463476359844208,0.10187560319900513,1.059921145439148,0.9580455422401428,512,0.0008161041187122464,0.0008161041187122464,0.03,17978,0.7000003307337922,17978,17978,17472,2546,17978,20210
993,0.7000003307337922,0.6690739907324313,0.51171875,0.5863076820969582,1.5197427570819855,0.09419819060713053,0.2569471150636673,6.375752413147485e-05,0.09419819060713053,0.7500439286231995,0.039998896420001984,1.1082066968083382,1.0682078003883362,512,,,,,,,,,,,
994,0.7000003307337922,0.6692445381923957,0.60546875,0.4111638516187668,1.0727043747901917,0.1415596529841423,0.17324663698673248,6.36732304088909e-05,0.1415596529841423,0.7326562255620956,0.08466868102550507,2.05222587287426,1.9675571918487549,512,,,,,,,,,,,
995,0.7000003307337922,0.6694144574856317,0.640625,0.3962622620165348,1.0063164979219437,0.1843613963574171,0.19447818771004677,6.358889466256166e-05,0.1843613963574171,0.7347119003534317,0.14293374121189117,1.656602218747139,1.5136684775352478,512,,,,,,,,,,,
996,0.7000003307337922,0.6695837497711181,0.57421875,0.5119078159332275,1.3316998481750488,0.13349148631095886,0.2195358481258154,6.350451715168729e-05,0.13349148631095886,0.7458300441503525,0.17724478244781494,1.8319943994283676,1.6547496169805527,512,,,,,,,,,,,
997,0.7000003307337922,0.6697524162078344,0.50390625,0.37418232858181,0.9786106944084167,0.11156873218715191,0.155275110155344,6.342009813559633e-05,0.11156873218715191,0.7356152534484863,0.1026947870850563,0.6337698996067047,0.5310751125216484,512,,,,,,,,,,,
998,0.7000003307337922,0.66992045795476,0.71875,0.6302585452795029,1.6458554863929749,0.2111855335533619,0.26401882991194725,6.333563787374493e-05,0.2111855335533619,0.7220702767372131,0.45938900113105774,2.347232222557068,1.8878432214260101,512,,,,,,,,,,,
999,0.7000003307337922,0.6700878761708736,0.53125,0.6411116197705269,1.7098662853240967,0.10599184315651655,0.23289604485034943,6.325113662571596e-05,0.10599184315651655,0.7066064476966858,0.1735849305987358,1.5191403105854988,1.345555379986763,512,,,,,,,,,,,
1000,0.7000003307337922,0.6702546720151548,0.80078125,0.40784309059381485,1.0784946233034134,0.18584706634283066,0.15739348530769348,6.316659465121824e-05,0.18584706634283066,0.7389452904462814,0.36001184582710266,2.615339055657387,2.255327209830284,512,0.0007750513614155352,0.0007750513614155352,0.03,17454,0.7000003307337922,17454,17454,20620,-1296,17454,19644
1001,0.7000003307337922,0.6704208466465826,0.75,0.7948473542928696,1.8466715812683105,0.1765904538333416,0.5619566608220339,6.308201221008584e-05,0.1765904538333416,0.6998583674430847,0.08714926242828369,2.478868782520294,2.3917195200920105,512,,,,,,,,,,,
1002,0.7000003307337922,0.6705864012241363,0.6953125,0.715597964823246,1.8792306333780289,0.14274930953979492,0.2892480045557022,6.299738956227712e-05,0.14274930953979492,0.7402294874191284,0.10681258141994476,0.809673860669136,0.7028612792491913,512,,,,,,,,,,,
1003,0.7000003307337922,0.6707513369067951,0.6015625,0.5237071812152863,1.3583115190267563,0.1869497410953045,0.22867991775274277,6.291272696787405e-05,0.1869497410953045,0.7503564357757568,0.01917162537574768,2.483556032180786,2.4643844068050385,512,,,,,,,,,,,
1004,0.7000003307337922,0.6709156548535382,0.578125,0.431328397244215,1.113095536828041,0.13456571847200394,0.1939601320773363,6.282802468708133e-05,0.13456571847200394,0.7428954839706421,0.1984553188085556,1.9415701478719711,1.7431148290634155,512,,,,,,,,,,,
1005,0.7000003307337922,0.6710793562233448,0.6875,0.5751268565654755,1.5140300691127777,0.1711963713169098,0.22877853363752365,6.274328298022574e-05,0.1711963713169098,0.7408251464366913,0.049351416528224945,1.4039815664291382,1.3546301499009132,512,,,,,,,,,,,
1006,0.7000003307337922,0.671242442175194,0.6640625,0.3182303160429001,0.8303018659353256,0.17652184888720512,0.1340323742479086,6.26585021077551e-05,0.17652184888720512,0.6939843595027924,-0.1611783653497696,1.354719638824463,1.5158980041742325,512,,,,,,,,,,,
1007,0.7000003307337922,0.6714049138680652,0.65625,0.6979817524552345,1.8450370132923126,0.14523932710289955,0.27005913853645325,6.257368233023769e-05,0.14523932710289955,0.723154291510582,0.047008953988552094,0.9978897571563721,0.95088080316782,512,,,,,,,,,,,
1008,0.7000003307337922,0.6715667724609374,0.78125,0.5562858879566193,1.4512218236923218,0.2143365815281868,0.23449287191033363,6.248882390836135e-05,0.2143365815281868,0.6959179490804672,0.2026546597480774,2.3443464040756226,2.141691744327545,512,0.000837177038192749,0.000837177038192749,0.03,15531,0.7000003307337922,15531,15531,15509,2321,15531,17791
1009,0.7000003307337922,0.67172801911279,0.72265625,0.6621611714363098,1.744642049074173,0.1359555460512638,0.26190683245658875,6.240392710293265e-05,0.1359555460512638,0.7443554401397705,0.15808885544538498,1.25651216506958,1.098423309624195,512,,,,,,,,,,,
1010,0.7000003307337922,0.6718886549826021,0.5390625,0.8351144939661026,2.2351265251636505,0.11567840166389942,0.2955234460532665,6.231899217487619e-05,0.11567840166389942,0.745410144329071,0.16744627058506012,0.9251422584056854,0.7576959878206253,512,,,,,,,,,,,
1011,0.7000003307337922,0.6720486812293529,0.578125,0.7353543937206268,1.947317123413086,0.21793168783187866,0.2810293957591057,6.223401938523367e-05,0.21793168783187866,0.7223290503025055,0.41542376577854156,2.104979157447815,1.6895553916692734,512,,,,,,,,,,,
1012,0.7000003307337922,0.6722080990120216,0.87109375,0.3691767081618309,0.9756481647491455,0.16900037787854671,0.1430690921843052,6.21490089951632e-05,0.16900037787854671,0.7528222501277924,0.11598198115825653,1.305983692407608,1.1900017112493515,512,,,,,,,,,,,
1013,0.7000003307337922,0.6723669094895875,0.5390625,0.42851219326257706,1.1262479722499847,0.14106193371117115,0.1722737643867731,6.206396126593846e-05,0.14106193371117115,0.7526659965515137,0.12177479267120361,0.9908693432807922,0.8690945506095886,512,,,,,,,,,,,
1014,0.7000003307337922,0.6725251138210296,0.69140625,0.3704104796051979,0.9747099280357361,0.14576663076877594,0.1477460414171219,6.197887645894784e-05,0.14576663076877594,0.727617159485817,0.17185775935649872,1.0913066267967224,0.9194488674402237,512,,,,,,,,,,,
1015,0.7000003307337922,0.6726827131653272,0.828125,0.3450723737478256,0.9082416892051697,0.13038580864667892,0.13743213750422,6.189375483569376e-05,0.13038580864667892,0.7502099424600601,0.12150368839502335,0.8895407915115356,0.7680371031165123,512,,,,,,,,,,,
1016,0.7000003307337922,0.6728397086814597,0.5859375,0.312206394970417,0.8093427866697311,0.20973198488354683,0.1367371566593647,6.180859665779172e-05,0.20973198488354683,0.7052343636751175,0.16298844665288925,2.0245679765939713,1.861579529941082,512,0.0008247023797594011,0.0008247023797594011,0.03,14732,0.7000003307337922,14732,14732,14619,1887,14732,16981
1017,0.7000003307337922,0.672996101528406,0.6484375,0.6049619764089584,1.6084081679582596,0.26744401827454567,0.22480987384915352,6.172340218696962e-05,0.26744401827454567,0.7011620849370956,0.05022156238555908,3.1132856905460358,3.0630641281604767,512,,,,,,,,,,,
1018,0.7000003307337922,0.6731518928651457,0.53515625,0.36347634345293045,0.9575807005167007,0.12727080285549164,0.14386272430419922,6.163817168506682e-05,0.12727080285549164,0.7412304580211639,0.16116057336330414,0.8775167614221573,0.7163561880588531,512,,,,,,,,,,,
1019,0.7000003307337922,0.6733070838506574,0.54296875,0.7113328129053116,1.8771367222070694,0.13077002204954624,0.2784171514213085,6.155290541403357e-05,0.13077002204954624,0.7450732290744781,0.2833579406142235,1.0767795145511627,0.7934215739369392,512,,,,,,,,,,,
1020,0.7000003307337922,0.6734616756439209,0.70703125,0.5454830154776573,1.4569014310836792,0.15959974192082882,0.19607729092240334,6.14676036359299e-05,0.15959974192082882,0.7323925644159317,0.22497081756591797,1.3154383450746536,1.0904675275087357,512,,,,,,,,,,,
1021,0.7000003307337922,0.673615669403915,0.546875,0.36229877173900604,0.9210535436868668,0.1086882334202528,0.17682146281003952,6.138226661292506e-05,0.1086882334202528,0.7362841814756393,0.1377052366733551,0.7146038562059402,0.5768986195325851,512,,,,,,,,,,,
1022,0.7000003307337922,0.6737690662896192,1.859375,0.43732865899801254,1.16723170876503,0.30842287093400955,0.15800660848617554,6.12968946072966e-05,0.30842287093400955,0.7078173607587814,0.2700965106487274,2.307658404111862,2.0375618934631348,512,,,,,,,,,,,
1023,0.7000003307337922,0.6739218674600124,0.55859375,0.44634225219488144,1.180102989077568,0.10493980161845684,0.1724492460489273,6.121148788142956e-05,0.10493980161845684,0.7348339706659317,0.10161258280277252,0.7036413252353668,0.6020287424325943,512,,,,,,,,,,,
1024,0.7000003310217373,0.674074074074074,0.640625,0.3832310698926449,1.001209944486618,0.1305287079885602,0.160096300765872,6.112604669781572e-05,0.1305287079885602,0.7430761605501175,0.026074498891830444,1.0866838693618774,1.060609370470047,512,0.0008223745971918106,0.0008223745971918106,0.03,23475,0.7000003310217373,23475,23475,22118,2848,23475,25731
1025,0.7000003310217373,0.6742256872907832,0.55078125,0.3364495113492012,0.8877209722995758,0.1269088163971901,0.13182297348976135,6.104057131905277e-05,0.1269088163971901,0.7120605260133743,0.25269198417663574,1.140595257282257,0.8879032731056213,512,,,,,,,,,,,
1026,0.7000003310217373,0.6743767082691192,0.55859375,0.4998112693428993,1.3376409858465195,0.10520375892519951,0.1769385989755392,6.095506200784349e-05,0.10520375892519951,0.7387255728244781,0.10414580255746841,0.738397091627121,0.6342512890696526,512,,,,,,,,,,,
1027,0.7000003310217373,0.6745271381680612,0.59375,0.6152917146682739,1.640814483165741,0.1716381087899208,0.22370574995875359,6.086951902699492e-05,0.1716381087899208,0.7204296737909317,0.15957562625408173,2.316565588116646,2.156989961862564,512,,,,,,,,,,,
1028,0.7000003310217373,0.6746769781465883,0.75,0.5197123661637306,1.3617156445980072,0.12660235539078712,0.21317026019096375,6.078394263941761e-05,0.12660235539078712,0.7380419671535492,0.12076818943023682,0.8274384289979935,0.7066702395677567,512,,,,,,,,,,,
1029,0.7000003310217373,0.6748262293636799,0.7734375,0.8195845037698746,2.162332609295845,0.174635985866189,0.32125667855143547,6.06983331081248e-05,0.174635985866189,0.736274391412735,0.14917029440402985,1.7146288603544235,1.5654585659503937,512,,,,,,,,,,,
1030,0.7000003310217373,0.6749748929783149,0.51171875,0.3407069742679596,0.8920684903860092,0.18654453195631504,0.14037684723734856,6.0612690696231534e-05,0.18654453195631504,0.7294384390115738,0.005320414900779724,1.9215206056833267,1.916200190782547,512,,,,,,,,,,,
1031,0.7000003310217373,0.6751229701494729,0.69140625,0.32578808069229126,0.8426428884267807,0.1919187344610691,0.14459368214011192,6.052701566695398e-05,0.1919187344610691,0.7272167801856995,0.08966799080371857,1.425922080874443,1.3362540900707245,512,,,,,,,,,,,
1032,0.7000003310217373,0.6752704620361327,0.6953125,0.39766232669353485,1.05064095556736,0.13355526700615883,0.15439631789922714,6.04413082836085e-05,0.13355526700615883,0.7373827993869781,0.1384364441037178,0.9365753531455994,0.7981389090418816,512,0.00115384126547724,0.00115384126547724,0.03,12324,0.7000003310217373,12324,12324,12271,1659,12324,14579
1033,0.7000003310217373,0.6754173697972738,0.64453125,0.39774104207754135,1.040415182709694,0.12274107336997986,0.16486061736941338,6.035556880961093e-05,0.12274107336997986,0.7388183623552322,0.1350329965353012,0.8615357726812363,0.7265027761459351,512,,,,,,,,,,,
1034,0.7000003310217373,0.6755636945918754,0.66796875,0.800900399684906,2.0975029468536377,0.16432703845202923,0.32946787029504776,6.0269797508475723e-05,0.16432703845202923,0.7185449004173279,0.1636555716395378,1.386153556406498,1.2224979847669601,512,,,,,,,,,,,
1035,0.7000003310217373,0.6757094375789165,0.953125,0.5480687320232391,1.414961263537407,0.12185194343328476,0.2458529733121395,6.018399464381514e-05,0.12185194343328476,0.7507470697164536,0.1469976156949997,1.0238843858242035,0.8768867701292038,512,,,,,,,,,,,
1036,0.7000003310217373,0.6758545999173765,0.52734375,0.5407213717699051,1.418624609708786,0.15195330325514078,0.2199249230325222,6.009816047933848e-05,0.15195330325514078,0.7469335645437241,-0.04603498429059982,1.155152253806591,1.2011872380971909,512,,,,,,,,,,,
1037,0.7000003310217373,0.6759991827662344,0.6171875,0.43275026604533195,1.1243245154619217,0.16835587844252586,0.18703988939523697,6.0012295278851216e-05,0.16835587844252586,0.757089838385582,0.015103012323379517,1.8862781524658203,1.8711751401424408,512,,,,,,,,,,,
1038,0.7000003310217373,0.6761431872844695,0.6796875,0.5982030518352985,1.562745824456215,0.11162584088742733,0.24999063834547997,5.992639930625419e-05,0.11162584088742733,0.7367480397224426,0.1264423057436943,0.8372063860297203,0.710764080286026,512,,,,,,,,,,,
1039,0.7000003310217373,0.6762866146310611,0.474609375,0.5013050362467766,1.3054550886154175,0.11002842336893082,0.2136510368436575,5.984047282554286e-05,0.11002842336893082,0.7519579827785492,0.09990832209587097,0.7668699771165848,0.6669616550207138,512,,,,,,,,,,,
1040,0.7000003310217373,0.6764294659649884,0.5703125,0.3872373029589653,1.017406314611435,0.11807033885270357,0.15603997744619846,5.9754516100806423e-05,0.11807033885270357,0.7502685189247131,0.11380013078451157,0.8240070194005966,0.710206888616085,512,0.0016201632097363472,0.0016201632097363472,0.03,12060,0.7000003310217373,12060,12060,13081,305,12060,14289
1041,0.7000003310217373,0.6765717424452304,0.5703125,0.5749171674251556,1.4981445521116257,0.1167897442355752,0.24402859807014465,5.9668529396227036e-05,0.1167897442355752,0.7516747713088989,0.10653871297836304,0.9671798646450043,0.8606411516666412,512,,,,,,,,,,,
1042,0.7000003310217373,0.6767134452307665,0.7578125,0.4015299901366234,1.056554228067398,0.16796168498694897,0.16020327806472778,5.9582512976079e-05,0.16796168498694897,0.7340917736291885,0.1768670678138733,1.750584751367569,1.5737176835536957,512,,,,,,,,,,,
1043,0.7000003310217373,0.6768545754805759,0.58203125,0.3977520689368248,0.9990903437137604,0.11791117675602436,0.2062189094722271,5.949646710472795e-05,0.11791117675602436,0.7466894239187241,0.13250894844532013,0.9006393700838089,0.7681304216384888,512,,,,,,,,,,,
1044,0.7000003310217373,0.6769951343536377,0.95703125,0.500867486000061,1.33494034409523,0.17399008944630623,0.18283984810113907,5.941039204663001e-05,0.17399008944630623,0.7272753566503525,0.21142678707838058,1.0946764796972275,0.8832496926188469,512,,,,,,,,,,,
1045,0.7000003310217373,0.6771351230089311,0.52734375,0.2650393918156624,0.6882379800081253,0.12445356696844101,0.11491169407963753,5.932428806633106e-05,0.12445356696844101,0.7364111393690109,0.14738857746124268,0.9095769822597504,0.7621884047985077,512,,,,,,,,,,,
1046,0.7000003310217373,0.6772745426054354,0.546875,0.3526915870606899,0.9246542006731033,0.1233519334346056,0.14410816878080368,5.923815542846579e-05,0.1233519334346056,0.7371240109205246,0.022567421197891235,1.677360713481903,1.6547932922840118,512,,,,,,,,,,,
1047,0.7000003310217373,0.6774133943021297,0.6875,0.34738506376743317,0.9191153049468994,0.21099112927913666,0.13356666639447212,5.915199439775706e-05,0.21099112927913666,0.7040576040744781,-0.1390078365802765,2.6084371209144592,2.7474449574947357,512,,,,,,,,,,,
1048,0.7000003310217373,0.6775516792579933,0.69921875,0.8287055939435959,2.127980589866638,0.22866814956068993,0.3832484818994999,5.9065805239014923e-05,0.22866814956068993,0.7204882651567459,0.34827567636966705,2.4452268481254578,2.0969511717557907,512,0.0006526068318635225,0.0006526068318635225,0.03,14594,0.7000003310217373,14594,14594,15439,439,14594,16807
1049,0.7000003310217373,0.6776893986320054,0.515625,0.5346948280930519,1.410932034254074,0.12774758785963058,0.2093553002923727,5.8979588217135894e-05,0.12774758785963058,0.7271923720836639,0.11486802995204926,0.7869949340820312,0.672126904129982,512,,,,,,,,,,,
1050,0.7000003310217373,0.6778265535831451,0.71875,0.39482302218675613,1.0521623194217682,0.16001327708363533,0.14427101239562035,5.889334359710218e-05,0.16001327708363533,0.7503515332937241,-0.06212818622589111,1.5659801959991455,1.6281083822250366,512,,,,,,,,,,,
1051,0.7000003310217373,0.6779631452703917,0.54296875,0.48072992265224457,1.2832321971654892,0.147453922778368,0.1735251024365425,5.880707164398074e-05,0.147453922778368,0.7383007705211639,0.23431549221277237,1.7283336818218231,1.4940181896090508,512,,,,,,,,,,,
1052,0.7000003310217373,0.6780991748527244,0.60546875,0.6016578376293182,1.572196826338768,0.09083550237119198,0.25100866332650185,5.872077262292255e-05,0.09083550237119198,0.7365136593580246,0.08243899047374725,0.6492878794670105,0.5668488889932632,512,,,,,,,,,,,
1053,0.7000003310217373,0.6782346434891223,0.69140625,0.4355616644024849,1.0824255049228668,0.13305453583598137,0.2374582625925541,5.8634446799161804e-05,0.13305453583598137,0.7362304627895355,0.15037378668785095,0.9368638098239899,0.7864900231361389,512,,,,,,,,,,,
1054,0.7000003310217373,0.6783695523385648,0.58984375,0.4137917794287205,1.0943592339754105,0.13730795681476593,0.15955520793795586,5.854809443801507e-05,0.13730795681476593,0.7497607320547104,0.1499367207288742,1.002902090549469,0.8529653698205948,512,,,,,,,,,,,
1055,0.7000003310217373,0.6785039025600309,0.59375,0.6847829446196556,1.8186888247728348,0.14692680537700653,0.2564109154045582,5.846171580488046e-05,0.14692680537700653,0.7416356950998306,0.2301272302865982,1.2244513779878616,0.9943241477012634,512,,,,,,,,,,,
1056,0.7000003315976276,0.6786376953125,0.6875,0.7214821986854076,1.9187255054712296,0.1588396169245243,0.26758408918976784,5.837531116523682e-05,0.1588396169245243,0.7325341552495956,0.1322137713432312,1.940350204706192,1.8081364333629608,512,0.0008690053946338594,0.0008690053946338594,0.03,13061,0.7000003315976276,13061,13061,14849,-255,13061,15262
1057,0.7000003315976276,0.6787709317549511,0.5859375,0.30543168261647224,0.7852527499198914,0.17223361134529114,0.1402977705001831,5.828888078464298e-05,0.17223361134529114,0.7302050292491913,0.05953116714954376,1.4502281099557877,1.390696942806244,512,,,,,,,,,,,
1058,0.7000003315976276,0.6789036130463636,0.5625,0.46459194272756577,1.215583547949791,0.1400337889790535,0.19227072596549988,5.820242492873682e-05,0.1400337889790535,0.7419238388538361,0.2207852154970169,1.611107736825943,1.390322521328926,512,,,,,,,,,,,
1059,0.7000003315976276,0.6790357403457165,0.65234375,0.5508473664522171,1.453024908900261,0.15877114422619343,0.21620946004986763,5.811594386323455e-05,0.15877114422619343,0.7398974299430847,0.18615366518497467,1.4138180315494537,1.227664366364479,512,,,,,,,,,,,
1060,0.7000003315976276,0.679167314811989,0.65234375,0.4341062977910042,1.1050435155630112,0.17224881425499916,0.2104300744831562,5.802943785392986e-05,0.17224881425499916,0.7209179252386093,-0.002068929374217987,1.754210501909256,1.756279431283474,512,,,,,,,,,,,
1061,0.7000003315976276,0.6792983376041606,0.609375,0.4224632680416107,1.0935020446777344,0.152503103017807,0.18668963015079498,5.794290716669307e-05,0.152503103017807,0.7389159947633743,0.1478530764579773,0.9501914083957672,0.8023383319377899,512,,,,,,,,,,,
1062,0.7000003315976276,0.6794288098812102,0.62109375,0.688073493540287,1.8140311539173126,0.1176179051399231,0.2710399217903614,5.785635206747041e-05,0.1176179051399231,0.7518163919448853,0.02988392859697342,0.8118218034505844,0.781937874853611,512,,,,,,,,,,,
1063,0.7000003315976276,0.6795587328021173,0.5078125,0.38037311285734177,1.0044196844100952,0.11576941702514887,0.14822611212730408,5.776977282228307e-05,0.11576941702514887,0.7556249648332596,0.10313069820404053,0.7495550364255905,0.64642433822155,512,,,,,,,,,,,
1064,0.7000003315976276,0.6796881075258607,0.6015625,0.8050989359617233,2.02622127532959,0.219813022762537,0.41347232460975647,5.76831696972265e-05,0.219813022762537,0.7284961044788361,0.11814224720001221,1.6727368533611298,1.5545946061611176,512,0.0009612118592485785,0.0009612118592485785,0.03,12331,0.7000003315976276,12331,12331,13514,100,12331,14491
1065,0.7000003315976276,0.6798169352114201,0.61328125,0.6291108354926109,1.6539481282234192,0.12037526443600655,0.2524482123553753,5.759654295846952e-05,0.12037526443600655,0.7608398199081421,0.21715940535068512,1.7095391005277634,1.4923796951770782,512,,,,,,,,,,,
1066,0.7000003315976276,0.6799452170177742,0.71875,0.7175479233264923,1.8825599551200867,0.16262357123196125,0.29182758182287216,5.7509892872253544e-05,0.16262357123196125,0.7005273401737213,0.28567564487457275,1.5962250083684921,1.3105493634939194,512,,,,,,,,,,,
1067,0.7000003315976276,0.6800729541039026,0.62890625,0.47801484167575836,1.2688565254211426,0.16364480182528496,0.1796732135117054,5.742321970489169e-05,0.16364480182528496,0.7488085776567459,0.009856641292572021,1.5169897824525833,1.5071331411600113,512,,,,,,,,,,,
1068,0.7000003315976276,0.6802001476287841,0.7578125,0.609122559428215,1.578358381986618,0.20663849636912346,0.26746752113103867,5.733652372276809e-05,0.20663849636912346,0.7271533161401749,0.18549082428216934,1.4665372669696808,1.2810464426875114,512,,,,,,,,,,,
1069,0.7000003315976276,0.6803267987513983,0.609375,0.40482183545827866,1.0566301047801971,0.1787908859550953,0.1701026987284422,5.7249805192336946e-05,0.1787908859550953,0.7364111095666885,0.23330247402191162,1.8305131196975708,1.5972106456756592,512,,,,,,,,,,,
1070,0.7000003315976276,0.6804529086307243,0.625,0.5615705028176308,1.471432775259018,0.20811710879206657,0.23029595240950584,5.716306438012176e-05,0.20811710879206657,0.706855446100235,0.2705853432416916,1.2352910935878754,0.9647057503461838,512,,,,,,,,,,,
1071,0.7000003315976276,0.6805784784257412,0.57421875,0.7873788625001907,2.0591467171907425,0.13976632431149483,0.3268497996032238,5.707630155271455e-05,0.13976632431149483,0.7496093809604645,0.14509247243404388,0.9650283008813858,0.8199358284473419,512,,,,,,,,,,,
1072,0.7000003315976276,0.6807035092954282,0.498046875,0.6715661585330963,1.8101499825716019,0.10876600816845894,0.22489885054528713,5.698951697677498e-05,0.10876600816845894,0.7577441185712814,0.22796983271837234,1.6380355581641197,1.4100657254457474,512,0.0008966108434833586,0.0008966108434833586,0.03,13317,0.7000003315976276,13317,13317,13624,1046,13317,15560
1073,0.7000003315976276,0.6808280023987646,0.8046875,0.59158556163311,1.5563633888959885,0.11317668110132217,0.23632005229592323,5.6902710919029535e-05,0.11317668110132217,0.7441308498382568,0.08667587488889694,0.7844203263521194,0.6977444514632225,512,,,,,,,,,,,
1074,0.7000003315976276,0.6809519588947296,0.55078125,0.4062558114528656,1.074304312467575,0.1467705275863409,0.1567738987505436,5.681588364627073e-05,0.1467705275863409,0.7564843446016312,0.11099506914615631,1.5313962325453758,1.4204011633992195,512,,,,,,,,,,,
1075,0.7000003315976276,0.6810753799423023,0.5859375,0.33593226224184036,0.8733151853084564,0.13453133217990398,0.14466135017573833,5.672903542535631e-05,0.13453133217990398,0.7421581596136093,0.1128116101026535,0.8482547253370285,0.735443115234375,512,,,,,,,,,,,
1076,0.7000003315976276,0.681198266700462,0.51171875,0.3082598149776459,0.8019011616706848,0.13471420854330063,0.1322194654494524,5.6642166523208394e-05,0.13471420854330063,0.7107079923152924,-0.0385005921125412,2.8413631170988083,2.8798637092113495,512,,,,,,,,,,,
1077,0.7000003315976276,0.6813206203281879,0.671875,0.34552981704473495,0.900996059179306,0.1435065809637308,0.14606395922601223,5.655527720681263e-05,0.1435065809637308,0.7047997862100601,0.3535831421613693,1.5230650156736374,1.169481873512268,512,,,,,,,,,,,
1078,0.7000003315976276,0.6814424419844591,0.49609375,0.328206904232502,0.8594779968261719,0.11447298154234886,0.13508831709623337,5.646836774321745e-05,0.11447298154234886,0.7197411805391312,0.32579535245895386,1.1457330733537674,0.8199377208948135,512,,,,,,,,,,,
1079,0.7000003315976276,0.681563732828255,0.56640625,0.6098209694027901,1.637192502617836,0.13483906909823418,0.2107497900724411,5.6381438399533196e-05,0.13483906909823418,0.7391406148672104,0.10794961452484131,1.5901012122631073,1.482151597738266,512,,,,,,,,,,,
1080,0.7000003315976276,0.6816844940185547,0.5703125,0.3333193212747574,0.8771771937608719,0.143441803753376,0.13288133963942528,5.629448944293127e-05,0.143441803753376,0.7460692971944809,0.14807820320129395,1.243136152625084,1.09505794942379,512,0.0008707866072654724,0.0008707866072654724,0.03,12192,0.7000003315976276,12192,12192,13056,290,12192,14452
1081,0.7000003315976276,0.6818047267143373,0.55078125,0.3462046757340431,0.9056245386600494,0.10727743059396744,0.14348049275577068,5.620752114064343e-05,0.10727743059396744,0.7397216558456421,0.1061982810497284,0.7242578119039536,0.6180595308542252,512,,,,,,,,,,,
1082,0.7000003315976276,0.6819244320745821,0.515625,0.3565613031387329,0.9331666827201843,0.1272185742855072,0.14732208102941513,5.6120533759960816e-05,0.1272185742855072,0.7450830042362213,0.10854008793830872,0.8546801954507828,0.7461401075124741,512,,,,,,,,,,,
1083,0.7000003315976276,0.6820436112582683,0.65625,0.5147226378321648,1.3555285185575485,0.12115643545985222,0.20423699356615543,5.603352756823326e-05,0.12115643545985222,0.7421825975179672,0.12242516130208969,0.9374517798423767,0.815026618540287,512,,,,,,,,,,,
1084,0.7000003315976276,0.6821622654243751,0.5859375,0.6883106417953968,1.7894486784934998,0.15969374030828476,0.2963411118835211,5.594650283286835e-05,0.15969374030828476,0.739501953125,0.10478359460830688,1.6012420952320099,1.496458500623703,512,,,,,,,,,,,
1085,0.7000003315976276,0.6822803957318818,0.94140625,0.7151264026761055,1.8883186131715775,0.13143263570964336,0.2787310220301151,5.585945982133074e-05,0.13143263570964336,0.746103510260582,0.09899862110614777,0.9504927396774292,0.8514941185712814,512,,,,,,,,,,,
1086,0.7000003315976276,0.6823980033397674,0.59375,0.40760668367147446,1.076306164264679,0.13415319845080376,0.1588655821979046,5.577239880114121e-05,0.13415319845080376,0.7518261522054672,0.16751299798488617,0.9283310621976852,0.7608180642127991,512,,,,,,,,,,,
1087,0.7000003315976276,0.6825150894070112,0.7109375,0.5672395154833794,1.5188446938991547,0.09394223429262638,0.20006283558905125,5.5685320039875873e-05,0.09394223429262638,0.7486279010772705,0.1442761942744255,1.1285566315054893,0.9842804372310638,512,,,,,,,,,,,
1088,0.7000003318855728,0.6826316550925926,0.54296875,0.3820386156439781,1.0008636564016342,0.08837884664535522,0.15682907216250896,5.559822380516539e-05,0.08837884664535522,0.7529003620147705,0.08284594118595123,0.6426572129130363,0.5598112717270851,512,0.0009484603651799262,0.0009484603651799262,0.03,15716,0.7000003318855728,15716,15715,15605,1475,15716,17986
1089,0.7000003318855728,0.6827477015554905,0.6796875,0.5581972450017929,1.459831327199936,0.18781481496989727,0.2316754385828972,5.551111036469416e-05,0.18781481496989727,0.7332079857587814,0.10691116750240326,2.3352566361427307,2.2283454686403275,512,,,,,,,,,,,
1090,0.7000003318855728,0.6828632299546842,0.61328125,0.47959761321544647,1.2703518122434616,0.18995693139731884,0.1829742230474949,5.54239799861994e-05,0.18995693139731884,0.7423486262559891,0.2761358916759491,1.6751156896352768,1.3989797979593277,512,,,,,,,,,,,
1091,0.7000003318855728,0.682978241449153,0.60546875,0.7585622221231461,2.0131289660930634,0.1185894850641489,0.28554435074329376,5.533683293747041e-05,0.1185894850641489,0.7465624958276749,0.24133317172527313,1.4208258092403412,1.179492637515068,512,,,,,,,,,,,
1092,0.7000003318855728,0.6830927371978759,0.8984375,0.38149457424879074,0.9757726639509201,0.17900731042027473,0.1802714578807354,5.5249669486347734e-05,0.17900731042027473,0.7091894447803497,0.4948217272758484,1.910772830247879,1.4159511029720306,512,,,,,,,,,,,
1093,0.7000003318855728,0.6832067183598324,0.640625,0.3893667683005333,1.0082251280546188,0.13387709856033325,0.17167409509420395,5.516248990072232e-05,0.13387709856033325,0.7300439029932022,0.20992673188447952,0.9004155546426773,0.6904888227581978,512,,,,,,,,,,,
1094,0.7000003318855728,0.6833201860940015,0.82421875,0.5224575772881508,1.3878848254680634,0.1736387275159359,0.19531988725066185,5.507529444853471e-05,0.1736387275159359,0.6811132729053497,-0.333794042468071,1.8965741097927094,2.2303681522607803,512,,,,,,,,,,,
1095,0.7000003318855728,0.6834331415593624,0.59375,0.5243579521775246,1.377390831708908,0.13547120057046413,0.21157261170446873,5.4988083397774204e-05,0.13547120057046413,0.738237276673317,0.11363334953784943,0.9428302347660065,0.829196885228157,512,,,,,,,,,,,
1096,0.7000003317416003,0.6835455859148943,0.58984375,0.4035390838980675,1.060540959239006,0.16034990176558495,0.16230469942092896,5.490085701647805e-05,0.16034990176558495,0.7500781267881393,0.12230116128921509,1.2888518571853638,1.1665506958961487,512,0.0008054844220168889,0.0008054844220168889,0.03,14312,0.7000003317416003,14312,14313,14177,1375,14312,16520
1097,0.7000003317416003,0.6836575203195766,0.6953125,0.61542709171772,1.630144715309143,0.20277955196797848,0.23478573560714722,5.481361557273058e-05,0.20277955196797848,0.7110742032527924,0.12388110160827637,1.4258027225732803,1.301921620965004,512,,,,,,,,,,,
1098,0.7000003317416003,0.6837689459323882,0.75,0.595015361905098,1.572238638997078,0.22617843002080917,0.2308380827307701,5.472635933466248e-05,0.22617843002080917,0.7160351276397705,0.046507060527801514,2.956987500190735,2.9104804396629333,512,,,,,,,,,,,
1099,0.7000003317416003,0.6838798639123086,0.6953125,0.8631132319569588,2.266527220606804,0.18623732775449753,0.348967332392931,5.463908857044987e-05,0.18623732775449753,0.7247705012559891,0.26186327636241913,1.4992832690477371,1.237419992685318,512,,,,,,,,,,,
1100,0.7000003317416003,0.6839902754183168,0.54296875,0.45017097145318985,1.1953591108322144,0.11912853270769119,0.16879530623555183,5.455180354831351e-05,0.11912853270769119,0.7290380746126175,0.043640390038490295,1.3104710206389427,1.2668306306004524,512,,,,,,,,,,,
1101,0.7000003317416003,0.6841001816093921,0.56640625,0.5457744523882866,1.4213481396436691,0.10561949387192726,0.23251381888985634,5.4464504536518005e-05,0.10561949387192726,0.740790992975235,0.11381475627422333,0.855195626616478,0.7413808703422546,512,,,,,,,,,,,
1102,0.7000003317416003,0.6842095836445137,0.55859375,0.41431571543216705,1.0899809002876282,0.14601336978375912,0.16552123427391052,5.43771918033709e-05,0.14601336978375912,0.7325683534145355,0.2756076827645302,1.3043621256947517,1.0287544429302216,512,,,,,,,,,,,
1103,0.7000003317416003,0.6843184826826608,0.59765625,0.3440917953848839,0.8670136034488678,0.15406794473528862,0.17568878084421158,5.4289865617222e-05,0.15406794473528862,0.7419580072164536,0.19058290123939514,1.2539859861135483,1.0634030848741531,512,,,,,,,,,,,
1104,0.7000003318855728,0.6844268798828125,0.68359375,0.5740470662713051,1.53887540102005,0.07897662278264761,0.20066106505692005,5.420252624646238e-05,0.07897662278264761,0.7495605498552322,0.07768449932336807,0.5881427526473999,0.5104582533240318,512,0.0009250967996194959,0.0009250967996194959,0.03,13984,0.7000003318855728,13984,13983,12744,2492,13984,16203
1105,0.7000003318855728,0.684534776403948,0.490234375,0.520823173224926,1.3906283676624298,0.13230327516794205,0.1876235529780388,5.4115173959523665e-05,0.13230327516794205,0.7483886480331421,0.1617123782634735,1.0409342497587204,0.8792218714952469,512,,,,,,,,,,,
1106,0.7000003318855728,0.6846421734050467,0.61328125,0.295553594827652,0.7604294568300247,0.13039791956543922,0.13518748804926872,5.4027809024877204e-05,0.13039791956543922,0.7546679675579071,0.10328182578086853,0.9611798673868179,0.8578980416059494,512,,,,,,,,,,,
1107,0.7000003318855728,0.6847490720450877,0.54296875,0.573035441339016,1.5243093818426132,0.1539141908288002,0.2121615894138813,5.394043171103318e-05,0.1539141908288002,0.7380810528993607,0.16348086297512054,1.2156585603952408,1.0521776974201202,512,,,,,,,,,,,
1108,0.7000003318855728,0.6848554734830503,0.7109375,0.34475382417440414,0.8969442695379257,0.12124335952103138,0.14776427671313286,5.3853042286539824e-05,0.12124335952103138,0.7583202868700027,0.04723392426967621,0.9292074590921402,0.881973534822464,512,,,,,,,,,,,
1109,0.7000003318855728,0.6849613788779134,0.5625,0.5581327006220818,1.501505434513092,0.16972337663173676,0.1898056771606207,5.3765641019982596e-05,0.16972337663173676,0.7420214712619781,0.16825933754444122,1.3237045109272003,1.155445173382759,512,,,,,,,,,,,
1110,0.7000003318855728,0.6850667893886566,0.546875,0.33309660851955414,0.8659143000841141,0.11561236251145601,0.1434693392366171,5.367822817998338e-05,0.11561236251145601,0.7535644173622131,0.1352221481502056,1.4173107370734215,1.2820885889232159,512,,,,,,,,,,,
1111,0.7000003318855728,0.6851717061742588,0.80078125,0.42614685744047165,1.118331491947174,0.1443541757762432,0.1730225309729576,5.3590804035199585e-05,0.1443541757762432,0.7563622742891312,0.059725746512413025,2.01945561170578,1.959729865193367,512,,,,,,,,,,,
1112,0.7000003318855728,0.6852761303936994,0.58203125,0.8815152794122696,2.3215454667806625,0.16275034472346306,0.3497128188610077,5.3503368854323366e-05,0.16275034472346306,0.7434960752725601,0.2418348342180252,1.8515318036079407,1.6096969693899155,512,0.0006421638536266983,0.0006421638536266983,0.03,12902,0.7000003318855728,12902,12902,13598,410,12902,15163
1113,0.7000003318855728,0.6853800632059573,0.71484375,0.5861394926905632,1.5362742841243744,0.09803710132837296,0.23990589752793312,5.341592290608085e-05,0.09803710132837296,0.7376415878534317,0.07232389599084854,0.5858501344919205,0.5135262385010719,512,,,,,,,,,,,
1114,0.7000003318855728,0.6854835057700122,0.58203125,0.5535347312688828,1.4562682807445526,0.128903454169631,0.22110964730381966,5.332846645923122e-05,0.128903454169631,0.7484911680221558,0.10205675661563873,0.9286182969808578,0.8265615403652191,512,,,,,,,,,,,
1115,0.7000003318855728,0.6855864592448428,0.625,0.6251464784145355,1.6412625014781952,0.16886290349066257,0.2531206998974085,5.3240999782565904e-05,0.16886290349066257,0.7363134622573853,0.14309442043304443,1.169974833726883,1.0268804132938385,512,,,,,,,,,,,
1116,0.7000003318855728,0.6856889247894287,0.5703125,0.5485014468431473,1.4109600484371185,0.1379584763199091,0.2511655203998089,5.31535231449078e-05,0.1379584763199091,0.7402734160423279,0.1534024178981781,0.9540470987558365,0.8006446808576584,512,,,,,,,,,,,
1117,0.7000003318855728,0.6857909035627489,0.8359375,0.7726094573736191,2.0037467032670975,0.10523750633001328,0.33749398589134216,5.306603681511043e-05,0.10523750633001328,0.7408740222454071,0.1506170779466629,1.087971642613411,0.937354564666748,512,,,,,,,,,,,
1118,0.7000003318855728,0.6858923967237825,0.546875,0.7560561150312424,1.9783212691545486,0.1558626964688301,0.3127578254789114,5.297854106205708e-05,0.1558626964688301,0.7386523336172104,0.1754031628370285,1.1082258224487305,0.932822659611702,512,,,,,,,,,,,
1119,0.7000003318855728,0.685993405431509,0.828125,0.5408019460737705,1.3862187564373016,0.1409825161099434,0.25257494300603867,5.289103615466e-05,0.1409825161099434,0.7481933385133743,0.14537402242422104,1.3946952149271965,1.2493211925029755,512,,,,,,,,,,,
1120,0.7000003324614631,0.6860939308449073,0.7421875,0.7131142765283585,1.8738936930894852,0.19799278862774372,0.28705860301852226,5.2803522361859594e-05,0.19799278862774372,0.715776339173317,0.1632617563009262,1.8983774930238724,1.7351157367229462,512,0.0006966610671952367,0.0006966610671952367,0.03,24378,0.7000003324614631,24378,24377,34633,-8859,24378,26586
1121,0.7000003324614631,0.6861939741229569,0.56640625,0.5566002130508423,1.4565663933753967,0.1343213990330696,0.2301008626818657,5.271599995262355e-05,0.1343213990330696,0.7458935528993607,0.25428783893585205,1.4783523380756378,1.2240644991397858,512,,,,,,,,,,,
1122,0.7000003324614631,0.6862935364246368,0.54296875,0.38622531294822693,1.0121807157993317,0.12850266508758068,0.1581989824771881,5.262846919594607e-05,0.12850266508758068,0.7439355105161667,0.07255247235298157,1.375196635723114,1.3026441633701324,512,,,,,,,,,,,
1123,0.7000003324614631,0.6863926189089262,0.6875,0.5648775324225426,1.3887920379638672,0.20343160815536976,0.3229580447077751,5.254093036084695e-05,0.20343160815536976,0.7306591719388962,0.22546739876270294,2.813500016927719,2.588032618165016,512,,,,,,,,,,,
1124,0.7000003324614631,0.6864912227348045,0.61328125,0.47203703969717026,1.2149373590946198,0.16068318486213684,0.2154778242111206,5.245338371637091e-05,0.16068318486213684,0.7538525015115738,0.15322978794574738,1.7537541687488556,1.6005243808031082,512,,,,,,,,,,,
1125,0.7000003324614631,0.6865893490612507,0.58203125,0.39642252027988434,1.0356952846050262,0.09714649803936481,0.16558502987027168,5.236582953158659e-05,0.09714649803936481,0.763842761516571,0.1177344024181366,0.7421860992908478,0.6244516968727112,512,,,,,,,,,,,
1126,0.7000003324614631,0.6866869990472441,0.5234375,0.7238153964281082,1.9030028879642487,0.1381960604339838,0.29037708416581154,5.2278268075585815e-05,0.1381960604339838,0.7391015440225601,0.1890733689069748,0.9629535228013992,0.7738801538944244,512,,,,,,,,,,,
1127,0.7000003324614631,0.6867841738517637,0.60546875,0.5027757287025452,1.3023714572191238,0.12198562920093536,0.22119133919477463,5.219069961748281e-05,0.12198562920093536,0.7490429580211639,0.11382021009922028,0.8822649270296097,0.7684447169303894,512,,,,,,,,,,,
1128,0.7000003324614631,0.686880874633789,0.7265625,0.7432345226407051,1.9343394339084625,0.10926342383027077,0.3178863078355789,5.2103124426413264e-05,0.10926342383027077,0.7359374761581421,0.14150036871433258,1.4607626125216484,1.3192622438073158,512,0.0009074574918486178,0.0009074574918486178,0.03,11172,0.7000003324614631,11172,11172,11758,1214,11172,13445
1129,0.7000003324614631,0.686977102552299,0.5546875,0.7054954692721367,1.8803934454917908,0.12433911673724651,0.257471539080143,5.2015542771533586e-05,0.12433911673724651,0.7491992115974426,0.08852918446063995,0.8147403597831726,0.7262111753225327,512,,,,,,,,,,,
1130,0.7000003324614631,0.6870728587662732,0.68359375,0.8424462080001831,2.258740782737732,0.18765674345195293,0.29412635415792465,5.192795492202004e-05,0.18765674345195293,0.747133731842041,0.17430365085601807,1.8945001512765884,1.7201965004205704,512,,,,,,,,,,,
1131,0.7000003324614631,0.6871681444346904,1.0703125,0.6068856418132782,1.5287121534347534,0.1340754684060812,0.3103351593017578,5.184036114706795e-05,0.1340754684060812,0.743784174323082,0.11857596784830093,1.0473672524094582,0.9287912845611572,512,,,,,,,,,,,
1132,0.7000003324614631,0.68726296071653,0.625,0.5801197737455368,1.5391768366098404,0.18863612785935402,0.21876179054379463,5.175276171589082e-05,0.18863612785935402,0.7297216504812241,0.12045130878686905,2.5172270834445953,2.3967757746577263,512,,,,,,,,,,,
1133,0.7000003324614631,0.6873573087707714,0.6171875,0.6637918651103973,1.7463904321193695,0.11638187803328037,0.26509999856352806,5.166515689771957e-05,0.11638187803328037,0.7527343332767487,0.06921884417533875,0.7833953648805618,0.7141765207052231,512,,,,,,,,,,,
1134,0.7000003324614631,0.6874511897563934,0.62890625,0.3366238623857498,0.8790932148694992,0.15289033204317093,0.14097904972732067,5.157754696180165e-05,0.15289033204317093,0.729204073548317,0.15353336185216904,1.5958957597613335,1.4423623979091644,512,,,,,,,,,,,
1135,0.7000003324614631,0.6875446048323754,0.51953125,0.48808567970991135,1.2835887968540192,0.09271158464252949,0.19545861706137657,5.148993217740023e-05,0.09271158464252949,0.7354882657527924,0.0722365602850914,0.5717620104551315,0.49952545017004013,512,,,,,,,,,,,
1136,0.7000003324614631,0.6876375551576968,0.5703125,0.5469414666295052,1.461562067270279,0.11537040024995804,0.19583628699183464,5.140231281379345e-05,0.11537040024995804,0.7454247921705246,0.1294950395822525,1.0139825344085693,0.8844874948263168,512,0.0008211173699237406,0.0008211173699237406,0.03,11363,0.7000003324614631,11363,11363,11385,1645,11363,13582
1137,0.7000003324614631,0.6877300418913364,0.62890625,0.5831933841109276,1.546437457203865,0.12100161612033844,0.22081510722637177,5.131468914027343e-05,0.12100161612033844,0.7607568204402924,0.10832387208938599,1.5559295266866684,1.4476056545972824,512,,,,,,,,,,,
1138,0.7000003324614631,0.6878220661922737,0.7265625,0.47608839720487595,1.2234478145837784,0.17532978020608425,0.21924427524209023,5.122706142614562e-05,0.17532978020608425,0.7079687267541885,0.17774509638547897,1.6436377614736557,1.4658926650881767,512,,,,,,,,,,,
1139,0.7000003324614631,0.6879136292194878,0.5859375,0.7738941758871078,2.0206461548805237,0.16521389596164227,0.32448767125606537,5.1139429940727815e-05,0.16521389596164227,0.7347363084554672,0.21145330369472504,1.2066563963890076,0.9952030926942825,512,,,,,,,,,,,
1140,0.7000003324614631,0.688004732131958,0.5546875,0.7734232023358345,2.001925438642502,0.09243975952267647,0.3417810797691345,5.105179495334944e-05,0.09243975952267647,0.7302294671535492,0.11677597463130951,0.5887339413166046,0.4719579666852951,512,,,,,,,,,,,
1141,0.7000003324614631,0.6880953760886633,0.5390625,0.4459451138973236,1.1531119048595428,0.11152039095759392,0.1982368864119053,5.096415673335071e-05,0.11152039095759392,0.7385253757238388,0.0981500893831253,0.7630137950181961,0.6648637056350708,512,,,,,,,,,,,
1142,0.7000003324614631,0.6881855622485832,0.6875,0.7480635195970535,1.935845211148262,0.20312958024442196,0.3310138825327158,5.0876515550081716e-05,0.20312958024442196,0.7210205048322678,-0.037331655621528625,2.3220508247613907,2.3593824803829193,512,,,,,,,,,,,
1143,0.7000003324614631,0.6882752917706966,0.51171875,0.431268110871315,1.1399301290512085,0.07704836130142212,0.16694284230470657,5.078887167290168e-05,0.07704836130142212,0.7527294605970383,0.09098263084888458,0.5396595746278763,0.4486769437789917,512,,,,,,,,,,,
1144,0.7000003323174905,0.6883645658139829,0.5625,0.3248287923634052,0.8486157655715942,0.14346725307404995,0.1357138715684414,5.070122537117812e-05,0.14346725307404995,0.7386132478713989,-0.042540907859802246,1.2755189687013626,1.3180598765611649,512,0.000741942843887955,0.000741942843887955,0.03,10992,0.7000003323174905,10992,10993,11778,526,10992,13187
1145,0.7000003323174905,0.6884533855374212,0.546875,0.5741994455456734,1.498356506228447,0.13658864982426167,0.2416418008506298,5.0613576914286e-05,0.13658864982426167,0.7119677364826202,0.3624797910451889,1.605168178677559,1.24268838763237,512,,,,,,,,,,,
1146,0.7000003323174905,0.6885417520999908,0.6171875,0.5353562161326408,1.4038645029067993,0.1316112857311964,0.21842698007822037,5.05259265716069e-05,0.1316112857311964,0.7628612965345383,0.1755014955997467,1.1544229984283447,0.978921502828598,512,,,,,,,,,,,
1147,0.7000003323174905,0.6886296666606708,0.458984375,0.41330841928720474,1.0901614278554916,0.11217040382325649,0.16228827089071274,5.043827461252816e-05,0.11217040382325649,0.7352441102266312,0.13544458150863647,0.7630500346422195,0.6276054531335831,512,,,,,,,,,,,
1148,0.7000003323174905,0.6887171303784406,0.53515625,0.3433777242898941,0.8880054801702499,0.12423550337553024,0.1525330264121294,5.035062130644218e-05,0.12423550337553024,0.7474657893180847,0.2397366613149643,1.8686369210481644,1.6289002597332,512,,,,,,,,,,,
1149,0.7000003323174905,0.6888041444122791,0.59765625,0.4684435501694679,1.2075051069259644,0.16766433604061604,0.21202076971530914,5.026296692274541e-05,0.16766433604061604,0.7389062196016312,0.3231326937675476,2.1924837231636047,1.8693510293960571,512,,,,,,,,,,,
1150,0.7000003323174905,0.6888907099211656,0.62890625,0.6788767427206039,1.818094089627266,0.1877637319266796,0.23910808563232422,5.017531173083767e-05,0.1877637319266796,0.724291980266571,0.11884838342666626,1.825090765953064,1.7062423825263977,512,,,,,,,,,,,
1151,0.7000003323174905,0.6889768280640796,0.546875,0.4599255993962288,1.192147970199585,0.16446631401777267,0.20156591571867466,5.008765600012122e-05,0.16446631401777267,0.7418847531080246,0.21170814335346222,1.5743706673383713,1.362662523984909,512,,,,,,,,,,,
1152,0.7000003328933808,0.6890624999999999,0.640625,0.4840977117419243,1.278230369091034,0.1631576418876648,0.18873228877782822,5e-05,0.1631576418876648,0.7354638576507568,0.19197244942188263,1.4133679866790771,1.2213955372571945,512,0.000914670352358371,0.000914670352358371,0.03,10733,0.7000003328933808,10733,10733,11614,240,10733,12999
1153,0.7000003328933808,0.689147726887906,0.546875,0.2857050523161888,0.738821268081665,0.13270218670368195,0.1269515622407198,4.99123439998788e-05,0.13270218670368195,0.7368700951337814,0.16818423569202423,0.9955911934375763,0.8274069577455521,512,,,,,,,,,,,
1154,0.7000003328933808,0.6892325098867769,0.52734375,0.7215676531195641,1.8918491005897522,0.1082636658102274,0.2947194166481495,4.982468826916234e-05,0.1082636658102274,0.7417333722114563,0.21147511899471283,1.281439520418644,1.0699644014239311,512,,,,,,,,,,,
1155,0.7000003328933808,0.689316850155592,0.52734375,0.5113402530550957,1.356540784239769,0.18466923013329506,0.19297508522868156,4.97370330772546e-05,0.18466923013329506,0.7242919653654099,0.09556476771831512,1.6450676769018173,1.5495029091835022,512,,,,,,,,,,,
1156,0.7000003328933808,0.6894007488533302,0.609375,0.4876495227217674,1.2731528580188751,0.11420710943639278,0.2045728862285614,4.964937869355782e-05,0.11420710943639278,0.746874988079071,0.12671546638011932,1.0509657859802246,0.9242503196001053,512,,,,,,,,,,,
1157,0.7000003328933808,0.6894842071389711,0.58203125,0.5624081268906593,1.4650259763002396,0.14858073368668556,0.23924104496836662,4.956172538747184e-05,0.14858073368668556,0.742119088768959,0.1548098474740982,1.4658920019865036,1.3110821545124054,512,,,,,,,,,,,
1158,0.7000003328933808,0.6895672261714935,0.61328125,0.5923015400767326,1.536196619272232,0.22010638192296028,0.25865642353892326,4.947407342839312e-05,0.22010638192296028,0.7289208918809891,0.28561004996299744,3.4058180451393127,3.1202079951763153,512,,,,,,,,,,,
1159,0.7000003328933808,0.6896498071098769,0.83984375,0.43583354353904724,1.1595271527767181,0.17140786722302437,0.16118046641349792,4.938642308571401e-05,0.17140786722302437,0.7392724305391312,0.13390497863292694,1.6639648377895355,1.5300598591566086,512,,,,,,,,,,,
1160,0.7000003328933808,0.6897319511131004,0.6640625,0.5314218327403069,1.3977727144956589,0.09758141823112965,0.21259641647338867,4.929877462882189e-05,0.09758141823112965,0.7668359130620956,0.13268575072288513,0.893913060426712,0.7612273097038269,512,0.0014298096066340804,0.0014298096066340804,0.03,11501,0.7000003328933808,11501,11501,11336,1144,11501,13737
1161,0.7000003328933808,0.6898136593401432,0.61328125,0.8380893468856812,2.189331978559494,0.20154188200831413,0.3503326028585434,4.921112832709834e-05,0.20154188200831413,0.7179101258516312,0.18726927042007446,1.600159764289856,1.4128904938697815,512,,,,,,,,,,,
1162,0.7000003328933808,0.6898949329499845,0.87890625,0.4970817342400551,1.3269442468881607,0.13756543397903442,0.17936395294964314,4.912348444991831e-05,0.13756543397903442,0.7549365162849426,0.09833891689777374,1.4548044800758362,1.3564655631780624,512,,,,,,,,,,,
1163,0.7000003328933808,0.6899757731016035,0.6796875,0.4276730567216873,1.1247479021549225,0.12121220678091049,0.1712309680879116,4.903584326664929e-05,0.12121220678091049,0.750800758600235,0.1293664053082466,0.9248196259140968,0.7954532206058502,512,,,,,,,,,,,
1164,0.7000003328933808,0.6900561809539795,0.58984375,0.8147175833582878,2.1614949107170105,0.11691807582974434,0.307346161454916,4.894820504665056e-05,0.11691807582974434,0.7140234261751175,0.09848551452159882,0.9470217972993851,0.8485362827777863,512,,,,,,,,,,,
1165,0.7000003328933808,0.6901361576660915,0.5546875,0.442801795899868,1.1877983212471008,0.1712449975311756,0.15402521006762981,4.886057005927219e-05,0.1712449975311756,0.7403417825698853,0.18761974573135376,1.6213736534118652,1.4337539076805115,512,,,,,,,,,,,
1166,0.7000003328933808,0.6902157043969189,0.55078125,0.4155038222670555,1.1032684445381165,0.18911321833729744,0.15583396330475807,4.877293857385439e-05,0.18911321833729744,0.7295165956020355,0.2640850692987442,2.1428198367357254,1.8787347674369812,512,,,,,,,,,,,
1167,0.7000003328933808,0.6902948223054408,0.6015625,0.6860017701983452,1.8279412537813187,0.14264239370822906,0.25085190683603287,4.8685310859726576e-05,0.14264239370822906,0.7323681265115738,0.046062007546424866,1.6092840880155563,1.5632220804691315,512,,,,,,,,,,,
1168,0.7000003328933808,0.6903735125506365,0.48828125,0.34696394950151443,0.9071224927902222,0.14282233268022537,0.14428335055708885,4.859768718620656e-05,0.14282233268022537,0.743100568652153,0.20487762242555618,1.5351960062980652,1.330318383872509,512,0.0009134107967838645,0.0009134107967838645,0.03,10360,0.7000003328933808,10360,10360,10943,391,10360,12608
1169,0.7000003328933808,0.6904517762914851,0.578125,0.5810624808073044,1.5556260347366333,0.1250384207814932,0.20516935735940933,4.851006782259977e-05,0.1250384207814932,0.7480077892541885,0.10047166049480438,0.8214797377586365,0.7210080772638321,512,,,,,,,,,,,
1170,0.7000003328933808,0.6905296146869659,0.6328125,0.5880712568759918,1.5677411556243896,0.18986442312598228,0.21429291367530823,4.8422453038198364e-05,0.18986442312598228,0.7405224293470383,0.3287227004766464,1.7458893060684204,1.417166605591774,512,,,,,,,,,,,
1171,0.7000003328933808,0.6906070288960581,0.66796875,0.7236873656511307,1.8961490541696548,0.11918573454022408,0.29684285819530487,4.833484310228044e-05,0.11918573454022408,0.7336572110652924,0.13169629126787186,0.8175369948148727,0.6858407035470009,512,,,,,,,,,,,
1172,0.7000003328933808,0.6906840200777407,0.57421875,0.37924589961767197,0.9987887740135193,0.20961831510066986,0.15044116228818893,4.8247238284109194e-05,0.20961831510066986,0.7351904362440109,0.038829922676086426,2.4101870357990265,2.37135711312294,512,,,,,,,,,,,
1173,0.7000003328933808,0.690760589390993,0.61328125,0.5679709389805794,1.493750587105751,0.15856768190860748,0.22737335786223412,4.815963885293206e-05,0.15856768190860748,0.6952733993530273,0.20229041576385498,2.1807053685188293,1.9784149527549744,512,,,,,,,,,,,
1174,0.7000003328933808,0.6908367379947944,0.5703125,0.33313651382923126,0.8681935518980026,0.14393560029566288,0.14131098426878452,4.8072045077979974e-05,0.14393560029566288,0.7431933283805847,0.04882398247718811,1.9448611587285995,1.8960371762514114,512,,,,,,,,,,,
1175,0.7000003328933808,0.690912467048124,0.58984375,0.7216173931956291,1.8440641015768051,0.151568790897727,0.3426551539450884,4.798445722846643e-05,0.151568790897727,0.7276269495487213,0.11165359616279602,3.41711862385273,3.3054650276899338,512,,,,,,,,,,,
1176,0.7000003328933808,0.6909877777099609,0.5234375,0.6159001737833023,1.6261537075042725,0.1476723924279213,0.2402103990316391,4.7896875573586755e-05,0.1476723924279213,0.7528905868530273,0.15777909755706787,1.7927647233009338,1.634985625743866,512,0.0009893726091831923,0.0009893726091831923,0.03,11772,0.7000003328933808,11772,11772,15227,-2413,11772,13987
1177,0.7000003328933808,0.6910626711392843,0.515625,0.5080369561910629,1.336725041270256,0.15709065459668636,0.2027808427810669,4.780930038251721e-05,0.15709065459668636,0.7272802591323853,0.04033328592777252,2.0960152596235275,2.055681973695755,512,,,,,,,,,,,
1178,0.7000003328933808,0.6911371484950737,0.62109375,0.5508332662284374,1.4680382013320923,0.11360856238752604,0.20115338452160358,4.772173192441419e-05,0.11360856238752604,0.7498144209384918,0.08721298724412918,0.8018649369478226,0.7146519497036934,512,,,,,,,,,,,
1179,0.7000003328933808,0.6912112109363079,0.6171875,0.4231281653046608,1.110653579235077,0.17893175035715103,0.17155293002724648,4.7634170468413425e-05,0.17893175035715103,0.7162694931030273,0.15709128230810165,1.587301179766655,1.4302098974585533,512,,,,,,,,,,,
1180,0.7000003328933808,0.6912848596219663,0.57421875,0.49859629571437836,1.3120044618844986,0.13622266240417957,0.19889331609010696,4.7546616283629105e-05,0.13622266240417957,0.7324999868869781,0.20576386898756027,1.3532137721776962,1.147449903190136,512,,,,,,,,,,,
1181,0.7000003328933808,0.6913580957110281,0.640625,0.48233069479465485,1.2221772521734238,0.16445796005427837,0.2394308801740408,4.7459069639153054e-05,0.16445796005427837,0.7226952910423279,0.23687631636857986,1.1089459657669067,0.8720696493983269,512,,,,,,,,,,,
1182,0.7000003328933808,0.6914309203624724,0.6484375,0.3623373210430145,0.9545960277318954,0.12457209825515747,0.1433958113193512,4.7371530804053954e-05,0.12457209825515747,0.7456884533166885,0.14473702013492584,0.9979973435401917,0.8532603234052658,512,,,,,,,,,,,
1183,0.7000003328933808,0.6915033347352787,0.68359375,0.6850598379969597,1.790259525179863,0.14838543720543385,0.28567930683493614,4.728400004737647e-05,0.14838543720543385,0.7477538883686066,0.1112036257982254,1.9704312533140182,1.8592276275157928,512,,,,,,,,,,,
1184,0.7000003328933808,0.6915753399884259,0.64453125,0.6183808296918869,1.6441002488136292,0.11655478738248348,0.22978102043271065,4.7196477638140404e-05,0.11655478738248348,0.7343798577785492,0.10783277451992035,0.8448008447885513,0.736968070268631,512,0.00083777098916471,0.00083777098916471,0.03,11143,0.7000003328933808,11143,11143,11704,612,11143,13354
1185,0.7000003328933808,0.6916469372808933,0.58984375,0.9354508593678474,2.4770779758691788,0.13161843083798885,0.357621468603611,4.710896384534e-05,0.13161843083798885,0.7488183379173279,0.13895563781261444,2.00935135781765,1.8703957200050354,512,,,,,,,,,,,
1186,0.7000003328933808,0.6917181277716601,0.69921875,0.5968687236309052,1.5780622065067291,0.09588184207677841,0.230630774050951,4.702145893794292e-05,0.09588184207677841,0.7421532869338989,0.11516919732093811,0.6573558896780014,0.5421866923570633,512,,,,,,,,,,,
1187,0.7000003328933808,0.6917889126197055,0.5703125,0.3489869311451912,0.9110795259475708,0.17492648772895336,0.14645661041140556,4.693396318488957e-05,0.17492648772895336,0.7134423851966858,0.07481946051120758,2.4212688356637955,2.346449375152588,512,,,,,,,,,,,
1188,0.7000003328933808,0.6918592929840087,0.58984375,0.607862152159214,1.6243633329868317,0.15402870811522007,0.21764308586716652,4.684647685509221e-05,0.15402870811522007,0.7436328083276749,0.16475047171115875,1.034273013472557,0.8695225417613983,512,,,,,,,,,,,
1189,0.7000003328933808,0.691929270023549,0.6015625,0.3396023213863373,0.8740707188844681,0.10400068946182728,0.15502719581127167,4.6759000217434114e-05,0.10400068946182728,0.7561962753534317,0.18798424303531647,1.1077470481395721,0.9197628051042557,512,,,,,,,,,,,
1190,0.7000003328933808,0.6919988448973055,0.498046875,0.36490824073553085,0.9429463148117065,0.14858517050743103,0.1628361940383911,4.6671533540768804e-05,0.14858517050743103,0.7573827803134918,0.17000320553779602,2.7280935645103455,2.5580903589725494,512,,,,,,,,,,,
1191,0.7000003328933808,0.6920680187642574,1.4296875,0.5036565735936165,1.2993071377277374,0.17688088305294514,0.2269248440861702,4.6584077093919146e-05,0.17688088305294514,0.7357958853244781,0.18831493705511093,1.4658250510692596,1.2775101140141487,512,,,,,,,,,,,
1192,0.7000003326054357,0.6921367927833839,0.640625,0.6156435161828995,1.6341164112091064,0.11050883494317532,0.23146995902061462,4.649663114567663e-05,0.11050883494317532,0.7569872736930847,0.09045135974884033,1.2963360249996185,1.2058846652507782,512,0.0010619248496368527,0.0010619248496368527,0.03,14056,0.7000003326054357,14056,14058,15112,46,14056,16324
1193,0.7000003326054357,0.6922051681136644,0.60546875,0.5489634424448013,1.4640638679265976,0.1260889507830143,0.1994617022573948,4.640919596480043e-05,0.1260889507830143,0.7455663979053497,0.12295551598072052,1.7636692449450493,1.6407137289643288,512,,,,,,,,,,,
1194,0.7000003326054357,0.6922731459140777,0.62109375,0.3492596559226513,0.8756516575813293,0.15620407462120056,0.1827108897268772,4.6321771820016636e-05,0.15620407462120056,0.7477734088897705,0.1465032994747162,1.5998591035604477,1.4533558040857315,512,,,,,,,,,,,
1195,0.7000003326054357,0.6923407273436033,0.61328125,0.7604946345090866,1.9763984829187393,0.10197528824210167,0.32813059352338314,4.623435898001741e-05,0.10197528824210167,0.7557079941034317,0.09048964083194733,0.7422423660755157,0.6517527252435684,512,,,,,,,,,,,
1196,0.7000003326054357,0.6924079135612204,0.5546875,0.7078093737363815,1.881703719496727,0.11650636047124863,0.26317304745316505,4.6146957713460195e-05,0.11650636047124863,0.7261327803134918,0.10440689325332642,0.7203282564878464,0.61592136323452,512,,,,,,,,,,,
1197,0.7000003326054357,0.6924747057259082,0.7265625,0.46963679045438766,1.1918005347251892,0.16386975906789303,0.23134122416377068,4.605956828896684e-05,0.16386975906789303,0.7332665771245956,0.30790095031261444,2.2508600801229477,1.9429591298103333,512,,,,,,,,,,,
1198,0.7000003326054357,0.6925411049966459,0.55078125,0.723175622522831,1.9147232174873352,0.14829379692673683,0.2767179850488901,4.597219097512279e-05,0.14829379692673683,0.7394189238548279,0.19688855111598969,1.3007408380508423,1.1038522869348526,512,,,,,,,,,,,
1199,0.7000003326054357,0.6926071125324125,0.4921875,0.6075987666845322,1.600727304816246,0.12074866518378258,0.24048097431659698,4.5884826040476326e-05,0.12074866518378258,0.7478369027376175,0.06914599239826202,1.055365115404129,0.986219123005867,512,,,,,,,,,,,
1200,0.7000003326054357,0.6926727294921875,0.640625,0.4952639192342758,1.3011081963777542,0.08867540676146746,0.1996915377676487,4.579747375353763e-05,0.08867540676146746,0.7531591653823853,0.06803856790065765,0.6244159489870071,0.5563773810863495,512,0.0007471405551768839,0.0007471405551768839,0.03,10695,0.7000003326054357,10695,10695,12327,-209,10695,12990
1201,0.7000003326054357,0.6927379570349499,0.78125,0.7894737869501114,2.016048952937126,0.16023406386375427,0.3762957863509655,4.571013438277801e-05,0.16023406386375427,0.7338085770606995,0.0661817193031311,1.7098395824432373,1.6436578631401062,512,,,,,,,,,,,
1202,0.7000003326054357,0.692802796319679,0.578125,0.39505666121840477,1.0211682319641113,0.12394391186535358,0.1759730912744999,4.562280819662911e-05,0.12394391186535358,0.7357177734375,0.23172808438539505,1.362850971519947,1.131122887134552,512,,,,,,,,,,,
1203,0.7000003326054357,0.6928672485053539,0.7265625,0.5085926502943039,1.3097180128097534,0.18921487405896187,0.23147176578640938,4.553549546348203e-05,0.18921487405896187,0.7387109249830246,0.2336834967136383,1.4538848400115967,1.2202013432979584,512,,,,,,,,,,,
1204,0.7000003326054357,0.6929313147509539,0.52734375,0.5083985924720764,1.3324074894189835,0.14477754943072796,0.20819423906505108,4.54481964516865e-05,0.14477754943072796,0.7306347340345383,0.1737033724784851,1.3664349168539047,1.1927315443754196,512,,,,,,,,,,,
1205,0.7000003326054357,0.6929949962154582,0.58203125,0.6819581463932991,1.7808637022972107,0.08996309898793697,0.28567599691450596,4.536091142955014e-05,0.08996309898793697,0.7427050471305847,0.11130202561616898,0.6597006022930145,0.5483985766768456,512,,,,,,,,,,,
1206,0.7000003326054357,0.693058294057846,0.55859375,0.4225763529539108,1.1249052435159683,0.165051631629467,0.15562914684414864,4.5273640665337525e-05,0.165051631629467,0.7255321890115738,0.18690109997987747,1.2029265016317368,1.0160254016518593,512,,,,,,,,,,,
1207,0.7000003326054357,0.6931212094370965,0.55078125,0.4731367155909538,1.2561078369617462,0.08309462480247021,0.1776396930217743,4.5186384427269434e-05,0.08309462480247021,0.7416113168001175,0.07428744435310364,0.5916876494884491,0.5174002051353455,512,,,,,,,,,,,
1208,0.7000003326054357,0.6931837435121889,0.59765625,0.4118422493338585,1.0809088349342346,0.1914205253124237,0.16709793731570244,4.509914298352197e-05,0.1914205253124237,0.7332616895437241,0.16917623579502106,1.896367609500885,1.727191373705864,512,0.0036862308625131845,0.0036862308625131845,0.03,9588,0.7000003326054357,9588,9588,10709,97,9588,11853
1209,0.7000003326054357,0.6932458974421024,0.65234375,0.8239554017782211,2.2213816195726395,0.13717260397970676,0.2754528895020485,4.5011916602225815e-05,0.13717260397970676,0.7480859160423279,0.08432555198669434,1.1065458059310913,1.022220253944397,512,,,,,,,,,,,
1210,0.7000003326054357,0.6933076723858161,0.5625,0.5821787342429161,1.5415600538253784,0.14285172149538994,0.22261786460876465,4.492470555146531e-05,0.14285172149538994,0.7344286739826202,0.007251963019371033,1.4972469210624695,1.4899949580430984,512,,,,,,,,,,,
1211,0.7000003326054357,0.6933690695023095,0.5625,0.3811143711209297,1.0010501593351364,0.11776090413331985,0.15384181961417198,4.4837510099277696e-05,0.11776090413331985,0.7489062398672104,0.14649884402751923,0.8322019875049591,0.6857031434774399,512,,,,,,,,,,,
1212,0.7000003326054357,0.6934300899505614,1.1015625,0.5688146874308586,1.4833938479423523,0.18903951905667782,0.24028689414262772,4.475033051365228e-05,0.18903951905667782,0.7212157845497131,0.09511126577854156,1.8719337731599808,1.7768225073814392,512,,,,,,,,,,,
1213,0.7000003326054357,0.6934907348895514,0.60546875,0.3511357456445694,0.9237841814756393,0.16263540275394917,0.14026350528001785,4.46631670625296e-05,0.16263540275394917,0.7463671714067459,0.15904422104358673,1.225422278046608,1.0663780570030212,512,,,,,,,,,,,
1214,0.7000003326054357,0.6935510054782584,0.55078125,0.5088891237974167,1.2865769565105438,0.15797471813857555,0.25551120564341545,4.457602001380061e-05,0.15797471813857555,0.7283056378364563,0.18705634772777557,1.2212799042463303,1.0342235565185547,512,,,,,,,,,,,
1215,0.7000003326054357,0.6936109028756618,0.59375,0.4288779944181442,1.1289002746343613,0.12218818068504333,0.1707299556583166,4.4488889635305844e-05,0.12218818068504333,0.7400243878364563,0.20125675201416016,0.9837073087692261,0.7824505567550659,512,,,,,,,,,,,
1216,0.7000003327494082,0.6936704282407408,0.59765625,0.6849573329091072,1.8212435692548752,0.15912605449557304,0.25438469648361206,4.4401776194834613e-05,0.15912605449557304,0.741645485162735,0.2096724510192871,1.548717737197876,1.3390452861785889,512,0.000992456218227744,0.000992456218227744,0.03,10903,0.7000003327494082,10903,10904,10934,1044,10903,13105
1217,0.7000003327494082,0.6937295827324743,0.66796875,1.0739161670207977,2.7777063846588135,0.12964211218059063,0.47658492624759674,4.4314679960124145e-05,0.12964211218059063,0.7418261468410492,0.1635168194770813,0.9688137322664261,0.8052969127893448,512,,,,,,,,,,,
1218,0.7000003327494082,0.6937883675098419,0.703125,0.3883824646472931,1.0105754733085632,0.19912395626306534,0.16634104773402214,4.422760119885881e-05,0.19912395626306534,0.6702099591493607,0.22379043698310852,1.8753326535224915,1.651542216539383,512,,,,,,,,,,,
1219,0.7000003327494082,0.6938467837318225,0.5,0.5619421601295471,1.5151081383228302,0.13395430892705917,0.1877468340098858,4.414054017866925e-05,0.13395430892705917,0.7285986095666885,0.14605329930782318,1.2330024391412735,1.0869491398334503,512,,,,,,,,,,,
1220,0.7000003327494082,0.6939048325573957,0.53515625,0.5064740478992462,1.3410654962062836,0.1273359525948763,0.19370428659021854,4.405349716713165e-05,0.1273359525948763,0.7391405999660492,0.09302663803100586,0.8467685729265213,0.7537419348955154,512,,,,,,,,,,,
1221,0.7000003327494082,0.6939625151455402,0.7890625,0.3810039535164833,1.0092832744121552,0.24931898340582848,0.14527406357228756,4.3966472431766754e-05,0.24931898340582848,0.7183837890625,0.04789543151855469,3.0720916986465454,3.0241962671279907,512,,,,,,,,,,,
1222,0.7000003327494082,0.6940198326552355,0.5625,0.6591548323631287,1.71037919819355,0.14768948778510094,0.28705959394574165,4.3879466240039196e-05,0.14768948778510094,0.7568066120147705,0.14479166269302368,2.2323199808597565,2.087528318166733,512,,,,,,,,,,,
1223,0.7000003327494082,0.6940767862454609,0.50390625,0.3581199273467064,0.9370255619287491,0.0922408290207386,0.14818627946078777,4.379247885935659e-05,0.0922408290207386,0.7400829941034317,0.1023387685418129,0.672934502363205,0.5705957338213921,512,,,,,,,,,,,
1224,0.7000003326054357,0.6941333770751953,0.60546875,0.33809539675712585,0.8729605227708817,0.10810425505042076,0.15157093852758408,4.370551055706874e-05,0.10810425505042076,0.7545605450868607,0.07828094810247421,0.7761875689029694,0.6979066208004951,512,0.0008907068404369056,0.0008907068404369056,0.03,10929,0.7000003326054357,10929,10930,13251,-1117,10929,13184
1225,0.7000003326054357,0.6941896063034181,0.64453125,0.44748374074697495,1.1968339383602142,0.1330409161746502,0.15917736664414406,4.3618561600466836e-05,0.1330409161746502,0.722421869635582,0.122301384806633,0.8805349469184875,0.7582335621118546,512,,,,,,,,,,,
1226,0.7000003326054357,0.6942454750891085,0.6328125,0.3721501976251602,0.979607418179512,0.10781743936240673,0.14812040328979492,4.3531632256782554e-05,0.10781743936240673,0.738696277141571,0.12937451899051666,2.035477578639984,1.9061030596494675,512,,,,,,,,,,,
1227,0.7000003326054357,0.6943009845912456,0.57421875,0.36230505630373955,0.9572538882493973,0.1020497977733612,0.1406401488929987,4.344472279318737e-05,0.1020497977733612,0.7398095428943634,0.09268534928560257,0.6610253155231476,0.568339966237545,512,,,,,,,,,,,
1228,0.7000003326054357,0.6943561359688087,0.625,0.5383700951933861,1.4408407360315323,0.1647864654660225,0.1905837059020996,4.335783347679162e-05,0.1647864654660225,0.739072248339653,0.17810550332069397,1.144129604101181,0.9660241007804871,512,,,,,,,,,,,
1229,0.7000003326054357,0.6944109303807771,0.640625,0.7361273281276226,1.9046494662761688,0.10092363134026527,0.3260393012315035,4.3270964574643693e-05,0.10092363134026527,0.7353320121765137,0.1419006586074829,0.7923698276281357,0.6504691690206528,512,,,,,,,,,,,
1230,0.7000003326054357,0.6944653689861298,0.50390625,0.29897578805685043,0.7743812203407288,0.08264960534870625,0.13160600140690804,4.318411635372929e-05,0.08264960534870625,0.7548974454402924,0.11409325897693634,0.8233491778373718,0.7092559188604355,512,,,,,,,,,,,
1231,0.7000003326054357,0.694519452943846,0.71875,0.3877231180667877,0.9990420341491699,0.1598767302930355,0.1758764609694481,4.3097289080970497e-05,0.1598767302930355,0.7189745754003525,0.3760293424129486,2.059338301420212,1.6833089590072632,512,,,,,,,,,,,
1232,0.7000003328933808,0.6945731834129051,0.60546875,0.4381106272339821,1.150983601808548,0.1714472994208336,0.17662424966692924,4.3010483023225045e-05,0.1714472994208336,0.7367773056030273,0.11892592906951904,1.1167271584272385,0.9978012293577194,512,0.0008881175308488309,0.0008881175308488309,0.03,10015,0.7000003328933808,10015,10013,10544,822,10015,12227
1233,0.7000003328933808,0.6946265615522861,0.466796875,0.32948558032512665,0.855229988694191,0.10873703099787235,0.14321112632751465,4.292369844728544e-05,0.10873703099787235,0.7312743812799454,0.13462933152914047,0.9602097719907761,0.8255804404616356,512,,,,,,,,,,,
1234,0.7000003328933808,0.6946795885209683,0.50390625,0.3617270290851593,0.9505933523178101,0.114242784678936,0.145549101755023,4.283693561987824e-05,0.114242784678936,0.7570751458406448,0.2934899777173996,2.490767613053322,2.1972776353359222,512,,,,,,,,,,,
1235,0.7000003328933808,0.694732265477931,0.61328125,0.5371221154928207,1.441675215959549,0.14756834134459496,0.18596752360463142,4.2750194807663066e-05,0.14756834134459496,0.7497802376747131,0.22455771267414093,1.8042105585336685,1.5796528458595276,512,,,,,,,,,,,
1236,0.7000003328933808,0.6947845935821533,0.59375,0.6551772356033325,1.7579438835382462,0.14988179132342339,0.22744165733456612,4.2663476277231915e-05,0.14988179132342339,0.7470702975988388,0.14291071891784668,1.1437973231077194,1.0008866041898727,512,,,,,,,,,,,
1237,0.7000003328933808,0.6948365739926143,0.57421875,0.2910384461283684,0.7550538033246994,0.15506864339113235,0.12688084691762924,4.257678029510832e-05,0.15506864339113235,0.7456200867891312,0.10878829658031464,0.9083520174026489,0.7995637208223343,512,,,,,,,,,,,
1238,0.7000003328933808,0.6948882078682935,0.62890625,0.5518569275736809,1.4480521380901337,0.15733162686228752,0.22424150630831718,4.249010712774648e-05,0.15733162686228752,0.7570361346006393,-0.007672339677810669,1.8803422451019287,1.8880145847797394,512,,,,,,,,,,,
1239,0.7000003328933808,0.6949394963681698,0.5390625,0.6187448650598526,1.6264036744832993,0.1821991316974163,0.2485806979238987,4.240345704153048e-05,0.1821991316974163,0.7247411906719208,0.2394055724143982,2.2774005234241486,2.0379949510097504,512,,,,,,,,,,,
1240,0.7000003327494082,0.6949904406512224,0.58984375,0.5431370288133621,1.4077426344156265,0.15851181373000145,0.23812706768512726,4.231683030277349e-05,0.15851181373000145,0.7467285096645355,0.19599950313568115,2.1045930981636047,1.9085935950279236,512,0.0010047737741842866,0.0010047737741842866,0.03,8243,0.7000003327494082,8243,8244,9359,-79,8243,10440
1241,0.7000003327494082,0.6950410418764308,0.671875,0.6050697714090347,1.6040752530097961,0.1331241838634014,0.22946948185563087,4.223022717771693e-05,0.1331241838634014,0.7488036900758743,0.15238749235868454,1.0248277336359024,0.8724402412772179,512,,,,,,,,,,,
1242,0.7000003327494082,0.695091301202774,0.66015625,0.698821909725666,1.8305329084396362,0.1793309822678566,0.2871092017740011,4.21436479325296e-05,0.1793309822678566,0.7167627066373825,0.10393881797790527,1.4980041533708572,1.394065335392952,512,,,,,,,,,,,
1243,0.7000003327494082,0.6951412197892313,0.5078125,0.635026253759861,1.6753472834825516,0.1421221550554037,0.24897466599941254,4.205709283330694e-05,0.1421221550554037,0.7541064321994781,0.1233142763376236,2.6929104775190353,2.5695962011814117,512,,,,,,,,,,,
1244,0.7000003327494082,0.6951907987947816,0.66796875,0.7381856441497803,1.9671480655670166,0.18042272701859474,0.26977803371846676,4.197056214607015e-05,0.18042272701859474,0.7268994152545929,0.345920205116272,1.3603514730930328,1.0144312679767609,512,,,,,,,,,,,
1245,0.7000003327494082,0.6952400393784046,0.5546875,0.7291633188724518,1.892946183681488,0.14544719830155373,0.31663957983255386,4.188405613676546e-05,0.14544719830155373,0.7345751821994781,0.11403412371873856,0.909292459487915,0.7952583357691765,512,,,,,,,,,,,
1246,0.7000003327494082,0.6952889426990791,0.5703125,0.32280994951725006,0.8388532102108002,0.11129982210695744,0.13935871422290802,4.179757507126319e-05,0.11129982210695744,0.7596239894628525,0.10436016321182251,0.9035845696926117,0.7992244064807892,512,,,,,,,,,,,
1247,0.7000003327494082,0.6953375099157846,0.5546875,0.5875526592135429,1.5306573808193207,0.11705165728926659,0.24980514496564865,4.171111921535703e-05,0.11705165728926659,0.7419531047344208,0.18156933784484863,1.3255718350410461,1.1440024971961975,512,,,,,,,,,,,
1248,0.7000003330373533,0.6953857421874999,0.671875,0.40035001933574677,1.0352404117584229,0.15827592089772224,0.17794142290949821,4.162468883476319e-05,0.15827592089772224,0.7287304550409317,0.1092117577791214,1.0601331889629364,0.950921431183815,512,0.0009370362968184054,0.0009370362968184054,0.03,11336,0.7000003330373533,11336,11336,10297,2079,11336,13522
1249,0.7000003330373533,0.6954336406732047,0.51171875,0.3097013607621193,0.8170440495014191,0.10378672648221254,0.12144487537443638,4.1538284195119546e-05,0.10378672648221254,0.743769496679306,0.12415394932031631,0.7252995073795319,0.6011455580592155,512,,,,,,,,,,,
1250,0.7000003330373533,0.6954812065318778,0.58984375,0.65422622859478,1.730628877878189,0.1268681436777115,0.2518748305737972,4.1451905561984936e-05,0.1268681436777115,0.744990199804306,0.22902518510818481,1.8361537456512451,1.6071285605430603,512,,,,,,,,,,,
1251,0.7000003330373533,0.6955284409224987,0.546875,0.2800877168774605,0.7255209386348724,0.14796080067753792,0.12322967313230038,4.136555320083821e-05,0.14796080067753792,0.7356396317481995,0.18038666248321533,1.1434056162834167,0.9630189538002014,512,,,,,,,,,,,
1252,0.7000003330373533,0.6955753450040464,1.578125,0.3877054378390312,1.0011426210403442,0.14439720008522272,0.1737222857773304,4.127922737707747e-05,0.14439720008522272,0.7310888469219208,0.15604892373085022,2.346383422613144,2.1903344988822937,512,,,,,,,,,,,
1253,0.7000003330373533,0.6956219199355002,0.56640625,0.790122002363205,2.085855320096016,0.16251658834517002,0.3084536977112293,4.119292835601929e-05,0.16251658834517002,0.7447411864995956,0.09296537935733795,1.7544009685516357,1.6614355891942978,512,,,,,,,,,,,
1254,0.7000003330373533,0.6956681668758392,0.73046875,0.3925296887755394,1.0325406640768051,0.17326981201767921,0.1569431647658348,4.110665640289782e-05,0.17326981201767921,0.7365380972623825,0.11002598702907562,1.3826204985380173,1.2725945115089417,512,,,,,,,,,,,
1255,0.7000003330373533,0.6957140869840427,0.64453125,0.5106744393706322,1.3308179825544357,0.1940164864063263,0.2166802752763033,4.10204117828641e-05,0.1940164864063263,0.7371044456958771,0.22569850087165833,1.9844255149364471,1.7587270140647888,512,,,,,,,,,,,
1256,0.7000003330373533,0.69575968141909,0.52734375,0.6975398659706116,1.838966578245163,0.10785835329443216,0.274790508672595,4.093419476098509e-05,0.10785835329443216,0.7519286870956421,0.10846421122550964,0.9467617720365524,0.8382975608110428,512,0.0007557949284091592,0.0007557949284091592,0.03,11042,0.7000003330373533,11042,11042,12218,16,11042,13289
1257,0.7000003330373533,0.69580495133996,0.73828125,0.3417275547981262,0.9002632200717926,0.10181671939790249,0.13527479395270348,4.084800560224295e-05,0.10181671939790249,0.7471825927495956,0.18849506974220276,1.0992436110973358,0.9107485413551331,512,,,,,,,,,,,
1258,0.7000003330373533,0.6958498979056322,0.52734375,0.3795512765645981,0.9926510602235794,0.10507156886160374,0.157504266127944,4.076184457153423e-05,0.10507156886160374,0.7594335675239563,0.11608754843473434,0.857131764292717,0.7410442158579826,512,,,,,,,,,,,
1259,0.7000003330373533,0.6958945222750857,0.62109375,0.5290281251072884,1.4199747294187546,0.15341624803841114,0.1831407379359007,4.067571193366897e-05,0.15341624803841114,0.7170165777206421,0.3920910358428955,1.8872753232717514,1.495184287428856,512,,,,,,,,,,,
1260,0.7000003330373533,0.6959388256072998,0.5546875,0.31357838958501816,0.8209418505430222,0.12212090007960796,0.12929566763341427,4.0589607953370007e-05,0.12212090007960796,0.7486865073442459,0.13209977746009827,2.6493546590209007,2.5172548815608025,512,,,,,,,,,,,
1261,0.7000003330373533,0.6959828090612535,0.5390625,0.34516141563653946,0.9079490005970001,0.14530369639396667,0.13799462839961052,4.050353289527205e-05,0.14530369639396667,0.7445898205041885,0.12052294611930847,0.937901109457016,0.8173781633377075,512,,,,,,,,,,,
1262,0.7000003330373533,0.6960264737959261,0.5390625,0.44544460624456406,1.1754226088523865,0.10141344461590052,0.17440950870513916,4.0417487023921005e-05,0.10141344461590052,0.767880842089653,0.11010628193616867,0.851927138864994,0.7418208569288254,512,,,,,,,,,,,
1263,0.7000003330373533,0.6960698209702968,0.84375,0.4903927929699421,1.3041635006666183,0.14010065980255604,0.1818751711398363,4.0331470603772975e-05,0.14010065980255604,0.7398535013198853,0.13449029624462128,1.2925703972578049,1.1580801010131836,512,,,,,,,,,,,
1264,0.7000003330373533,0.6961128517433448,0.58984375,0.7590311393141747,1.9591655135154724,0.1223404761403799,0.340928765013814,4.0245483899193595e-05,0.1223404761403799,0.7639697045087814,0.08025629818439484,0.9706254005432129,0.890369102358818,512,0.0009034841204993427,0.0009034841204993427,0.03,9171,0.7000003330373533,9171,9171,11015,-825,9171,11439
1265,0.7000003330373533,0.6961555672740495,0.6328125,0.5493806079030037,1.4412400871515274,0.1371255237609148,0.22354955226182938,4.015952717445716e-05,0.1371255237609148,0.7500048726797104,0.2640071511268616,1.2259214222431183,0.9619142711162567,512,,,,,,,,,,,
1266,0.7000003330373533,0.6961979687213897,0.8203125,0.50747961550951,1.3346847891807556,0.13916418701410294,0.20313215255737305,4.007360069374583e-05,0.13916418701410294,0.7701074033975601,0.12238915264606476,1.7817484140396118,1.659359261393547,512,,,,,,,,,,,
1267,0.7000003330373533,0.6962400572443449,0.5390625,0.8864530771970749,2.35815267264843,0.10788694582879543,0.3280685991048813,3.99877047211488e-05,0.10788694582879543,0.754208967089653,0.10952278971672058,0.7413270771503448,0.6318042874336243,512,,,,,,,,,,,
1268,0.7000003330373533,0.6962818340018944,0.53125,0.3849375769495964,0.9810315743088722,0.1597919911146164,0.18544590286910534,3.990183952066151e-05,0.1597919911146164,0.7374999672174454,0.24346910417079926,1.511348471045494,1.2678793668746948,512,,,,,,,,,,,
1269,0.7000003330373533,0.696323300153017,0.6171875,0.3827691897749901,1.00176103413105,0.21744122169911861,0.15814554318785667,3.9816005356184856e-05,0.21744122169911861,0.6993359327316284,0.0851547122001648,2.055034250020981,1.969879537820816,512,,,,,,,,,,,
1270,0.7000003330373533,0.6963644568566922,0.59375,0.34354162216186523,0.9024132862687111,0.16697179526090622,0.13862189278006554,3.973020249152428e-05,0.16697179526090622,0.7449804544448853,0.12491066753864288,1.3275238424539566,1.2026131749153137,512,,,,,,,,,,,
1271,0.7000003330373533,0.6964053052718993,0.60546875,0.31911151111125946,0.8349951058626175,0.12515064142644405,0.13200943544507027,3.964443119038908e-05,0.12515064142644405,0.7449267208576202,0.11586590111255646,0.8204210698604584,0.7045551687479019,512,,,,,,,,,,,
1272,0.7000003331813259,0.6964458465576171,0.59765625,0.4446314200758934,1.1683668047189713,0.13127809017896652,0.17900105938315392,3.955869171639152e-05,0.13127809017896652,0.7524462640285492,0.10056917369365692,0.9523882567882538,0.8518190830945969,512,0.0009124113130383193,0.0009124113130383193,0.03,9390,0.7000003331813259,9390,9389,9989,553,9390,11582
1273,0.7000003331813259,0.6964860818728252,0.60546875,0.3277958184480667,0.8581191152334213,0.12337479367852211,0.13520151190459728,3.947298433304604e-05,0.12337479367852211,0.7464794665575027,0.07134544849395752,0.92623370885849,0.8548882603645325,512,,,,,,,,,,,
1274,0.7000003331813259,0.6965260123765027,1.46875,0.5732458159327507,1.4466745406389236,0.14430593140423298,0.2904339861124754,3.9387309303768484e-05,0.14430593140423298,0.7417968511581421,0.09094074368476868,1.6383528858423233,1.5474121421575546,512,,,,,,,,,,,
1275,0.7000003331813259,0.6965656392276287,0.609375,0.5640091225504875,1.4808134138584137,0.12028088048100471,0.2283050585538149,3.930166689187521e-05,0.12028088048100471,0.7425146400928497,0.24008363485336304,1.2352749109268188,0.9951912760734558,512,,,,,,,,,,,
1276,0.7000003331813259,0.6966049635851824,0.80078125,0.8445584177970886,2.2317771315574646,0.11105994880199432,0.32749073952436447,3.921605736058238e-05,0.11105994880199432,0.7511376738548279,0.09724290668964386,0.7713964283466339,0.67415352165699,512,,,,,,,,,,,
1277,0.7000003331813259,0.6966439866081432,0.54296875,0.5894033312797546,1.528718262910843,0.09420410729944706,0.257352352142334,3.913048097300508e-05,0.09420410729944706,0.7325829863548279,0.08971726149320602,0.5733862221240997,0.4836689606308937,512,,,,,,,,,,,
1278,0.7000003331813259,0.69668270945549,0.5546875,0.5659960508346558,1.5120604634284973,0.08312838058918715,0.20307902991771698,3.9044937992156516e-05,0.08312838058918715,0.7457177489995956,0.10973180457949638,0.5910963490605354,0.48136454448103905,512,,,,,,,,,,,
1279,0.7000003331813259,0.6967211332862023,0.6171875,0.47730839252471924,1.2758050113916397,0.13080073706805706,0.17058395221829414,3.895942868094724e-05,0.13080073706805706,0.7564941197633743,0.12405407428741455,1.1677972078323364,1.0437431335449219,512,,,,,,,,,,,
1280,0.7000003333252985,0.6967592592592592,0.5546875,0.5009720847010612,1.3327453434467316,0.1333465613424778,0.1853517908602953,3.887395330218429e-05,0.1333465613424778,0.7372020930051804,0.1893264502286911,0.9576506912708282,0.7683242410421371,512,0.0009098947048187256,0.0009098947048187256,0.03,8715,0.7000003333252985,8715,8715,9770,52,8715,11022
1281,0.7000003333252985,0.6967970885336399,0.5390625,0.28467725217342377,0.7425683289766312,0.1761714555323124,0.12008997052907944,3.8788512118570466e-05,0.1761714555323124,0.7365673631429672,0.06469975411891937,2.18092679977417,2.1162270456552505,512,,,,,,,,,,,
1282,0.7000003333252985,0.6968346222683235,0.69140625,0.3681326135993004,0.9616107493638992,0.17342929355800152,0.15394259057939053,3.870310539270342e-05,0.17342929355800152,0.7217138409614563,0.246878482401371,1.4292150363326073,1.1823365539312363,512,,,,,,,,,,,
1283,0.7000003333252985,0.6968718616222894,0.640625,0.5224140733480453,1.3664566725492477,0.10493281856179237,0.2166161797940731,3.861773338707495e-05,0.10493281856179237,0.7567040920257568,0.10561105608940125,0.859980434179306,0.7543693780899048,512,,,,,,,,,,,
1284,0.7000003333252985,0.6969088077545166,0.5703125,0.6066980734467506,1.581743136048317,0.14241095818579197,0.25673583894968033,3.8532396364070115e-05,0.14241095818579197,0.7223290801048279,0.08817367255687714,1.6381784081459045,1.5500047355890274,512,,,,,,,,,,,
1285,0.7000003333252985,0.6969454618239843,0.76171875,0.573031835258007,1.4885800331830978,0.21836864575743675,0.24787999875843525,3.8447094585966446e-05,0.21836864575743675,0.7229101359844208,0.12139114737510681,1.887846052646637,1.7664549052715302,512,,,,,,,,,,,
1286,0.7000003333252985,0.696981824989672,0.5546875,1.0943456590175629,2.85822856426239,0.10787622816860676,0.4579702541232109,3.836182831493318e-05,0.10787622816860676,0.7545214295387268,0.1089945137500763,0.9914738088846207,0.8824792951345444,512,,,,,,,,,,,
1287,0.7000003333252985,0.6970178984105586,0.60546875,0.6388924196362495,1.7109200060367584,0.11005526408553123,0.22511759772896767,3.827659781303041e-05,0.11005526408553123,0.7416650205850601,0.12746569514274597,0.7540052905678749,0.6265395954251289,512,,,,,,,,,,,
1288,0.7000003333252985,0.6970536832456236,0.64453125,0.561486266553402,1.475571796298027,0.1074087880551815,0.22590171173214912,3.81914033422083e-05,0.1074087880551815,0.7268212735652924,0.2123066559433937,1.2900149300694466,1.0777082741260529,512,0.0008203269098885357,0.0008203269098885357,0.03,8994,0.7000003333252985,8994,8994,9742,190,8994,11201
1289,0.7000003333252985,0.6970891806538457,0.5390625,0.4213099405169487,1.1022912412881851,0.1252947375178337,0.1744055114686489,3.8106245164306246e-05,0.1252947375178337,0.7588525116443634,0.14526917040348053,1.6699067801237106,1.52463760972023,512,,,,,,,,,,,
1290,0.7000003333252985,0.6971243917942047,0.578125,0.5717630162835121,1.5060669034719467,0.12303812056779861,0.226548183709383,3.802112354105215e-05,0.12303812056779861,0.7355712801218033,0.11305489391088486,0.7967154383659363,0.6836605444550514,512,,,,,,,,,,,
1291,0.7000003333252985,0.6971593178256794,0.5546875,0.533188171684742,1.4079072624444962,0.12429526075720787,0.20781442150473595,3.793603873406155e-05,0.12429526075720787,0.7154540717601776,0.2841646149754524,1.3144072443246841,1.0302426293492317,512,,,,,,,,,,,
1292,0.7000003333252985,0.6971939599072492,0.58984375,0.3860248327255249,1.0210097432136536,0.1402450818568468,0.1487624365836382,3.785099100483681e-05,0.1402450818568468,0.7329589575529099,0.20443041622638702,2.0440355986356735,1.8396051824092865,512,,,,,,,,,,,
1293,0.7000003333252985,0.6972283191978931,0.578125,0.6411160379648209,1.6896207332611084,0.13308370858430862,0.25315509736537933,3.776598061476635e-05,0.13308370858430862,0.7497704774141312,0.24798424541950226,1.2678658962249756,1.0198816508054733,512,,,,,,,,,,,
1294,0.7000003333252985,0.6972623968565905,0.77734375,0.3190404027700424,0.8440901190042496,0.15730799734592438,0.1226989384740591,3.768100782512384e-05,0.15730799734592438,0.7360595464706421,0.0367383137345314,0.7974732741713524,0.760734960436821,512,,,,,,,,,,,
1295,0.7000003333252985,0.6972961940423206,0.5703125,0.3806725740432739,1.0033639073371887,0.09060299955308437,0.15018928423523903,3.759607289706736e-05,0.09060299955308437,0.7361279129981995,0.10937511920928955,0.5970562025904655,0.487681083381176,512,,,,,,,,,,,
1296,0.7000003331813259,0.6973297119140625,0.6171875,0.39095091819763184,1.0294095873832703,0.16638369299471378,0.15529009513556957,3.7511176091638653e-05,0.16638369299471378,0.7155712693929672,0.11131179332733154,1.8515020459890366,1.740190252661705,512,0.0009668896673247218,0.0009668896673247218,0.03,9258,0.7000003331813259,9258,9259,8133,2033,9258,11481
1297,0.7000003331813259,0.6973629516307954,0.6015625,0.5500160679221153,1.446252778172493,0.10654965601861477,0.22046247124671936,3.7426317669762305e-05,0.10654965601861477,0.7509960681200027,0.12885546684265137,0.8415481299161911,0.7126926630735397,512,,,,,,,,,,,
1298,0.7000003331813259,0.6973959143514986,0.6875,0.46703803539276123,1.2436227351427078,0.2237971294671297,0.1716439686715603,3.73414978922449e-05,0.2237971294671297,0.716977521777153,0.505348727107048,2.050576001405716,1.545227274298668,512,,,,,,,,,,,
1299,0.7000003331813259,0.6974286012351513,0.625,0.4851214736700058,1.279374897480011,0.10578489676117897,0.19069015607237816,3.725671701977428e-05,0.10578489676117897,0.7406738102436066,0.1319945529103279,0.6335386335849762,0.5015440806746483,512,,,,,,,,,,,
1300,0.7000003331813259,0.6974610134407325,0.53515625,0.31524088978767395,0.8207062035799026,0.16193796321749687,0.13456915691494942,3.717197531291867e-05,0.16193796321749687,0.7246435731649399,0.28689613193273544,1.6853999346494675,1.398503802716732,512,,,,,,,,,,,
1301,0.7000003331813259,0.6974931521272217,0.5546875,0.5192464925348759,1.3564694672822952,0.14904168248176575,0.2170046605169773,3.708727303212598e-05,0.14904168248176575,0.7383349239826202,0.22379320114850998,1.1400567293167114,0.9162635281682014,512,,,,,,,,,,,
1302,0.7000003331813259,0.6975250184535979,0.66015625,0.7479124143719673,1.9807589650154114,0.16258223727345467,0.2856423035264015,3.700261043772291e-05,0.16258223727345467,0.7256689220666885,0.08926955610513687,1.4224028214812279,1.333133265376091,512,,,,,,,,,,,
1303,0.7000003331813259,0.6975566135788405,0.65625,0.44909390807151794,1.1720585823059082,0.16868018358945847,0.18883202224969864,3.691798778991417e-05,0.16868018358945847,0.7370409965515137,0.19551703333854675,1.1578721106052399,0.9623550772666931,512,,,,,,,,,,,
1304,0.7000003331813259,0.6975879386619285,0.53515625,0.31115342676639557,0.8152375966310501,0.13446029089391232,0.1276515331119299,3.683340534878176e-05,0.13446029089391232,0.7465234100818634,0.2359813153743744,2.2230876088142395,1.9871062934398651,512,0.000992602901533246,0.000992602901533246,0.03,7787,0.7000003331813259,7787,7787,8280,376,7787,9916
1305,0.7000003331813259,0.6976189948618412,0.5703125,0.8978907763957977,2.372733861207962,0.12099168449640274,0.3481472618877888,3.674886337428406e-05,0.12099168449640274,0.7547363042831421,0.09354665875434875,1.1836461424827576,1.0900994837284088,512,,,,,,,,,,,
1306,0.7000003331813259,0.6976497833375578,0.5390625,0.33513589203357697,0.8806137144565582,0.16907696053385735,0.13494955003261566,3.666436212625509e-05,0.16907696053385735,0.7445898354053497,0.12410378456115723,2.6323832869529724,2.508279502391815,512,,,,,,,,,,,
1307,0.7000003331813259,0.6976803052480574,0.48828125,0.38232260942459106,1.0181715935468674,0.1259575169533491,0.1403817366808653,3.657990186440369e-05,0.1259575169533491,0.7520165890455246,0.1290075182914734,0.9238402098417282,0.7948326915502548,512,,,,,,,,,,,
1308,0.7000003331813259,0.6977105617523193,0.5859375,0.438601553440094,1.1645538657903671,0.17507660016417503,0.16454170644283295,3.649548284831275e-05,0.17507660016417503,0.7460253834724426,0.200577974319458,1.6337323486804962,1.4331543743610382,512,,,,,,,,,,,
1309,0.7000003331813259,0.6977405540093227,0.6953125,0.5805908367037773,1.5454730242490768,0.09563061129301786,0.2138930968940258,3.6411105337438365e-05,0.09563061129301786,0.741015613079071,0.13004888221621513,0.7995318174362183,0.6694829352200031,512,,,,,,,,,,,
1310,0.7000003331813259,0.6977702831780469,0.72265625,0.4941679537296295,1.2850145250558853,0.19327847473323345,0.21246406808495522,3.6326769591109086e-05,0.19327847473323345,0.7315624952316284,0.17627495527267456,1.3341275304555893,1.1578525751829147,512,,,,,,,,,,,
1311,0.7000003331813259,0.6977997504174709,0.52734375,0.3830191642045975,1.0012616217136383,0.13240783847868443,0.15940244495868683,3.624247586852514e-05,0.13240783847868443,0.7475439012050629,0.3101760447025299,1.6175230741500854,1.3073470294475555,512,,,,,,,,,,,
1312,0.7000003339011888,0.697828956886574,0.91796875,0.561175249516964,1.4790682643651962,0.1655489020049572,0.22146277874708176,3.6158224428757535e-05,0.1655489020049572,0.7550048679113388,0.181484192609787,2.1300526559352875,1.9485684633255005,512,0.0005152230150997639,0.0005152230150997639,0.03,13921,0.7000003339011888,13921,13920,16025,-1351,13921,16123
1313,0.7000003339011888,0.6978579037443355,0.5859375,0.5434615686535835,1.4285419136285782,0.12378814816474915,0.21831129863858223,3.607401553074735e-05,0.12378814816474915,0.7252245992422104,0.29616492986679077,0.9974663257598877,0.7013013958930969,512,,,,,,,,,,,
1314,0.7000003339011888,0.6978865921497345,0.609375,0.635987214744091,1.6498528271913528,0.12160376831889153,0.2773810774087906,3.598984943330492e-05,0.12160376831889153,0.724130854010582,0.07309269160032272,0.7524245604872704,0.6793318688869476,512,,,,,,,,,,,
1315,0.7000003339011888,0.6979150232617501,0.6015625,0.5727883577346802,1.4995538741350174,0.14984377659857273,0.2361682876944542,3.590572639510903e-05,0.14984377659857273,0.7531494200229645,0.09743046760559082,1.3768344819545746,1.2794040143489838,512,,,,,,,,,,,
1316,0.7000003339011888,0.6979431982393618,0.6484375,0.3619970232248306,0.9494463354349136,0.14645648933947086,0.14751429855823517,3.582164667470612e-05,0.14645648933947086,0.7467675507068634,0.019019410014152527,1.1670423746109009,1.1480229645967484,512,,,,,,,,,,,
1317,0.7000003339011888,0.6979711182415484,0.59375,0.30734841525554657,0.7949976474046707,0.10787909477949142,0.13636113703250885,3.5737610530509504e-05,0.10787909477949142,0.7455517500638962,0.10268722474575043,0.7239043936133385,0.621217168867588,512,,,,,,,,,,,
1318,0.7000003339011888,0.6979987844272896,0.765625,0.6901801154017448,1.8080537468194962,0.1854518000036478,0.28340115025639534,3.5653618220798575e-05,0.1854518000036478,0.7271044850349426,0.17136014997959137,1.0113952904939651,0.8400351405143738,512,,,,,,,,,,,
1319,0.7000003339011888,0.6980261979555642,0.5859375,0.4289516434073448,1.1436249315738678,0.1731097549200058,0.1562284454703331,3.556967000371799e-05,0.1731097549200058,0.7173241823911667,0.2166905701160431,1.8163958638906479,1.5997052937746048,512,,,,,,,,,,,
1320,0.7000003339011888,0.6980533599853516,0.66015625,0.6324509084224701,1.6692153215408325,0.09707382693886757,0.24730247259140015,3.5485766137276894e-05,0.09707382693886757,0.7376269400119781,0.07050134241580963,0.758232481777668,0.6877311393618584,512,0.0005579694989137352,0.0005579694989137352,0.03,7336,0.7000003339011888,7336,7336,7327,1045,7336,9625
1321,0.7000003339011888,0.6980802716756308,0.55859375,0.5452571399509907,1.4355938285589218,0.12632569670677185,0.2167004756629467,3.5401906879348115e-05,0.12632569670677185,0.7387060523033142,0.16860800236463547,1.0450192391872406,0.8764112368226051,512,,,,,,,,,,,
1322,0.7000003339011888,0.6981069341853813,0.65625,0.3290657438337803,0.8709350675344467,0.13881474547088146,0.12623383291065693,3.5318092487667396e-05,0.13881474547088146,0.7287011593580246,0.13474749773740768,1.112657643854618,0.9779101461172104,512,,,,,,,,,,,
1323,0.7000003339011888,0.698133348673582,0.93359375,0.8105585724115372,2.1237425208091736,0.15505159832537174,0.33249545097351074,3.523432321983259e-05,0.15505159832537174,0.7390673607587814,0.25052912533283234,1.784322127699852,1.5337930023670197,512,,,,,,,,,,,
1324,0.7000003339011888,0.6981595162992124,0.609375,0.6066475212574005,1.6136051714420319,0.12199055217206478,0.2247205786406994,3.515059933330282e-05,0.12199055217206478,0.7692626565694809,0.13416513800621033,2.101155310869217,1.9669901728630066,512,,,,,,,,,,,
1325,0.7000003339011888,0.6981854382212515,0.8046875,0.3590615466237068,0.9462829232215881,0.11466849129647017,0.14178233034908772,3.50669210853978e-05,0.11466849129647017,0.7441259473562241,0.10958856344223022,1.2216273248195648,1.1120387613773346,512,,,,,,,,,,,
1326,0.7000003339011888,0.6982111155986785,0.78125,0.3373531475663185,0.8842802792787552,0.240935280919075,0.1380019336938858,3.498328873329695e-05,0.240935280919075,0.719926729798317,0.3628980219364166,2.3163816034793854,1.9534835815429688,512,,,,,,,,,,,
1327,0.7000003339011888,0.6982365495904728,0.54296875,0.3101278841495514,0.7998111546039581,0.14701003581285477,0.13997025415301323,3.48997025340386e-05,0.14701003581285477,0.7388329952955246,0.2462937906384468,1.3321173265576363,1.0858235359191895,512,,,,,,,,,,,
1328,0.7000003339011888,0.6982617413556135,0.62890625,0.5685430243611336,1.501096561551094,0.1275826320052147,0.22176100499927998,3.4816162744519263e-05,0.1275826320052147,0.7278808355331421,0.1370021402835846,0.7422394156455994,0.6052372753620148,512,0.0009244178654626012,0.0009244178654626012,0.03,8588,0.7000003339011888,8588,8588,9384,-94,8588,10765
1329,0.7000003339011888,0.6982866920530796,0.5546875,0.2944537103176117,0.7633239179849625,0.1499282456934452,0.1289600022137165,3.473266962149283e-05,0.1499282456934452,0.7523583769798279,0.34997473657131195,2.0418870598077774,1.6919123232364655,512,,,,,,,,,,,
1330,0.7000003339011888,0.6983114028418504,0.58984375,0.48298368602991104,1.2495186924934387,0.13140022940933704,0.21406816877424717,3.4649223421569724e-05,0.13140022940933704,0.734208956360817,0.15963441133499146,1.4162093847990036,1.2565749734640121,512,,,,,,,,,,,
1331,0.7000003339011888,0.6983358748809054,1.3359375,0.6365773975849152,1.6708067059516907,0.17011241801083088,0.2582156229764223,3.4565824401216155e-05,0.17011241801083088,0.7202587872743607,0.17705115675926208,1.1814571768045425,1.0044060200452805,512,,,,,,,,,,,
1332,0.7000003339011888,0.6983601093292235,0.49609375,0.2937365472316742,0.7658600807189941,0.10166628472507,0.12425064668059349,3.44824728167534e-05,0.10166628472507,0.749589815735817,0.09787540137767792,0.7681623250246048,0.6702869236469269,512,,,,,,,,,,,
1333,0.7000003339011888,0.6983841073457842,0.64453125,0.3575967997312546,0.9460318833589554,0.10451893508434296,0.13759472966194153,3.439916892435687e-05,0.10451893508434296,0.7501904219388962,0.09835164248943329,0.7100775241851807,0.6117258816957474,512,,,,,,,,,,,
1334,0.7000003339011888,0.6984078700895662,0.63671875,0.5722335129976273,1.5140351951122284,0.16475756466388702,0.22000565007328987,3.4315912980055434e-05,0.16475756466388702,0.7165918052196503,0.06048302352428436,1.5917617678642273,1.531278744339943,512,,,,,,,,,,,
1335,0.7000003339011888,0.6984313987195492,1.125,0.5358773842453957,1.4043795615434647,0.13870904222130775,0.21949121728539467,3.423270523973056e-05,0.13870904222130775,0.7325976490974426,0.0841255635023117,0.9549075663089752,0.8707820028066635,512,,,,,,,,,,,
1336,0.7000003340451614,0.6984546943947121,0.59375,0.5137520134449005,1.3494813740253448,0.12031897343695164,0.20734288357198238,3.4149545959115605e-05,0.12031897343695164,0.7298095524311066,0.16100089251995087,0.9539445638656616,0.7929436713457108,512,0.000779486377723515,0.000779486377723515,0.03,15054,0.7000003340451614,15054,15053,20555,-4573,15054,17359
1337,0.7000003340451614,0.6984777582740342,0.56640625,0.5386160761117935,1.3985413908958435,0.10718291997909546,0.23362850584089756,3.4066435393794974e-05,0.10718291997909546,0.7577489912509918,0.12276679277420044,0.8373231738805771,0.7145563811063766,512,,,,,,,,,,,
1338,0.7000003340451614,0.6985005915164947,0.546875,0.5009273141622543,1.3283114582300186,0.11747725028544664,0.18965004198253155,3.398337379920331e-05,0.11747725028544664,0.7389843463897705,0.07064788043498993,0.8956423401832581,0.8249944597482681,512,,,,,,,,,,,
1339,0.7000003340451614,0.6985231952810729,0.52734375,0.4108993299305439,1.0521946996450424,0.11165856197476387,0.19295473769307137,3.390036143062485e-05,0.11165856197476387,0.7394091337919235,0.09691499173641205,0.8065001964569092,0.7095852047204971,512,,,,,,,,,,,
1340,0.7000003340451614,0.6985455707267478,0.54296875,0.5200399942696095,1.3776948750019073,0.13086452707648277,0.1981838122010231,3.3817398543192424e-05,0.13086452707648277,0.7356152087450027,0.15630771964788437,0.8813803941011429,0.7250726744532585,512,,,,,,,,,,,
1341,0.7000003340451614,0.6985677190124988,0.6796875,0.7070856913924217,1.8707402348518372,0.17310399934649467,0.271943636238575,3.373448539188686e-05,0.17310399934649467,0.7132372856140137,0.2628927305340767,1.1973441243171692,0.9344513937830925,512,,,,,,,,,,,
1342,0.7000003340451614,0.698589641297305,0.6640625,0.684831015765667,1.778785839676857,0.09417992271482944,0.29645954817533493,3.3651622231536085e-05,0.09417992271482944,0.7343115210533142,0.03604932874441147,1.2246081233024597,1.1885587945580482,512,,,,,,,,,,,
1343,0.7000003340451614,0.6986113387401457,0.69140625,0.5291635766625404,1.3933312743902206,0.1619165912270546,0.21019461005926132,3.356880931681439e-05,0.1619165912270546,0.742666020989418,0.08937297761440277,1.6508647352457047,1.5614917576313019,512,,,,,,,,,,,
1344,0.7000003344770791,0.6986328125,0.6953125,0.38913464546203613,1.0138044208288193,0.12126580812036991,0.1653914451599121,3.3486046902241664e-05,0.12126580812036991,0.750541940331459,0.17475733160972595,0.9270978569984436,0.7523405253887177,512,0.0010166540741920471,0.0010166540741920471,0.03,9639,0.7000003344770791,9639,9639,11603,-707,9639,11908
1345,0.7000003344770791,0.698654063735847,0.578125,0.4074103385210037,1.088660329580307,0.1522393450140953,0.1459164060652256,3.340333524218253e-05,0.1522393450140953,0.759775385260582,0.12971699237823486,1.9569335877895355,1.8272165954113007,512,,,,,,,,,,,
1346,0.7000003344770791,0.6986750936066662,0.515625,0.4646043926477432,1.2099944353103638,0.15646934881806374,0.1978975497186184,3.3320674590845715e-05,0.15646934881806374,0.7485009282827377,0.23331056535243988,1.589671105146408,1.3563605397939682,512,,,,,,,,,,,
1347,0.7000003344770791,0.6986959032714366,0.5234375,0.5462861210107803,1.459524244070053,0.11387689970433712,0.19588813930749893,3.323806520228309e-05,0.11387689970433712,0.745185524225235,0.10753823816776276,1.410914584994316,1.3033763468265533,512,,,,,,,,,,,
1348,0.7000003344770791,0.6987164938891375,0.58203125,0.5744650587439537,1.5171576738357544,0.1484120525419712,0.2236454263329506,3.3155507330389e-05,0.1484120525419712,0.7217480093240738,0.01670028269290924,2.5303012430667877,2.5136009603738785,512,,,,,,,,,,,
1349,0.7000003344770791,0.698736866618748,0.6328125,0.3976031020283699,1.048453003168106,0.09062857367098331,0.15640484914183617,3.307300122889947e-05,0.09062857367098331,0.7494335621595383,0.09412883222103119,0.6647796630859375,0.5706508308649063,512,,,,,,,,,,,
1350,0.7000003344770791,0.6987570226192474,0.49609375,0.5629232749342918,1.5082633942365646,0.1103360690176487,0.19756460934877396,3.2990547151391395e-05,0.1103360690176487,0.7376806437969208,0.009970016777515411,1.433658555150032,1.4236885383725166,512,,,,,,,,,,,
1351,0.7000003344770791,0.6987769630496149,0.515625,0.5434165373444557,1.4332425147294998,0.10065213963389397,0.21347421035170555,3.290814535128177e-05,0.10065213963389397,0.7320458590984344,0.07742120325565338,1.1160123348236084,1.038591131567955,512,,,,,,,,,,,
1352,0.7000003344770791,0.6987966890688295,0.6953125,0.4077022969722748,1.0739947110414505,0.1457190364599228,0.16146674007177353,3.282579608182694e-05,0.1457190364599228,0.7476757764816284,0.06373235583305359,1.9202694445848465,1.856537088751793,512,0.0008172898087650537,0.0008172898087650537,0.03,5747,0.7000003344770791,5747,5747,6165,427,5747,7941
1353,0.7000003344770791,0.6988162018358707,0.66796875,0.524077519774437,1.40723517537117,0.12285354919731617,0.18087845295667648,3.274349959612182e-05,0.12285354919731617,0.7548925578594208,0.1226360872387886,1.152281939983368,1.0296458527445793,512,,,,,,,,,,,
1354,0.7000003344770791,0.6988355025097175,0.56640625,0.7230371758341789,1.8673310577869415,0.10706132091581821,0.32369059696793556,3.266125614709905e-05,0.10706132091581821,0.7453466653823853,0.1339189037680626,1.6430286467075348,1.5091097429394722,512,,,,,,,,,,,
1355,0.7000003344770791,0.6988545922493493,0.5546875,0.7641355991363525,2.026426210999489,0.11817137524485588,0.28913610242307186,3.257906598752828e-05,0.11817137524485588,0.753373995423317,0.10864181816577911,0.9053178131580353,0.7966759949922562,512,,,,,,,,,,,
1356,0.7000003344770791,0.6988734722137451,0.494140625,0.6360224559903145,1.6922828555107117,0.09965718165040016,0.23505782708525658,3.249692937001538e-05,0.09965718165040016,0.7227782905101776,0.1515122652053833,0.8933984488248825,0.7418861836194992,512,,,,,,,,,,,
1357,0.7000003344770791,0.6988921435618841,0.5859375,0.5249510556459427,1.3725416362285614,0.18246805854141712,0.21821908839046955,3.2414846547001706e-05,0.18246805854141712,0.7334179580211639,-0.010017991065979004,1.585421770811081,1.59543976187706,512,,,,,,,,,,,
1358,0.7000003344770791,0.6989106074527458,0.734375,0.5088013485074043,1.3557442128658295,0.12629231065511703,0.18607797846198082,3.2332817770763204e-05,0.12629231065511703,0.749091774225235,0.14253578335046768,1.442031055688858,1.2994952723383904,512,,,,,,,,,,,
1359,0.7000003344770791,0.698928865045309,0.80859375,0.4245514050126076,1.1194192171096802,0.13988564535975456,0.16710012778639793,3.225084329340975e-05,0.13988564535975456,0.7359814345836639,0.1900613233447075,1.0660314485430717,0.8759701251983643,512,,,,,,,,,,,
1360,0.7000003343331065,0.6989469174985532,0.609375,0.4564790055155754,1.1656107604503632,0.1326492391526699,0.2176588848233223,3.216892336688435e-05,0.1326492391526699,0.7444628775119781,0.04040087014436722,1.62473513931036,1.5843342691659927,512,0.0008356811013072729,0.0008356811013072729,0.03,7303,0.7000003343331065,7303,7304,6984,1296,7303,9613
1361,0.7000003343331065,0.6989647659714575,0.56640625,0.37901056557893753,0.9706476181745529,0.19774999096989632,0.1778691876679659,3.208705824296233e-05,0.19774999096989632,0.7361962646245956,0.11750204861164093,1.944892778992653,1.827390730381012,512,,,,,,,,,,,
1362,0.7000003343331065,0.698982411623001,0.6796875,0.568780530244112,1.4923611134290695,0.15015630051493645,0.23121614009141922,3.200524817325059e-05,0.15015630051493645,0.7360839694738388,0.07313264906406403,1.3130810856819153,1.2399484366178513,512,,,,,,,,,,,
1363,0.7000003343331065,0.6989998556121632,0.66015625,0.3492073342204094,0.9272122085094452,0.13542432710528374,0.13099178485572338,3.192349340918683e-05,0.13542432710528374,0.7259911894798279,0.139964759349823,0.836671307682991,0.696706548333168,512,,,,,,,,,,,
1364,0.7000003343331065,0.699017099097923,0.546875,0.7986453846096992,2.108116388320923,0.12813417054712772,0.3120209872722626,3.1841794202038765e-05,0.12813417054712772,0.7482665777206421,0.10928351432085037,1.775931902229786,1.6666483879089355,512,,,,,,,,,,,
1365,0.7000003343331065,0.6990341432392597,0.609375,0.8234644681215286,2.1887757182121277,0.1389404647052288,0.30657098442316055,3.1760150802903355e-05,0.1389404647052288,0.7210741937160492,0.2556377798318863,1.2269439399242401,0.9713061600923538,512,,,,,,,,,,,
1366,0.7000003343331065,0.6990509891951525,0.7421875,0.539009939879179,1.4322108626365662,0.17474244721233845,0.20115254074335098,3.167856346270602e-05,0.17474244721233845,0.748178705573082,0.0935123860836029,1.655251383781433,1.5617389976978302,512,,,,,,,,,,,
1367,0.7000003343331065,0.6990676381245807,0.62890625,0.2819237560033798,0.7312357276678085,0.11348669603466988,0.12307864055037498,3.159703243219997e-05,0.11348669603466988,0.7068408280611038,0.1580757200717926,0.9207511097192764,0.7626753896474838,512,,,,,,,,,,,
1368,0.7000003344770791,0.6990840911865234,0.53515625,0.37512581050395966,0.9984832555055618,0.1372552067041397,0.13826155476272106,3.151555796196525e-05,0.1372552067041397,0.7563671767711639,0.118964284658432,1.3514758497476578,1.2325115650892258,512,0.0008396622724831104,0.0008396622724831104,0.03,5998,0.7000003344770791,5998,5997,6736,-4,5998,8319
1369,0.7000003344770791,0.6991003495399598,0.5546875,0.5051857084035873,1.3305559009313583,0.11111742630600929,0.20030975714325905,3.143414030240813e-05,0.11111742630600929,0.7468066513538361,0.13309462368488312,1.3727501183748245,1.2396554946899414,512,,,,,,,,,,,
1370,0.7000003344770791,0.6991164143438692,0.62890625,0.5615861415863037,1.4726942777633667,0.19700568914413452,0.2290817704051733,3.1352779703760236e-05,0.19700568914413452,0.7248876690864563,0.31417927145957947,1.9745067656040192,1.6603274941444397,512,,,,,,,,,,,
1371,0.7000003344770791,0.6991322867572307,0.58984375,0.4096793383359909,1.096655786037445,0.16806964576244354,0.14479672722518444,3.127147641607787e-05,0.16806964576244354,0.7462109327316284,0.1873568296432495,1.5918580368161201,1.4045012071728706,512,,,,,,,,,,,
1372,0.7000003344770791,0.6991479679390236,0.703125,0.3595215156674385,0.9491488039493561,0.12364016845822334,0.14031028747558594,3.119023068924115e-05,0.12364016845822334,0.7463036924600601,0.45160651206970215,2.5121151953935623,2.06050868332386,512,,,,,,,,,,,
1373,0.7000003344770791,0.6991634590482271,0.515625,0.3169569857418537,0.8333156257867813,0.11161322426050901,0.1271600630134344,3.110904277295329e-05,0.11161322426050901,0.7500927448272705,0.2117900773882866,1.8275158554315567,1.6157257780432701,512,,,,,,,,,,,
1374,0.7000003344770791,0.6991787612438202,0.7421875,0.652458168566227,1.7275574654340744,0.1381639251485467,0.2495883908122778,3.102791291673987e-05,0.1381639251485467,0.7368944883346558,0.19509774446487427,1.0242976993322372,0.829199954867363,512,,,,,,,,,,,
1375,0.7000003344770791,0.6991938756847822,0.83984375,0.46538661420345306,1.2064582854509354,0.13598303496837616,0.2038041353225708,3.094684136994798e-05,0.13598303496837616,0.7458935230970383,0.1682877242565155,1.0588853061199188,0.8905975818634033,512,,,,,,,,,,,
1376,0.7000003347650242,0.6992088035300925,0.49609375,0.47297853976488113,1.240823671221733,0.08939792029559612,0.19244456849992275,3.086582838174551e-05,0.08939792029559612,0.7379980385303497,0.124947689473629,0.6380378007888794,0.5130901113152504,512,0.0007815062999725342,0.0007815062999725342,0.03,7812,0.7000003347650242,7812,7812,7678,846,7812,10059
1377,0.7000003347650242,0.6992235459387302,0.482421875,0.38096512854099274,1.0021404027938843,0.13267281465232372,0.1522993203252554,3.07848742011204e-05,0.13267281465232372,0.7454003691673279,0.16416002064943314,1.8557353168725967,1.6915752962231636,512,,,,,,,,,,,
1378,0.7000003347650242,0.6992381040696745,0.63671875,0.49292009323835373,1.3029731810092926,0.11985957622528076,0.19072398357093334,3.070397907687979e-05,0.11985957622528076,0.7348388582468033,0.34529559314250946,2.0139905512332916,1.6686949580907822,512,,,,,,,,,,,
1379,0.7000003347650242,0.6992524790819044,0.50390625,0.31863346323370934,0.8344766646623611,0.11585100274533033,0.13107926584780216,3.0623143257649377e-05,0.11585100274533033,0.7222753614187241,0.19966499507427216,0.9929211735725403,0.7932561784982681,512,,,,,,,,,,,
1380,0.7000003347650242,0.6992666721343994,0.55078125,0.48920129239559174,1.291253387928009,0.14306220412254333,0.19117470271885395,3.054236699187255e-05,0.14306220412254333,0.7222851365804672,0.2354491651058197,2.8966455459594727,2.661196380853653,512,,,,,,,,,,,
1381,0.7000003347650242,0.6992806843861386,0.6171875,0.8267932832241058,2.19889760017395,0.1418609581887722,0.3065364994108677,3.0461650527809692e-05,0.1418609581887722,0.7247705161571503,0.060125261545181274,1.2936442196369171,1.2335189580917358,512,,,,,,,,,,,
1382,0.7000003347650242,0.6992945169961011,0.76171875,0.912795677781105,2.3971916139125824,0.10810981132090092,0.3688558004796505,3.0380994113537377e-05,0.10810981132090092,0.7527490258216858,0.14933642745018005,0.8590817451477051,0.709745317697525,512,,,,,,,,,,,
1383,0.7000003347650242,0.6993081711232662,0.515625,0.5946081131696701,1.562415286898613,0.10904760286211967,0.23942739889025688,3.0300397996947605e-05,0.10904760286211967,0.7677050530910492,0.08695818483829498,0.9177783131599426,0.8308201283216476,512,,,,,,,,,,,
1384,0.7000003349089968,0.6993216479266131,0.6171875,0.3902318701148033,1.0220498591661453,0.13392536714673042,0.1604709029197693,3.021986242574707e-05,0.13392536714673042,0.7429394423961639,0.15339314937591553,1.007103145122528,0.8537099957466125,512,0.0007814628770574927,0.0007814628770574927,0.03,5623,0.7000003349089968,5623,5622,5835,613,5623,7918
1385,0.7000003349089968,0.699334948565121,0.69140625,0.5654898770153522,1.4994610100984573,0.210412984713912,0.21414462104439735,3.0139387647456392e-05,0.210412984713912,0.7078613042831421,0.3223292827606201,1.806367114186287,1.4840378314256668,512,,,,,,,,,,,
1386,0.7000003349089968,0.6993480741977691,0.69140625,0.4932691119611263,1.287439003586769,0.13300384022295475,0.20731579326093197,3.005897390940933e-05,0.13300384022295475,0.7396581768989563,0.1405733823776245,1.3761396408081055,1.235566258430481,512,,,,,,,,,,,
1387,0.7000003349089968,0.6993610259835367,0.73828125,0.36658981069922447,0.9780938625335693,0.14845766685903072,0.1327843125909567,2.997862145875202e-05,0.14845766685903072,0.7309521287679672,0.22345390915870667,1.3412552326917648,1.1178013235330582,512,,,,,,,,,,,
1388,0.7000003349089968,0.6993738050814028,0.58984375,0.5209629908204079,1.376047357916832,0.1517871767282486,0.20262832380831242,2.9898330542442322e-05,0.1517871767282486,0.7413671761751175,0.3371417969465256,2.979815050959587,2.6426732540130615,512,,,,,,,,,,,
1389,0.7000003349089968,0.6993864126503467,0.546875,0.5128530077636242,1.3538605570793152,0.17557097785174847,0.2002393677830696,2.981810140724889e-05,0.17557097785174847,0.7560107111930847,0.2204371690750122,1.879834145307541,1.6593969762325287,512,,,,,,,,,,,
1390,0.7000003349089968,0.6993988498493476,0.859375,0.3416135460138321,0.8827968314290047,0.23510007746517658,0.1523956712335348,2.9737934299750515e-05,0.23510007746517658,0.7079247981309891,0.1302628368139267,1.9515341520309448,1.8212713152170181,512,,,,,,,,,,,
1391,0.7000003349089968,0.6994111178373849,0.796875,0.30404992401599884,0.7780289947986603,0.12961183115839958,0.1433343794196844,2.9657829466335363e-05,0.12961183115839958,0.750742182135582,0.09794425964355469,1.0405015796422958,0.9425573199987411,512,,,,,,,,,,,
1392,0.7000003349089968,0.6994232177734374,0.62890625,0.4548371508717537,1.207253873348236,0.11799978837370872,0.17104047164320946,2.9577787153200197e-05,0.11799978837370872,0.7314599305391312,0.16882780194282532,2.091837093234062,1.9230092912912369,512,0.000949688081163913,0.000949688081163913,0.03,12175,0.7000003349089968,12175,12175,15506,-2844,12175,14441
1393,0.7000003349089968,0.6994351508164847,0.56640625,0.5048281624913216,1.313089743256569,0.12066405639052391,0.2166924811899662,2.9497807606349646e-05,0.12066405639052391,0.7328612804412842,0.17215143144130707,0.8465656936168671,0.67441426217556,512,,,,,,,,,,,
1394,0.7000003349089968,0.6994469181255057,0.55859375,0.5943264737725258,1.5704824477434158,0.14702589809894562,0.23050682246685028,2.94178910715954e-05,0.14702589809894562,0.7231542766094208,0.19131255149841309,1.219000831246376,1.027688279747963,512,,,,,,,,,,,
1395,0.7000003349089968,0.6994585208594799,0.55078125,0.43569256365299225,1.1324377059936523,0.18459809012711048,0.18784275092184544,2.9338037794555516e-05,0.18459809012711048,0.7098632901906967,0.24435527622699738,1.6510625928640366,1.4067073166370392,512,,,,,,,,,,,
1396,0.7000003349089968,0.6994699601773863,0.69140625,0.461689293384552,1.2080543488264084,0.20470440946519375,0.1910040806978941,2.9258248020653616e-05,0.20470440946519375,0.7180566191673279,0.22336305677890778,1.859883189201355,1.6365201324224472,512,,,,,,,,,,,
1397,0.7000003349089968,0.699481237238204,0.546875,0.4242520332336426,1.1157448887825012,0.18713495694100857,0.16986725479364395,2.917852199511815e-05,0.18713495694100857,0.727128878235817,0.16269785165786743,1.9716573804616928,1.8089595288038254,512,,,,,,,,,,,
1398,0.7000003349089968,0.6994923532009124,0.53515625,0.42000217735767365,1.117629960179329,0.07939615845680237,0.155103862285614,2.909885996298165e-05,0.07939615845680237,0.7489989846944809,0.08715787529945374,0.5805818811058998,0.4934240058064461,512,,,,,,,,,,,
1399,0.7000003349089968,0.6995033092244907,0.58203125,0.7243701666593552,1.9448244869709015,0.1558667253702879,0.2502366416156292,2.901926216907995e-05,0.1558667253702879,0.7328808456659317,0.12752530723810196,1.7802108153700829,1.652685508131981,512,,,,,,,,,,,
1400,0.7000003347650242,0.6995141064679181,0.50390625,0.4841187819838524,1.2584824562072754,0.10988977365195751,0.20854411460459232,2.893972885805148e-05,0.10988977365195751,0.7471581846475601,0.10864724218845367,0.7714750915765762,0.6628278493881226,512,0.0012307224096730351,0.0012307224096730351,0.03,4446,0.7000003347650242,4446,4447,4748,292,4446,6645
1401,0.7000003347650242,0.6995247460901737,0.57421875,0.8626971542835236,2.3022996187210083,0.11604701168835163,0.3119340017437935,2.8860260274336444e-05,0.11604701168835163,0.7371093779802322,0.11510375142097473,0.8053376004099846,0.6902338489890099,512,,,,,,,,,,,
1402,0.7000003347650242,0.6995352292502367,0.51171875,0.9313382506370544,2.422245055437088,0.10259378887712955,0.3999919481575489,2.8780856662176183e-05,0.10259378887712955,0.7473144382238388,0.13403096795082092,1.2998627722263336,1.1658318042755127,512,,,,,,,,,,,
1403,0.7000003347650242,0.6995455571070865,0.71875,0.7693819925189018,2.0227968394756317,0.12261286750435829,0.30866364762187004,2.8701518265612272e-05,0.12261286750435829,0.7353320270776749,0.07928438484668732,1.685206025838852,1.6059216409921646,512,,,,,,,,,,,
1404,0.7000003347650242,0.6995557308197021,0.61328125,0.3910839781165123,1.0284637659788132,0.16032827086746693,0.1566391158849001,2.8622245328485907e-05,0.16032827086746693,0.7385302484035492,0.11477549374103546,2.248898282647133,2.1341227889060974,512,,,,,,,,,,,
1405,0.7000003347650242,0.6995657515470628,0.68359375,0.34885555133223534,0.9119599908590317,0.21187634952366352,0.14517801068723202,2.854303809443707e-05,0.21187634952366352,0.7225634604692459,0.3011512756347656,2.0339120477437973,1.7327607721090317,512,,,,,,,,,,,
1406,0.7000003347650242,0.6995756204481478,0.75,0.7595124915242195,2.004085659980774,0.2089626919478178,0.29746725410223007,2.8463896806903812e-05,0.2089626919478178,0.7196972519159317,0.13701756298542023,2.2489194571971893,2.111901894211769,512,,,,,,,,,,,
1407,0.7000003347650242,0.6995853386819362,0.7421875,0.5231323093175888,1.333181545138359,0.14075039327144623,0.252067843452096,2.8384821709121496e-05,0.14075039327144623,0.7453710585832596,0.16866141557693481,1.3151716440916061,1.1465102285146713,512,,,,,,,,,,,
1408,0.7000003350529693,0.6995949074074074,0.6015625,0.9098147079348564,2.3831534534692764,0.1549965012818575,0.3738606832921505,2.8305813044122097e-05,0.1549965012818575,0.7485693246126175,0.27165284752845764,2.002562999725342,1.7309101521968842,512,0.0007715565734542906,0.0007715565734542906,0.03,5977,0.7000003350529693,5977,5976,6746,46,5977,8229
1409,0.7000003350529693,0.6996043277835404,0.76171875,0.7722755819559097,2.066377967596054,0.15648504346609116,0.2738509103655815,2.822687105473337e-05,0.15648504346609116,0.7468505799770355,0.1305800825357437,1.8938086926937103,1.7632286101579666,512,,,,,,,,,,,
1410,0.7000003350529693,0.6996136009693146,0.55078125,0.5706537589430809,1.5179100632667542,0.12340583000332117,0.2113436684012413,2.8147995983578157e-05,0.12340583000332117,0.7407080084085464,0.12267889082431793,0.8460738658905029,0.723394975066185,512,,,,,,,,,,,
1411,0.7000003350529693,0.699622728123709,0.55859375,0.9097147211432457,2.41828989982605,0.11427693348377943,0.338421244174242,2.8069188073073633e-05,0.11427693348377943,0.7474608868360519,0.11979904770851135,1.0608013421297073,0.941002294421196,512,,,,,,,,,,,
1412,0.7000003350529693,0.6996317104057029,0.640625,0.421174556016922,1.1200657337903976,0.14629142358899117,0.15622076764702797,2.799044756543054e-05,0.14629142358899117,0.7444286942481995,0.1202634871006012,0.8558818995952606,0.7356184124946594,512,,,,,,,,,,,
1413,0.7000003350529693,0.6996405489742755,0.66796875,0.5730790868401527,1.4928474426269531,0.19679559394717216,0.24375581182539463,2.791177470265252e-05,0.19679559394717216,0.7313671559095383,0.11458128690719604,1.6264386177062988,1.5118573307991028,512,,,,,,,,,,,
1414,0.7000003350529693,0.6996492449884061,0.734375,0.8048577532172203,2.1278224736452103,0.1754847764968872,0.3111402988433838,2.783316972653526e-05,0.1754847764968872,0.7268993854522705,-0.09027703106403351,2.601975202560425,2.6922522336244583,512,,,,,,,,,,,
1415,0.7000003350529693,0.6996577996070737,0.96484375,0.5928369089961052,1.5413746535778046,0.13873185589909554,0.2551008313894272,2.775463287866582e-05,0.13873185589909554,0.7346435338258743,0.1959145963191986,1.388046346604824,1.1921317502856255,512,,,,,,,,,,,
1416,0.7000003350529693,0.6996662139892578,0.60546875,0.39382539317011833,1.030308648943901,0.07995459716767073,0.1631015446037054,2.7676164400421862e-05,0.07995459716767073,0.7387158125638962,0.11067401245236397,0.6076677367091179,0.4969937242567539,512,0.0009727241122163832,0.0009727241122163832,0.03,8217,0.7000003350529693,8217,8217,8550,380,8217,10370
1417,0.7000003350529693,0.6996744892939373,0.51171875,0.5032737776637077,1.335140198469162,0.10906164348125458,0.18993180431425571,2.7597764532970905e-05,0.10906164348125458,0.7504784762859344,-0.006626561284065247,1.0713132172822952,1.0779397785663605,512,,,,,,,,,,,
1418,0.7000003350529693,0.6996826266800916,0.6640625,0.39103013277053833,1.0056195855140686,0.14134428650140762,0.17932019010186195,2.7519433517269665e-05,0.14134428650140762,0.7366943061351776,0.17599987983703613,0.8810071647167206,0.7050072848796844,512,,,,,,,,,,,
1419,0.7000003350529693,0.6996906273066997,0.65625,0.7942123860120773,2.015500694513321,0.1823536679148674,0.3912033215165138,2.744117159406318e-05,0.1823536679148674,0.7020214647054672,0.190396249294281,1.9314599931240082,1.7410637438297272,512,,,,,,,,,,,
1420,0.7000003350529693,0.699698492332741,0.5390625,0.7591655626893044,2.0110568404197693,0.1426769234240055,0.2894447557628155,2.7362979003884152e-05,0.1426769234240055,0.7366357296705246,-0.03687655180692673,1.8705459833145142,1.9074225351214409,512,,,,,,,,,,,
1421,0.7000003350529693,0.6997062229171946,0.578125,0.5446801744401455,1.439266487956047,0.13945144042372704,0.21127940714359283,2.7284855987052203e-05,0.13945144042372704,0.7437206953763962,0.12707044184207916,1.4914066940546036,1.3643362522125244,512,,,,,,,,,,,
1422,0.7000003350529693,0.6997138202190398,0.59375,0.35484613478183746,0.9326588213443756,0.09945185668766499,0.14263244904577732,2.72068027836731e-05,0.09945185668766499,0.7105566263198853,-0.10084155201911926,1.0020920634269714,1.1029336154460907,512,,,,,,,,,,,
1423,0.7000003350529693,0.6997212853972559,0.6875,0.78371512144804,2.077728033065796,0.17198835127055645,0.2971661873161793,2.7128819633638103e-05,0.17198835127055645,0.7345556318759918,0.28513066470623016,1.5500793159008026,1.2649486511945724,512,,,,,,,,,,,
1424,0.7000003350529693,0.6997286196108217,0.57421875,0.2803114242851734,0.7226412743330002,0.15278125181794167,0.12678725086152554,2.705090677662311e-05,0.15278125181794167,0.7176122814416885,0.08046475052833557,1.586954414844513,1.5064896643161774,512,0.0006307120784185827,0.0006307120784185827,0.03,4746,0.7000003350529693,4746,4746,5053,203,4746,7041
1425,0.7000003350529693,0.6997358240187168,0.73828125,0.5979849770665169,1.5802602469921112,0.15080691501498222,0.23181533813476562,2.6973064452088e-05,0.15080691501498222,0.7256249636411667,-0.017767488956451416,1.4764880388975143,1.4942555278539658,512,,,,,,,,,,,
1426,0.7000003350529693,0.6997428997799202,0.57421875,0.5815040990710258,1.5463936775922775,0.11970332637429237,0.2157398909330368,2.689529289927586e-05,0.11970332637429237,0.7476708889007568,0.1324324607849121,0.9959542900323868,0.8635218292474747,512,,,,,,,,,,,
1427,0.7000003350529693,0.6997498480534112,0.65234375,0.29865770041942596,0.7793353348970413,0.13759271800518036,0.12568798288702965,2.6817592357212297e-05,0.13759271800518036,0.7367382496595383,0.12281143665313721,0.9760759621858597,0.8532645255327225,512,,,,,,,,,,,
1428,0.7000003350529693,0.6997566699981689,0.50390625,0.4025971591472626,1.0476482957601547,0.11180436052381992,0.17234301753342152,2.673996306470463e-05,0.11180436052381992,0.7313329875469208,0.10060764849185944,1.4287453591823578,1.3281377106904984,512,,,,,,,,,,,
1429,0.7000003350529693,0.6997633667731726,0.5078125,0.308762863278389,0.8116993606090546,0.09530541859567165,0.12394565716385841,2.6662405260341215e-05,0.09530541859567165,0.7485399842262268,0.09293314814567566,1.035588800907135,0.9426556527614594,512,,,,,,,,,,,
1430,0.7000003350529693,0.6997699395374015,0.494140625,0.5988468900322914,1.5737891048192978,0.1323542185127735,0.24089837819337845,2.658491918249073e-05,0.1323542185127735,0.7486962676048279,0.11755901575088501,1.2747668027877808,1.1572077870368958,512,,,,,,,,,,,
1431,0.7000003350529693,0.6997763894498348,0.56640625,0.6380299925804138,1.7012564539909363,0.16220013797283173,0.23216770589351654,2.650750506930136e-05,0.16220013797283173,0.758227527141571,0.16609635949134827,2.2450434863567352,2.078947126865387,512,,,,,,,,,,,
1432,0.7000003350529693,0.6997827176694517,0.484375,0.49417828023433685,1.3086593300104141,0.1055123507976532,0.18885057978332043,2.6430163158700115e-05,0.1055123507976532,0.7540185451507568,0.06586408615112305,0.7727213799953461,0.706857293844223,512,0.001155724050477147,0.001155724050477147,0.03,4712,0.7000003350529693,4712,4712,5511,-235,4712,6988
1433,0.7000003350529693,0.6997889253552313,0.515625,0.30152181535959244,0.7870031744241714,0.20048818178474903,0.1266992650926113,2.6352893688392123e-05,0.20048818178474903,0.7390771359205246,0.14739519357681274,2.4185293912887573,2.2711341977119446,512,,,,,,,,,,,
1434,0.7000003350529693,0.6997950136661529,0.5703125,0.6854426972568035,1.8026947528123856,0.1487275380641222,0.2744043171405792,2.6275696895859835e-05,0.1487275380641222,0.7249706834554672,0.12838929146528244,1.1448776945471764,1.016488403081894,512,,,,,,,,,,,
1435,0.7000003350529693,0.6998009837611957,0.46875,0.35033951699733734,0.9251879155635834,0.10686573665589094,0.13644695654511452,2.619857301836237e-05,0.10686573665589094,0.7426659911870956,0.175607580691576,1.0838817581534386,0.9082741774618626,512,,,,,,,,,,,
1436,0.7000003350529693,0.699806836799339,0.58984375,0.7942543923854828,2.139799550175667,0.12800793536007404,0.2670317981392145,2.6121522292934697e-05,0.12800793536007404,0.7121240198612213,0.14861136674880981,1.40584796667099,1.2572365999221802,512,,,,,,,,,,,
1437,0.7000003350529693,0.6998125739395618,0.5703125,0.3248595669865608,0.8450225591659546,0.17107294499874115,0.13940032199025154,2.604454495638704e-05,0.17107294499874115,0.724482387304306,0.15230043977499008,1.6618001908063889,1.5094997510313988,512,,,,,,,,,,,
1438,0.7000003350529693,0.6998181963408434,0.6328125,0.4130605682730675,1.089768886566162,0.15942101180553436,0.16192975267767906,2.596764124530398e-05,0.15942101180553436,0.7205615043640137,0.30945228040218353,2.4697971045970917,2.160344824194908,512,,,,,,,,,,,
1439,0.7000003350529693,0.6998237051621631,0.6328125,0.46094995364546776,1.2033314406871796,0.1457521766424179,0.1934864390641451,2.5890811396043868e-05,0.1457521766424179,0.7467333674430847,0.15757537633180618,1.0618896186351776,0.9043142423033714,512,,,,,,,,,,,
1440,0.7000003351969419,0.6998291015625,0.66015625,0.7540218904614449,1.9786913990974426,0.20952533185482025,0.3062233179807663,2.581405564473801e-05,0.20952533185482025,0.7237157970666885,0.6685559451580048,3.884349077939987,3.2157931327819824,512,0.0009514460689388216,0.0009514460689388216,0.03,5119,0.7000003351969419,5119,5119,5208,518,5119,7331
1441,0.7000003351969419,0.6998343867008333,0.515625,0.45830193907022476,1.217720478773117,0.11232030391693115,0.17107323557138443,2.5737374227290023e-05,0.11232030391693115,0.7560448944568634,0.0956365242600441,0.8168242424726486,0.7211877182126045,512,,,,,,,,,,,
1442,0.7000003351969419,0.6998395617361421,0.71484375,0.497442826628685,1.3125972747802734,0.13116561993956566,0.19480516016483307,2.5660767379375018e-05,0.13116561993956566,0.7421581894159317,0.2982512265443802,1.5021054297685623,1.2038542032241821,512,,,,,,,,,,,
1443,0.7000003351969419,0.6998446278274059,0.58984375,0.4801579713821411,1.2650958895683289,0.10951263271272182,0.18992820382118225,2.5584235336438922e-05,0.10951263271272182,0.7330028712749481,0.2028217911720276,1.1933880001306534,0.9905662089586258,512,,,,,,,,,,,
1444,0.7000003351969419,0.6998495861336036,0.53125,0.538357675075531,1.4122110456228256,0.13110528141260147,0.21917583420872688,2.5507778333697818e-05,0.13110528141260147,0.743090808391571,0.162961944937706,0.9966840893030167,0.8337221443653107,512,,,,,,,,,,,
1445,0.7000003351969419,0.6998544378137147,0.9765625,0.743484653532505,1.9343618750572205,0.1686050407588482,0.31862181052565575,2.5431396606137093e-05,0.1686050407588482,0.7539843618869781,0.14119991660118103,1.75962495803833,1.618425041437149,512,,,,,,,,,,,
1446,0.7000003351969419,0.6998591840267181,0.51953125,0.30034442991018295,0.7801730185747147,0.11422128044068813,0.12996157445013523,2.5355090388510804e-05,0.11422128044068813,0.7439794689416885,0.10354694724082947,0.7562949806451797,0.6527480334043503,512,,,,,,,,,,,
1447,0.7000003351969419,0.6998638259315931,0.59375,0.5025539398193359,1.3139494359493256,0.16557592153549194,0.20894122496247292,2.5278859915340914e-05,0.16557592153549194,0.694516584277153,-0.02004179358482361,1.9683910012245178,1.9884327948093414,512,,,,,,,,,,,
1448,0.7000003353409145,0.6998683646873192,0.5546875,0.6919317543506622,1.7829787582159042,0.12596026249229908,0.31378402188420296,2.5202705420916627e-05,0.12596026249229908,0.7408300638198853,0.16609671711921692,1.2305062115192413,1.0644094944000244,512,0.0010800899472087622,0.0010800899472087622,0.03,5248,0.7000003353409145,5248,5247,5534,178,5248,7421
1449,0.7000003353409145,0.6998728014528751,0.75390625,0.48745960742235184,1.2962474822998047,0.13330685533583164,0.18090281635522842,2.5126627139293597e-05,0.13330685533583164,0.7365038692951202,0.11193747818470001,0.8609040081501007,0.7489665299654007,512,,,,,,,,,,,
1450,0.7000003353409145,0.6998771373872403,0.78515625,0.6289329156279564,1.628598928451538,0.16953722946345806,0.2772583458572626,2.505062530429324e-05,0.16953722946345806,0.7279198914766312,-0.11199869960546494,1.2316033393144608,1.3436020389199257,512,,,,,,,,,,,
1451,0.7000003353409145,0.6998813736493941,0.53125,0.546931155025959,1.4599728137254715,0.12597551383078098,0.19739426486194134,2.4974700149502077e-05,0.12597551383078098,0.7463866919279099,0.11782382428646088,1.9320554584264755,1.8142316341400146,512,,,,,,,,,,,
1452,0.7000003353409145,0.6998855113983153,0.5546875,0.9066699221730232,2.428509443998337,0.13035010732710361,0.31897512450814247,2.4898851908270904e-05,0.13035010732710361,0.7494189143180847,0.12295926362276077,0.9641250446438789,0.8411657810211182,512,,,,,,,,,,,
1453,0.7000003353409145,0.6998895517929836,0.50390625,0.3713943585753441,0.9736147522926331,0.14118742942810059,0.15182265639305115,2.482308081371413e-05,0.14118742942810059,0.7377783209085464,0.07849912345409393,0.8887628465890884,0.8102637231349945,512,,,,,,,,,,,
1454,0.7000003353409145,0.6998934959923779,0.474609375,0.3916177675127983,1.0448371171951294,0.13302093371748924,0.14188333041965961,2.474738709870907e-05,0.13302093371748924,0.7274804413318634,0.0761733427643776,2.0971973538398743,2.0210240110754967,512,,,,,,,,,,,
1455,0.7000003353409145,0.6998973451554775,0.56640625,0.5884884372353554,1.5651934444904327,0.11926751770079136,0.21810472756624222,2.467177099589522e-05,0.11926751770079136,0.7265820056200027,0.15859204530715942,0.8007324039936066,0.6421403586864471,512,,,,,,,,,,,
1456,0.7000003353409145,0.6999011004412615,0.73828125,0.6396056786179543,1.6202166229486465,0.12136407755315304,0.3179822862148285,2.459623273767354e-05,0.12136407755315304,0.7456347644329071,0.19148364663124084,0.9436533600091934,0.7521697133779526,512,0.0008447586442343891,0.0008447586442343891,0.03,5161,0.7000003353409145,5161,5161,5210,408,5161,7386
1457,0.7000003353409145,0.6999047630087093,0.46484375,0.6592168807983398,1.746228814125061,0.14119338989257812,0.2513980269432068,2.4520772556205717e-05,0.14119338989257812,0.7464160025119781,0.11662370711565018,2.5477080419659615,2.4310843348503113,512,,,,,,,,,,,
1458,0.7000003353409145,0.6999083340167999,0.640625,0.6155931204557419,1.6176601201295853,0.09991556033492088,0.2477735672146082,2.444539068341354e-05,0.09991556033492088,0.7493749856948853,0.142190083861351,1.1282868832349777,0.9860967993736267,512,,,,,,,,,,,
1459,0.7000003353409145,0.6999118146245126,0.54296875,0.7598793357610703,2.012892410159111,0.12318117171525955,0.28977222740650177,2.4370087350978043e-05,0.12318117171525955,0.7327294647693634,0.14367203414440155,0.8164112567901611,0.6727392226457596,512,,,,,,,,,,,
1460,0.7000003353409145,0.6999152059908266,0.53515625,0.5287872850894928,1.391956776380539,0.12246770411729813,0.210428848862648,2.4294862790338917e-05,0.12246770411729813,0.7591601461172104,0.11993854492902756,1.3540786802768707,1.2341401353478432,512,,,,,,,,,,,
1461,0.7000003353409145,0.6999185092747211,0.53515625,0.3296810910105705,0.8590832948684692,0.13705697655677795,0.1399502418935299,2.4219717232693745e-05,0.13705697655677795,0.7544140219688416,0.09255039691925049,1.090308666229248,0.9977582693099976,512,,,,,,,,,,,
1462,0.7000003353409145,0.6999217256351753,0.58984375,0.5100457519292831,1.3217745125293732,0.13685525208711624,0.22381856851279736,2.4144650908997286e-05,0.13685525208711624,0.750932589173317,0.1993914246559143,1.3705754727125168,1.1711840480566025,512,,,,,,,,,,,
1463,0.7000003353409145,0.6999248562311685,0.6875,0.43703852593898773,1.1502986997365952,0.08617480006068945,0.1740604154765606,2.4069664049960794e-05,0.08617480006068945,0.7349902093410492,0.07571963965892792,0.588063433766365,0.5123437941074371,512,,,,,,,,,,,
1464,0.7000003353409145,0.6999279022216797,0.671875,0.6411313712596893,1.71785768866539,0.18134731240570545,0.22496462240815163,2.3994756886051268e-05,0.18134731240570545,0.7452392280101776,0.16829214990139008,1.5170029550790787,1.3487108051776886,512,0.0008437602664344013,0.0008437602664344013,0.03,4793,0.7000003353409145,4793,4793,5263,139,4793,6974
1465,0.7000003353409145,0.6999308647656881,0.62890625,0.5430101081728935,1.4179649502038956,0.15844305232167244,0.227520152926445,2.391992964749083e-05,0.15844305232167244,0.7240429520606995,0.24106843769550323,1.048462636768818,0.8073941990733147,512,,,,,,,,,,,
1466,0.7000003353409145,0.6999337450221732,0.462890625,0.5350745171308517,1.423533946275711,0.14878246001899242,0.19790390133857727,2.38451825642559e-05,0.14878246001899242,0.745317354798317,0.19270193576812744,2.933946818113327,2.7412448823451996,512,,,,,,,,,,,
1467,0.7000003353409145,0.699936544150114,0.4609375,0.42817723751068115,1.1302656829357147,0.09637863282114267,0.16724107414484024,2.3770515866076565e-05,0.09637863282114267,0.7523827999830246,0.1036088839173317,0.9883304238319397,0.884721539914608,512,,,,,,,,,,,
1468,0.7000003353409145,0.6999392633084898,0.5703125,0.5173407047986984,1.370546504855156,0.1284730527549982,0.1971525438129902,2.3695929782435844e-05,0.1284730527549982,0.7372070252895355,0.1909952163696289,0.931360125541687,0.7403649091720581,512,,,,,,,,,,,
1469,0.7000003353409145,0.6999419036562795,0.66015625,0.4583873078227043,1.1987608671188354,0.15604113787412643,0.19029151275753975,2.362142454256901e-05,0.15604113787412643,0.7364013642072678,0.17996926605701447,1.4367389678955078,1.2567697018384933,512,,,,,,,,,,,
1470,0.7000003353409145,0.6999444663524628,0.55859375,0.5202310234308243,1.368802860379219,0.1531789544969797,0.2076546847820282,2.354700037546285e-05,0.1531789544969797,0.7382812201976776,0.11385150253772736,1.0741198509931564,0.9602683484554291,512,,,,,,,,,,,
1471,0.7000003353409145,0.6999469525560185,0.671875,0.35893217101693153,0.944033794105053,0.12033962830901146,0.14363940432667732,2.3472657509854978e-05,0.12033962830901146,0.7494286894798279,-0.13836410641670227,2.346816807985306,2.485180914402008,512,,,,,,,,,,,
1472,0.700000335484887,0.699949363425926,0.828125,0.6797032952308655,1.8036415427923203,0.1472446694970131,0.25606536120176315,2.3398396174233178e-05,0.1472446694970131,0.7472802400588989,0.06531175971031189,0.9247672408819199,0.859455481171608,512,0.001050653401762247,0.001050653401762247,0.03,23771,0.700000335484887,23771,23771,35358,-11912,23771,26089
1473,0.700000335484887,0.6999517001211643,0.671875,0.7900204509496689,2.1179649233818054,0.1412403453141451,0.27603642269968987,2.3324216596834603e-05,0.1412403453141451,0.7568212598562241,0.1996275782585144,1.7767005860805511,1.5770730078220367,512,,,,,,,,,,,
1474,0.700000335484887,0.6999539638007128,0.55859375,0.39861710369586945,1.0444195419549942,0.11779973842203617,0.16351110115647316,2.3250119005645147e-05,0.11779973842203617,0.7460400313138962,0.08369216322898865,0.950808122754097,0.8671159595251083,512,,,,,,,,,,,
1475,0.700000335484887,0.6999561556235507,0.7578125,0.24890612438321114,0.6447072327136993,0.10296553187072277,0.10955371893942356,2.3176103628398732e-05,0.10296553187072277,0.7452978193759918,0.03925492614507675,0.584722526371479,0.5454676002264023,512,,,,,,,,,,,
1476,0.700000335484887,0.6999582767486572,0.87890625,0.5711424648761749,1.5113499164581299,0.24004441685974598,0.21938475221395493,2.3102170692576593e-05,0.24004441685974598,0.7245068252086639,0.022107690572738647,1.4091125279664993,1.3870048373937607,512,,,,,,,,,,,
1477,0.700000335484887,0.6999603283350114,0.609375,0.5997662171721458,1.570318877696991,0.11996619217097759,0.24715443328022957,2.302832042540658e-05,0.11996619217097759,0.7509814202785492,0.03350813686847687,1.6784470230340958,1.644938886165619,512,,,,,,,,,,,
1478,0.700000335484887,0.6999623115415926,0.6171875,0.7497946247458458,2.019450008869171,0.1438690908253193,0.25265485793352127,2.2954553053862466e-05,0.1438690908253193,0.7435937374830246,0.10226891934871674,1.9195712804794312,1.8173023611307144,512,,,,,,,,,,,
1479,0.700000335484887,0.69996422752738,0.6328125,0.5162325352430344,1.3386871069669724,0.1553475335240364,0.22565383836627007,2.288086880466329e-05,0.1553475335240364,0.7283642441034317,0.3937879651784897,1.930890068411827,1.5371021032333374,512,,,,,,,,,,,
1480,0.7000003356288597,0.6999660774513526,1.046875,0.6625646203756332,1.7352743446826935,0.12266677059233189,0.27249714732170105,2.280726790427258e-05,0.12266677059233189,0.7467333972454071,0.03729426860809326,1.7799176722764969,1.7426234036684036,512,0.000848861935082823,0.000848861935082823,0.03,3434,0.7000003356288597,3434,3433,4198,-192,3434,5690
1481,0.7000003356288597,0.69996786247249,0.69921875,0.30386391654610634,0.7938293516635895,0.14899424277245998,0.1269703432917595,2.273375057889769e-05,0.14899424277245998,0.7471435219049454,0.1718442589044571,1.1765908598899841,1.004746600985527,512,,,,,,,,,,,
1482,0.7000003356288597,0.699969583749771,0.5546875,0.7661132290959358,2.0114693641662598,0.10256200842559338,0.3100857399404049,2.2660317054489145e-05,0.10256200842559338,0.7459570169448853,0.1227482408285141,0.8174495548009872,0.6947013139724731,512,,,,,,,,,,,
1483,0.7000003356288597,0.6999712424421751,0.69921875,0.4465209096670151,1.1615671515464783,0.13193409144878387,0.1915264967828989,2.258696755673988e-05,0.13193409144878387,0.7554931342601776,0.07387042790651321,1.6984877809882164,1.6246173530817032,512,,,,,,,,,,,
1484,0.7000003356288597,0.6999728397086814,0.5859375,0.5237402096390724,1.3741164803504944,0.14082762971520424,0.21297502890229225,2.2513702311084596e-05,0.14082762971520424,0.7520653903484344,0.09822528809309006,0.922953337430954,0.8247280493378639,512,,,,,,,,,,,
1485,0.7000003356288597,0.6999743767082691,0.484375,0.5544556975364685,1.446158453822136,0.09145415015518665,0.23401025123894215,2.244052154269907e-05,0.09145415015518665,0.7530029267072678,0.09924744069576263,0.6820870786905289,0.5828396379947662,512,,,,,,,,,,,
1486,0.7000003356288597,0.6999758545999174,0.53125,0.8040166720747948,2.1456877291202545,0.11281268112361431,0.29072631895542145,2.236742547649942e-05,0.11281268112361431,0.7565234154462814,0.12032930552959442,1.0725327879190445,0.9522034823894501,512,,,,,,,,,,,
1487,0.7000003356288597,0.6999772745426054,0.5078125,0.6304971426725388,1.6919723451137543,0.1456651147454977,0.2186249941587448,2.229441433714144e-05,0.1456651147454977,0.7532275319099426,-0.009970203042030334,2.4069250375032425,2.416895240545273,512,,,,,,,,,,,
1488,0.7000003356288597,0.6999786376953124,0.5,0.31003213301301,0.8064097464084625,0.13742316607385874,0.13308151252567768,2.2221488349019903e-05,0.13742316607385874,0.7357128858566284,0.17921801656484604,1.0968054607510567,0.9175874441862106,512,0.0009840119164437056,0.0009840119164437056,0.03,2938,0.7000003356288597,2938,2938,3335,55,2938,5187
1489,0.7000003356288597,0.6999799452170177,0.5703125,0.3512546867132187,0.9367849379777908,0.14845341071486473,0.12762313708662987,2.214864773626787e-05,0.14845341071486473,0.7203076034784317,0.15462319552898407,1.4318292289972305,1.2772060334682465,512,,,,,,,,,,,
1490,0.7000003356288597,0.6999811982667005,0.96484375,0.3975236043334007,1.0565937012434006,0.13200395368039608,0.14802321046590805,2.2075892722756054e-05,0.13200395368039608,0.7495898306369781,0.07233954966068268,1.341521605849266,1.2691820561885834,512,,,,,,,,,,,
1491,0.7000003356288597,0.6999823980033397,0.56640625,0.6755332052707672,1.7897519767284393,0.19607605040073395,0.25731820799410343,2.2003223532092026e-05,0.19607605040073395,0.7272265553474426,0.12328116595745087,1.4237376153469086,1.3004564493894577,512,,,,,,,,,,,
1492,0.7000003356288597,0.6999835455859148,0.53125,0.3720710948109627,0.9951910376548767,0.1377788931131363,0.13229707442224026,2.1930640387619616e-05,0.1377788931131363,0.7456542551517487,0.24177326261997223,1.3587673753499985,1.1169941127300262,512,,,,,,,,,,,
1493,0.7000003356288597,0.6999846421734051,0.56640625,0.6634804904460907,1.7366915196180344,0.13979963958263397,0.2738553825765848,2.1858143512418173e-05,0.13979963958263397,0.7328222543001175,0.13554038107395172,1.2585638538002968,1.123023472726345,512,,,,,,,,,,,
1494,0.7000003356288597,0.6999856889247894,0.52734375,0.38193952292203903,1.0028822869062424,0.11686727777123451,0.1545101348310709,2.1785733129301955e-05,0.11686727777123451,0.7497704923152924,0.21801161766052246,2.0174456983804703,1.7994340807199478,512,,,,,,,,,,,
1495,0.7000003356288597,0.6999866869990472,0.5234375,0.33191827312111855,0.8433926999568939,0.13651303201913834,0.16242022067308426,2.171340946081934e-05,0.13651303201913834,0.7477245926856995,0.08412156999111176,1.776673585176468,1.6925520151853561,512,,,,,,,,,,,
1496,0.7000003356288597,0.6999876375551577,0.54296875,0.6144796833395958,1.619889736175537,0.11704880930483341,0.2421699296683073,2.164117272925221e-05,0.11704880930483341,0.7387011498212814,0.1665951982140541,0.9457039088010788,0.7791087105870247,512,0.0007116151391528547,0.0007116151391528547,0.03,4475,0.7000003356288597,4475,4475,5052,16,4475,6736
1497,0.7000003356288597,0.6999885417520999,0.5859375,0.39408132061362267,1.0333158820867538,0.22138811834156513,0.16086993366479874,2.1569023156615253e-05,0.22138811834156513,0.7166503667831421,0.18020275235176086,1.5543778389692307,1.3741750866174698,512,,,,,,,,,,,
1498,0.7000003356288597,0.6999894007488533,0.953125,0.5034123584628105,1.3386389762163162,0.10809449478983879,0.18685293197631836,2.1496960964655288e-05,0.10809449478983879,0.7466699182987213,0.16497065126895905,1.0548456013202667,0.8898749500513077,512,,,,,,,,,,,
1499,0.7000003356288597,0.6999902157043969,0.75,0.5361214391887188,1.4191201627254486,0.11842706799507141,0.2054902072995901,2.1424986374850552e-05,0.11842706799507141,0.7439062148332596,0.1415746882557869,0.8382091224193573,0.6966344341635704,512,,,,,,,,,,,
1500,0.7000003356288597,0.69999098777771,0.6640625,0.599582128226757,1.6131264567375183,0.1773039996623993,0.2037889789789915,2.1353099608410093e-05,0.1773039996623993,0.7313525080680847,0.010533913969993591,1.923915296792984,1.9133813828229904,512,,,,,,,,,,,
1501,0.7000003356288597,0.6999917181277716,0.515625,0.5167232118546963,1.3847588151693344,0.10346488654613495,0.18106909841299057,2.1281300886272988e-05,0.10346488654613495,0.7499169707298279,0.09368844330310822,0.7173620760440826,0.6236736327409744,512,,,,,,,,,,,
1502,0.7000003356288597,0.6999924079135612,0.5390625,0.6622632220387459,1.7506016790866852,0.06487703416496515,0.2562565617263317,2.1209590429107735e-05,0.06487703416496515,0.7337939143180847,0.08515287563204765,0.4335601329803467,0.348407257348299,512,,,,,,,,,,,
1503,0.7000003356288597,0.6999930582940578,0.69921875,0.6983947157859802,1.8478120118379593,0.20705632492899895,0.268535602837801,2.1137968457311552e-05,0.20705632492899895,0.7046240121126175,0.0005560740828514099,1.6745131611824036,1.6739570870995522,512,,,,,,,,,,,
1504,0.7000003356288597,0.6999936704282407,0.8671875,0.7154160737991333,1.8945402055978775,0.18314801342785358,0.27338714338839054,2.1066435191009715e-05,0.18314801342785358,0.7271874845027924,0.22550144791603088,1.8886845707893372,1.6631831228733063,512,0.0008405745029449463,0.0008405745029449463,0.03,4152,0.7000003356288597,4152,4152,4331,289,4152,6377
1505,0.7000003356288597,0.699994245475089,0.55078125,0.5558899194002151,1.4350642263889313,0.11435576342046261,0.24945060536265373,2.0994990850054857e-05,0.11435576342046261,0.7219872772693634,0.20746128261089325,1.179281547665596,0.9718202650547028,512,,,,,,,,,,,
1506,0.7000003356288597,0.6999947845935821,0.80859375,0.8195604532957077,2.165187746286392,0.15476911514997482,0.31832868978381157,2.0923635654026292e-05,0.15476911514997482,0.716928705573082,0.12533938884735107,1.5328023359179497,1.4074629470705986,512,,,,,,,,,,,
1507,0.7000003356288597,0.699995288942699,0.69921875,0.5901067554950714,1.5469939410686493,0.13376731052994728,0.2412082850933075,2.08523698222294e-05,0.13376731052994728,0.7357763648033142,0.17017285525798798,0.9147902131080627,0.7446173578500748,512,,,,,,,,,,,
1508,0.7000003356288597,0.6999957596814191,0.546875,0.3337371349334717,0.8723463416099548,0.17810312658548355,0.1389782465994358,2.0781193573694867e-05,0.17810312658548355,0.7292626947164536,0.0066818296909332275,2.430886387825012,2.424204558134079,512,,,,,,,,,,,
1509,0.7000003356288597,0.6999961979687214,0.63671875,0.5888056643307209,1.5571835488080978,0.15906846523284912,0.2270759716629982,2.071010712717806e-05,0.15906846523284912,0.7476562410593033,0.12867514044046402,1.1838550195097923,1.0551798790693283,512,,,,,,,,,,,
1510,0.7000003356288597,0.6999966049635851,0.640625,0.41659117862582207,1.1057992726564407,0.13728147465735674,0.15659819170832634,2.0639110701158337e-05,0.13728147465735674,0.7432763427495956,0.10872580111026764,0.9054076820611954,0.7966818809509277,512,,,,,,,,,,,
1511,0.7000003356288597,0.6999969818249896,0.796875,0.5764811560511589,1.5230692774057388,0.13663233444094658,0.22384324669837952,2.05682045138384e-05,0.13663233444094658,0.7450439184904099,0.18004512786865234,2.0398315638303757,1.8597864359617233,512,,,,,,,,,,,
1512,0.7000003357728323,0.699997329711914,0.625,0.7602716684341431,2.017666310071945,0.0915007209405303,0.28618717193603516,2.0497388783143602e-05,0.0915007209405303,0.7463036924600601,0.20918475836515427,1.5394969284534454,1.3303121700882912,512,0.0008165682666003704,0.0008165682666003704,0.03,3607,0.7000003357728323,3607,3606,3725,259,3607,5774
1513,0.7000003357728323,0.6999976497833376,0.765625,0.5941074565052986,1.584081918001175,0.16853735223412514,0.2162437029182911,2.0426663726721262e-05,0.16853735223412514,0.7431493997573853,0.12373526394367218,1.2868952304124832,1.163159966468811,512,,,,,,,,,,,
1514,0.7000003357728323,0.6999979431982393,0.5625,0.6787309311330318,1.7892493978142738,0.12624222971498966,0.2675108592957258,2.0356029561940077e-05,0.12624222971498966,0.7474071979522705,0.11800841242074966,1.0450352132320404,0.9270268008112907,512,,,,,,,,,,,
1515,0.7000003357728323,0.6999982111155987,0.58203125,0.35592326521873474,0.9308947622776031,0.13091716170310974,0.1476605348289013,2.0285486505889333e-05,0.13091716170310974,0.7444823980331421,0.16331450641155243,1.6031701564788818,1.4398556500673294,512,,,,,,,,,,,
1516,0.7000003357728323,0.6999984546943947,0.62890625,0.3651244342327118,0.9625662267208099,0.14574013464152813,0.14387142285704613,2.0215034775378332e-05,0.14574013464152813,0.7336083799600601,0.2625884413719177,1.5670514553785324,1.3044630140066147,512,,,,,,,,,,,
1517,0.7000003357728323,0.6999986750936067,0.59765625,0.3415018320083618,0.8936583995819092,0.18045545741915703,0.14119558967649937,2.0144674586935685e-05,0.18045545741915703,0.7099267393350601,0.16052858531475067,1.6486341655254364,1.4881055802106857,512,,,,,,,,,,,
1518,0.7000003357728323,0.6999988734722137,0.6640625,0.3246547803282738,0.848110243678093,0.16527983732521534,0.1356920711696148,2.0074406156808647e-05,0.16527983732521534,0.7374462783336639,-0.015035971999168396,2.222856491804123,2.2378924638032913,512,,,,,,,,,,,
1519,0.7000003357728323,0.6999990509891951,0.62109375,0.3801927790045738,0.9917242974042892,0.11555185914039612,0.1603749766945839,2.0004229700962468e-05,0.11555185914039612,0.7454052567481995,0.14322924613952637,1.556443691253662,1.4132144451141357,512,,,,,,,,,,,
1520,0.7000003359168048,0.6999992088035301,0.50390625,0.30298668146133423,0.7926831692457199,0.11628226190805435,0.12545829080045223,1.9934145435079702e-05,0.11628226190805435,0.7547900080680847,0.18878273665905,1.025035560131073,0.836252823472023,512,0.000830853299703449,0.000830853299703449,0.03,3469,0.7000003359168048,3469,3468,3478,378,3469,5707
1521,0.7000003359168048,0.6999993480741977,0.640625,0.5531137958168983,1.4528450220823288,0.12205659784376621,0.22325729206204414,1.9864153574559623e-05,0.12205659784376621,0.7468407899141312,0.2004525363445282,0.9523491710424423,0.7518966346979141,512,,,,,,,,,,,
1522,0.7000003359168048,0.6999994699601774,0.71875,0.5351186096668243,1.4065193831920624,0.11535123735666275,0.21505215391516685,1.9794254334517443e-05,0.11535123735666275,0.7545800656080246,0.13001131266355515,1.4950452893972397,1.3650339767336845,512,,,,,,,,,,,
1523,0.7000003359168048,0.6999995756204481,0.953125,0.5007376298308372,1.3354838192462921,0.185833852738142,0.1819028127938509,1.972444792978373e-05,0.185833852738142,0.7184277325868607,0.9522363096475601,2.646304190158844,1.6940678805112839,512,,,,,,,,,,,
1524,0.7000003359168048,0.6999996662139892,0.52734375,0.5227280557155609,1.3693126142024994,0.10234913788735867,0.21471168100833893,1.965473457490372e-05,0.10234913788735867,0.7470458596944809,0.12497291713953018,0.7591876685619354,0.6342147514224052,512,,,,,,,,,,,
1525,0.7000003359168048,0.6999997428997798,0.55859375,0.31959443166852,0.8325289934873581,0.14024467766284943,0.13593893498182297,1.9585114484136692e-05,0.14024467766284943,0.750009760260582,0.1832699030637741,1.28280870616436,1.099538803100586,512,,,,,,,,,,,
1526,0.7000003359168048,0.6999998068367993,0.5703125,0.5185865238308907,1.3829068094491959,0.15447829477488995,0.18856740929186344,1.9515587871455253e-05,0.15447829477488995,0.730781227350235,0.15460576862096786,1.2383600771427155,1.0837543085217476,512,,,,,,,,,,,
1527,0.7000003359168048,0.6999998591840266,0.53515625,0.6446503102779388,1.7050577104091644,0.14786292798817158,0.24842797592282295,1.944615495054472e-05,0.14786292798817158,0.7501708716154099,0.10369531810283661,1.6350120455026627,1.531316727399826,512,,,,,,,,,,,
1528,0.7000003359168048,0.6999999011004412,0.57421875,0.502980463206768,1.3398228138685226,0.15002083778381348,0.18436032719910145,1.9376815934802496e-05,0.15002083778381348,0.7424755543470383,0.20069094747304916,1.118013858795166,0.9173229113221169,512,0.0009146610391326249,0.0009146610391326249,0.03,4408,0.7000003359168048,4408,4408,5817,-973,4408,6719
1529,0.7000003359168048,0.6999999337450221,0.59375,0.5143350437283516,1.3645054996013641,0.12928367964923382,0.1940854713320732,1.9307571037337313e-05,0.12928367964923382,0.749746099114418,-0.009952709078788757,1.4411291778087616,1.4510818868875504,512,,,,,,,,,,,
1530,0.7000003359168048,0.6999999582767487,0.53125,0.4897579774260521,1.2646359205245972,0.12890363670885563,0.2194791231304407,1.9238420470968665e-05,0.12890363670885563,0.7337353080511093,0.11348670721054077,0.835481807589531,0.7219951003789902,512,,,,,,,,,,,
1531,0.7000003359168048,0.6999999758545999,0.498046875,0.39102013409137726,1.024376779794693,0.13071922957897186,0.1605326496064663,1.9169364448226123e-05,0.13071922957897186,0.7283154278993607,0.15791311860084534,1.1778667867183685,1.0199536681175232,512,,,,,,,,,,,
1532,0.7000003359168048,0.6999999876375551,0.6953125,0.4129619039595127,1.09224171936512,0.11272880248725414,0.15915792435407639,1.9100403181348686e-05,0.11272880248725414,0.7556054443120956,0.06542128324508667,1.384193018078804,1.3187717348337173,512,,,,,,,,,,,
1533,0.7000003359168048,0.6999999947845935,0.49609375,0.46566589921712875,1.2070912048220634,0.09330770932137966,0.20401752181351185,1.9031536882284125e-05,0.09330770932137966,0.7469140440225601,0.0870603621006012,0.5937530100345612,0.50669264793396,512,,,,,,,,,,,
1534,0.7000003359168048,0.6999999984546943,0.484375,0.5073966383934021,1.3251136094331741,0.10008560866117477,0.21245189756155014,1.8962765762688312e-05,0.10008560866117477,0.7396874725818634,0.11630572378635406,2.2561963200569153,2.139890596270561,512,,,,,,,,,,,
1535,0.7000003359168048,0.6999999998068368,0.84765625,0.6864875704050064,1.876910611987114,0.11902562528848648,0.20335466600954533,1.8894090033924654e-05,0.11902562528848648,0.7478173673152924,0.09161834418773651,1.3180115669965744,1.226393222808838,512,,,,,,,,,,,
1536,0.7000003359168048,0.7,0.5546875,0.28935127332806587,0.7562079876661301,0.11447199992835522,0.12061403132975101,1.8825509907063327e-05,0.11447199992835522,0.7600976377725601,0.15385844558477402,1.0352697893977165,0.8814113438129425,512,0.0007349972729571164,0.0007349972729571164,0.03,3316,0.7000003359168048,3316,3317,2716,1062,3316,5475
1537,0.7000003359168048,0.7,0.5390625,0.5736658722162247,1.5047511011362076,0.1450836043804884,0.2336302436888218,1.875702559288069e-05,0.1450836043804884,0.7407665997743607,0.07604741305112839,1.2887248694896698,1.2126774564385414,512,,,,,,,,,,,
1538,0.7000003359168048,0.7,0.515625,0.5319010466337204,1.4017376452684402,0.11924580670893192,0.21008359640836716,1.868863730185863e-05,0.11924580670893192,0.7473876774311066,0.10731427371501923,0.7748292982578278,0.6675150245428085,512,,,,,,,,,,,
1539,0.7000003359168048,0.7,0.66015625,0.5892177373170853,1.5223450809717178,0.12711842730641365,0.2631631698459387,1.8620345244183917e-05,0.12711842730641365,0.7499316036701202,0.1249738484621048,0.8699010461568832,0.7449271976947784,512,,,,,,,,,,,
1540,0.7000003359168048,0.7,0.5390625,0.5864276960492134,1.51417937874794,0.12271302752196789,0.26287421211600304,1.8552149629747555e-05,0.12271302752196789,0.7669091671705246,0.17267687618732452,1.1893300265073776,1.016653150320053,512,,,,,,,,,,,
1541,0.7000003359168048,0.7,0.71875,0.7793075293302536,2.095056414604187,0.13575677387416363,0.2664814926683903,1.848405066814412e-05,0.13575677387416363,0.7109814435243607,0.25339092314243317,1.558543249964714,1.3051523268222809,512,,,,,,,,,,,
1542,0.7000003359168048,0.7,0.515625,0.33078379184007645,0.8669511824846268,0.1108008325099945,0.13542392291128635,1.8416048568671184e-05,0.1108008325099945,0.7291015535593033,0.09551199525594711,0.6904977783560753,0.5949857831001282,512,,,,,,,,,,,
1543,0.7000003359168048,0.7,0.55078125,0.7077286764979362,1.805472046136856,0.09662414342164993,0.3391601983457804,1.8348143540328554e-05,0.09662414342164993,0.7631982117891312,0.0863129198551178,0.8042592704296112,0.7179463505744934,512,,,,,,,,,,,
1544,0.7000003359168048,0.7,0.58203125,0.7278991639614105,1.9186182916164398,0.19056521356105804,0.28713664412498474,1.8280335791817733e-05,0.19056521356105804,0.7336767166852951,0.16210028529167175,2.1252068877220154,1.9631066024303436,512,0.001773737370967865,0.001773737370967865,0.03,2721,0.7000003359168048,2721,2721,2727,355,2721,4975
1545,0.7000003359168048,0.7,0.58984375,0.399384755641222,1.053052306175232,0.1700528785586357,0.15720445662736893,1.8212625531541232e-05,0.1700528785586357,0.7094384580850601,-0.024996191263198853,0.9445901811122894,0.9695863723754883,512,,,,,,,,,,,
1546,0.7000003359168048,0.7,0.5390625,0.5148903727531433,1.3725095838308334,0.10702069848775864,0.18776419013738632,1.814501296760193e-05,0.10702069848775864,0.7472607344388962,0.11272405087947845,0.7189083844423294,0.606184333562851,512,,,,,,,,,,,
1547,0.7000003359168048,0.7,0.74609375,0.39950742572546005,1.0583674758672714,0.16828108206391335,0.15226109884679317,1.8077498307802465e-05,0.16828108206391335,0.7395654022693634,0.08077505230903625,1.419721931219101,1.3389468789100647,512,,,,,,,,,,,
1548,0.7000003359168048,0.7,0.75,0.6138416454195976,1.6267938613891602,0.15207366459071636,0.23333225399255753,1.8010081759644538e-05,0.15207366459071636,0.704218715429306,-0.05888858437538147,1.198826402425766,1.2577149868011475,512,,,,,,,,,,,
1549,0.7000003359168048,0.7,0.55859375,0.5136885121464729,1.3557876944541931,0.12429173663258553,0.20084407553076744,1.794276353032836e-05,0.12429173663258553,0.7478759586811066,0.11903423815965652,0.9834265932440758,0.8643923550844193,512,,,,,,,,,,,
1550,0.7000003359168048,0.7,0.6953125,0.7435794249176979,1.9726972132921219,0.1823561228811741,0.2805737257003784,1.787554382675193e-05,0.1823561228811741,0.730029284954071,0.24890488386154175,1.7447395026683807,1.495834618806839,512,,,,,,,,,,,
1551,0.7000003359168048,0.7,0.6953125,0.49850521236658096,1.3224719911813736,0.15467409044504166,0.1881498321890831,1.7808422855510436e-05,0.15467409044504166,0.7510644346475601,-0.3149620145559311,2.157733917236328,2.472695931792259,512,,,,,,,,,,,
1552,0.7000003359168048,0.7,0.5625,0.4981691315770149,1.3110159933567047,0.11755166575312614,0.19858737662434578,1.774140082289563e-05,0.11755166575312614,0.7167480140924454,0.3521465063095093,1.3917907029390335,1.0396441966295242,512,0.0010754921240732074,0.0010754921240732074,0.03,3035,0.7000003359168048,3035,3035,3454,-118,3035,5320
1553,0.7000003359168048,0.7,1.2734375,0.5655700042843819,1.4868593961000443,0.15815163031220436,0.2269890382885933,1.767447793489518e-05,0.15815163031220436,0.7342626452445984,0.3101619705557823,1.5642099902033806,1.2540480196475983,512,,,,,,,,,,,
1554,0.7000003359168048,0.7,0.53515625,0.48164980113506317,1.2730426788330078,0.09883683640509844,0.1865021325647831,1.7607654397192036e-05,0.09883683640509844,0.7450976222753525,0.1614171415567398,0.9900380373001099,0.8286208957433701,512,,,,,,,,,,,
1555,0.7000003359168048,0.7,0.6484375,0.4870803728699684,1.288470447063446,0.13742003031075,0.18753059022128582,1.7540930415163782e-05,0.13742003031075,0.755927711725235,0.09850310534238815,2.0260917246341705,1.9275886192917824,512,,,,,,,,,,,
1556,0.7000003359168048,0.7,0.51171875,0.7997144535183907,2.0913002341985703,0.1271074302494526,0.3320768512785435,1.747430619388209e-05,0.1271074302494526,0.7369579821825027,0.09492077678442001,1.0087687224149704,0.9138479456305504,512,,,,,,,,,,,
1557,0.7000003359168048,0.7,0.63671875,0.6087694764137268,1.6039897054433823,0.15988221392035484,0.2407662272453308,1.740778193811196e-05,0.15988221392035484,0.7398583889007568,0.02753308415412903,1.4001071006059647,1.3725740164518356,512,,,,,,,,,,,
1558,0.7000003359168048,0.7,0.640625,0.5693420171737671,1.516539290547371,0.18518373742699623,0.20873945206403732,1.7341357852311174e-05,0.18518373742699623,0.7457812279462814,0.2235584557056427,1.8093201518058777,1.585761696100235,512,,,,,,,,,,,
1559,0.7000003359168048,0.7,0.5625,0.5753280445933342,1.4717528522014618,0.15034075267612934,0.27166541665792465,1.7275034140629647e-05,0.15034075267612934,0.7364306449890137,0.23017416894435883,1.3923210054636002,1.1621468365192413,512,,,,,,,,,,,
1560,0.7000003359168048,0.7,0.58203125,0.4225773885846138,1.1177942901849747,0.16209814324975014,0.16274318471550941,1.7208811006908798e-05,0.16209814324975014,0.7286864966154099,0.1674395501613617,1.3597825169563293,1.1923429667949677,512,0.0010394295677542686,0.0010394295677542686,0.03,3427,0.7000003359168048,3427,3427,2877,875,3427,5568
1561,0.7000003359168048,0.7,0.63671875,0.7644983381032944,2.0165875256061554,0.17755646631121635,0.3000739850103855,1.7142688654680955e-05,0.17755646631121635,0.7169384658336639,0.11666111648082733,1.2395441606640816,1.1228830441832542,512,,,,,,,,,,,
1562,0.7000003359168048,0.7,0.5625,0.5514083504676819,1.4648916125297546,0.13906754180788994,0.20604272186756134,1.7076667287168664e-05,0.13906754180788994,0.732114240527153,0.012454494833946228,2.430667370557785,2.418212875723839,512,,,,,,,,,,,
1563,0.7000003359168048,0.7,0.546875,0.7112715244293213,1.8587192595005035,0.1328255534172058,0.29664888232946396,1.7010747107284114e-05,0.1328255534172058,0.7348339557647705,0.05356421321630478,0.7743913233280182,0.7208271101117134,512,,,,,,,,,,,
1564,0.7000003359168048,0.7,0.96875,0.3378717228770256,0.8827826678752899,0.2409790949895978,0.14107099920511246,1.694492831762851e-05,0.2409790949895978,0.7172753810882568,0.07850780338048935,1.4642204865813255,1.3857126832008362,512,,,,,,,,,,,
1565,0.7000003359168048,0.7,0.54296875,0.5672816634178162,1.484204739332199,0.13531720265746117,0.23483051359653473,1.6879211120491405e-05,0.13531720265746117,0.7380712926387787,0.17090831696987152,1.6000718474388123,1.4291635304689407,512,,,,,,,,,,,
1566,0.7000003359168048,0.7,0.62109375,0.7337222322821617,1.9392782896757126,0.17514260485768318,0.28412224538624287,1.6813595717850188e-05,0.17514260485768318,0.7283007800579071,0.14769212901592255,2.0974345356225967,1.9497424066066742,512,,,,,,,,,,,
1567,0.7000003359168048,0.7,0.765625,0.5095716752111912,1.3325897604227066,0.18678056448698044,0.21156676672399044,1.674808231136932e-05,0.18678056448698044,0.7295117080211639,0.36886167526245117,1.5641867220401764,1.1953250467777252,512,,,,,,,,,,,
1568,0.7000003357728323,0.7,0.62109375,0.5647279620170593,1.4836136102676392,0.12404872383922338,0.2276831716299057,1.6682671102399805e-05,0.12404872383922338,0.741757795214653,0.15789781138300896,0.9166597351431847,0.7587619237601757,512,0.0008105023298412561,0.0008105023298412561,0.03,5178,0.7000003357728323,5178,5179,7280,-1658,5178,7506
1569,0.7000003357728323,0.7,0.72265625,0.48661474883556366,1.3169721513986588,0.15468895621597767,0.1576179452240467,1.661736229197856e-05,0.15468895621597767,0.7401415854692459,0.06622600555419922,1.3088542968034744,1.2426282912492752,512,,,,,,,,,,,
1570,0.7000003357728323,0.7,0.482421875,0.49576520919799805,1.2933036237955093,0.10631714481860399,0.20901513285934925,1.6552156080827757e-05,0.10631714481860399,0.7416161894798279,0.19088605791330338,1.1732896491885185,0.9824035912752151,512,,,,,,,,,,,
1571,0.7000003357728323,0.7,0.482421875,0.4107479453086853,1.0905158668756485,0.09536671452224255,0.1541748233139515,1.6487052669354297e-05,0.09536671452224255,0.7507812082767487,0.16645843535661697,1.5495717003941536,1.3831132650375366,512,,,,,,,,,,,
1572,0.7000003357728323,0.7,0.578125,0.5281408652663231,1.4055529981851578,0.14578864723443985,0.19487379118800163,1.6422052257649078e-05,0.14578864723443985,0.7624169588088989,0.002636462450027466,1.8375490605831146,1.8349125981330872,512,,,,,,,,,,,
1573,0.7000003357728323,0.7,0.486328125,0.5845290347933769,1.528613492846489,0.10199690237641335,0.24268652126193047,1.635715504548645e-05,0.10199690237641335,0.750781238079071,0.10658320039510727,1.701062262058258,1.5944790616631508,512,,,,,,,,,,,
1574,0.7000003357728323,0.7,0.5546875,0.7424623295664787,1.963398203253746,0.13243563659489155,0.28648760728538036,1.6292361232323584e-05,0.13243563659489155,0.7517382651567459,0.14543455839157104,1.1120717227458954,0.9666371643543243,512,,,,,,,,,,,
1575,0.7000003357728323,0.7,0.62890625,0.6341278105974197,1.6707438379526138,0.10449819825589657,0.2508555483072996,1.6227671017299873e-05,0.10449819825589657,0.7380859106779099,0.01562085747718811,0.657886415719986,0.6422655582427979,512,,,,,,,,,,,
1576,0.7000003357728323,0.7,0.55078125,0.44760502874851227,1.131965011358261,0.19906243681907654,0.22441380843520164,1.6163084599236278e-05,0.19906243681907654,0.7349316328763962,0.3554730862379074,1.9690499007701874,1.61357681453228,512,0.0008045003633014858,0.0008045003633014858,0.03,1870,0.7000003357728323,1870,1870,2360,-208,1870,4124
1577,0.7000003357728323,0.7,0.52734375,0.505550354719162,1.3325532227754593,0.12062945030629635,0.19941749796271324,1.6098602176634807e-05,0.12062945030629635,0.7579296678304672,0.1294449418783188,0.9167934060096741,0.7873484641313553,512,,,,,,,,,,,
1578,0.7000003357728323,0.7,0.546875,0.3398841321468353,0.9012911170721054,0.12794442474842072,0.12866074033081532,1.603422394767779e-05,0.12794442474842072,0.7514209002256393,0.08640636503696442,1.1450623571872711,1.0586559921503067,512,,,,,,,,,,,
1579,0.7000003357728323,0.7,0.5625,0.4948999658226967,1.2848625630140305,0.10831794515252113,0.21483427472412586,1.596995011022735e-05,0.10831794515252113,0.7377148419618607,0.12228813767433167,0.7363767325878143,0.6140885949134827,512,,,,,,,,,,,
1580,0.7000003357728323,0.7,0.5546875,0.7420478388667107,1.9736087769269943,0.14429820887744427,0.27502093091607094,1.590578086182475e-05,0.14429820887744427,0.7570556253194809,0.14411470293998718,1.6864115297794342,1.542296826839447,512,,,,,,,,,,,
1581,0.7000003357728323,0.7,0.51953125,0.5669978931546211,1.5182162523269653,0.10008704289793968,0.19995912909507751,1.584171639968982e-05,0.10008704289793968,0.758554682135582,0.11067362129688263,1.0908556580543518,0.9801820367574692,512,,,,,,,,,,,
1582,0.7000003357728323,0.7,0.66015625,0.6781630776822567,1.8006858974695206,0.23562048003077507,0.2543536238372326,1.5777756920720344e-05,0.23562048003077507,0.7304833829402924,0.06354182958602905,1.48814457654953,1.424602746963501,512,,,,,,,,,,,
1583,0.7000003357728323,0.7,0.5703125,0.8894841521978378,2.3653948605060577,0.09505172446370125,0.330011535435915,1.5713902621491412e-05,0.09505172446370125,0.7353857159614563,-0.13107585906982422,1.3988378793001175,1.5299137383699417,512,,,,,,,,,,,
1584,0.7000003357728323,0.7,0.64453125,0.7355429455637932,1.9078603386878967,0.18920151889324188,0.32105754129588604,1.5650153698254916e-05,0.18920151889324188,0.7607128769159317,0.1011558473110199,1.9974820017814636,1.8963261544704437,512,0.0006699517834931612,0.0006699517834931612,0.03,2276,0.7000003357728323,2276,2276,2205,421,2276,4476
1585,0.7000003357728323,0.7,0.68359375,0.5459192842245102,1.4306126236915588,0.15545791573822498,0.22368810325860977,1.558651034693882e-05,0.15545791573822498,0.7181201130151749,0.11040136218070984,1.1111768335103989,1.000775471329689,512,,,,,,,,,,,
1586,0.7000003357728323,0.7,0.5390625,0.4073799438774586,1.0734955370426178,0.1605153176933527,0.16098913177847862,1.5522972763146653e-05,0.1605153176933527,0.7358154058456421,0.1103735864162445,1.8093781992793083,1.6990046128630638,512,,,,,,,,,,,
1587,0.7000003357728323,0.7,0.48046875,0.4796946868300438,1.262782096862793,0.1227806843817234,0.19083811156451702,1.5459541142156864e-05,0.1227806843817234,0.7130322158336639,0.21004366129636765,1.4929710179567337,1.282927356660366,512,,,,,,,,,,,
1588,0.7000003357728323,0.7,0.546875,0.4670538753271103,1.236733853816986,0.1124207004904747,0.1785808652639389,1.539621567892222e-05,0.1124207004904747,0.7463183552026749,0.12657447904348373,0.8499387353658676,0.7233642563223839,512,,,,,,,,,,,
1589,0.7000003357728323,0.7,0.6640625,0.6891456171870232,1.82036454975605,0.17012732662260532,0.26795546524226665,1.5332996568069246e-05,0.17012732662260532,0.7348241955041885,0.17034165561199188,1.3156006634235382,1.1452590078115463,512,,,,,,,,,,,
1590,0.7000003357728323,0.7,0.484375,0.5818766728043556,1.5124812871217728,0.11740527860820293,0.2507813386619091,1.5269884003897565e-05,0.11740527860820293,0.7355761677026749,0.14392371475696564,0.8164839446544647,0.6725602298974991,512,,,,,,,,,,,
1591,0.7000003357728323,0.7,0.5703125,0.5636843740940094,1.4860980063676834,0.07355715706944466,0.22203635424375534,1.5206878180379396e-05,0.07355715706944466,0.7414697110652924,0.10285597294569016,0.503174290060997,0.40031831711530685,512,,,,,,,,,,,
1592,0.7000003357728323,0.7,0.51953125,0.618837982416153,1.6504850089550018,0.1319420449435711,0.22478145733475685,1.5143979291158838e-05,0.1319420449435711,0.7463476359844208,0.12392464280128479,1.3175744265317917,1.193649783730507,512,0.000867386523168534,0.000867386523168534,0.03,2126,0.7000003357728323,2126,2126,2125,277,2126,4166
1593,0.7000003357728323,0.7,0.5390625,0.5170458033680916,1.3651012629270554,0.1155078150331974,0.20170406438410282,1.508118752955136e-05,0.1155078150331974,0.7256493717432022,0.1300482526421547,0.6883233040571213,0.5582750514149666,512,,,,,,,,,,,
1594,0.7000003357728323,0.7,0.6796875,0.31271369755268097,0.8268084079027176,0.20551981031894684,0.12080882675945759,1.5018503088543173e-05,0.20551981031894684,0.7348681688308716,0.18005280196666718,1.6901164054870605,1.5100636035203934,512,,,,,,,,,,,
1595,0.7000003357728323,0.7,0.60546875,0.7857988402247429,2.057907298207283,0.1712549328804016,0.32330122590065,1.4955926160790656e-05,0.1712549328804016,0.745068371295929,0.011314243078231812,1.4762103855609894,1.4648961424827576,512,,,,,,,,,,,
1596,0.7000003357728323,0.7,0.51171875,0.5166352614760399,1.354634866118431,0.15237260982394218,0.21092649176716805,1.4893456938619744e-05,0.15237260982394218,0.7402880787849426,0.11793529987335205,1.8558329641819,1.737897664308548,512,,,,,,,,,,,
1597,0.7000003357728323,0.7,0.63671875,0.5376897975802422,1.4216649681329727,0.12360247783362865,0.20769800432026386,1.4831095614025336e-05,0.12360247783362865,0.7317675650119781,0.18034827709197998,2.6398042738437653,2.4594559967517853,512,,,,,,,,,,,
1598,0.7000003357728323,0.7,0.498046875,0.3911439776420593,1.0283978283405304,0.1132915299385786,0.1568868551403284,1.4768842378670755e-05,0.1132915299385786,0.7586327940225601,0.1637415736913681,1.1389206498861313,0.9751790761947632,512,,,,,,,,,,,
1599,0.7000003357728323,0.7,0.54296875,0.7391119301319122,1.9614885449409485,0.1354687213897705,0.2782444655895233,1.4706697423887089e-05,0.1354687213897705,0.7528613060712814,0.1790872886776924,1.4192019402980804,1.240114651620388,512,,,,,,,,,,,
1600,0.7000003359168048,0.7,0.53125,0.6334477066993713,1.6847725212574005,0.13344739004969597,0.23476595431566238,1.4644660940672627e-05,0.13344739004969597,0.7461669594049454,0.13871042430400848,1.6049360930919647,1.4662256687879562,512,0.0008288034005090594,0.0008288034005090594,0.03,2129,0.7000003359168048,2129,2128,2222,176,2129,4411
1601,0.7000003359168048,0.7,0.5546875,0.30328989773988724,0.7920220345258713,0.11486104875802994,0.12703823298215866,1.4582733119692293e-05,0.11486104875802994,0.7593896239995956,0.11518143117427826,1.8858371675014496,1.7706557363271713,512,,,,,,,,,,,
1602,0.7000003359168048,0.7,0.498046875,0.5068208649754524,1.32575124502182,0.11852069571614265,0.21006946824491024,1.4520914151277037e-05,0.11852069571614265,0.7374316155910492,0.023763075470924377,1.4380986243486404,1.414335548877716,512,,,,,,,,,,,
1603,0.7000003359168048,0.7,0.53515625,0.5381937995553017,1.4301112741231918,0.13122119940817356,0.20077897422015667,1.4459204225423267e-05,0.13122119940817356,0.7153173536062241,0.22700242698192596,1.011615589261055,0.784613162279129,512,,,,,,,,,,,
1604,0.7000003359168048,0.7,0.435546875,0.47381626814603806,1.2494933009147644,0.09042783081531525,0.18631353229284286,1.439760353179223e-05,0.09042783081531525,0.7484765499830246,0.10987553000450134,0.6760430559515953,0.566167525947094,512,,,,,,,,,,,
1605,0.7000003359168048,0.7,0.58203125,0.517757385969162,1.3700491935014725,0.09306589607149363,0.19891245663166046,1.4336112259709505e-05,0.09306589607149363,0.7436815947294235,0.08143885433673859,1.4923776239156723,1.4109387695789337,512,,,,,,,,,,,
1606,0.7000003359168048,0.7,0.46875,0.5882884114980698,1.5660243481397629,0.0801711967214942,0.21666768565773964,1.4274730598164331e-05,0.0801711967214942,0.7506933361291885,0.13486289978027344,0.7099119871854782,0.5750490874052048,512,,,,,,,,,,,
1607,0.7000003359168048,0.7,0.484375,0.4788103848695755,1.2923335880041122,0.10766467079520226,0.15860693342983723,1.4213458735809072e-05,0.10766467079520226,0.7516210675239563,0.12254592031240463,0.8918094709515572,0.7692635506391525,512,,,,,,,,,,,
1608,0.7000003359168048,0.7,0.494140625,0.5594927743077278,1.4670698791742325,0.1495703049004078,0.22836264967918396,1.4152296860958642e-05,0.1495703049004078,0.745551735162735,0.13856682181358337,1.126592367887497,0.9880255460739136,512,0.0010588385630398989,0.0010588385630398989,0.03,1667,0.7000003359168048,1667,1667,1916,-114,1667,3534
1609,0.7000003359168048,0.7,0.64453125,0.5123361200094223,1.3587528467178345,0.11263868771493435,0.19378076121211052,1.4091245161589905e-05,0.11263868771493435,0.7670312076807022,0.09982998669147491,1.1767390221357346,1.0769090354442596,512,,,,,,,,,,,
1610,0.7000003359168048,0.7,0.65625,0.6440317556262016,1.695795714855194,0.12483395077288151,0.2558155916631222,1.4030303825341123e-05,0.12483395077288151,0.7486523389816284,0.07728366553783417,1.1716585457324982,1.094374880194664,512,,,,,,,,,,,
1611,0.7000003359168048,0.7,0.76171875,0.6942475661635399,1.7525916397571564,0.12996038235723972,0.35118870809674263,1.3969473039511333e-05,0.12996038235723972,0.7340917885303497,0.1634288877248764,1.1160233616828918,0.9525944739580154,512,,,,,,,,,,,
1612,0.7000003359168048,0.7,0.57421875,0.7561523206532001,1.9849025756120682,0.1438501887023449,0.30646797455847263,1.3908752991059853e-05,0.1438501887023449,0.7435741871595383,0.0650494396686554,1.1435153037309647,1.0784658640623093,512,,,,,,,,,,,
1613,0.7000003359168048,0.7,0.7734375,0.4489601105451584,1.179523691534996,0.16254771873354912,0.1809614785015583,1.3848143866605617e-05,0.16254771873354912,0.7524120956659317,0.112572580575943,1.4709741473197937,1.3584015667438507,512,,,,,,,,,,,
1614,0.7000003359168048,0.7,0.6796875,0.4308047816157341,1.1155535578727722,0.1686404012143612,0.18991542607545853,1.3787645852426661e-05,0.1686404012143612,0.7372168004512787,0.1806899756193161,1.3305532485246658,1.1498632729053497,512,,,,,,,,,,,
1615,0.7000003359168048,0.7,0.484375,0.4720198065042496,1.2531413733959198,0.11520334705710411,0.1772216446697712,1.3727259134459514e-05,0.11520334705710411,0.7436620742082596,0.10965606570243835,0.7784345746040344,0.6687785089015961,512,,,,,,,,,,,
1616,0.7000003359168048,0.7,0.54296875,0.4168889448046684,1.098307654261589,0.13663198053836823,0.16499212756752968,1.3666983898298657e-05,0.13663198053836823,0.7357616871595383,0.053147099912166595,0.9244942888617516,0.871347188949585,512,0.001297489390708506,0.001297489390708506,0.03,2506,0.7000003359168048,2506,2506,2331,373,2506,4737
1617,0.7000003359168048,0.7,0.52734375,0.3139634132385254,0.8251402229070663,0.1039506271481514,0.12626401148736477,1.3606820329195941e-05,0.1039506271481514,0.7354980111122131,0.0801273062825203,1.0949298590421677,1.0148025527596474,512,,,,,,,,,,,
1618,0.7000003359168048,0.7,0.796875,0.5216044336557388,1.3728120028972626,0.25570257380604744,0.20780744403600693,1.3546768612059985e-05,0.25570257380604744,0.7046777158975601,0.35947132110595703,2.493573158979416,2.134101837873459,512,,,,,,,,,,,
1619,0.7000003359168048,0.7,0.5546875,0.3535710275173187,0.9375694394111633,0.14340361393988132,0.1338578723371029,1.3486828931455709e-05,0.14340361393988132,0.7416162043809891,0.05085253715515137,1.2433152794837952,1.1924627423286438,512,,,,,,,,,,,
1620,0.7000003359168048,0.7,0.61328125,0.5249199718236923,1.370038166642189,0.12727674935013056,0.2206282950937748,1.3427001471603623e-05,0.12727674935013056,0.7393603473901749,0.15073030441999435,0.8322934955358505,0.6815631911158562,512,,,,,,,,,,,
1621,0.7000003359168048,0.7,0.625,0.6057618111371994,1.6104369163513184,0.11431937478482723,0.22520491108298302,1.3367286416379365e-05,0.11431937478482723,0.7391259670257568,0.1356847584247589,0.956850677728653,0.821165919303894,512,,,,,,,,,,,
1622,0.7000003359168048,0.7,0.5625,0.711947113275528,1.8853298127651215,0.0874561034142971,0.27208564057946205,1.330768394931311e-05,0.0874561034142971,0.7576708793640137,0.08177869021892548,0.6998309716582298,0.6180522814393044,512,,,,,,,,,,,
1623,0.7000003359168048,0.7,0.53515625,0.32148095965385437,0.841498926281929,0.14296194072812796,0.13268577679991722,1.3248194253588991e-05,0.14296194072812796,0.732856422662735,0.10306154936552048,1.3198015242815018,1.2167399749159813,512,,,,,,,,,,,
1624,0.7000003359168048,0.7,0.7421875,0.6390346214175224,1.6960079669952393,0.12556427344679832,0.2404605895280838,1.3188817512044544e-05,0.12556427344679832,0.7459619045257568,0.22157028317451477,1.5494439154863358,1.327873632311821,512,0.0008444476407021284,0.0008444476407021284,0.03,2069,0.7000003359168048,2069,2069,2062,242,2069,4359
1625,0.7000003359168048,0.7,0.5625,0.69808728992939,1.847064420580864,0.12123982235789299,0.2683514729142189,1.3129553907170144e-05,0.12123982235789299,0.7442138195037842,0.13561400771141052,1.0183234214782715,0.882709413766861,512,,,,,,,,,,,
1626,0.7000003359168048,0.7,0.59765625,0.4551142454147339,1.2091587483882904,0.12872941233217716,0.16997528076171875,1.3070403621108485e-05,0.12872941233217716,0.758188471198082,0.10298305749893188,1.1589876115322113,1.0560045540332794,512,,,,,,,,,,,
1627,0.7000003359168048,0.7,0.83203125,0.30350232869386673,0.7942192256450653,0.11868538241833448,0.12548477575182915,1.3011366835653938e-05,0.11868538241833448,0.7520946711301804,0.041606128215789795,2.08042174577713,2.0388156175613403,512,,,,,,,,,,,
1628,0.7000003359168048,0.7,0.5625,0.7679886370897293,2.03324031829834,0.07688127364963293,0.29399793967604637,1.2952443732252057e-05,0.07688127364963293,0.739936500787735,0.08335372060537338,0.6268430799245834,0.54348935931921,512,,,,,,,,,,,
1629,0.7000003359168048,0.7,0.45703125,0.3124990165233612,0.8171025961637497,0.11596154607832432,0.12986408919095993,1.2893634491998995e-05,0.11596154607832432,0.753955066204071,0.10293883085250854,1.2988617718219757,1.1959229409694672,512,,,,,,,,,,,
1630,0.7000003359168048,0.7,0.5,0.356449693441391,0.9365088194608688,0.12148564495146275,0.14364170655608177,1.2834939295640963e-05,0.12148564495146275,0.7448534965515137,0.09911570698022842,2.112156443297863,2.0130407363176346,512,,,,,,,,,,,
1631,0.7000003359168048,0.7,0.64453125,0.583027794957161,1.5168470591306686,0.2661818228662014,0.24990376830101013,1.277635832357365e-05,0.2661818228662014,0.6961327940225601,0.34608452022075653,3.4646986722946167,3.11861415207386,512,,,,,,,,,,,
1632,0.7000003359168048,0.7,0.5859375,0.46605072170495987,1.2196813076734543,0.1354568786919117,0.19259358197450638,1.2717891755841722e-05,0.1354568786919117,0.7616015672683716,-0.06551298499107361,2.2064477801322937,2.2719607651233673,512,0.0009467327035963535,0.0009467327035963535,0.03,2166,0.7000003359168048,2166,2166,2290,16,2166,4279
1633,0.7000003359168048,0.7,0.5234375,0.33598724752664566,0.8871814161539078,0.1280349362641573,0.13096170499920845,1.265953977213819e-05,0.1280349362641573,0.755063459277153,0.19542548060417175,2.2505314648151398,2.055105984210968,512,,,,,,,,,,,
1634,0.7000003359168048,0.7,0.6015625,0.5972825661301613,1.6130752861499786,0.16863526217639446,0.19687180034816265,1.2601302551803918e-05,0.16863526217639446,0.7372851520776749,0.1885376125574112,1.2216178625822067,1.0330802500247955,512,,,,,,,,,,,
1635,0.7000003359168048,0.7,0.6171875,0.5272742137312889,1.3705673813819885,0.1167667843401432,0.2272331826388836,1.2543180273827043e-05,0.1167667843401432,0.7481249868869781,0.12490187585353851,0.7896625995635986,0.6647607237100601,512,,,,,,,,,,,
1636,0.7000003359168048,0.7,0.6796875,0.5496722161769867,1.390742614865303,0.11381596885621548,0.2749306447803974,1.248517311684243e-05,0.11381596885621548,0.7542626857757568,0.09626848995685577,0.977264404296875,0.8809959143400192,512,,,,,,,,,,,
1637,0.7000003359168048,0.7,0.482421875,0.4176209270954132,1.1040039360523224,0.10631528683006763,0.16151399537920952,1.2427281259131163e-05,0.10631528683006763,0.7554735988378525,0.05641777813434601,0.6822383552789688,0.6258205771446228,512,,,,,,,,,,,
1638,0.7000003359168048,0.7,0.52734375,0.6334595680236816,1.6754305213689804,0.13110599666833878,0.2441437989473343,1.2369504878619926e-05,0.13110599666833878,0.7376952767372131,0.20009084045886993,1.5744124352931976,1.3743215948343277,512,,,,,,,,,,,
1639,0.7000003359168048,0.7,1,0.878841832280159,2.2141147553920746,0.2770046032965183,0.4490422233939171,1.2311844152880502e-05,0.2770046032965183,0.705322265625,-0.05105479806661606,2.146950125694275,2.198004923760891,512,,,,,,,,,,,
1640,0.7000003359168048,0.7,0.578125,0.5407678112387657,1.4347010552883148,0.09985742345452309,0.20398923754692078,1.225429925912921e-05,0.09985742345452309,0.7486376762390137,0.11779351532459259,0.8362841457128525,0.7184906303882599,512,0.0008434689952991903,0.0008434689952991903,0.03,2320,0.7000003359168048,2320,2320,2165,375,2320,4410
1641,0.7000003359168048,0.7,0.6640625,0.8859604001045227,2.361298680305481,0.13651041686534882,0.3234296403825283,1.219687037422636e-05,0.13651041686534882,0.745004877448082,0.05085596442222595,1.2982960939407349,1.247440129518509,512,,,,,,,,,,,
1642,0.7000003359168048,0.7,0.6796875,0.601338304579258,1.5763606280088425,0.1253874795511365,0.24587662890553474,1.2139557674675772e-05,0.1253874795511365,0.7532861083745956,-0.19720026850700378,1.5147132873535156,1.7119135558605194,512,,,,,,,,,,,
1643,0.7000003359168048,0.7,0.52734375,0.541812464594841,1.4488524794578552,0.13700588792562485,0.19300344958901405,1.2082361336624103e-05,0.13700588792562485,0.7409277409315109,0.19245505332946777,1.5208150744438171,1.3283600211143494,512,,,,,,,,,,,
1644,0.7000003359168048,0.7,0.41796875,0.3524940237402916,0.9238979816436768,0.08146888762712479,0.14426572993397713,1.2025281535860433e-05,0.08146888762712479,0.7408398240804672,0.08209839463233948,0.6008782982826233,0.5187799036502838,512,,,,,,,,,,,
1645,0.7000003359168048,0.7,0.5,0.4784386083483696,1.2786048501729965,0.10398406442254782,0.17120911180973053,1.1968318447815646e-05,0.10398406442254782,0.7480175644159317,0.07568994164466858,0.765690341591835,0.6900003999471664,512,,,,,,,,,,,
1646,0.7000003359168048,0.7,0.734375,0.38254883885383606,1.0133339315652847,0.11654338985681534,0.14590493589639664,1.1911472247561906e-05,0.11654338985681534,0.7467431426048279,0.07509517669677734,0.9574905037879944,0.882395327091217,512,,,,,,,,,,,
1647,0.7000003359168048,0.7,0.5234375,0.4787302389740944,1.2719812542200089,0.15143369883298874,0.1787163857370615,1.1854743109812188e-05,0.15143369883298874,0.7519677430391312,0.14367952942848206,1.7325234860181808,1.5888439565896988,512,,,,,,,,,,,
1648,0.7000003359168048,0.7,0.64453125,0.9313774257898331,2.4689259380102158,0.17056582495570183,0.3534298427402973,1.1798131208919627e-05,0.17056582495570183,0.7276513427495956,0.21829472482204437,1.6225669234991074,1.404272198677063,512,0.0006226422847248614,0.0006226422847248614,0.03,1802,0.7000003359168048,1802,1802,2015,-21,1802,3854
1649,0.7000003359168048,0.7,0.6015625,0.609515443444252,1.3716649860143661,0.10718604549765587,0.47535143233835697,1.1741636718877053e-05,0.10718604549765587,0.7437353283166885,0.12476734817028046,0.7623607814311981,0.6375934332609177,512,,,,,,,,,,,
1650,0.7000003359168048,0.7,0.55078125,0.6193173825740814,1.6573312431573868,0.1381723452359438,0.21938805654644966,1.1685259813316451e-05,0.1381723452359438,0.7469287216663361,0.12732826173305511,1.6078194379806519,1.4804911762475967,512,,,,,,,,,,,
1651,0.7000003359168048,0.7,0.62109375,0.38919252902269363,1.0139668583869934,0.19476234167814255,0.16540441662073135,1.162900066550841e-05,0.19476234167814255,0.7193896323442459,0.13663987815380096,1.7979874014854431,1.6613475233316422,512,,,,,,,,,,,
1652,0.7000003359168048,0.7,0.6796875,0.39089010655879974,1.016579031944275,0.11259816214442253,0.16793636977672577,1.15728594483616e-05,0.11259816214442253,0.7422265559434891,0.1264888048171997,0.7515395730733871,0.6250507682561874,512,,,,,,,,,,,
1653,0.7000003359168048,0.7,0.58203125,0.5798838585615158,1.551639586687088,0.12114806845784187,0.20558420568704605,1.1516836334422233e-05,0.12114806845784187,0.7380566298961639,0.12035425007343292,0.6795299276709557,0.5591756775975227,512,,,,,,,,,,,
1654,0.7000003359168048,0.7,0.52734375,0.4250769168138504,1.1082296520471573,0.09848056733608246,0.17988217063248158,1.146093149587356e-05,0.09848056733608246,0.7392431646585464,0.16603150218725204,1.1715575903654099,1.0055260881781578,512,,,,,,,,,,,
1655,0.7000003359168048,0.7,0.58984375,0.5267014540731907,1.3637826591730118,0.1356523334980011,0.23228226229548454,1.140514510453531e-05,0.1356523334980011,0.7618066370487213,0.10655011236667633,1.6003273278474808,1.4937772154808044,512,,,,,,,,,,,
1656,0.7000003359168048,0.7,1.640625,0.5166525989770889,1.3632886707782745,0.09587373211979866,0.20232516527175903,1.134947733186315e-05,0.09587373211979866,0.7272460758686066,-0.10956478118896484,1.2363716959953308,1.3459364771842957,512,0.000803288072347641,0.000803288072347641,0.03,2685,0.7000003359168048,2685,2685,3313,-383,2685,4968
1657,0.7000003359168048,0.7,0.609375,0.4885731190443039,1.2936676740646362,0.17692473158240318,0.18685683608055115,1.1293928348948218e-05,0.17692473158240318,0.7485839426517487,0.16890652477741241,1.8594532310962677,1.6905467063188553,512,,,,,,,,,,,
1658,0.7000003359168048,0.7,0.68359375,0.6226935684680939,1.648236259818077,0.17460405454039574,0.23871385492384434,1.1238498326516533e-05,0.17460405454039574,0.7315282970666885,0.2498372495174408,1.4190240949392319,1.169186845421791,512,,,,,,,,,,,
1659,0.7000003359168048,0.7,0.58203125,0.3117903470993042,0.8076602667570114,0.1801521349698305,0.13715890794992447,1.1183187434928499e-05,0.1801521349698305,0.7369042634963989,0.2393231838941574,1.8094743639230728,1.5701511800289154,512,,,,,,,,,,,
1660,0.7000003359168048,0.7,0.546875,0.6152498424053192,1.6257686764001846,0.095806784927845,0.23862463980913162,1.1127995844178386e-05,0.095806784927845,0.747973620891571,0.11000815033912659,0.9063840061426163,0.7963758558034897,512,,,,,,,,,,,
1661,0.7000003359168048,0.7,0.61328125,0.7532628104090691,2.010988786816597,0.17442235350608826,0.27162570878863335,1.1072923723893818e-05,0.17442235350608826,0.7331737875938416,0.1508082002401352,1.5677943974733353,1.4169861972332,512,,,,,,,,,,,
1662,0.7000003359168048,0.7,0.439453125,0.31542589515447617,0.8260629922151566,0.096177127212286,0.12977299839258194,1.1017971243335213e-05,0.096177127212286,0.7545458525419235,0.11081276088953018,0.7833397537469864,0.6725269928574562,512,,,,,,,,,,,
1663,0.7000003359168048,0.7,0.59765625,0.541710339486599,1.4292849749326706,0.1459961086511612,0.21226145327091217,1.0963138571395276e-05,0.1459961086511612,0.7533593475818634,0.12166593968868256,1.042921170592308,0.9212552309036255,512,,,,,,,,,,,
1664,0.7000003359168048,0.7,0.55859375,0.4386861175298691,1.1578342765569687,0.15577120333909988,0.17151757702231407,1.090842587659851e-05,0.15577120333909988,0.7456151992082596,0.2357243001461029,2.2232233583927155,1.9874990582466125,512,0.000519067223649472,0.000519067223649472,0.03,1185,0.7000003359168048,1185,1185,1232,102,1185,3212
1665,0.7000003359168048,0.7,0.58203125,0.5898040160536766,1.5622165650129318,0.18309747613966465,0.22506823390722275,1.0853833327100671e-05,0.18309747613966465,0.7469482272863388,0.22462046891450882,1.4196726083755493,1.1950521394610405,512,,,,,,,,,,,
1666,0.7000003359168048,0.7,0.546875,0.32262375950813293,0.8376214653253555,0.17266091145575047,0.14002623595297337,1.0799361090688249e-05,0.17266091145575047,0.723334938287735,0.2056550234556198,2.3818881511688232,2.1762331277132034,512,,,,,,,,,,,
1667,0.7000003359168048,0.7,0.59375,0.5496003031730652,1.412972018122673,0.15135335363447666,0.2524833958595991,1.0745009334777945e-05,0.15135335363447666,0.7491747736930847,0.12102072685956955,2.039652019739151,1.9186312928795815,512,,,,,,,,,,,
1669,0.7000003359168048,0.7,0.6640625,0.4400387853384018,1.1520405113697052,0.12919741682708263,0.1814102903008461,1.06366679322787e-05,0.12919741682708263,0.7474267184734344,0.2271929234266281,1.7531552761793137,1.5259623527526855,512,,,,,,,,,,,
1670,0.7000003359168048,0.7,0.47265625,0.35133427381515503,0.9287925660610199,0.1151689337566495,0.13585669733583927,1.058267861866969e-05,0.1151689337566495,0.7372411787509918,0.1495523601770401,1.0371390581130981,0.887586697936058,512,,,,,,,,,,,
1671,0.7000003359168048,0.7,0.6015625,0.5911268889904022,1.5176181942224503,0.14415954239666462,0.2736752890050411,1.052881045152168e-05,0.14415954239666462,0.7346044629812241,0.1367596536874771,1.4859661906957626,1.3492065370082855,512,,,,,,,,,,,
1672,0.7000003359168048,0.7,0.70703125,0.5072813928127289,1.3223786503076553,0.19607912003993988,0.21483766846358776,1.047506359639483e-05,0.19607912003993988,0.7440966665744781,0.15545432269573212,1.5449349135160446,1.3894805908203125,512,0.0007199354586191475,0.0007199354586191475,0.03,1549,0.7000003359168048,1549,1549,1589,147,1549,3601
1673,0.7000003359168048,0.7,0.5703125,0.5322510078549385,1.4176967591047287,0.1287128459662199,0.1951849889010191,1.0421438218476449e-05,0.1287128459662199,0.7531786859035492,0.16613033413887024,1.0045084953308105,0.8383781611919403,512,,,,,,,,,,,
1674,0.7000003359168048,0.7,0.84765625,0.5286967530846596,1.3792744576931,0.18478871136903763,0.2228368129581213,1.0367934482580477e-05,0.18478871136903763,0.7495751827955246,-0.014333665370941162,1.3602683618664742,1.3746020272374153,512,,,,,,,,,,,
1675,0.7000003359168048,0.7,0.65625,0.7275964766740799,1.8917152732610703,0.14945490844547749,0.3131223991513252,1.0314552553147045e-05,0.14945490844547749,0.7433496117591858,0.18934127688407898,1.4384891986846924,1.2491479218006134,512,,,,,,,,,,,
1676,0.7000003359168048,0.7,0.58984375,0.5242305397987366,1.3625987023115158,0.2028082124888897,0.22597862035036087,1.0261292594241872e-05,0.2028082124888897,0.7341894209384918,0.1427268236875534,1.9846596121788025,1.841932788491249,512,,,,,,,,,,,
1677,0.7000003359168048,0.7,0.52734375,0.5512985214591026,1.448361486196518,0.11723134480416775,0.2222400214523077,1.0208154769555827e-05,0.11723134480416775,0.747026339173317,0.12598414719104767,0.9642391055822372,0.8382549583911896,512,,,,,,,,,,,
1678,0.7000003359168048,0.7,0.55078125,0.41871681064367294,1.0979654341936111,0.09558541141450405,0.1708733383566141,1.0155139242404404e-05,0.09558541141450405,0.7600585520267487,0.12241166830062866,0.8050587475299835,0.6826470792293549,512,,,,,,,,,,,
1679,0.7000003359168048,0.7,0.671875,0.3509528636932373,0.9183822721242905,0.2423471175134182,0.14511121809482574,1.0102246175727236e-05,0.2423471175134182,0.7303271293640137,0.35964375734329224,2.639130562543869,2.279486805200577,512,,,,,,,,,,,
1680,0.7000003359168048,0.7,0.62109375,0.5621549189090729,1.5064540058374405,0.12731659039855003,0.19704572297632694,1.004947573208756e-05,0.12731659039855003,0.749257817864418,0.14834699779748917,1.0153159499168396,0.8669689521193504,512,0.0007612892077304423,0.0007612892077304423,0.03,1428,0.7000003359168048,1428,1428,1516,18,1428,3734
1681,0.7000003359168048,0.7,0.51171875,0.581159919500351,1.5411514192819595,0.11874927394092083,0.21993916667997837,9.996828073671743e-06,0.11874927394092083,0.7636816203594208,0.15697254240512848,1.043005496263504,0.8860329538583755,512,,,,,,,,,,,
1682,0.7000003359168048,0.7,0.51953125,0.2973641864955425,0.7714362293481827,0.0938680786639452,0.12966732308268547,9.944303362288814e-06,0.0938680786639452,0.7467040717601776,0.08006348460912704,0.5822855085134506,0.5022220239043236,512,,,,,,,,,,,
1683,0.7000003359168048,0.7,1.078125,0.778904139995575,2.030380055308342,0.20369792357087135,0.3299354389309883,9.891901759369898e-06,0.20369792357087135,0.7348974347114563,0.09702056646347046,1.8033370673656464,1.706316500902176,512,,,,,,,,,,,
1684,0.7000003359168048,0.7,0.455078125,0.4833175875246525,1.2338217198848724,0.10762159526348114,0.23077700659632683,9.83962342596776e-06,0.10762159526348114,0.7504833787679672,0.09719029068946838,0.8136081397533417,0.7164178490638733,512,,,,,,,,,,,
1685,0.7000003359168048,0.7,0.5078125,0.3128700479865074,0.8145241439342499,0.10421592183411121,0.13356687687337399,9.78746852275631e-06,0.10421592183411121,0.7495995610952377,0.09165377914905548,0.827583059668541,0.7359292805194855,512,,,,,,,,,,,
1686,0.7000003359168048,0.7,0.53515625,0.4174760952591896,1.091392144560814,0.10492271557450294,0.17368690483272076,9.735437210030101e-06,0.10492271557450294,0.745004877448082,0.15256718918681145,1.2236706838011742,1.0711034946143627,512,,,,,,,,,,,
1687,0.7000003359168048,0.7,0.56640625,0.35550621151924133,0.9317775368690491,0.1066569983959198,0.14551397785544395,9.683529647703837e-06,0.1066569983959198,0.757026344537735,0.26300809532403946,1.8519271314144135,1.588919036090374,512,,,,,,,,,,,
1688,0.7000003359168048,0.7,0.4609375,0.3649587482213974,0.9711376875638962,0.1503596231341362,0.13479784689843655,9.63174599531188e-06,0.1503596231341362,0.7497558444738388,0.1544114202260971,1.4704643785953522,1.316052958369255,512,0.0010683781001716852,0.0010683781001716852,0.03,2427,0.7000003359168048,2427,2427,3470,-776,2427,4563
1689,0.7000003359168048,0.7,0.640625,0.8085751608014107,2.127075418829918,0.1725421454757452,0.32315219938755035,9.580086412007793e-06,0.1725421454757452,0.7281054556369781,0.20908184349536896,1.5178073346614838,1.3087254911661148,512,,,,,,,,,,,
1690,0.7000003359168048,0.7,0.50390625,0.5559620708227158,1.434334620833397,0.14584076032042503,0.2503989227116108,9.528551056563784e-06,0.14584076032042503,0.7497216612100601,0.11559107899665833,1.2392268180847168,1.1236357390880585,512,,,,,,,,,,,
1691,0.7000003359168048,0.7,0.59765625,0.54292082041502,1.424200713634491,0.1447005718946457,0.2210138663649559,9.477140087370268e-06,0.1447005718946457,0.7356396317481995,0.0566234290599823,1.576060101389885,1.5194366723299026,512,,,,,,,,,,,
1692,0.7000003359168048,0.7,0.55859375,0.480221226811409,1.2787377834320068,0.15071750432252884,0.17647798731923103,9.42585366243537e-06,0.15071750432252884,0.7518066316843033,0.24321135878562927,1.5143151581287384,1.2711037993431091,512,,,,,,,,,,,
1693,0.7000003359168048,0.7,0.69140625,0.3740670084953308,0.9879526793956757,0.178941261023283,0.14558368362486362,9.374691939384433e-06,0.178941261023283,0.7273534834384918,0.1943303495645523,2.2223448753356934,2.028014525771141,512,,,,,,,,,,,
1694,0.7000003359168048,0.7,0.7265625,0.5465274527668953,1.439743772149086,0.2758120484650135,0.21639992482960224,9.323655075459542e-06,0.2758120484650135,0.7030224353075027,0.1750175654888153,2.281793564558029,2.106775999069214,512,,,,,,,,,,,
1695,0.7000003359168048,0.7,0.466796875,0.3624262884259224,0.9506947994232178,0.14443526603281498,0.14756661653518677,9.272743227519016e-06,0.14443526603281498,0.7413574159145355,0.08572059869766235,1.810747742652893,1.7250271439552307,512,,,,,,,,,,,
1696,0.7000003359168048,0.7,0.53125,0.4046269431710243,1.0746267437934875,0.10295952670276165,0.15151548199355602,9.221956552036992e-06,0.10295952670276165,0.7492773234844208,0.147299125790596,0.9266026467084885,0.7793035209178925,512,0.000684658472891897,0.000684658472891897,0.03,921,0.7000003359168048,921,921,1077,-7,921,3103
1697,0.7000003359168048,0.7,0.59765625,0.42550673335790634,1.1108413338661194,0.12741683330386877,0.17857297137379646,9.17129520510286e-06,0.12741683330386877,0.736640602350235,-0.05563712865114212,1.2816810756921768,1.337318204343319,512,,,,,,,,,,,
1698,0.7000003359168048,0.7,0.55859375,0.5937133654952049,1.5803253203630447,0.1381276585161686,0.21880600973963737,9.12075934242082e-06,0.1381276585161686,0.7409277260303497,0.12106882035732269,0.8297133892774582,0.7086445689201355,512,,,,,,,,,,,
1699,0.7000003359168048,0.7,0.58203125,0.4056399464607239,1.0801015049219131,0.1635605450719595,0.14911045506596565,9.070349119309423e-06,0.1635605450719595,0.7519189268350601,0.11001797020435333,1.0869331359863281,0.9769151657819748,512,,,,,,,,,,,
1700,0.7000003359168048,0.7,0.60546875,0.5678979679942131,1.5121797770261765,0.1423802599310875,0.20872307568788528,9.020064690701069e-06,0.1423802599310875,0.743662104010582,0.05409935116767883,1.1618767082691193,1.1077773571014404,512,,,,,,,,,,,
1701,0.7000003359168048,0.7,0.546875,0.3759372979402542,0.9799594581127167,0.10452475398778915,0.15924442186951637,8.969906211141527e-06,0.10452475398778915,0.7488769143819809,0.08521869778633118,1.0991760343313217,1.0139573365449905,512,,,,,,,,,,,
1702,0.7000003359168048,0.7,0.546875,0.5134087949991226,1.362303614616394,0.08966698218137026,0.1934804692864418,8.919873834789466e-06,0.08966698218137026,0.7610791027545929,0.10519299656152725,0.7780427411198616,0.6728497445583344,512,,,,,,,,,,,
1703,0.7000003359168048,0.7,0.5078125,0.730244368314743,1.9355144202709198,0.1306404136121273,0.2773471884429455,8.869967715416028e-06,0.1306404136121273,0.7393115162849426,-0.08081089705228806,1.9437377452850342,2.0245486423373222,512,,,,,,,,,,,
1704,0.7000003360607774,0.7,0.6171875,0.3053765520453453,0.7922142148017883,0.11724118515849113,0.13316925801336765,8.820188006404268e-06,0.11724118515849113,0.7559911757707596,0.10346651822328568,1.4117780029773712,1.3083114847540855,512,0.00039931308128871024,0.00039931308128871024,0.03,1081,0.7000003360607774,1081,1080,1088,130,1081,2935
1705,0.7000003360607774,0.7,0.5546875,0.390825055539608,1.0446755141019821,0.12826238200068474,0.13964278250932693,8.770534860748747e-06,0.12826238200068474,0.7501367181539536,0.213045172393322,2.035355895757675,1.8223107233643532,512,,,,,,,,,,,
1706,0.7000003360607774,0.7,0.71875,0.38190361857414246,1.0022102147340775,0.15035688504576683,0.15507346391677856,8.721008431055028e-06,0.15035688504576683,0.7176904082298279,0.4515012800693512,1.6091915965080261,1.157690316438675,512,,,,,,,,,,,
1707,0.7000003360607774,0.7,0.6796875,0.3623785749077797,0.9496974945068359,0.0987146869301796,0.1484193429350853,8.671608869539233e-06,0.0987146869301796,0.7359618991613388,0.13170740008354187,1.1534229069948196,1.0217155069112778,512,,,,,,,,,,,
1708,0.7000003360607774,0.7,0.494140625,0.27829453721642494,0.7254709452390671,0.09885780606418848,0.11784580908715725,8.622336328027553e-06,0.09885780606418848,0.7557812333106995,0.10727040469646454,0.7993172258138657,0.6920468211174011,512,,,,,,,,,,,
1709,0.7000003360607774,0.7,0.6953125,0.288266196846962,0.7541967034339905,0.08113146759569645,0.11933718994259834,8.573190957955812e-06,0.08113146759569645,0.7511083781719208,0.09179318696260452,0.5724620744585991,0.48066888749599457,512,,,,,,,,,,,
1710,0.7000003360607774,0.7,0.53515625,0.6114271283149719,1.6373193114995956,0.11153436452150345,0.21549008414149284,8.52417291036897e-06,0.11153436452150345,0.7546728253364563,0.11465297639369965,0.797524094581604,0.6828711181879044,512,,,,,,,,,,,
1711,0.7000003360607774,0.7,0.5,0.3720851168036461,0.9667326807975769,0.1257600635290146,0.1607979442924261,8.475282335920664e-06,0.1257600635290146,0.7586767375469208,0.20349137485027313,2.2485980689525604,2.0451066941022873,512,,,,,,,,,,,
1712,0.7000003360607774,0.7,0.5546875,0.5761671289801598,1.5128261297941208,0.1490011066198349,0.23313479498028755,8.426519384872733e-06,0.1490011066198349,0.7375439256429672,0.1956215649843216,1.3199061006307602,1.1242845356464386,512,0.0004931502626277506,0.0004931502626277506,0.03,1204,0.7000003360607774,1204,1204,976,328,1204,3224
1713,0.7000003360607774,0.7,0.5390625,0.5216720253229141,1.3503196388483047,0.15091632679104805,0.2305045835673809,8.377884207094832e-06,0.15091632679104805,0.7518652379512787,0.13227792084217072,1.5271986722946167,1.394920751452446,512,,,,,,,,,,,
1714,0.7000003360607774,0.7,0.55078125,0.3648666515946388,0.9638619422912598,0.1293819323182106,0.14179456047713757,8.329376952063867e-06,0.1293819323182106,0.7539160251617432,0.16355910897254944,2.1916375160217285,2.028078407049179,512,,,,,,,,,,,
1715,0.7000003360607774,0.7,0.9609375,0.3969227820634842,1.045952931046486,0.20324786752462387,0.15684331953525543,8.28099776886358e-06,0.20324786752462387,0.7510985881090164,0.13280655443668365,1.348825827240944,1.2160192728042603,512,,,,,,,,,,,
1716,0.7000003360607774,0.7,0.51953125,0.49942396581172943,1.3296705782413483,0.15660486929118633,0.1837353128939867,8.232746806184117e-06,0.15660486929118633,0.7656786888837814,0.10054773092269897,2.0406598448753357,1.9401121139526367,512,,,,,,,,,,,
1717,0.7000003360607774,0.7,0.46875,0.3847200945019722,1.0091160386800766,0.11692487820982933,0.15670240111649036,8.184624212321517e-06,0.11692487820982933,0.7621679455041885,0.15421725064516068,1.5213795974850655,1.3671623468399048,512,,,,,,,,,,,
1718,0.7000003360607774,0.7,0.51953125,0.3568958640098572,0.9273206740617752,0.1138183232396841,0.15418189950287342,8.136630135177337e-06,0.1138183232396841,0.7481884658336639,0.07588984072208405,0.7574367523193359,0.6815469115972519,512,,,,,,,,,,,
1719,0.7000003360607774,0.7,0.703125,0.518953263759613,1.3884893655776978,0.10817253030836582,0.18409624882042408,8.088764722258097e-06,0.10817253030836582,0.7540917843580246,0.1092950627207756,0.9327237829566002,0.8234287202358246,512,,,,,,,,,,,
1720,0.7000003360607774,0.7,0.59375,0.4435060992836952,1.1670767962932587,0.11914447695016861,0.17688106186687946,8.041028120674893e-06,0.11914447695016861,0.7570410072803497,0.15364135801792145,1.1221847236156464,0.9685433655977249,512,0.0004661393177229911,0.0004661393177229911,0.03,1175,0.7000003360607774,1175,1175,1067,225,1175,3165
1721,0.7000003360607774,0.7,0.59375,0.4297468364238739,1.1398620009422302,0.18861205875873566,0.1624011043459177,7.993420477142933e-06,0.18861205875873566,0.7343505620956421,0.15867088735103607,1.8775315284729004,1.7188606411218643,512,,,,,,,,,,,
1722,0.7000003360607774,0.7,0.54296875,0.9257829859852791,2.3404293954372406,0.13955067843198776,0.46497347950935364,7.945941937981067e-06,0.13955067843198776,0.7492821961641312,0.1084720566868782,2.275406152009964,2.166934095323086,512,,,,,,,,,,,
1723,0.7000003360607774,0.7,0.515625,0.6869761571288109,1.8111100941896439,0.08490953780710697,0.27063572593033314,7.898592649111364e-06,0.08490953780710697,0.7414452880620956,0.15512067824602127,1.1152120381593704,0.9600913599133492,512,,,,,,,,,,,
1724,0.7000003360607774,0.7,0.62109375,0.952437624335289,2.5226705372333527,0.13783511891961098,0.36350400000810623,7.851372756058662e-06,0.13783511891961098,0.7402783036231995,0.12140651047229767,1.1276799142360687,1.006273403763771,512,,,,,,,,,,,
1725,0.7000003360607774,0.7,0.9453125,0.4885839559137821,1.3160547614097595,0.1823384240269661,0.1645025983452797,7.804282403950092e-06,0.1823384240269661,0.7328076064586639,-0.0887250006198883,1.2163392305374146,1.3050642311573029,512,,,,,,,,,,,
1726,0.7000003360607774,0.7,0.63671875,0.6253544166684151,1.6257000714540482,0.12367630936205387,0.26931322179734707,7.757321737514645e-06,0.12367630936205387,0.7379247695207596,0.048586055636405945,1.169477418065071,1.1208913624286652,512,,,,,,,,,,,
1727,0.7000003360607774,0.7,0.55078125,0.6770713552832603,1.7382506132125854,0.1214191596955061,0.3134806416928768,7.710490901082751e-06,0.1214191596955061,0.7477783113718033,0.18556608259677887,0.9778526723384857,0.7922865897417068,512,,,,,,,,,,,
1728,0.7000003360607774,0.7,0.4765625,0.4019430801272392,1.062060534954071,0.07164576184004545,0.15594873018562794,7.663790038585793e-06,0.07164576184004545,0.7499755620956421,0.09429947286844254,0.6081174686551094,0.5138179957866669,512,0.0006262590177357197,0.0006262590177357197,0.03,1473,0.7000003360607774,1473,1473,1552,68,1473,3740
1729,0.7000003360607774,0.7,0.60546875,0.8957067728042603,2.3453343212604523,0.136002735234797,0.3689284734427929,7.617219293555716e-06,0.136002735234797,0.7396044731140137,0.1274874582886696,0.874785527586937,0.7472980692982674,512,,,,,,,,,,,
1730,0.7000003360607774,0.7,0.55859375,0.4679636135697365,1.2097055613994598,0.10706888325512409,0.20836594887077808,7.570778809124518e-06,0.10706888325512409,0.7536474615335464,0.11003702878952026,0.7587795704603195,0.6487425416707993,512,,,,,,,,,,,
1731,0.7000003360607774,0.7,0.52734375,0.35652440786361694,0.9346403032541275,0.15828103013336658,0.14573662914335728,7.524468728023909e-06,0.15828103013336658,0.7447314262390137,0.2320760041475296,1.7083348035812378,1.4762587994337082,512,,,,,,,,,,,
1732,0.7000003360607774,0.7,0.5859375,0.31426841765642166,0.8224138617515564,0.1566600427031517,0.1299146693199873,7.478289192584764e-06,0.1566600427031517,0.7409570217132568,0.17723287642002106,1.2191520035266876,1.0419191271066666,512,,,,,,,,,,,
1733,0.7000003360607774,0.7,0.66796875,0.5601332932710648,1.4776693731546402,0.17578828521072865,0.21970415860414505,7.43224034473674e-06,0.17578828521072865,0.7409863024950027,0.04671254754066467,1.5037955045700073,1.4570829570293427,512,,,,,,,,,,,
1734,0.7000003360607774,0.7,0.70703125,0.5099059641361237,1.3757137060165405,0.1288268156349659,0.16945575177669525,7.38632232600786e-06,0.1288268156349659,0.7403271198272705,0.14695125818252563,0.944996565580368,0.7980453073978424,512,,,,,,,,,,,
1735,0.7000003360607774,0.7,0.61328125,0.5371256619691849,1.3519778847694397,0.10298706218600273,0.27567560970783234,7.34053527752403e-06,0.10298706218600273,0.7378271371126175,0.08285914361476898,0.6658745408058167,0.5830153971910477,512,,,,,,,,,,,
1736,0.7000003360607774,0.7,1.1328125,0.4801679402589798,1.2687839716672897,0.13482282124459743,0.18627027422189713,7.2948793400086315e-06,0.13482282124459743,0.7531249970197678,0.08941976726055145,0.8269885331392288,0.7375687658786774,512,0.0007365449564531446,0.0007365449564531446,0.03,3939,0.7000003360607774,3939,3939,5556,-1544,3939,6193
1737,0.7000003360607774,0.7,0.66796875,0.38891663402318954,1.0262811928987503,0.13025783747434616,0.1522540133446455,7.249354653782081e-06,0.13025783747434616,0.7488866895437241,0.1663430780172348,1.773861676454544,1.6075185984373093,512,,,,,,,,,,,
1738,0.7000003360607774,0.7,0.55859375,0.5593323409557343,1.4758532494306564,0.15292526222765446,0.21909325942397118,7.203961358761435e-06,0.15292526222765446,0.7433300614356995,0.19606681168079376,1.2944780141115189,1.098411202430725,512,,,,,,,,,,,
1739,0.7000003360607774,0.7,0.54296875,0.39572591334581375,1.0543873757123947,0.18040426447987556,0.14478199556469917,7.158699594459884e-06,0.18040426447987556,0.7521484047174454,0.09572388231754303,2.0920256227254868,1.9963017404079437,512,,,,,,,,,,,
1740,0.7000003360607774,0.7,0.51953125,0.45696162059903145,1.2085362374782562,0.09800412878394127,0.1761958971619606,7.1135694999864e-06,0.09800412878394127,0.7363622784614563,0.1640753298997879,1.0821029096841812,0.9180275797843933,512,,,,,,,,,,,
1741,0.7000003360607774,0.7,0.72265625,0.516526460647583,1.3874330967664719,0.11972716823220253,0.17779852077364922,7.068571214045256e-06,0.11972716823220253,0.7293749898672104,0.2990926057100296,1.2220603823661804,0.9229677766561508,512,,,,,,,,,,,
1742,0.7000003360607774,0.7,0.51171875,0.5525208562612534,1.490911066532135,0.11221682280302048,0.183394443243742,7.023704874935627e-06,0.11221682280302048,0.7495019435882568,0.15208889544010162,1.2456060498952866,1.093517154455185,512,,,,,,,,,,,
1743,0.7000003360607774,0.7,0.5703125,0.3016272783279419,0.7852810323238373,0.18009106628596783,0.12874099984765053,6.978970620551162e-06,0.18009106628596783,0.7465527206659317,0.16914992034435272,1.370688557624817,1.2015386372804642,512,,,,,,,,,,,
1744,0.7000003360607774,0.7,0.55078125,0.4217149019241333,1.1076945811510086,0.15027469582855701,0.17022930830717087,6.934368588379553e-06,0.15027469582855701,0.7551074177026749,0.13431939482688904,1.0801085531711578,0.9457891583442688,512,0.0006095004500821233,0.0006095004500821233,0.03,440,0.7000003360607774,440,440,495,29,440,2375
1745,0.7000003360607774,0.7,0.458984375,0.38597818091511726,1.0232157707214355,0.11671241000294685,0.14641503058373928,6.889898915502124e-06,0.11671241000294685,0.7482665777206421,0.16218334436416626,0.9328814446926117,0.7706981003284454,512,,,,,,,,,,,
1746,0.7000003360607774,0.7,0.65234375,0.4360332265496254,1.1294468939304352,0.11417823098599911,0.19186583161354065,6.845561738593392e-06,0.11417823098599911,0.7386327832937241,0.13779205083847046,0.8410857394337654,0.703293688595295,512,,,,,,,,,,,
1747,0.7000003360607774,0.7,0.578125,0.39049068093299866,1.0249551683664322,0.15003207325935364,0.1583498865365982,6.801357193920665e-06,0.15003207325935364,0.7434081733226776,0.1260683238506317,1.9685290455818176,1.842460721731186,512,,,,,,,,,,,
1748,0.7000003360607774,0.7,0.63671875,0.5321541726589203,1.3936327397823334,0.10741215758025646,0.2189556024968624,6.757285417343601e-06,0.10741215758025646,0.7574365437030792,0.11867237836122513,0.841624304652214,0.7229519262909889,512,,,,,,,,,,,
1749,0.7000003360607774,0.7,0.5390625,0.8325579911470413,2.2070169746875763,0.1105467937886715,0.31588585674762726,6.71334654431382e-06,0.1105467937886715,0.7519140392541885,0.1308009922504425,0.8671698868274689,0.7363688945770264,512,,,,,,,,,,,
1750,0.7000003360607774,0.7,0.5234375,0.4582590386271477,1.2185814529657364,0.13021249882876873,0.1700822152197361,6.669540709874461e-06,0.13021249882876873,0.7513281404972076,0.18783925473690033,1.7604966312646866,1.5726573765277863,512,,,,,,,,,,,
1751,0.7000003360607774,0.7,0.7109375,0.7404390648007393,1.9166600853204727,0.14350541681051254,0.32709455117583275,6.625868048659767e-06,0.14350541681051254,0.7556445151567459,0.031031951308250427,1.5890254378318787,1.5579934865236282,512,,,,,,,,,,,
1752,0.7000003360607774,0.7,0.5234375,0.3006589338183403,0.7895019799470901,0.10028769820928574,0.12158566527068615,6.582328694894729e-06,0.10028769820928574,0.7575097382068634,0.12592098116874695,0.7903767377138138,0.6644557565450668,512,0.0006938221049495041,0.0006938221049495041,0.03,847,0.7000003360607774,847,847,934,36,847,3137
1753,0.7000003360607774,0.7,0.578125,0.6061264052987099,1.5698788911104202,0.1196811143308878,0.2668677791953087,6.538922782394574e-06,0.1196811143308878,0.7525390535593033,0.21367226541042328,0.9970848262310028,0.7834125608205795,512,,,,,,,,,,,
1754,0.7000003360607774,0.7,0.6171875,0.47621186077594757,1.2422390431165695,0.14267031475901604,0.20082710310816765,6.495650444564433e-06,0.14267031475901604,0.748227521777153,0.14698852598667145,1.0175611525774002,0.8705726265907288,512,,,,,,,,,,,
1755,0.7000003360607774,0.7,0.6328125,0.40419936925172806,1.0416715741157532,0.1161196855828166,0.18317496217787266,6.452511814398899e-06,0.1161196855828166,0.7291210889816284,0.029779233038425446,1.6023130416870117,1.5725338086485863,512,,,,,,,,,,,
1756,0.7000003360607774,0.7,0.6640625,0.7997890412807465,2.1057167649269104,0.14347521401941776,0.31788628175854683,6.409507024481615e-06,0.14347521401941776,0.7477734386920929,0.10565120726823807,1.0854450464248657,0.9797938391566277,512,,,,,,,,,,,
1757,0.7000003360607774,0.7,0.515625,0.3746737539768219,0.985537201166153,0.21905144676566124,0.14983780309557915,6.366636206984888e-06,0.21905144676566124,0.7294726073741913,0.4161518067121506,2.3226570785045624,1.9065052717924118,512,,,,,,,,,,,
1758,0.7000003360607774,0.7,0.54296875,0.5180678069591522,1.3744657784700394,0.16555028967559338,0.19543659314513206,6.3238994936692605e-06,0.16555028967559338,0.7413964420557022,0.22401735186576843,1.3438166379928589,1.1197992861270905,512,,,,,,,,,,,
1759,0.7000003360607774,0.7,0.66796875,0.5084830597043037,1.2998939603567123,0.1411569006741047,0.24096373841166496,6.281297015883131e-06,0.1411569006741047,0.7387353330850601,0.16024675965309143,0.8807132095098495,0.7204664498567581,512,,,,,,,,,,,
1760,0.7000003360607774,0.7,0.59765625,0.6249675676226616,1.6451986134052277,0.11079844832420349,0.2486424297094345,6.238828904562316e-06,0.11079844832420349,0.7510351240634918,0.13663403689861298,0.8758823871612549,0.7392483502626419,512,0.0005320585332810879,0.0005320585332810879,0.03,492,0.7000003360607774,492,492,525,15,492,2470
1761,0.7000003360607774,0.7,0.59375,0.5724412351846695,1.444328099489212,0.12454481609165668,0.2903422638773918,6.196495290229676e-06,0.12454481609165668,0.7489892244338989,0.008513569831848145,1.733719676733017,1.7252061069011688,512,,,,,,,,,,,
1762,0.7000003360607774,0.7,0.52734375,0.38808128237724304,1.0268589705228806,0.15193995088338852,0.1491448450833559,6.154296302994689e-06,0.15193995088338852,0.7445116937160492,0.20687930285930634,1.8693865239620209,1.6625072211027145,512,,,,,,,,,,,
1763,0.7000003360607774,0.7,0.53515625,0.6316571533679962,1.6708006411790848,0.11586405895650387,0.24331184104084969,6.112232072553087e-06,0.11586405895650387,0.7553857266902924,0.14889474213123322,0.945500060915947,0.7966053187847137,512,,,,,,,,,,,
1764,0.7000003360607774,0.7,0.498046875,0.3442452400922775,0.9053791463375092,0.09949830919504166,0.1377882305532694,6.070302728186428e-06,0.09949830919504166,0.7504198998212814,0.101397305727005,0.7426580712199211,0.6412607654929161,512,,,,,,,,,,,
1765,0.7000003360607774,0.7,0.8515625,0.592021569609642,1.5228264927864075,0.14743672497570515,0.27117814123630524,6.028508398761684e-06,0.14743672497570515,0.7018603086471558,0.4161337688565254,2.114700347185135,1.6985665783286095,512,,,,,,,,,,,
1766,0.7000003360607774,0.7,0.72265625,0.6261631846427917,1.588230475783348,0.10024435818195343,0.3092336244881153,5.986849212730916e-06,0.10024435818195343,0.7534716427326202,0.08001101016998291,0.7572433352470398,0.6772323250770569,512,,,,,,,,,,,
1767,0.7000003360607774,0.7,0.58984375,0.5126640498638153,1.3430930376052856,0.12365440744906664,0.21043429151177406,5.945325298130799e-06,0.12365440744906664,0.7415673583745956,-0.05754293501377106,2.542556121945381,2.600099056959152,512,,,,,,,,,,,
1768,0.7000003360607774,0.7,0.5625,0.5112199783325195,1.3427204936742783,0.13511450588703156,0.2064308412373066,5.903936782582253e-06,0.13511450588703156,0.7377001643180847,0.17440272867679596,1.0383136421442032,0.8639109134674072,512,0.0006552987615577877,0.0006552987615577877,0.03,776,0.7000003360607774,776,776,613,233,776,3110
1769,0.7000003360607774,0.7,0.54296875,0.36640265583992004,0.9519233852624893,0.12913562264293432,0.15838765166699886,5.862683793290081e-06,0.12913562264293432,0.7527587562799454,0.17913756519556046,1.0928531140089035,0.913715548813343,512,,,,,,,,,,,
1770,0.7000003360607774,0.7,0.54296875,0.4101905897259712,1.0926558077335358,0.15142840705811977,0.15034594759345055,5.821566457042538e-06,0.15142840705811977,0.7454345673322678,0.187893845140934,1.4305758774280548,1.2426820322871208,512,,,,,,,,,,,
1771,0.7000003360607774,0.7,0.7421875,0.5773813650012016,1.5221973657608032,0.16035153158009052,0.22744305059313774,5.780584900210972e-06,0.16035153158009052,0.7226366847753525,0.18438734114170074,1.4887861907482147,1.304398849606514,512,,,,,,,,,,,
1772,0.7000003360607774,0.7,0.61328125,0.5829723104834557,1.5333669632673264,0.1788547895848751,0.2332158274948597,5.739739248749398e-06,0.1788547895848751,0.7266064435243607,0.2789425849914551,1.5876044556498528,1.3086618706583977,512,,,,,,,,,,,
1773,0.7000003360607774,0.7,0.6328125,0.6157748624682426,1.5997284650802612,0.1459635142236948,0.26625597290694714,5.699029628194175e-06,0.1459635142236948,0.7449120730161667,0.20561683177947998,1.3977961987257004,1.1921793669462204,512,,,,,,,,,,,
1774,0.7000003360607774,0.7,0.58984375,0.4134998023509979,1.0934519916772842,0.169019415974617,0.15957763977348804,5.65845616366355e-06,0.169019415974617,0.7239697128534317,-0.2369886338710785,2.0625892728567123,2.299577906727791,512,,,,,,,,,,,
1775,0.7000003360607774,0.7,0.5078125,0.519078329205513,1.356304109096527,0.11516701057553291,0.21666045859456062,5.618018979857309e-06,0.11516701057553291,0.7414892315864563,0.12573713064193726,0.7517443597316742,0.6260072290897369,512,,,,,,,,,,,
1776,0.7000003360607774,0.7,0.53125,0.4085599258542061,1.0852869302034378,0.10994420759379864,0.1527734436094761,5.577718201056392e-06,0.10994420759379864,0.7130028903484344,0.05830425024032593,1.092610627412796,1.03430637717247,512,0.0006133732968010008,0.0006133732968010008,0.03,442,0.7000003360607774,442,442,512,-12,442,1937
1777,0.7000003360607774,0.7,0.546875,0.6365828290581703,1.6853695213794708,0.12804069183766842,0.24366921372711658,5.537553951122509e-06,0.12804069183766842,0.7481738179922104,0.07736660540103912,0.8906266391277313,0.8132600337266922,512,,,,,,,,,,,
1778,0.7000003360607774,0.7,0.578125,0.4887077137827873,1.3068898767232895,0.12556859478354454,0.1740425042808056,5.497526353497751e-06,0.12556859478354454,0.7473193258047104,0.10330472886562347,1.5255974903702736,1.4222927615046501,512,,,,,,,,,,,
1779,0.7000003360607774,0.7,0.9375,0.3261681757867336,0.8558743596076965,0.09922096692025661,0.1325140129774809,5.457635531204214e-06,0.09922096692025661,0.7527197003364563,0.13643111288547516,0.7964442223310471,0.6600131094455719,512,,,,,,,,,,,
1780,0.7000003360607774,0.7,0.5390625,0.29123324900865555,0.7619528770446777,0.15916360169649124,0.12057208828628063,5.41788160684365e-06,0.15916360169649124,0.7366064190864563,0.3912273943424225,2.6645068377256393,2.273279443383217,512,,,,,,,,,,,
1781,0.7000003360607774,0.7,0.59375,0.6159496381878853,1.6176764965057373,0.11874446831643581,0.248837448656559,5.378264702597035e-06,0.11874446831643581,0.7517724484205246,0.11674665659666061,0.9704896211624146,0.8537429645657539,512,,,,,,,,,,,
1782,0.7000003360607774,0.7,0.578125,0.5701538398861885,1.4846554845571518,0.12263577990233898,0.24308335781097412,5.33878494022424e-06,0.12263577990233898,0.742807611823082,0.1469002366065979,0.8092806041240692,0.6623803675174713,512,,,,,,,,,,,
1783,0.7000003360607774,0.7,0.734375,0.4356677681207657,1.0918865948915482,0.12144863046705723,0.22831865400075912,5.299442441063629e-06,0.12144863046705723,0.7594872713088989,0.23848780989646912,2.13759808242321,1.899110272526741,512,,,,,,,,,,,
1784,0.7000003360607774,0.7,0.49609375,0.2920912280678749,0.7661200165748596,0.10237046703696251,0.119004862383008,5.260237326031697e-06,0.10237046703696251,0.686938464641571,0.05552896112203598,2.3211612701416016,2.2656323090195656,512,0.0008135656826198101,0.0008135656826198101,0.03,453,0.7000003360607774,453,453,533,-41,453,2510
1785,0.7000003360607774,0.7,0.5859375,0.32139070332050323,0.839064359664917,0.10052075795829296,0.13484683260321617,5.2211697156227204e-06,0.10052075795829296,0.7646239995956421,0.06986561417579651,0.9442003667354584,0.8743347525596619,512,,,,,,,,,,,
1786,0.7000003360607774,0.7,0.58203125,0.5916852355003357,1.5711963176727295,0.13953440636396408,0.22178921103477478,5.182239729908333e-06,0.13953440636396408,0.7461669743061066,0.22588439285755157,1.4812517017126083,1.2553673088550568,512,,,,,,,,,,,
1787,0.7000003360607774,0.7,0.54296875,0.35668154805898666,0.9449506253004074,0.1246408186852932,0.1359024979174137,5.143447488537212e-06,0.1246408186852932,0.7537499815225601,0.11055588722229004,1.005897432565689,0.895341545343399,512,,,,,,,,,,,
1788,0.7000003360607774,0.7,0.84375,0.9666070118546486,2.5241266191005707,0.14270327612757683,0.4049855247139931,5.104793110734668e-06,0.14270327612757683,0.7550341337919235,0.06910443305969238,0.9251273721456528,0.8560229390859604,512,,,,,,,,,,,
1789,0.7000003360607774,0.7,0.52734375,0.5472578480839729,1.478122889995575,0.09749139100313187,0.1802341341972351,5.066276715302304e-06,0.09749139100313187,0.7378270924091339,0.10652783513069153,0.6353399157524109,0.5288120806217194,512,,,,,,,,,,,
1790,0.7000003360607774,0.7,0.9375,0.5330155938863754,1.3998420238494873,0.17080182954669,0.21535669267177582,5.027898420617666e-06,0.17080182954669,0.7522412091493607,0.32852259278297424,2.369706302881241,2.0411837100982666,512,,,,,,,,,,,
1791,0.7000003360607774,0.7,0.58984375,0.5224234499037266,1.3520922437310219,0.1499416045844555,0.2310090772807598,4.989658344633818e-06,0.1499416045844555,0.725214809179306,0.17145786434412003,1.0688359290361404,0.8973780646920204,512,,,,,,,,,,,
1792,0.7000003360607774,0.7,0.8671875,0.6571297645568848,1.7512210309505463,0.1627160720527172,0.24008125066757202,4.951556604879048e-06,0.1627160720527172,0.7496240139007568,0.15979674458503723,1.607085257768631,1.4472885131835938,512,0.0007253422518260777,0.0007253422518260777,0.03,548,0.7000003360607774,548,548,567,33,548,2703
1793,0.7000003360607774,0.7,0.7578125,0.5134228393435478,1.3624035865068436,0.18978756666183472,0.19342315196990967,4.9135933184564554e-06,0.18978756666183472,0.7477245926856995,0.010600864887237549,1.2689985483884811,1.2583976835012436,512,,,,,,,,,,,
1794,0.7000003360607774,0.7,0.61328125,0.45884401351213455,1.2050876766443253,0.14569298177957535,0.18534870818257332,4.875768602043629e-06,0.14569298177957535,0.7300439476966858,0.14179863035678864,1.2448228299617767,1.103024199604988,512,,,,,,,,,,,
1795,0.7000003360607774,0.7,0.5234375,0.45940886437892914,1.2034966051578522,0.12388854660093784,0.18865147046744823,4.838082571892272e-06,0.12388854660093784,0.7541405856609344,0.15785348415374756,1.4651595503091812,1.3073060661554337,512,,,,,,,,,,,
1796,0.7000003360607774,0.7,0.66015625,0.7271908894181252,1.9030496627092361,0.2156752608716488,0.30055903643369675,4.800535343827833e-06,0.2156752608716488,0.7385986000299454,0.3920690715312958,3.107211649417877,2.7151425778865814,512,,,,,,,,,,,
1797,0.7000003360607774,0.7,0.490234375,0.2735929638147354,0.7106130719184875,0.11798853985965252,0.11845648102462292,4.76312703324917e-06,0.11798853985965252,0.7546435296535492,0.1590142399072647,0.9441961199045181,0.7851818799972534,512,,,,,,,,,,,
1798,0.7000003360607774,0.7,0.6640625,0.684299997985363,1.8327836394309998,0.16320686414837837,0.24085274152457714,4.725857755128188e-06,0.16320686414837837,0.7541796714067459,0.04024919867515564,1.69151771068573,1.6512685120105743,512,,,,,,,,,,,
1799,0.7000003360607774,0.7,0.60546875,0.6400996185839176,1.6949333995580673,0.15185875818133354,0.2447623424232006,4.688727624009482e-06,0.15185875818133354,0.7533691227436066,0.09547829627990723,2.205066531896591,2.109588235616684,512,,,,,,,,,,,
1800,0.7000003360607774,0.7,0.5,0.7005374431610107,1.8372229784727097,0.10726397763937712,0.28561762161552906,4.651736754009972e-06,0.10726397763937712,0.7587597519159317,0.10489286109805107,1.1218430548906326,1.0169501937925816,512,0.0005247129593044519,0.0005247129593044519,0.03,466,0.7000003360607774,466,466,529,-7,466,1765
1801,0.7000003360607774,0.7,0.54296875,0.40323641151189804,1.064305990934372,0.16663891077041626,0.15762248262763023,4.6148852588186135e-06,0.16663891077041626,0.7411327809095383,0.2813918888568878,2.261584520339966,1.980192631483078,512,,,,,,,,,,,
1802,0.7000003360607774,0.7,0.55078125,0.488799050450325,1.304751306772232,0.11047581769526005,0.17645788937807083,4.5781732516959605e-06,0.11047581769526005,0.741342768073082,0.15960925817489624,0.944587916135788,0.7849786579608917,512,,,,,,,,,,,
1803,0.7000003360607774,0.7,0.490234375,0.3859809637069702,1.0051930844783783,0.10355251096189022,0.16444614715874195,4.541600845473881e-06,0.10355251096189022,0.7603564113378525,0.10915526747703552,0.9605366289615631,0.8513813614845276,512,,,,,,,,,,,
1804,0.7000003360607774,0.7,0.53125,0.6440141350030899,1.6561129093170166,0.17159259505569935,0.2954450100660324,4.505168152555173e-06,0.17159259505569935,0.7265282869338989,0.19753609597682953,1.204273670911789,1.0067375749349594,512,,,,,,,,,,,
1805,0.7000003360607774,0.7,0.5390625,0.7356773242354393,1.9760879576206207,0.16925939917564392,0.25323721021413803,4.468875284913254e-06,0.16925939917564392,0.7316894680261612,0.30287448316812515,1.7755096182227135,1.4726351350545883,512,,,,,,,,,,,
1806,0.7000003360607774,0.7,0.5078125,0.5016827061772346,1.3243728429079056,0.09817913919687271,0.19587772339582443,4.432722354091778e-06,0.09817913919687271,0.7398730218410492,0.07936744391918182,0.6395721137523651,0.5602046698331833,512,,,,,,,,,,,
1807,0.7000003360607774,0.7,0.5703125,0.7230926007032394,1.9078229516744614,0.1264514271169901,0.28336669877171516,4.396709471204325e-06,0.1264514271169901,0.7363671660423279,0.15357132256031036,0.9083816111087799,0.7548102885484695,512,,,,,,,,,,,
1808,0.7000003360607774,0.7,1.796875,0.9012222215533257,2.3854001462459564,0.18446717038750648,0.3455761931836605,4.360836746934055e-06,0.18446717038750648,0.7302538752555847,0.1986571028828621,1.5137944966554642,1.315137393772602,512,0.0007415119907818735,0.0007415119907818735,0.03,942,0.7000003360607774,942,942,1221,-191,942,2856
1809,0.7000003360607774,0.7,0.63671875,0.7508367002010345,1.987613394856453,0.1334419958293438,0.2876492813229561,4.325104291533344e-06,0.1334419958293438,0.7467333674430847,0.1535998284816742,2.2130338549613953,2.059434026479721,512,,,,,,,,,,,
1810,0.7000003360607774,0.7,0.65234375,0.755628302693367,1.89164699614048,0.1484048906713724,0.3981356546282768,4.289512214823466e-06,0.1484048906713724,0.7175585776567459,0.20000948756933212,1.331268034875393,1.1312585473060608,512,,,,,,,,,,,
1811,0.7000003360607774,0.7,0.53515625,0.594563402235508,1.5606397539377213,0.10591593198478222,0.24106748960912228,4.254060626194262e-06,0.10591593198478222,0.752802699804306,0.14070475101470947,0.828155979514122,0.6874512284994125,512,,,,,,,,,,,
1812,0.7000003360607774,0.7,0.64453125,0.6760781556367874,1.7447381019592285,0.13028891943395138,0.30398358032107353,4.2187496346037695e-06,0.13028891943395138,0.7223339676856995,0.18728671967983246,0.8765815198421478,0.6892948001623154,512,,,,,,,,,,,
1813,0.7000003360607774,0.7,0.68359375,0.5070654600858688,1.343793585896492,0.10671252012252808,0.19276833347976208,4.1835793485779315e-06,0.10671252012252808,0.7532324194908142,0.09533587098121643,0.7764886915683746,0.6811528205871582,512,,,,,,,,,,,
1814,0.7000003360607774,0.7,0.50390625,0.48595627024769783,1.2928138226270676,0.12035071291029453,0.17978090979158878,4.148549876210223e-06,0.12035071291029453,0.7436864823102951,0.23271381855010986,1.2166099101305008,0.9838960915803909,512,,,,,,,,,,,
1815,0.7000003360607774,0.7,0.69921875,0.4077978730201721,1.0848558396100998,0.13143698126077652,0.15089521184563637,4.113661325161367e-06,0.13143698126077652,0.7368651926517487,0.2874096632003784,1.6520976424217224,1.364687979221344,512,,,,,,,,,,,
1816,0.7000003360607774,0.7,0.5703125,0.42342446744441986,1.1178472936153412,0.10930639132857323,0.16525709629058838,4.078913802658946e-06,0.10930639132857323,0.7578759640455246,0.11082909256219864,0.8861906751990318,0.7753615826368332,512,0.001173780532553792,0.001173780532553792,0.03,285,0.7000003360607774,285,285,293,13,285,1367
1817,0.7000003360607774,0.7,0.5,0.7488644942641258,1.980219379067421,0.07672643661499023,0.289066843688488,4.044307415497112e-06,0.07672643661499023,0.7424511462450027,0.11433503776788712,0.6100334078073502,0.49569837003946304,512,,,,,,,,,,,
1818,0.7000003360607774,0.7,0.59765625,0.8108013793826103,2.148315191268921,0.1395149528980255,0.30865857005119324,4.009842270036252e-06,0.1395149528980255,0.7428613007068634,0.11016316711902618,1.2496890723705292,1.139525905251503,512,,,,,,,,,,,
1819,0.7000003360607774,0.7,0.6953125,0.5208269655704498,1.3789401352405548,0.18662466295063496,0.1993233636021614,3.975518472202644e-06,0.18662466295063496,0.7372069954872131,0.13336141407489777,1.6570056676864624,1.5236442536115646,512,,,,,,,,,,,
1820,0.7000003360607774,0.7,0.5234375,0.39185353368520737,1.0302418023347855,0.1645332407206297,0.15719309635460377,3.941336127488149e-06,0.1645332407206297,0.7387743890285492,0.18296825885772705,2.1754598915576935,1.9924916326999664,512,,,,,,,,,,,
1821,0.7000003360607774,0.7,0.5625,0.5465889349579811,1.4422005414962769,0.13702009804546833,0.21412945911288261,3.907295340949879e-06,0.13702009804546833,0.730048805475235,-0.010578550398349762,1.0915383100509644,1.1021168604493141,512,,,,,,,,,,,
1822,0.7000003360607774,0.7,0.47265625,0.4939487427473068,1.283447027206421,0.10538733378052711,0.21336731128394604,3.873396217209891e-06,0.10538733378052711,0.7565478384494781,0.1238342672586441,0.8499001115560532,0.7260658442974091,512,,,,,,,,,,,
1823,0.7000003360607774,0.7,0.63671875,0.9177100509405136,2.4300377368927,0.11443128064274788,0.3509017117321491,3.839638860454842e-06,0.11443128064274788,0.7601953148841858,0.17090704292058945,1.2937314435839653,1.1228244006633759,512,,,,,,,,,,,
1824,0.7000003360607774,0.7,0.5,0.5300433896481991,1.4088987559080124,0.1270946003496647,0.19729329086840153,3.8060233744356633e-06,0.1270946003496647,0.7498779147863388,0.06467998027801514,0.8020657896995544,0.7373858094215393,512,0.0007069754065014422,0.0007069754065014422,0.03,287,0.7000003360607774,287,287,302,4,287,1834
1825,0.7000003360607774,0.7,0.57421875,0.415837824344635,1.1093843132257462,0.14608263969421387,0.1507302224636078,3.7725498624672786e-06,0.14608263969421387,0.7320409864187241,0.12863308191299438,1.0509202927350998,0.9222872108221054,512,,,,,,,,,,,
1826,0.7000003360607774,0.7,0.5703125,0.6492317691445351,1.7152918428182602,0.13347114622592926,0.2520770691335201,3.7392184274282537e-06,0.13347114622592926,0.7305712699890137,0.0613366961479187,1.35222589969635,1.2908892035484314,512,,,,,,,,,,,
1827,0.7000003360607774,0.7,0.5546875,0.377752423286438,0.985154539346695,0.09884148929268122,0.15954971872270107,3.7060291717604833e-06,0.09884148929268122,0.7425048649311066,0.11794326454401016,1.3815768510103226,1.2636335864663124,512,,,,,,,,,,,
1828,0.7000003360607774,0.7,0.5234375,0.39720501005649567,1.0536180138587952,0.1764207612723112,0.15003351867198944,3.6729821974688937e-06,0.1764207612723112,0.7620116919279099,0.18926680088043213,2.690974712371826,2.501707911491394,512,,,,,,,,,,,
1829,0.7000003360607774,0.7,0.48828125,0.653211385011673,1.7294298708438873,0.11894551292061806,0.249998539686203,3.6400776061211227e-06,0.11894551292061806,0.7349999994039536,0.18588010966777802,0.9107881039381027,0.7249079942703247,512,,,,,,,,,,,
1830,0.7000003360607774,0.7,0.80078125,0.4401053488254547,1.169790044426918,0.1353727001696825,0.16386248171329498,3.6073154988471967e-06,0.1353727001696825,0.726206049323082,0.10730947554111481,0.9416648596525192,0.8343553841114044,512,,,,,,,,,,,
1831,0.7000003360607774,0.7,0.51953125,0.5192085579037666,1.3736213445663452,0.15505150891840458,0.19973784312605858,3.574695976339226e-06,0.15505150891840458,0.7325048595666885,0.21586792916059494,1.3079733103513718,1.0921053811907768,512,,,,,,,,,,,
1832,0.7000003360607774,0.7,0.466796875,0.5322765931487083,1.4123393595218658,0.10483616963028908,0.20061997137963772,3.542219138851094e-06,0.10483616963028908,0.7458153963088989,0.18225903809070587,1.308139756321907,1.1258807182312012,512,0.0007388930534943938,0.0007388930534943938,0.03,316,0.7000003360607774,316,316,293,59,316,1333
1833,0.7000003360607774,0.7,0.53515625,0.545390248298645,1.428863376379013,0.14002828672528267,0.22383429296314716,3.509885086198167e-06,0.14002828672528267,0.7526220381259918,0.10733218491077423,1.1122802644968033,1.004948079586029,512,,,,,,,,,,,
1834,0.7000003360607774,0.7,0.57421875,0.6325136795639992,1.7082801908254623,0.13481689617037773,0.20842783898115158,3.4776939177569468e-06,0.13481689617037773,0.7526562362909317,0.1266159564256668,1.4556684345006943,1.3290524780750275,512,,,,,,,,,,,
1835,0.7000003360607774,0.7,0.62109375,0.34644877910614014,0.9176491051912308,0.1497141234576702,0.1321956068277359,3.445645732464803e-06,0.1497141234576702,0.7439355105161667,0.19124898314476013,1.1310699582099915,0.9398209750652313,512,,,,,,,,,,,
1836,0.7000003360607774,0.7,0.6171875,0.5832760706543922,1.5250339657068253,0.10989765450358391,0.24246921017766,3.4137406288196725e-06,0.10989765450358391,0.7571630626916885,0.13558734953403473,0.8919568657875061,0.7563695162534714,512,,,,,,,,,,,
1837,0.7000003360607774,0.7,0.498046875,0.4577278345823288,1.205070823431015,0.1406293325126171,0.18198318034410477,3.3819787048797236e-06,0.1406293325126171,0.7452636361122131,0.1443587690591812,1.1861492097377777,1.0417904406785965,512,,,,,,,,,,,
1838,0.7000003360607774,0.7,0.609375,0.4623003304004669,1.172443613409996,0.1347733438014984,0.22846639715135098,3.350360058263058e-06,0.1347733438014984,0.7452831715345383,0.1167111024260521,1.0406493693590164,0.9239382669329643,512,,,,,,,,,,,
1839,0.7000003360607774,0.7,0.486328125,0.444061316549778,1.1648550927639008,0.10872824769467115,0.1807851940393448,3.3188847861474525e-06,0.10872824769467115,0.7275194972753525,0.035444632172584534,1.2327409908175468,1.1972963586449623,512,,,,,,,,,,,
1840,0.7000003360607774,0.7,0.65625,0.6189251691102982,1.6221213787794113,0.1729364488273859,0.2534092552959919,3.2875529852700147e-06,0.1729364488273859,0.7274804413318634,0.3714344948530197,2.6010745018720627,2.229640007019043,512,0.00064071174710989,0.00064071174710989,0.03,273,0.7000003360607774,273,273,322,14,273,895
1841,0.7000003360607774,0.7,0.58203125,0.44375035911798477,1.1993924975395203,0.24061622843146324,0.14530549384653568,3.2563647519269048e-06,0.24061622843146324,0.7076220512390137,0.07912221550941467,3.7989450991153717,3.719822883605957,512,,,,,,,,,,,
1842,0.7000003360607774,0.7,0.54296875,0.4188353791832924,1.113670825958252,0.1288968361914158,0.15552722662687302,3.225320181973035e-06,0.1288968361914158,0.7561815977096558,0.14133891463279724,1.0146596133708954,0.8733206987380981,512,,,,,,,,,,,
1843,0.7000003360607774,0.7,0.60546875,0.3711220398545265,0.9912328869104385,0.1821904145181179,0.13337928988039494,3.1944193708217994e-06,0.1821904145181179,0.7328124791383743,0.18953675031661987,1.594857633113861,1.4053208827972412,512,,,,,,,,,,,
1844,0.7000003360607774,0.7,0.6328125,0.6215115785598755,1.653194010257721,0.16735193878412247,0.2301742546260357,3.1636624134447344e-06,0.16735193878412247,0.7157909721136093,0.027083933353424072,1.979152888059616,1.952068954706192,512,,,,,,,,,,,
1845,0.7000003360607774,0.7,0.60546875,0.6182753890752792,1.6389530450105667,0.18745354376733303,0.2346087247133255,3.133049404371258e-06,0.18745354376733303,0.7224560379981995,0.3199239745736122,1.652892827987671,1.3329688534140587,512,,,,,,,,,,,
1846,0.7000003360607774,0.7,0.50390625,0.5310687199234962,1.4086946696043015,0.17328759655356407,0.2006044089794159,3.1025804376883793e-06,0.17328759655356407,0.75611811876297,0.15788570046424866,2.1502543538808823,1.9923686534166336,512,,,,,,,,,,,
1847,0.7000003360607774,0.7,0.50390625,0.5422769337892532,1.4184382408857346,0.11858394742012024,0.22482513822615147,3.0722556070403973e-06,0.11858394742012024,0.7333300858736038,0.10774366557598114,0.7286088019609451,0.620865136384964,512,,,,,,,,,,,
1848,0.7000003360607774,0.7,0.53515625,0.33573048561811447,0.881498247385025,0.11814436223357916,0.13586680963635445,3.0420750056286195e-06,0.11814436223357916,0.7446288764476776,0.13659092783927917,0.8892278671264648,0.7526369392871857,512,0.0006595351151190698,0.0006595351151190698,0.03,255,0.7000003360607774,255,255,300,-6,255,1568
1849,0.7000003360607774,0.7,0.5703125,0.4311560019850731,1.149516299366951,0.1051684319972992,0.15701700374484062,3.012038726211064e-06,0.1051684319972992,0.7257324159145355,0.18518206477165222,1.2477182149887085,1.0625361502170563,512,,,,,,,,,,,
1850,0.7000003360607774,0.7,0.6328125,0.5594329759478569,1.4666439890861511,0.11584181152284145,0.22860737144947052,2.9821468611022198e-06,0.11584181152284145,0.7505321949720383,0.1176576018333435,0.9213142693042755,0.803656667470932,512,,,,,,,,,,,
1851,0.7000003360607774,0.7,0.515625,0.2955339029431343,0.7755095958709717,0.13433640636503696,0.12004769220948219,2.9523995021726926e-06,0.13433640636503696,0.7095898240804672,0.13390399515628815,1.5711427181959152,1.437238723039627,512,,,,,,,,,,,
1852,0.7000003360607774,0.7,0.8125,0.6706225872039795,1.773847073316574,0.16814926825463772,0.25834252312779427,2.9227967408489653e-06,0.16814926825463772,0.7203710675239563,0.10568474233150482,1.337641179561615,1.2319564372301102,512,,,,,,,,,,,
1853,0.7000003360607774,0.7,0.6953125,0.3173786774277687,0.816054493188858,0.1178252063691616,0.1456990223377943,2.8933386681131212e-06,0.1178252063691616,0.7356249690055847,0.0987543910741806,1.253277227282524,1.1545228362083435,512,,,,,,,,,,,
1854,0.7000003360607774,0.7,0.478515625,0.3101813420653343,0.8037741035223007,0.11286655813455582,0.13616931438446045,2.8640253745025493e-06,0.11286655813455582,0.7523437589406967,0.1537002995610237,0.9889993369579315,0.8352990373969078,512,,,,,,,,,,,
1855,0.7000003360607774,0.7,0.57421875,0.7009647451341152,1.7924199402332306,0.100847152993083,0.3317155707627535,2.8348569501096544e-06,0.100847152993083,0.7584033012390137,-0.08987807482481003,1.2789015471935272,1.3687796220183372,512,,,,,,,,,,,
1856,0.7000003360607774,0.7,0.6640625,0.5093149617314339,1.35217747092247,0.23067062348127365,0.19120116159319878,2.8058334845816213e-06,0.23067062348127365,0.7255224585533142,0.2801341116428375,2.8528134524822235,2.572679340839386,512,0.0006379106780514121,0.0006379106780514121,0.03,303,0.7000003360607774,303,303,289,25,303,1067
1857,0.7000003360607774,0.7,0.515625,0.29723959788680077,0.7743588387966156,0.14731424488127232,0.12636716477572918,2.7769550671201017e-06,0.14731424488127232,0.7234765440225601,0.2619876340031624,1.6845428571105003,1.422555223107338,512,,,,,,,,,,,
1858,0.7000003360607774,0.7,0.62890625,0.3331543207168579,0.8582487255334854,0.1606873106211424,0.1513097807765007,2.7482217864809477e-06,0.1606873106211424,0.7426317930221558,0.12144340574741364,1.514641985297203,1.3931985795497894,512,,,,,,,,,,,
1859,0.7000003360607774,0.7,0.625,0.41748614609241486,1.0972965061664581,0.09194008260965347,0.1678130030632019,2.7196337309739417e-06,0.09194008260965347,0.7468163818120956,0.11234911531209946,0.6439731568098068,0.5316240414977074,512,,,,,,,,,,,
1860,0.7000003360607774,0.7,0.57421875,0.3650321587920189,0.9647904634475708,0.11091347597539425,0.14136754721403122,2.691190988462522e-06,0.11091347597539425,0.7577343434095383,0.09272940456867218,0.8605241179466248,0.7677947133779526,512,,,,,,,,,,,
1861,0.7000003360607774,0.7,0.5859375,0.6217913776636124,1.6633794158697128,0.16217292472720146,0.2208368144929409,2.6628936463635567e-06,0.16217292472720146,0.7428075969219208,0.10323959589004517,1.5975109934806824,1.4942713975906372,512,,,,,,,,,,,
1862,0.7000003360607774,0.7,1.984375,0.3703918568789959,0.9690645709633827,0.12801184877753258,0.15333492681384087,2.634741791646983e-06,0.12801184877753258,0.7549365311861038,0.11946029961109161,1.2228504791855812,1.1033901795744896,512,,,,,,,,,,,
1863,0.7000003360607774,0.7,0.68359375,0.39171474426984787,0.9814595729112625,0.11082170717418194,0.20555477403104305,2.6067355108356173e-06,0.11082170717418194,0.7495751678943634,0.10023515671491623,1.3999830037355423,1.299747847020626,512,,,,,,,,,,,
1864,0.7000003360607774,0.7,0.55078125,0.4219936281442642,1.1120120286941528,0.18760409019887447,0.1667565070092678,2.5788748900048676e-06,0.18760409019887447,0.7303710877895355,0.16179527342319489,1.667095273733139,1.5053000003099442,512,0.0010368546936661005,0.0010368546936661005,0.03,272,0.7000003360607774,272,272,320,-12,272,1642
1865,0.7000003360607774,0.7,0.5703125,0.4086056873202324,1.0761629939079285,0.1158606056123972,0.16203600727021694,2.55116001478245e-06,0.1158606056123972,0.7374365031719208,0.1298035979270935,0.9546426832675934,0.8248390853404999,512,,,,,,,,,,,
1866,0.7000003360607774,0.7,0.65625,0.6267690509557724,1.6564645022153854,0.2252148911356926,0.24283559992909431,2.5235909703481665e-06,0.2252148911356926,0.7275146543979645,0.13438276946544647,2.5849414467811584,2.450558677315712,512,,,,,,,,,,,
1867,0.7000003360607774,0.7,0.63671875,0.5586905181407928,1.495092749595642,0.1843217872083187,0.1979087796062231,2.496167841433594e-06,0.1843217872083187,0.738413080573082,0.12586236000061035,2.07076358795166,1.9449012279510498,512,,,,,,,,,,,
1868,0.7000003360607774,0.7,0.5859375,0.8338714465498924,2.226044684648514,0.1348885428160429,0.300838440656662,2.468890712321864e-06,0.1348885428160429,0.7487011402845383,0.1358330398797989,0.9695032238960266,0.8336701840162277,512,,,,,,,,,,,
1869,0.7000003360607774,0.7,0.58203125,0.9380948320031166,2.486708700656891,0.10542620718479156,0.356002751737833,2.441759666847371e-06,0.10542620718479156,0.7508447468280792,0.11282263696193695,0.7419852912425995,0.6291626542806625,512,,,,,,,,,,,
1870,0.7000003360607774,0.7,0.60546875,0.4815601259469986,1.266349345445633,0.1246972493827343,0.19292371906340122,2.4147747883955464e-06,0.1246972493827343,0.7544335722923279,0.12995591759681702,1.2053802013397217,1.0754242837429047,512,,,,,,,,,,,
1871,0.7000003360607774,0.7,0.578125,0.37772179022431374,0.9919329285621643,0.14938117004930973,0.15267853066325188,2.387936159902582e-06,0.14938117004930973,0.7571484297513962,0.12580068409442902,1.8248211592435837,1.6990204751491547,512,,,,,,,,,,,
1872,0.7000003360607774,0.7,0.6015625,0.5327112376689911,1.3966077119112015,0.20466094836592674,0.21766869723796844,2.361243863855184e-06,0.20466094836592674,0.7290282845497131,0.012243635952472687,2.1601199582219124,2.1478763222694397,512,0.0008313126163557172,0.0008313126163557172,0.03,185,0.7000003360607774,185,185,207,3,185,839
1873,0.7000003360607774,0.7,0.55859375,0.3713674619793892,0.9707639366388321,0.1390311922878027,0.15459194034337997,2.334697982290307e-06,0.1390311922878027,0.7579052448272705,0.1824934482574463,2.359493911266327,2.1770004630088806,512,,,,,,,,,,,
1874,0.7000003360607774,0.7,0.6796875,0.5558095350861549,1.4382643699645996,0.12094190716743469,0.24600685201585293,2.3082985967949167e-06,0.12094190716743469,0.7281835675239563,0.1499367505311966,0.6528492271900177,0.5029124766588211,512,,,,,,,,,,,
1875,0.7000003360607774,0.7,0.60546875,0.6056931391358376,1.5686985701322556,0.18636549822986126,0.2667350769042969,2.2820457885057325e-06,0.18636549822986126,0.7289062440395355,0.20033539086580276,2.540091924369335,2.3397565335035324,512,,,,,,,,,,,
1876,0.7000003360607774,0.7,0.5859375,0.52655478566885,1.4032816290855408,0.10978065803647041,0.19233890995383263,2.2559396381089838e-06,0.10978065803647041,0.7665576189756393,0.14404667913913727,1.392510786652565,1.2484641075134277,512,,,,,,,,,,,
1877,0.7000003360607774,0.7,0.53515625,0.3664298802614212,0.967865526676178,0.11060837656259537,0.1425280161201954,2.229980225840134e-06,0.11060837656259537,0.7470605224370956,0.0793192908167839,1.2900803908705711,1.2107611000537872,512,,,,,,,,,,,
1878,0.7000003360607774,0.7,0.5390625,0.3335253596305847,0.8765794783830643,0.10942157171666622,0.13410337083041668,2.204167631483689e-06,0.10942157171666622,0.7382372915744781,0.13994969427585602,2.064341679215431,1.9243919849395752,512,,,,,,,,,,,
1879,0.7000003360607774,0.7,0.7421875,0.6842140406370163,1.798394650220871,0.13761921226978302,0.2749811075627804,2.1785019343729063e-06,0.13761921226978302,0.7161034941673279,0.12114287167787552,1.4071450531482697,1.2860021814703941,512,,,,,,,,,,,
1880,0.7000003360607774,0.7,0.5625,0.39580853283405304,1.0433716922998428,0.1906246431171894,0.15604805760085583,2.152983213389559e-06,0.1906246431171894,0.72267085313797,0.21065348386764526,1.6846895068883896,1.4740360230207443,512,0.0007709264755249023,0.0007709264755249023,0.03,227,0.7000003360607774,227,227,207,27,227,470
1881,0.7000003360607774,0.7,1.203125,0.6191479340195656,1.6416985243558884,0.1363454582169652,0.23450727947056293,2.127611546963698e-06,0.1363454582169652,0.7090576142072678,0.23283134400844574,1.2181061804294586,0.9852748364210129,512,,,,,,,,,,,
1882,0.7000003360607774,0.7,0.54296875,0.3717680126428604,0.9690952748060226,0.1110890731215477,0.15747439861297607,2.1023870130734257e-06,0.1110890731215477,0.7504638433456421,0.12594729661941528,0.8882890939712524,0.7623417973518372,512,,,,,,,,,,,
1883,0.7000003360607774,0.7,0.96484375,0.7908909320831299,2.0902161598205566,0.1281074844300747,0.30642300099134445,2.077309689244633e-06,0.1281074844300747,0.7479052543640137,0.17884182929992676,0.9805058240890503,0.8016639947891235,512,,,,,,,,,,,
1884,0.7000003360607774,0.7,0.52734375,0.5391087681055069,1.4066374748945236,0.17085466533899307,0.22702539898455143,2.0523796525507623e-06,0.17085466533899307,0.725756824016571,0.1278236210346222,1.154698058962822,1.0268744379281998,512,,,,,,,,,,,
1885,0.7000003360607774,0.7,0.6171875,0.8293645083904266,2.2122339606285095,0.1656816489994526,0.3009917289018631,2.027596979612606e-06,0.1656816489994526,0.7472607493400574,0.14626926183700562,1.4111272394657135,1.2648579776287079,512,,,,,,,,,,,
1886,0.7000003360607774,0.7,0.6875,0.46632836759090424,1.1979319900274277,0.14042056258767843,0.21518420800566673,2.0029617465980142e-06,0.14042056258767843,0.7320068031549454,0.24075399339199066,1.0617453306913376,0.8209913372993469,512,,,,,,,,,,,
1887,0.7000003360607774,0.7,0.65234375,0.37913021445274353,0.9821397066116333,0.14252164401113987,0.166739696636796,1.9784740292217108e-06,0.14252164401113987,0.757993146777153,0.0608200877904892,0.9148722290992737,0.8540521413087845,512,,,,,,,,,,,
1888,0.7000003360607774,0.7,0.490234375,0.2976347953081131,0.7762242257595062,0.17623423971235752,0.1256993543356657,1.9541339027450256e-06,0.17623423971235752,0.7323876619338989,0.2711653560400009,1.7105665057897568,1.4394011497497559,512,0.0005162720335647464,0.0005162720335647464,0.03,138,0.7000003360607774,138,138,162,-4,138,2267
1889,0.7000003360607774,0.7,0.50390625,0.2986278831958771,0.7644190639257431,0.11057107895612717,0.14051387459039688,1.9299414419756856e-06,0.11057107895612717,0.7335351407527924,0.23728427290916443,1.5454184412956238,1.3081341683864594,512,,,,,,,,,,,
1890,0.7000003360607774,0.7,0.62109375,0.5865694433450699,1.52227483689785,0.15405258908867836,0.2552082985639572,1.9058967212675804e-06,0.15405258908867836,0.7464745938777924,0.17342258989810944,1.8488905876874924,1.675467997789383,512,,,,,,,,,,,
1891,0.7000003360607774,0.7,0.5703125,0.3185014873743057,0.8338405638933182,0.12121936678886414,0.1313154213130474,1.881999814520513e-06,0.12121936678886414,0.725532203912735,-0.06535772979259491,2.0394215136766434,2.1047792434692383,512,,,,,,,,,,,
1892,0.7000003360607774,0.7,0.64453125,0.5268931239843369,1.4063360095024109,0.13333719410002232,0.19030974060297012,1.8582507951800277e-06,0.13333719410002232,0.7421288788318634,0.2633579969406128,1.8490270376205444,1.5856690406799316,512,,,,,,,,,,,
1893,0.7000003360607774,0.7,0.58203125,0.4154563322663307,1.1015824675559998,0.11901391297578812,0.15737606212496758,1.8346497362371095e-06,0.11901391297578812,0.7572851479053497,0.16427452117204666,1.6260461807250977,1.461771659553051,512,,,,,,,,,,,
1894,0.7000003360607774,0.7,0.52734375,0.7172286286950111,1.8715689778327942,0.1371583454310894,0.3018510080873966,1.811196710228008e-06,0.1371583454310894,0.7384862899780273,0.24493061751127243,1.5148027688264847,1.2698721513152122,512,,,,,,,,,,,
1895,0.7000003360607774,0.7,0.65625,0.4066801816225052,1.0836112350225449,0.13945513777434826,0.14875289052724838,1.7878917892340086e-06,0.13945513777434826,0.7412011623382568,0.04035371541976929,1.2730970829725266,1.2327433675527573,512,,,,,,,,,,,
1896,0.7000003360607774,0.7,0.74609375,0.28097453713417053,0.7375625297427177,0.17192062735557556,0.11387542262673378,1.7647350448812106e-06,0.17192062735557556,0.7440771013498306,0.1420554369688034,1.2749527096748352,1.1328972727060318,512,0.0006935178535059094,0.0006935178535059094,0.03,141,0.7000003360607774,141,141,144,8,141,1943
1897,0.7000003360607774,0.7,0.51953125,0.7273569740355015,1.9195668548345566,0.14390437304973602,0.284545062109828,1.7417265483402834e-06,0.14390437304973602,0.7463378459215164,0.16417333483695984,1.3804645091295242,1.2162911742925644,512,,,,,,,,,,,
1898,0.7000003360607774,0.7,0.54296875,0.6347961500287056,1.680852010846138,0.11110751330852509,0.24277264066040516,1.718866370326283e-06,0.11110751330852509,0.7531689256429672,0.17989588528871536,1.5315419137477875,1.3516460284590721,512,,,,,,,,,,,
1899,0.7000003360607774,0.7,0.65625,0.9045791476964951,2.4126577377319336,0.14941030368208885,0.32849109172821045,1.6961545810984246e-06,0.14941030368208885,0.7632275074720383,0.11677254736423492,1.0077837705612183,0.8910112231969833,512,,,,,,,,,,,
1900,0.7000003360607774,0.7,0.498046875,0.29519106447696686,0.7704341113567352,0.11562780663371086,0.12408423610031605,1.6735912504598383e-06,0.11562780663371086,0.7397265434265137,0.13310382515192032,0.8380893617868423,0.704985536634922,512,,,,,,,,,,,
1901,0.7000003360607774,0.7,0.59375,0.5440525040030479,1.424629494547844,0.13398295268416405,0.22401441633701324,1.6511764477573965e-06,0.13398295268416405,0.7397265434265137,0.1787106618285179,1.755705565214157,1.5769949033856392,512,,,,,,,,,,,
1902,0.7000003360607774,0.7,0.71875,0.5883153304457664,1.571349948644638,0.11034097895026207,0.21142365410923958,1.6289102418814705e-06,0.11034097895026207,0.7520751804113388,0.06628403067588806,0.723417341709137,0.6571333110332489,512,,,,,,,,,,,
1903,0.7000003360607774,0.7,0.62109375,0.6936119571328163,1.8159615248441696,0.1172075979411602,0.28589283116161823,1.6067927012657247e-06,0.1172075979411602,0.7380517721176147,0.07880233228206635,0.8292965888977051,0.7504942566156387,512,,,,,,,,,,,
1904,0.7000003360607774,0.7,0.6875,0.34735899418592453,0.9014512300491333,0.13485675118863583,0.1511517483741045,1.584823893886933e-06,0.13485675118863583,0.7205517292022705,0.10838428139686584,1.1058851480484009,0.997500866651535,512,0.0005601559532806277,0.0005601559532806277,0.03,130,0.7000003360607774,130,130,78,72,130,1208
1905,0.7000003360607774,0.7,0.73828125,0.7427508533000946,1.9672045856714249,0.14220224879682064,0.2835554853081703,1.563003887264719e-06,0.14220224879682064,0.7521337568759918,0.1790517419576645,1.8636574447154999,1.6846057027578354,512,,,,,,,,,,,
1906,0.7000003360607774,0.7,0.609375,0.5054473951458931,1.3031194061040878,0.16171609237790108,0.22853929549455643,1.5413327484613993e-06,0.16171609237790108,0.728281244635582,0.27627553045749664,1.4092476516962051,1.1329721212387085,512,,,,,,,,,,,
1907,0.7000003360607774,0.7,0.6796875,0.5297190696001053,1.423910841345787,0.15206855162978172,0.1812983863055706,1.5198105440817511e-06,0.15206855162978172,0.7631445229053497,0.22441676259040833,1.9406850636005402,1.7162683010101318,512,,,,,,,,,,,
1908,0.7000003360607774,0.7,0.50390625,0.4950653165578842,1.3274276107549667,0.1209762953221798,0.17277026921510696,1.4984373402728014e-06,0.1209762953221798,0.7603173702955246,0.06204518675804138,1.3260243088006973,1.263979122042656,512,,,,,,,,,,,
1909,0.7000003360607774,0.7,0.59375,0.4609961584210396,1.2230966687202454,0.14007016643881798,0.17386135458946228,1.4772132027236485e-06,0.14007016643881798,0.7415234595537186,0.19103111326694489,1.9662098437547684,1.7751787304878235,512,,,,,,,,,,,
1910,0.7000003360607774,0.7,1.5546875,0.34084121137857437,0.8971274793148041,0.1837613359093666,0.1357245948165655,1.4561381966652243e-06,0.1837613359093666,0.7360107451677322,0.17711561918258667,1.4736933708190918,1.2965777516365051,512,,,,,,,,,,,
1911,0.7000003360607774,0.7,0.7265625,0.3917698487639427,1.0303094238042831,0.16719232127070427,0.15687188506126404,1.435212386870144e-06,0.16719232127070427,0.7505370825529099,0.16046421229839325,1.2704145461320877,1.1099503338336945,512,,,,,,,,,,,
1912,0.7000003360607774,0.7,0.5234375,0.7208482325077057,1.9243215173482895,0.07198513485491276,0.2600669153034687,1.4144358376524503e-06,0.07198513485491276,0.7410107403993607,0.07745108753442764,0.45542772114276886,0.3779766336083412,512,0.0005835083429701626,0.0005835083429701626,0.03,205,0.7000003360607774,205,205,294,-50,205,1422
1913,0.7000003360607774,0.7,0.49609375,0.3707992061972618,0.9854322820901871,0.14073226414620876,0.1382016185671091,1.39380861286747e-06,0.14073226414620876,0.7498095482587814,0.16914764046669006,1.128121793270111,0.958974152803421,512,,,,,,,,,,,
1914,0.7000003360607774,0.7,0.67578125,0.5282914713025093,1.404374361038208,0.14439556375145912,0.19650883227586746,1.3733307759115743e-06,0.14439556375145912,0.7320898026227951,0.19697029143571854,1.0734724402427673,0.8765021488070488,512,,,,,,,,,,,
1915,0.7000003360607774,0.7,4.4375,0.6168489083647728,1.6172871142625809,0.13650463335216045,0.2519519738852978,1.3530023897219968e-06,0.13650463335216045,0.7292187213897705,0.15960290282964706,1.1024754047393799,0.9428725019097328,512,,,,,,,,,,,
1916,0.7000003360607774,0.7,0.60546875,0.44160544127225876,1.1769038289785385,0.11214129813015461,0.16129441373050213,1.3328235167766546e-06,0.11214129813015461,0.7376122772693634,0.13862309604883194,0.8442165330052376,0.7055934369564056,512,,,,,,,,,,,
1917,0.7000003360607774,0.7,0.6640625,0.5348827689886093,1.4064397513866425,0.14229674637317657,0.21441703103482723,1.3127942190939546e-06,0.14229674637317657,0.7449804395437241,0.16218329966068268,1.1412355154752731,0.9790522158145905,512,,,,,,,,,,,
1918,0.7000003360607774,0.7,0.5625,0.3404369242489338,0.8844793066382408,0.17120303213596344,0.14714771695435047,1.2929145582325663e-06,0.17120303213596344,0.7500829696655273,0.23556934297084808,2.9263215959072113,2.690752252936363,512,,,,,,,,,,,
1919,0.7000003360607774,0.7,0.75390625,0.682730995118618,1.8172909915447235,0.11429532989859581,0.2515907250344753,1.273184595291288e-06,0.11429532989859581,0.7517529129981995,0.11255620419979095,1.431841790676117,1.319285586476326,512,,,,,,,,,,,
1920,0.7000003360607774,0.7,0.66015625,0.6071385517716408,1.6036035120487213,0.12574517354369164,0.2362101934850216,1.2536043909088191e-06,0.12574517354369164,0.751044899225235,-0.02157464623451233,2.1658966541290283,2.1874713003635406,512,0.0006921850726939738,0.0006921850726939738,0.03,92,0.7000003360607774,92,92,88,12,92,1231
1921,0.7000003360607774,0.7,0.58984375,0.3446403667330742,0.9049721658229828,0.18096839264035225,0.1393925379961729,1.2341740052635941e-06,0.18096839264035225,0.7263329923152924,0.12507891654968262,2.7568515241146088,2.631772607564926,512,,,,,,,,,,,
1922,0.7000003360607774,0.7,0.828125,0.5477078258991241,1.3903717696666718,0.2494967244565487,0.2693488262593746,1.214893498073577e-06,0.2494967244565487,0.7151220440864563,0.4025174379348755,2.721496969461441,2.3189795315265656,512,,,,,,,,,,,
1923,0.7000003360607774,0.7,0.486328125,0.27947866916656494,0.7275659590959549,0.12286003306508064,0.11933907493948936,1.1957629285960948e-06,0.12286003306508064,0.7366357445716858,0.2028847485780716,1.0650609582662582,0.8621762096881866,512,,,,,,,,,,,
1924,0.7000003360607774,0.7,0.55078125,0.6305334195494652,1.6663235425949097,0.12204625271260738,0.2443836573511362,1.1767823556276647e-06,0.12204625271260738,0.7548681497573853,-0.0161806121468544,1.432339534163475,1.4485201463103294,512,,,,,,,,,,,
1925,0.7000003360607774,0.7,0.91796875,0.7756494432687759,2.066124200820923,0.13611146062612534,0.2843286097049713,1.157951837503779e-06,0.13611146062612534,0.7653710842132568,0.1520226150751114,2.6670292019844055,2.515006586909294,512,,,,,,,,,,,
1926,0.7000003360607774,0.7,0.640625,0.562723733484745,1.4800697267055511,0.13627479411661625,0.22515370696783066,1.1392714320987596e-06,0.13627479411661625,0.7253759354352951,0.15351566672325134,0.9554085433483124,0.801892876625061,512,,,,,,,,,,,
1927,0.7000003360607774,0.7,0.59765625,0.3879944086074829,1.0038642436265945,0.12273829616606236,0.17187631875276566,1.1207411968255643e-06,0.12273829616606236,0.7193017452955246,0.388567790389061,1.7901874780654907,1.4016196876764297,512,,,,,,,,,,,
1928,0.7000003360607774,0.7,0.5234375,0.5921636521816254,1.5789285451173782,0.12155494093894958,0.215506661683321,1.10236118863562e-06,0.12155494093894958,0.7379199117422104,0.15646348893642426,0.9230712205171585,0.7666077315807343,512,0.0008355739992111921,0.0008355739992111921,0.03,179,0.7000003360607774,179,179,110,100,179,1351
1929,0.7000003360607774,0.7,0.75,0.7332990318536758,1.7522574663162231,0.09632720239460468,0.4698607251048088,1.0841314640186228e-06,0.09632720239460468,0.7525390535593033,0.08263905346393585,0.715291365981102,0.6326523125171661,512,,,,,,,,,,,
1930,0.7000003360607774,0.7,0.53125,0.44867999106645584,1.198899894952774,0.12393472157418728,0.16073639318346977,1.0660520790023998e-06,0.12393472157418728,0.7359521389007568,0.15918972343206406,0.7887636870145798,0.6295739635825157,512,,,,,,,,,,,
1931,0.7000003360607774,0.7,0.59765625,0.7328428849577904,1.9095141738653183,0.10505484417080879,0.3112217616289854,1.0481230891527084e-06,0.10505484417080879,0.7490624785423279,0.1190757155418396,0.7990312278270721,0.6799555122852325,512,,,,,,,,,,,
1932,0.7000003360607774,0.7,5.1875,0.6815525628626347,1.8134395778179169,0.13202597014606,0.2518711183220148,1.0303445495730869e-06,0.13202597014606,0.7326562106609344,0.1933136284351349,1.1482922583818436,0.9549786299467087,512,,,,,,,,,,,
1933,0.7000003360607774,0.7,0.5625,0.4317248612642288,1.1378710120916367,0.1092821303755045,0.17038612440228462,1.0127165149046712e-06,0.1092821303755045,0.7573681473731995,0.11475491523742676,0.8954817205667496,0.7807268053293228,512,,,,,,,,,,,
1934,0.7000003360607774,0.7,0.6171875,0.5231923013925552,1.3830016255378723,0.13484718650579453,0.20242953300476074,9.952390393260235e-07,0.13484718650579453,0.7375878840684891,0.17857348918914795,1.6464947313070297,1.4679212421178818,512,,,,,,,,,,,
1935,0.7000003360607774,0.7,0.703125,0.48973625153303146,1.297887697815895,0.11097151972353458,0.18616150878369808,9.77912176552981e-07,0.11097151972353458,0.7516161948442459,0.1107497364282608,0.8183543831110001,0.7076046466827393,512,,,,,,,,,,,
1936,0.7000003360607774,0.7,0.6796875,0.48324958980083466,1.2795560210943222,0.22440128773450851,0.18483666516840458,9.607359798384785e-07,0.22440128773450851,0.7080712765455246,0.12378698587417603,2.576151728630066,2.45236474275589,512,0.0005601923912763596,0.0005601923912763596,0.03,82,0.7000003360607774,82,82,88,16,82,117
1937,0.7000003360607774,0.7,0.486328125,0.4094759225845337,1.0906288176774979,0.12620931677520275,0.15020724944770336,9.437105019723891e-07,0.12620931677520275,0.7365527302026749,0.13862014561891556,2.4713244512677193,2.3327043056488037,512,,,,,,,,,,,
1938,0.7000003360607774,0.7,0.58984375,0.6776662915945053,1.7879988253116608,0.1494419975206256,0.26553529128432274,9.268357952813722e-07,0.1494419975206256,0.7401952892541885,0.08399516344070435,1.3423298746347427,1.2583347111940384,512,,,,,,,,,,,
1939,0.7000003360607774,0.7,0.6796875,0.6259255632758141,1.642249420285225,0.13347111083567142,0.25449466705322266,9.10111911628686e-07,0.13347111083567142,0.7202685326337814,-0.09995695948600769,1.9268337190151215,2.026790678501129,512,,,,,,,,,,,
1940,0.7000003360607774,0.7,0.5703125,0.49897002428770065,1.334084391593933,0.15318031795322895,0.17794586904346943,8.935389024140483e-07,0.15318031795322895,0.7245849519968033,0.15361502766609192,1.532113939523697,1.378498911857605,512,,,,,,,,,,,
1941,0.7000003360607774,0.7,0.5078125,0.4233729690313339,1.1319745928049088,0.1082115825265646,0.15097378753125668,8.771168185734757e-07,0.1082115825265646,0.7358495891094208,0.09447602182626724,0.7537026777863503,0.659226655960083,512,,,,,,,,,,,
1942,0.7000003360607774,0.7,0.55078125,0.320032462477684,0.8385637849569321,0.182523962110281,0.13123148679733276,8.608457105791446e-07,0.182523962110281,0.734941378235817,0.14364184439182281,2.4613353312015533,2.3176934868097305,512,,,,,,,,,,,
1943,0.7000003360607774,0.7,0.609375,0.5587123483419418,1.502517819404602,0.19085901230573654,0.1905497871339321,8.447256284391858e-07,0.19085901230573654,0.7381298840045929,0.12581850588321686,2.1146913021802902,1.9888727962970734,512,,,,,,,,,,,
1944,0.7000003421076254,0.7,0.71875,0.5691098794341087,1.523123487830162,0.18706506676971912,0.2014518640935421,8.287566216975795e-07,0.18706506676971912,0.7270116955041885,0.13883794099092484,1.6510472744703293,1.5122093334794044,512,0.000658086035400629,0.000658086035400629,0.03,86,0.7000003421076254,86,44,76,24,86,44
1945,0.7000003421076254,0.7,0.5,0.35933714359998703,0.9413891732692719,0.11424047313630581,0.14751122519373894,8.129387394339827e-07,0.11424047313630581,0.7452636510133743,0.13248969614505768,0.9451505094766617,0.812660813331604,512,,,,,,,,,,,
1946,0.7000003421076254,0.7,0.5703125,0.45539845526218414,1.2129547446966171,0.09227085299789906,0.1670405026525259,7.972720302635906e-07,0.09227085299789906,0.7466064244508743,0.11554405838251114,0.7772733345627785,0.6617292761802673,512,,,,,,,,,,,
1947,0.7000003421076254,0.7,0.734375,0.35818901658058167,0.9351663738489151,0.09772835299372673,0.1502548512071371,7.817565423369588e-07,0.09772835299372673,0.7269579917192459,0.10139082372188568,1.1078287214040756,1.00643789768219,512,,,,,,,,,,,
1948,0.7000003421076254,0.7,0.55078125,0.6978166103363037,1.8430563509464264,0.11360717937350273,0.2715393006801605,7.663923233398928e-07,0.11360717937350273,0.7568261474370956,0.210108682513237,1.6818239092826843,1.4717152267694473,512,,,,,,,,,,,
1949,0.7000003421076254,0.7,0.53125,0.6819372549653053,1.7737400531768799,0.11177022196352482,0.29273638129234314,7.51179420493281e-07,0.11177022196352482,0.7544238418340683,0.18676333129405975,1.8124902099370956,1.6257268786430359,512,,,,,,,,,,,
1950,0.7000003421076254,0.7,0.62890625,0.6953070312738419,1.8485662043094635,0.20338575169444084,0.2584247514605522,7.36117880552939e-07,0.20338575169444084,0.7234081774950027,0.39100082218647003,1.5903865993022919,1.1993857771158218,512,,,,,,,,,,,
1951,0.7000003421076254,0.7,0.65625,0.4298732876777649,1.13179112970829,0.10154550708830357,0.17085514776408672,7.212077498094882e-07,0.10154550708830357,0.7557226121425629,0.10644005239009857,0.7766376435756683,0.6701975911855698,512,,,,,,,,,,,
1952,0.7000003507459797,0.7,0.6484375,0.5184196904301643,1.3629845976829529,0.11370205879211426,0.20798408426344395,7.064490740882057e-07,0.11370205879211426,0.7452538907527924,0.19601719453930855,1.8265515118837357,1.630534317344427,512,0.0008429661393165588,0.0008429661393165588,0.03,80,0.7000003507459797,80,20,47,33,80,20
1953,0.7000003507459797,0.7,0.54296875,0.5595460534095764,1.4832477867603302,0.11452666576951742,0.2123462427407503,6.918418987488795e-07,0.11452666576951742,0.7539501786231995,0.1378411054611206,1.6142063811421394,1.4763652756810188,512,,,,,,,,,,,
1954,0.7000003507459797,0.7,0.8125,0.5181483700871468,1.3499561250209808,0.11026346310973167,0.22019039280712605,6.773862686856702e-07,0.11026346310973167,0.7518603205680847,0.12793377041816711,0.7982130497694016,0.6702792793512344,512,,,,,,,,,,,
1955,0.7000003507459797,0.7,0.53515625,0.3039330020546913,0.7989944964647293,0.12063205614686012,0.12201458401978016,6.630822283269721e-07,0.12063205614686012,0.7448779046535492,0.2980998307466507,1.9716345220804214,1.6735346913337708,512,,,,,,,,,,,
1956,0.7000003507459797,0.7,0.65234375,0.7306023389101028,1.924528107047081,0.20058908313512802,0.2894183583557606,6.489298216352912e-07,0.20058908313512802,0.7334814220666885,0.3165935277938843,2.7479008436203003,2.431307315826416,512,,,,,,,,,,,
1957,0.7000003507459797,0.7,0.60546875,0.7266287803649902,1.8521520048379898,0.13438844308257103,0.3497532457113266,6.349290921070783e-07,0.13438844308257103,0.749394491314888,0.2046130746603012,1.5593520104885101,1.354738935828209,512,,,,,,,,,,,
1958,0.7000003507459797,0.7,0.57421875,0.6797633655369282,1.8182726949453354,0.10463902913033962,0.24161620251834393,6.210800827726349e-07,0.10463902913033962,0.7493261396884918,0.12536852806806564,0.8806485161185265,0.7552799880504608,512,,,,,,,,,,,
1959,0.7000003507459797,0.7,0.671875,0.5788193419575691,1.5383370518684387,0.11090168170630932,0.2156609185039997,6.073828361959411e-07,0.11090168170630932,0.7619921565055847,0.21212230622768402,1.9687889516353607,1.7566666454076767,512,,,,,,,,,,,
1960,0.7000003507459797,0.7,0.7734375,0.35014478117227554,0.9029394537210464,0.08980723097920418,0.15810531191527843,5.938373944745612e-07,0.08980723097920418,0.7485351115465164,0.10279027372598648,0.66201351583004,0.5592232421040535,512,0.0007016647723503411,0.0007016647723503411,0.03,39,0.7000003507459797,39,39,34,10,39,42
1961,0.7000003507459797,0.7,0.5625,0.5764112547039986,1.5140874534845352,0.18028501328080893,0.23261325992643833,5.804437992394829e-07,0.18028501328080893,0.7408740222454071,0.13391803950071335,2.068233847618103,1.9343158081173897,512,,,,,,,,,,,
1962,0.7000003507459797,0.7,0.5859375,0.7254570499062538,1.911357656121254,0.14538037031888962,0.28699702583253384,5.672020916550224e-07,0.14538037031888962,0.7567480206489563,0.16264507919549942,1.8455366492271423,1.682891570031643,512,,,,,,,,,,,
1963,0.7000003507459797,0.7,0.5703125,0.5981725454330444,1.6051366329193115,0.10317074414342642,0.20750733464956284,5.541123124186642e-07,0.10317074414342642,0.7166699022054672,0.057788774371147156,1.121654286980629,1.0638655126094818,512,,,,,,,,,,,
1964,0.7000003507459797,0.7,0.431640625,0.30088840425014496,0.7774234116077423,0.10205946676433086,0.13435957208275795,5.411745017609493e-07,0.10205946676433086,0.7606542557477951,0.11557789146900177,1.0185495913028717,0.9029716998338699,512,,,,,,,,,,,
1965,0.7000003507459797,0.7,0.474609375,0.4965055584907532,1.2949097156524658,0.11763821635395288,0.20965250581502914,5.283886994453757e-07,0.11763821635395288,0.7360400408506393,0.15970197319984436,0.7976676672697067,0.6379656940698624,512,,,,,,,,,,,
1966,0.7000003507459797,0.7,0.5234375,0.5923623442649841,1.5632764399051666,0.13293310441076756,0.23176084645092487,5.157549447682208e-07,0.13293310441076756,0.7492236196994781,0.11540272831916809,0.9298634827136993,0.8144607543945312,512,,,,,,,,,,,
1967,0.7000003507459797,0.7,0.484375,0.5059459507465363,1.2915814816951752,0.15866913460195065,0.24158797599375248,5.032732765584857e-07,0.15866913460195065,0.7334911972284317,0.08295300602912903,1.7340943217277527,1.6511413156986237,512,,,,,,,,,,,
1968,0.7000003586644712,0.7,0.5703125,0.9534755945205688,2.5280792713165283,0.16786104626953602,0.3612406440079212,4.909437331777179e-07,0.16786104626953602,0.7469482272863388,0.12359273433685303,1.923933357000351,1.800340622663498,512,0.0007915127789601684,0.0007915127789601684,0.03,56,0.7000003586644712,56,1,31,29,56,1
1969,0.7000003586644712,0.7,0.44140625,0.2943710424005985,0.7667404562234879,0.1250194739550352,0.1252929698675871,4.787663525199438e-07,0.1250194739550352,0.7540722042322159,0.12079595774412155,0.963128849864006,0.8423328921198845,512,,,,,,,,,,,
1970,0.7000003586644712,0.7,0.490234375,0.41797085106372833,1.101686030626297,0.14323030784726143,0.16489227674901485,4.667411720115145e-07,0.14323030784726143,0.7547704726457596,0.19897052645683289,1.9946732223033905,1.7957026958465576,512,,,,,,,,,,,
1971,0.7000003586644712,0.7,0.75390625,0.5728680714964867,1.5130486488342285,0.17887147050350904,0.22291511297225952,4.548682286109995e-07,0.17887147050350904,0.7258495986461639,0.27769143879413605,1.9685108065605164,1.6908193677663803,512,,,,,,,,,,,
1972,0.7000003586644712,0.7,0.5390625,0.4744904190301895,1.26764877140522,0.13989526592195034,0.17020095884799957,4.431475588090872e-07,0.13989526592195034,0.7250976115465164,0.17136387526988983,1.0811440199613571,0.9097801446914673,512,,,,,,,,,,,
1973,0.7000003586644712,0.7,0.50390625,0.3288525193929672,0.8529941141605377,0.11582488566637039,0.1435286421328783,4.315791986284623e-07,0.11582488566637039,0.7504296600818634,0.12223631143569946,0.9410906732082367,0.8188543617725372,512,,,,,,,,,,,
1974,0.7000003586644712,0.7,0.4765625,0.5118567496538162,1.3417701423168182,0.12976190447807312,0.20931089483201504,4.2016318362368966e-07,0.12976190447807312,0.7500732094049454,0.145438089966774,1.4254111349582672,1.2799730449914932,512,,,,,,,,,,,
1975,0.7000003586644712,0.7,0.8203125,0.3677249625325203,0.9707416743040085,0.20510625652968884,0.14357638359069824,4.088995488811198e-07,0.20510625652968884,0.7177489995956421,0.24855804443359375,2.558670938014984,2.3101128935813904,512,,,,,,,,,,,
1976,0.7000003626957032,0.7,0.5546875,0.3263576254248619,0.8543076813220978,0.1317788902670145,0.1346547994762659,3.9778832901876675e-07,0.1317788902670145,0.7342236191034317,0.31159186363220215,1.173119679093361,0.8615278154611588,512,0.0006974865100346506,0.0006974865100346506,0.03,31,0.7000003626957032,31,3,19,15,31,3
1977,0.7000003626957032,0.7,0.57421875,0.7231275588274002,1.9326659590005875,0.09087623935192823,0.2586296498775482,3.868295581862136e-07,0.09087623935192823,0.737622082233429,0.0706927552819252,0.7780533507466316,0.7073605954647064,512,,,,,,,,,,,
1978,0.7000003626957032,0.7,0.50390625,0.6619021371006966,1.7541581690311432,0.15080701187252998,0.251605860888958,3.7602327006450167e-07,0.15080701187252998,0.7219433486461639,0.09997592866420746,1.1865422576665878,1.0865663290023804,512,,,,,,,,,,,
1979,0.7000003626957032,0.7,0.5390625,0.41390321403741837,1.0916492491960526,0.10979505255818367,0.16260287910699844,3.653694978660138e-07,0.10979505255818367,0.7392578274011612,0.11757718026638031,0.791228711605072,0.6736515313386917,512,,,,,,,,,,,
1980,0.7000003626957032,0.7,0.515625,0.3783186301589012,0.9932850748300552,0.12647197023034096,0.15313495881855488,3.5486827433440785e-07,0.12647197023034096,0.7443993836641312,0.1843591034412384,1.2426029294729233,1.0582438260316849,512,,,,,,,,,,,
1981,0.7000003626957032,0.7,0.66015625,0.5498125925660133,1.4433641284704208,0.1360393948853016,0.22273453883826733,3.445196317444666e-07,0.1360393948853016,0.7512402236461639,0.14970828592777252,1.4541929066181183,1.3044846206903458,512,,,,,,,,,,,
1982,0.7000003626957032,0.7,0.51171875,0.46037615090608597,1.1803716570138931,0.10331085324287415,0.21470753848552704,3.343236019020535e-07,0.10331085324287415,0.745673805475235,0.15797332674264908,0.8249133229255676,0.6669399961829185,512,,,,,,,,,,,
1983,0.7000003626957032,0.7,0.515625,0.38770341873168945,1.0223469585180283,0.12108218111097813,0.152511864900589,3.2428021614396286e-07,0.12108218111097813,0.7498193234205246,0.10204152762889862,0.9781787842512131,0.8761372566223145,512,,,,,,,,,,,
1984,0.7000003668709077,0.7,0.5078125,0.3123772107064724,0.8227289468050003,0.13736546784639359,0.12386862374842167,3.143895053378698e-07,0.13736546784639359,0.7372021377086639,0.18719717860221863,0.9886747598648071,0.8014775812625885,512,0.0010481589706614614,0.0010481589706614614,0.03,29,0.7000003668709077,29,0,16,16,29,0
1985,0.7000003668709077,0.7,0.515625,0.7506794109940529,1.976405754685402,0.12432178668677807,0.29838026501238346,3.04651499882197e-07,0.12432178668677807,0.760424792766571,0.11371378600597382,0.9564683139324188,0.842754527926445,512,,,,,,,,,,,
1986,0.7000003668709077,0.7,0.5625,0.7795329391956329,2.041424125432968,0.15043560974299908,0.32079673931002617,2.95066229706048e-07,0.15043560974299908,0.7348046898841858,0.18843021988868713,1.2232507094740868,1.0348204895853996,512,,,,,,,,,,,
1987,0.7000003668709077,0.7,0.51953125,0.481783851981163,1.273474082350731,0.1404339037835598,0.186476930975914,2.8563372426909094e-07,0.1404339037835598,0.736093744635582,0.15344995260238647,1.184468075633049,1.0310181230306625,512,,,,,,,,,,,
1988,0.7000003668709077,0.7,0.5234375,0.5523953065276146,1.487488403916359,0.1326297651976347,0.18643669411540031,2.7635401256149163e-07,0.1326297651976347,0.7506298720836639,0.199583038687706,1.3198234587907791,1.1202404201030731,512,,,,,,,,,,,
1989,0.7000003668709077,0.7,0.76171875,0.4902796521782875,1.1499264389276505,0.17329861037433147,0.3357694000005722,2.672271231038248e-07,0.17329861037433147,0.7433007657527924,0.2890275567770004,1.8759407550096512,1.5869131982326508,512,,,,,,,,,,,
1990,0.7000003668709077,0.7,0.58203125,0.6179780066013336,1.6366041749715805,0.19557961449027061,0.23605642467737198,2.582530839469521e-07,0.19557961449027061,0.7256542593240738,0.3020331412553787,2.0897660851478577,1.787732943892479,512,,,,,,,,,,,
1991,0.7000003668709077,0.7,0.52734375,0.4559706002473831,1.2110656946897507,0.123863086104393,0.170663358643651,2.4943192267198323e-07,0.123863086104393,0.7490136474370956,0.10081170499324799,1.8596445620059967,1.7588328570127487,512,,,,,,,,,,,
1992,0.7000003697503592,0.7,0.5859375,0.40596354752779007,1.0515724271535873,0.16462495736777782,0.1786200888454914,2.407636663901591e-07,0.16462495736777782,0.7294482290744781,0.19654257595539093,1.1903290748596191,0.9937864989042282,512,0.0006249162252061069,0.0006249162252061069,0.03,20,0.7000003697503592,20,0,15,15,20,0
1993,0.7000003697503592,0.7,0.6796875,0.4643187001347542,1.22014419734478,0.14488888531923294,0.18688212148845196,2.3224834174276898e-07,0.14488888531923294,0.7385595738887787,0.15720003843307495,1.5257625579833984,1.3685625195503235,512,,,,,,,,,,,
1994,0.7000003697503592,0.7,0.61328125,0.5879750028252602,1.5573067218065262,0.11795290745794773,0.22443564981222153,2.238859749010891e-07,0.11795290745794773,0.7524316012859344,0.2031884267926216,1.3875209242105484,1.1843324974179268,512,,,,,,,,,,,
1995,0.7000003697503592,0.7,0.53515625,0.4858209863305092,1.2954896539449692,0.15547076240181923,0.1766950823366642,2.1567659156628285e-07,0.15547076240181923,0.7297949194908142,0.30588026344776154,1.7778858095407486,1.472005546092987,512,,,,,,,,,,,
1996,0.7000003697503592,0.7,0.5625,0.3712666779756546,0.9551770985126495,0.09450744092464447,0.1698734387755394,2.0762021696933976e-07,0.09450744092464447,0.7258349359035492,0.1983797401189804,1.1002123057842255,0.9018325656652451,512,,,,,,,,,,,
1997,0.7000003697503592,0.7,0.51171875,0.6688273176550865,1.758313998579979,0.12845654413104057,0.26843536645174026,1.9971687587097554e-07,0.12845654413104057,0.7525976300239563,0.05936172604560852,1.7888756692409515,1.729513943195343,512,,,,,,,,,,,
1998,0.7000003697503592,0.7,0.56640625,0.4578667879104614,1.1806291192770004,0.1490869875997305,0.20684595592319965,1.91966592561571e-07,0.1490869875997305,0.7463964819908142,0.20470602810382843,1.2422109842300415,1.037504956126213,512,,,,,,,,,,,
1999,0.7000003697503592,0.7,0.5234375,0.49225765466690063,1.2993066608905792,0.10558040998876095,0.19238312542438507,1.8436939086109995e-07,0.10558040998876095,0.7603905946016312,0.15762923657894135,1.3777648210525513,1.22013558447361,512,,,,,,,,,,,
2000,0.7000003714780301,0.7,0.59375,0.5691898092627525,1.506477177143097,0.16065758280456066,0.21834038011729717,1.7692529411904578e-07,0.16065758280456066,0.7229540646076202,0.14478719234466553,2.135680854320526,1.9908936619758606,512,3.1778581615071744e-05,3.1778581615071744e-05,0.03,12,0.7000003714780301,12,0,8,8,12,0
2001,0.7000003714780301,0.7,0.57421875,0.6462422087788582,1.7116591930389404,0.08706333860754967,0.24665040895342827,1.6963432521432955e-07,0.08706333860754967,0.7367480397224426,0.11971452832221985,0.6694164425134659,0.549701914191246,512,,,,,,,,,,,
2002,0.7000003714780301,0.7,0.470703125,0.5176452621817589,1.3853928744792938,0.15493652876466513,0.18322905525565147,1.6249650655525417e-07,0.15493652876466513,0.7347314208745956,0.11873959004878998,2.097741387784481,1.979001797735691,512,,,,,,,,,,,
2003,0.7000003714780301,0.7,0.515625,0.3690507635474205,0.9668681472539902,0.1321909837424755,0.1514674462378025,1.555118600794103e-07,0.1321909837424755,0.7431005537509918,0.12858514487743378,0.867640808224678,0.7390556633472443,512,,,,,,,,,,,
2004,0.7000003714780301,0.7,0.5625,0.6620200648903847,1.7357543855905533,0.11821053735911846,0.27036699652671814,1.4868040725365407e-07,0.11821053735911846,0.7480859160423279,0.1637738198041916,1.1072659492492676,0.943492129445076,512,,,,,,,,,,,
2005,0.7000003714780301,0.7,0.4453125,0.381378211081028,1.005612552165985,0.09522919543087482,0.15007895417511463,1.4200216907397367e-07,0.09522919543087482,0.7424023002386093,0.11788681149482727,0.7361432164907455,0.6182564049959183,512,,,,,,,,,,,
2006,0.7000003714780301,0.7,0.4453125,0.30327773094177246,0.7853218615055084,0.11731882393360138,0.13370154611766338,1.3547716606548966e-07,0.11731882393360138,0.7647900134325027,0.1384809911251068,1.014261156320572,0.8757801651954651,512,,,,,,,,,,,
2007,0.7000003714780301,0.7,0.51953125,0.3992917165160179,1.0497761815786362,0.12638171017169952,0.16019868105649948,1.2910541828235478e-07,0.12638171017169952,0.7672411948442459,0.2597375810146332,2.3702695220708847,2.1105319410562515,512,,,,,,,,,,,
2008,0.7000003730617284,0.7,0.73828125,0.5973970293998718,1.586687222123146,0.15048749186098576,0.22360675036907196,1.228869453076986e-07,0.15048749186098576,0.7313378602266312,-0.2754182144999504,0.807205393910408,1.0826236084103584,512,0.0006540055619552732,0.0006540055619552732,0.03,12,0.7000003730617284,12,1,5,3,12,1
2009,0.7000003730617284,0.7,0.5390625,0.4276232048869133,1.1188648492097855,0.12305119913071394,0.17696300521492958,1.1682176625358309e-07,0.12305119913071394,0.7419970631599426,0.1685333028435707,0.899952344596386,0.7314190417528152,512,,,,,,,,,,,
2010,0.7000003730617284,0.7,0.53515625,0.32797660678625107,0.859720379114151,0.1491793803870678,0.13414809107780457,1.1090989976091926e-07,0.1491793803870678,0.7488036900758743,0.10355418920516968,1.2628662586212158,1.1593120694160461,512,,,,,,,,,,,
2011,0.7000003730617284,0.7,0.6484375,0.30194368958473206,0.7839405834674835,0.2191605381667614,0.1310402788221836,1.0515136399943393e-07,0.2191605381667614,0.7317187488079071,0.04123905301094055,2.2194601595401764,2.178221106529236,512,,,,,,,,,,,
2012,0.7000003730617284,0.7,0.5,0.35357219725847244,0.9166056513786316,0.10022839438170195,0.1548252236098051,9.954617666758648e-08,0.10022839438170195,0.7371386736631393,0.11288337409496307,1.109679713845253,0.9967963397502899,512,,,,,,,,,,,
2013,0.7000003730617284,0.7,0.5078125,0.39229049533605576,1.0290579199790955,0.13249735906720161,0.1597011312842369,9.409435499254104e-08,0.13249735906720161,0.7386962622404099,0.04146377742290497,1.6415258198976517,1.6000620424747467,512,,,,,,,,,,,
2014,0.7000003730617284,0.7,0.53125,0.3911168575286865,1.0322115123271942,0.09757735021412373,0.15299101173877716,8.879591573010548e-08,0.09757735021412373,0.7455468475818634,0.1111026331782341,0.7287959307432175,0.6176932975649834,512,,,,,,,,,,,
2015,0.7000003730617284,0.7,0.49609375,0.5450919233262539,1.4171389937400818,0.09100217930972576,0.23465466499328613,8.36508751646703e-08,0.09100217930972576,0.7441601306200027,0.06930506229400635,0.884450763463974,0.8151457011699677,512,,,,,,,,,,,
2016,0.7000003743574815,0.7,0.53515625,0.4156024120748043,1.1002152636647224,0.15120073407888412,0.15918594971299171,7.865924910916977e-08,0.15120073407888412,0.7302782833576202,0.23771731555461884,1.4173757433891296,1.1796584278345108,512,0.0005437079817056656,0.0005437079817056656,0.03,9,0.7000003743574815,9,0,5,5,9,0
2017,0.7000003743574815,0.7,1.046875,0.30058595165610313,0.783316433429718,0.17810297384858131,0.12755007483065128,7.382105290503205e-08,0.17810297384858131,0.7324462831020355,0.23136445134878159,1.850391536951065,1.6190270856022835,512,,,,,,,,,,,
2018,0.7000003743574815,0.7,0.56640625,0.5253368690609932,1.412029966711998,0.08988619782030582,0.17989988066256046,6.913630142211802e-08,0.08988619782030582,0.7426611185073853,0.10698402673006058,0.7310821041464806,0.62409807741642,512,,,,,,,,,,,
2019,0.7000003743574815,0.7,0.55078125,0.7306172922253609,1.9555716067552567,0.10916762612760067,0.25842016004025936,6.46050090586936e-08,0.10916762612760067,0.7391796708106995,0.09887367486953735,0.82912677526474,0.7302531003952026,512,,,,,,,,,,,
2020,0.7000003743574815,0.7,0.466796875,0.4914087951183319,1.2854580134153366,0.16532166674733162,0.20365948043763638,6.022718974137975e-08,0.16532166674733162,0.7354443073272705,0.18689371645450592,1.7017995417118073,1.5149058252573013,512,,,,,,,,,,,
2021,0.7000003743574815,0.7,0.51171875,0.4819973334670067,1.2765636593103409,0.1101535689085722,0.18403431214392185,5.600285692510809e-08,0.1101535689085722,0.7398974448442459,0.12032143771648407,0.8862083256244659,0.7658868879079819,512,,,,,,,,,,,
2022,0.7000003743574815,0.7,0.5234375,0.432565376162529,1.1299540102481842,0.17126422375440598,0.1808500476181507,5.193202359308202e-08,0.17126422375440598,0.7340820282697678,0.2054503858089447,1.6734461933374405,1.4679958075284958,512,,,,,,,,,,,
2023,0.7000003743574815,0.7,0.5234375,0.5211264416575432,1.3853801637887955,0.1132272407412529,0.19379082508385181,4.801470225672122e-08,0.1132272407412529,0.7468310594558716,0.1416448876261711,1.4980985596776009,1.3564536720514297,512,,,,,,,,,,,
2024,0.700000375221317,0.7,0.625,0.6259209029376507,1.648924559354782,0.162600826472044,0.24780537746846676,4.4250904955656095e-08,0.162600826472044,0.7302197217941284,0.05515964329242706,1.9493473917245865,1.8941877484321594,512,0.00021682838269043714,0.00021682838269043714,0.03,6,0.700000375221317,6,0,3,3,6,0
2025,0.700000375221317,0.7,0.57421875,0.7000382915139198,1.8241763263940811,0.14335673302412033,0.29715174809098244,4.06406432576556e-08,0.14335673302412033,0.7314013689756393,0.2547164708375931,1.592534527182579,1.337818056344986,512,,,,,,,,,,,
2026,0.700000375221317,0.7,0.443359375,0.3264407366514206,0.8534431010484695,0.14182206615805626,0.13577120192348957,3.718392825862171e-08,0.14182206615805626,0.7487792670726776,0.16969574987888336,1.201712191104889,1.0320164412260056,512,,,,,,,,,,,
2027,0.700000375221317,0.7,0.63671875,0.7106057666242123,1.8514573574066162,0.1158337201923132,0.30189341492950916,3.388077058252281e-08,0.1158337201923132,0.7511767148971558,0.1990896463394165,0.9662174433469772,0.7671277970075607,512,,,,,,,,,,,
2028,0.700000375221317,0.7,0.5390625,0.32266152277588844,0.8507274985313416,0.1319720596075058,0.1270346511155367,3.073118038139921e-08,0.1319720596075058,0.7357519268989563,0.10751444101333618,0.9325882494449615,0.8250738084316254,512,,,,,,,,,,,
2029,0.700000375221317,0.7,0.453125,0.5413473322987556,1.421708807349205,0.09224476851522923,0.21873761154711246,2.7735167335302125e-08,0.09224476851522923,0.7381884455680847,0.12431502342224121,0.6872739344835281,0.5629589110612869,512,,,,,,,,,,,
2030,0.700000375221317,0.7,0.48828125,0.36631186306476593,0.9668115228414536,0.10213521029800177,0.14322436973452568,2.4892740652265877e-08,0.10213521029800177,0.7303124815225601,0.14370515942573547,0.794544443488121,0.6508392840623856,512,,,,,,,,,,,
2031,0.700000375221317,0.7,0.7578125,0.527032695710659,1.3430318981409073,0.12268771603703499,0.2540367990732193,2.2203909068302387e-08,0.12268771603703499,0.745166003704071,0.1334673911333084,1.1343577355146408,1.0008903443813324,512,,,,,,,,,,,
2032,0.7000003753652895,0.7,0.58203125,0.8075324147939682,2.1230845749378204,0.11452670767903328,0.32398319616913795,1.9668680847356735e-08,0.11452670767903328,0.7456151843070984,0.15726511180400848,0.9814797788858414,0.8242146670818329,512,0.00010164281411562115,0.00010164281411562115,0.03,1,0.7000003753652895,1,0,0,0,1,0
2033,0.7000003753652895,0.7,0.51171875,0.3019833378493786,0.7821364402770996,0.14109816029667854,0.13296453654766083,1.728706378126832e-08,0.14109816029667854,0.7559716552495956,0.15481342375278473,1.7523575574159622,1.5975441336631775,512,,,,,,,,,,,
2034,0.7000003753652895,0.7,0.5625,0.4972297251224518,1.3073661625385284,0.10135827213525772,0.1993904896080494,1.5059065189787503e-08,0.10135827213525772,0.7257421910762787,0.04994824528694153,1.2426746189594269,1.1927263736724854,512,,,,,,,,,,,
2035,0.7000003753652895,0.7,0.63671875,0.586369089782238,1.5618447959423065,0.18909624125808477,0.21503108739852905,1.2984691920514547e-08,0.18909624125808477,0.7307421714067459,-0.005028620362281799,2.096505507826805,2.101534128189087,512,,,,,,,,,,,
2036,0.7000003753652895,0.7,0.578125,0.7048957198858261,1.8364848792552948,0.18028530478477478,0.2995627336204052,1.1063950348888518e-08,0.18028530478477478,0.7400878816843033,0.2845603823661804,2.0925512611865997,1.8079908788204193,512,,,,,,,,,,,
2037,0.7000003753652895,0.7,0.478515625,0.5394748151302338,1.391494169831276,0.10741160064935684,0.24327795952558517,9.296846378181734e-09,0.10741160064935684,0.7435742020606995,0.07120555639266968,1.3298308998346329,1.2586253434419632,512,,,,,,,,,,,
2038,0.7000003753652895,0.7,0.70703125,0.5644258931279182,1.5014626681804657,0.1292334944009781,0.20891869440674782,7.68338543946645e-09,0.1292334944009781,0.7670019119977951,0.1240665465593338,1.7718145698308945,1.6477480232715607,512,,,,,,,,,,,
2039,0.7000003753652895,0.7,0.5078125,0.2809121236205101,0.7249952703714371,0.21577188372612,0.12625356949865818,6.223572491614871e-09,0.21577188372612,0.7376122921705246,0.27738815546035767,2.3402567207813263,2.0628685653209686,512,,,,,,,,,,,
2040,0.7000003753652895,0.7,0.5859375,0.42159177362918854,1.1309268772602081,0.11714104376733303,0.1466239094734192,4.917412021249179e-09,0.11714104376733303,0.7621532827615738,0.18122638016939163,1.6390610560774803,1.4578346759080887,512,0,0,0.03,0,0.7000003753652895,0,0,0,0,0,0
2041,0.7000003753652895,0.7,0.55859375,0.3851652592420578,1.0193637609481812,0.16852810606360435,0.1478036344051361,3.764908042774851e-09,0.16852810606360435,0.7092187106609344,0.04452221095561981,2.0125517398118973,1.9680295288562775,512,,,,,,,,,,,
2042,0.7000003753652895,0.7,0.56640625,0.8756518065929413,2.3254319578409195,0.13807246834039688,0.32805831357836723,2.7660640983251383e-09,0.13807246834039688,0.7455077916383743,0.1118398904800415,1.027357041835785,0.9155171513557434,512,,,,,,,,,,,
2043,0.7000003753652895,0.7,0.4921875,0.48733001202344894,1.2911356538534164,0.1225665956735611,0.18562186509370804,1.9208832577943814e-09,0.1225665956735611,0.7530712634325027,0.1453632265329361,0.8991580456495285,0.7537948191165924,512,,,,,,,,,,,
2044,0.7000003753652895,0.7,0.5546875,0.704685389995575,1.8525676280260086,0.12577610462903976,0.28284258022904396,1.22936811877139e-09,0.12577610462903976,0.7492333948612213,0.15639720857143402,1.3072807863354683,1.1508835777640343,512,,,,,,,,,,,
2045,0.7000003753652895,0.7,0.5546875,0.31489503383636475,0.8284478038549423,0.16653406247496605,0.12577952444553375,6.915208065894075e-10,0.16653406247496605,0.7315868884325027,0.2014562413096428,1.606867603957653,1.4054113626480103,512,,,,,,,,,,,
2046,0.7000003753652895,0.7,0.56640625,0.3380383253097534,0.8835160732269287,0.15252161026000977,0.14084244519472122,3.073429742872502e-10,0.15252161026000977,0.7408446967601776,0.16787300258874893,1.4601145684719086,1.2922415658831596,512,,,,,,,,,,,
2047,0.7000003753652895,0.7,0.65234375,0.5187661498785019,1.3336042761802673,0.11389705538749695,0.23841438256204128,7.683580260930968e-11,0.11389705538749695,0.758432611823082,0.04156568646430969,1.2855332046747208,1.243967518210411,512,,,,,,,,,,,
2048,0.7000003753652895,0.7,0.58984375,0.47568491101264954,1.2425440102815628,0.1333747273311019,0.19892537780106068,0,0.1333747273311019,0.724492147564888,0.10765748471021652,2.1481325924396515,2.040475107729435,512,0,0,0.03,0,0.7000003753652895,0,0,0,0,0,0
