step,train/sparsity,train/target_sparsity,train/grad_norm,train/loss,train/ntp_loss,train/onpolicy_kd_loss,train/aux_loss,train/lr,onpolicy/kl_loss,onpolicy/overlap_ratio_top100,onpolicy/entropy_gap,onpolicy/student_entropy,onpolicy/teacher_entropy,onpolicy/gen_tokens,pgd/kl_at_full_pgd,pgd/kl_at_k_actual,pgd/kl_budget,pgd/k_actual,pgd/post_sparsity,pgd/prunings,pgd/revivals,pgd/turnover,pgd/net_growth,pgd/n_prune_cand,pgd/n_revive_cand
1281,0.7000018312159367,0.6967970885336399,0.703125,0.7050456777215004,1.9108662903308868,0.08493861183524132,0.22563564591109753,3.8788512118570466e-05,0.08493861183524132,0.7571825981140137,0.1533363163471222,0.8246315568685532,0.671295240521431,512,,,,,,,,,,,
1282,0.7000018312159367,0.6968346222683235,0.5390625,0.6012939587235451,1.5809651762247086,0.05740620847791433,0.2411376778036356,3.870310539270342e-05,0.05740620847791433,0.7567577809095383,0.10463762655854225,0.5812895409762859,0.4766519144177437,512,,,,,,,,,,,
1283,0.7000018312159367,0.6968718616222894,0.4453125,0.34281886368989944,0.9239662736654282,0.09297568909823895,0.11487873084843159,3.861773338707495e-05,0.09297568909823895,0.7535058706998825,0.16772854328155518,0.7733981907367706,0.6056696474552155,512,,,,,,,,,,,
1284,0.7000018312159367,0.6969088077545166,0.421875,0.27077001705765724,0.7265891134738922,0.09627164155244827,0.09392602741718292,3.8532396364070115e-05,0.09627164155244827,0.7524072080850601,0.1527707725763321,0.8481555879116058,0.6953848153352737,512,,,,,,,,,,,
1285,0.7000018312159367,0.6969454618239843,0.43359375,0.3883109427988529,1.058209091424942,0.06134609878063202,0.1184906754642725,3.8447094585966446e-05,0.06134609878063202,0.7485156059265137,0.10569508373737335,0.5549072623252869,0.4492121785879135,512,,,,,,,,,,,
1286,0.7000018312159367,0.696981824989672,0.58984375,0.6409008875489235,1.7343633472919464,0.09892475698143244,0.20776047557592392,3.836182831493318e-05,0.09892475698143244,0.7529833912849426,0.1808634027838707,0.9658466428518295,0.7849832400679588,512,,,,,,,,,,,
1287,0.7000018312159367,0.6970178984105586,0.4765625,0.5751475244760513,1.5363770127296448,0.12173594534397125,0.20649420283734798,3.827659781303041e-05,0.12173594534397125,0.7339404076337814,0.16200009733438492,1.540983460843563,1.3789833635091782,512,,,,,,,,,,,
1288,0.7000018312159367,0.6970536832456236,0.54296875,0.4360743500292301,1.144061267375946,0.11670439504086971,0.17737614922225475,3.81914033422083e-05,0.11670439504086971,0.7521142363548279,0.2073175013065338,1.0119638442993164,0.8046463429927826,512,0.0006737325456924736,0.000246545416302979,0.03,63,0.7000018312159367,63,63,77,-5,3490,16181
1289,0.7000018312159367,0.6970891806538457,0.39453125,0.5129475966095924,1.3944828510284424,0.10293093603104353,0.15990373119711876,3.8106245164306246e-05,0.10293093603104353,0.7549950927495956,0.19805160909891129,0.910526379942894,0.7124747708439827,512,,,,,,,,,,,
1290,0.7000018312159367,0.6971243917942047,0.515625,0.5693577602505684,1.5387173742055893,0.10592582169920206,0.18660913035273552,3.802112354105215e-05,0.10592582169920206,0.7464404106140137,0.20167391002178192,0.9115781486034393,0.7099042385816574,512,,,,,,,,,,,
1291,0.7000018312159367,0.6971593178256794,0.5703125,0.4788547083735466,1.2984244525432587,0.11582809686660767,0.15265036933124065,3.793603873406155e-05,0.11582809686660767,0.7541015297174454,0.3925277143716812,1.6827237904071808,1.2901960760354996,512,,,,,,,,,,,
1292,0.7000018312159367,0.6971939599072492,0.47265625,0.3409888818860054,0.9216576665639877,0.10455565713346004,0.1116419043391943,3.785099100483681e-05,0.10455565713346004,0.7564550638198853,0.10994163155555725,1.123164340853691,1.0132227092981339,512,,,,,,,,,,,
1293,0.7000018312159367,0.6972283191978931,0.484375,0.5221542567014694,1.406773790717125,0.13125296123325825,0.17551174759864807,3.776598061476635e-05,0.13125296123325825,0.7557275146245956,0.22826643288135529,1.6298106610774994,1.401544228196144,512,,,,,,,,,,,
1294,0.7000018312159367,0.6972623968565905,0.578125,0.317547008395195,0.8581181764602661,0.13689920864999294,0.10414543934166431,3.768100782512384e-05,0.13689920864999294,0.7299560308456421,0.23906751722097397,1.0217228308320045,0.7826553136110306,512,,,,,,,,,,,
1295,0.7000018312159367,0.6972961940423206,0.498046875,0.30197201669216156,0.8096571564674377,0.11497499514371157,0.10540949925780296,3.759607289706736e-05,0.11497499514371157,0.7456298768520355,0.21708446741104126,1.0955877378582954,0.8785032704472542,512,,,,,,,,,,,
1296,0.7000018312159367,0.6973297119140625,0.59375,0.3184676393866539,0.8351459950208664,0.1026828670874238,0.12990743480622768,3.7511176091638653e-05,0.1026828670874238,0.7276757806539536,0.21501819416880608,1.1474897786974907,0.9324715845286846,512,0.0006271202000789344,0.0005946775781922042,0.03,3969,0.7000018312159367,3969,3969,5128,-132,4812,17194
1297,0.7000018312159367,0.6973629516307954,1.0625,0.5153807327151299,1.3891631066799164,0.11061477568000555,0.1725966762751341,3.7426317669762305e-05,0.11061477568000555,0.7433007508516312,0.16162512451410294,1.187563568353653,1.02593844383955,512,,,,,,,,,,,
1298,0.7000018312159367,0.6973959143514986,0.5234375,0.5199177972972393,1.3903054147958755,0.12965330481529236,0.18520298041403294,3.73414978922449e-05,0.12965330481529236,0.7373339682817459,0.14251048490405083,1.0091024227440357,0.8665919378399849,512,,,,,,,,,,,
1299,0.7000018312159367,0.6974286012351513,0.5,0.5430441498756409,1.4691423624753952,0.08836966194212437,0.17644586600363255,3.725671701977428e-05,0.08836966194212437,0.7555321902036667,0.06877803802490234,0.6797884330153465,0.6110103949904442,512,,,,,,,,,,,
1300,0.7000018312159367,0.6974610134407325,1.1328125,0.5351938381791115,1.4349111914634705,0.08784544188529253,0.18688823841512203,3.717197531291867e-05,0.08784544188529253,0.762895479798317,0.06713898479938507,0.7340548932552338,0.6669159084558487,512,,,,,,,,,,,
1301,0.7000018312159367,0.6974931521272217,0.65625,0.856565035879612,2.2743227034807205,0.08271286077797413,0.32132876850664616,3.708727303212598e-05,0.08271286077797413,0.7600487917661667,0.0736909732222557,0.7378131523728371,0.6641221791505814,512,,,,,,,,,,,
1302,0.7000018312159367,0.6975250184535979,0.4296875,0.4886363670229912,1.3198822289705276,0.07849705964326859,0.16083402000367641,3.700261043772291e-05,0.07849705964326859,0.7516991794109344,0.0576937198638916,0.7879954278469086,0.730301707983017,512,,,,,,,,,,,
1303,0.7000018312159367,0.6975566135788405,0.462890625,0.3968605175614357,1.0760156512260437,0.08498917892575264,0.12659193389117718,3.691798778991417e-05,0.08498917892575264,0.7516992092132568,0.06236256659030914,0.6360042095184326,0.5736416429281235,512,,,,,,,,,,,
1304,0.7000018312159367,0.6975879386619285,0.51171875,0.4107416123151779,1.1072454303503036,0.07645259983837605,0.13742603734135628,3.683340534878176e-05,0.07645259983837605,0.7545361220836639,0.058763206005096436,0.595204271376133,0.5364410653710365,512,0.0007013395079411566,0.0007013395079411566,0.03,5285,0.7000018312159367,5285,5285,6339,361,5285,17846
1305,0.7000018312159367,0.6976189948618412,0.4453125,0.36320021003484726,0.9774911403656006,0.0919790044426918,0.12311550974845886,3.674886337428406e-05,0.0919790044426918,0.7515380531549454,0.11269732564687729,0.6324971169233322,0.5197997912764549,512,,,,,,,,,,,
1306,0.7000018312159367,0.6976497833375578,0.5546875,0.4884716346859932,1.3070872724056244,0.07960610836744308,0.173129728063941,3.666436212625509e-05,0.07960610836744308,0.7520360946655273,0.09970434755086899,1.318363443017006,1.218659095466137,512,,,,,,,,,,,
1307,0.7000018312159367,0.6976803052480574,0.50390625,0.5827273428440094,1.5519500225782394,0.10691745951771736,0.21389032900333405,3.657990186440369e-05,0.10691745951771736,0.7268017381429672,0.1567855253815651,1.0213275030255318,0.8645419776439667,512,,,,,,,,,,,
1308,0.7000018312159367,0.6977105617523193,0.412109375,0.36218027770519257,0.9712452590465546,0.11221526376903057,0.12627066671848297,3.649548284831275e-05,0.11221526376903057,0.7517382651567459,0.16231932491064072,1.008108675479889,0.8457893505692482,512,,,,,,,,,,,
1309,0.7000018312159367,0.6977405540093227,0.5234375,0.5307281315326691,1.4304432421922684,0.12345570512115955,0.1778237409889698,3.6411105337438365e-05,0.12345570512115955,0.7435692995786667,0.1459086388349533,0.8354647010564804,0.6895560622215271,512,,,,,,,,,,,
1310,0.7000018312159367,0.6977702831780469,0.443359375,0.4889409802854061,1.3069094568490982,0.09688322618603706,0.17472984082996845,3.6326769591109086e-05,0.09688322618603706,0.7522802352905273,0.1248580738902092,0.7211803793907166,0.5963223055005074,512,,,,,,,,,,,
1311,0.7000018312159367,0.6977997504174709,0.51171875,0.3237057700753212,0.8626046031713486,0.11233696714043617,0.11832193657755852,3.624247586852514e-05,0.11233696714043617,0.7545703202486038,0.2138325721025467,1.7390413135290146,1.525208741426468,512,,,,,,,,,,,
1312,0.7000018313599093,0.697828956886574,0.57421875,0.44967079907655716,1.2101062387228012,0.11125975288450718,0.1525325160473585,3.6158224428757535e-05,0.11125975288450718,0.756181612610817,0.02455977350473404,0.9024578332901001,0.8778980597853661,512,0.0005785864777863026,0.0005785864777863026,0.03,3225,0.7000018313599093,3225,3225,3685,451,3225,15696
1313,0.7000018313599093,0.6978579037443355,0.62890625,0.44154857099056244,1.1951924562454224,0.08893660083413124,0.14283350110054016,3.607401553074735e-05,0.08893660083413124,0.7383544743061066,0.24308188259601593,1.227600522339344,0.9845186397433281,512,,,,,,,,,,,
1314,0.7000018313599093,0.6978865921497345,0.50390625,0.6841123774647713,1.8404228240251541,0.09032890945672989,0.23264488764107227,3.598984943330492e-05,0.09032890945672989,0.750170886516571,-0.0016310065984725952,0.7300652116537094,0.731696218252182,512,,,,,,,,,,,
1315,0.7000018313599093,0.6979150232617501,0.55859375,0.47565606236457825,1.2904609143733978,0.06042237766087055,0.15092102251946926,3.590572639510903e-05,0.06042237766087055,0.7566992044448853,0.03196919709444046,0.5055715292692184,0.473602332174778,512,,,,,,,,,,,
1316,0.7000018313599093,0.6979431982393618,0.6328125,0.3836022764444351,1.000155821442604,0.10699473787099123,0.1622752584517002,3.582164667470612e-05,0.10699473787099123,0.7560644298791885,-0.009990595281124115,0.9959549531340599,1.005945548415184,512,,,,,,,,,,,
1317,0.7000018313599093,0.6979711182415484,0.6875,0.5284359529614449,1.400983676314354,0.13280395604670048,0.20033730193972588,3.5737610530509504e-05,0.13280395604670048,0.7076025009155273,0.02289414405822754,1.8051451444625854,1.782251000404358,512,,,,,,,,,,,
1318,0.7000018313599093,0.6979987844272896,0.419921875,0.6832128316164017,1.8298756778240204,0.05961815174669027,0.24046611413359642,3.5653618220798575e-05,0.05961815174669027,0.7439452856779099,0.059147924184799194,0.5264607667922974,0.46731284260749817,512,,,,,,,,,,,
1319,0.7000018313599093,0.6980261979555642,0.4609375,0.47722096741199493,1.276598334312439,0.08256350830197334,0.1695257406681776,3.556967000371799e-05,0.08256350830197334,0.7528271377086639,0.07570424675941467,0.6096413731575012,0.5339371263980865,512,,,,,,,,,,,
1320,0.7000018313599093,0.6980533599853516,0.447265625,0.4654637351632118,1.2499147206544876,0.11317379027605057,0.1605814080685377,3.5485766137276894e-05,0.11317379027605057,0.756586879491806,0.012715905904769897,1.5764131844043732,1.5636972784996033,512,0.0006020452710799873,0.0006020452710799873,0.03,3591,0.7000018313599093,3591,3591,4531,45,3591,15932
1321,0.7000018313599093,0.6980802716756308,0.515625,0.33957813680171967,0.9028150737285614,0.1702759563922882,0.1262095496058464,3.5401906879348115e-05,0.1702759563922882,0.7242382615804672,0.07896070182323456,1.8594737648963928,1.7805130630731583,512,,,,,,,,,,,
1322,0.7000018313599093,0.6981069341853813,0.4609375,0.47605449706315994,1.2615702450275421,0.09464745223522186,0.18101908452808857,3.5318092487667396e-05,0.09464745223522186,0.7640380710363388,0.11610887944698334,0.950491800904274,0.8343829214572906,512,,,,,,,,,,,
1323,0.7000018313599093,0.698133348673582,0.478515625,0.5214519575238228,1.4004832059144974,0.13658997416496277,0.1796741671860218,3.523432321983259e-05,0.13658997416496277,0.7436669766902924,-0.02432934194803238,1.738277554512024,1.7626068964600563,512,,,,,,,,,,,
1324,0.7000018313599093,0.6981595162992124,0.5546875,0.5810839682817459,1.5740871876478195,0.128069169819355,0.18677324429154396,3.515059933330282e-05,0.128069169819355,0.7504687160253525,-0.242470383644104,1.3850226700305939,1.6274930536746979,512,,,,,,,,,,,
1325,0.7000018313599093,0.6981854382212515,0.5703125,0.3198520988225937,0.8552717566490173,0.07915383763611317,0.1139769833534956,3.50669210853978e-05,0.07915383763611317,0.7486523240804672,0.1201200783252716,0.7624702975153923,0.6423502191901207,512,,,,,,,,,,,
1326,0.7000018313599093,0.6982111155986785,0.45703125,0.3409637175500393,0.9021691828966141,0.10844241641461849,0.13105415925383568,3.498328873329695e-05,0.10844241641461849,0.7671533077955246,0.009220048785209656,1.9189272671937943,1.9097072184085846,512,,,,,,,,,,,
1327,0.7000018313599093,0.6982365495904728,0.55078125,0.4906141385436058,1.3169408589601517,0.10655082575976849,0.16976860538125038,3.48997025340386e-05,0.10655082575976849,0.7483984082937241,0.20118383318185806,1.0226192474365234,0.8214354142546654,512,,,,,,,,,,,
1328,0.7000018313599093,0.6982617413556135,0.4609375,0.54306485876441,1.4609156847000122,0.09508074633777142,0.184735344722867,3.4816162744519263e-05,0.09508074633777142,0.7559667676687241,0.0713607668876648,1.1377166658639908,1.066355898976326,512,0.0005927789607085288,0.0005927789607085288,0.03,3241,0.7000018313599093,3241,3241,4224,-94,3241,15526
1329,0.7000018313599093,0.6982866920530796,0.52734375,0.6472812443971634,1.7302590906620026,0.07876855507493019,0.2311991285532713,3.473266962149283e-05,0.07876855507493019,0.7458691298961639,0.15783564001321793,1.350984126329422,1.193148486316204,512,,,,,,,,,,,
1330,0.7000018313599093,0.6983114028418504,0.43359375,0.5012549832463264,1.3387696593999863,0.09529644250869751,0.18018482252955437,3.4649223421569724e-05,0.09529644250869751,0.7473486214876175,0.06967568397521973,1.834291473031044,1.7646157890558243,512,,,,,,,,,,,
1331,0.7000018313599093,0.6983358748809054,0.453125,0.710515558719635,1.9073434919118881,0.11624938249588013,0.2457338646054268,3.4565824401216155e-05,0.11624938249588013,0.7568115144968033,0.06586261093616486,1.048171579837799,0.9823089689016342,512,,,,,,,,,,,
1332,0.7000018313599093,0.6983601093292235,0.470703125,0.6875992268323898,1.8127664923667908,0.11716998741030693,0.2708674594759941,3.44824728167534e-05,0.11716998741030693,0.7545019388198853,0.16420488059520721,1.1537362337112427,0.9895313531160355,512,,,,,,,,,,,
1333,0.7000018313599093,0.6983841073457842,0.486328125,0.6298869177699089,1.6901845932006836,0.08113562315702438,0.21856352128088474,3.439916892435687e-05,0.08113562315702438,0.7746239900588989,0.09150290489196777,0.7512852251529694,0.6597823202610016,512,,,,,,,,,,,
1334,0.7000018313599093,0.6984078700895662,0.44140625,0.6090087816119194,1.6188122779130936,0.07058056443929672,0.22666879184544086,3.4315912980055434e-05,0.07058056443929672,0.7596874833106995,0.18889480829238892,1.1560848951339722,0.9671900868415833,512,,,,,,,,,,,
1335,0.7000018313599093,0.6984313987195492,0.478515625,0.535678043961525,1.4599620252847672,0.13762878254055977,0.16330471821129322,3.423270523973056e-05,0.13762878254055977,0.7578954845666885,0.15282970666885376,1.3536253571510315,1.2007956504821777,512,,,,,,,,,,,
1336,0.7000018313599093,0.6984546943947121,0.49609375,0.44803303480148315,1.2210638970136642,0.07719282619655132,0.13661192171275616,3.4149545959115605e-05,0.07719282619655132,0.7627001851797104,0.07111287117004395,0.6416057348251343,0.5704928636550903,512,0.0005710443947464228,0.0005710443947464228,0.03,2772,0.7000018313599093,2772,2772,3679,-15,2772,15366
1337,0.7000018313599093,0.6984777582740342,0.51171875,0.2535407766699791,0.677738144993782,0.16168659180402756,0.09056718926876783,3.4066435393794974e-05,0.16168659180402756,0.7448925524950027,0.15662074834108353,1.7672305777668953,1.6106098294258118,512,,,,,,,,,,,
1338,0.7000018313599093,0.6985005915164947,0.4921875,0.7354370877146721,2.0027038753032684,0.10271742567420006,0.22589320689439774,3.398337379920331e-05,0.10271742567420006,0.7723486125469208,0.11562544107437134,0.8890955001115799,0.7734700590372086,512,,,,,,,,,,,
1339,0.7000018313599093,0.6985231952810729,0.45703125,0.4205753393471241,1.1326867938041687,0.09310992900282145,0.14178388006985188,3.390036143062485e-05,0.09310992900282145,0.752622053027153,0.08920416980981827,0.8828612715005875,0.7936571016907692,512,,,,,,,,,,,
1340,0.7000018313599093,0.6985455707267478,0.484375,0.355086125433445,0.922632560133934,0.079079604241997,0.1533859483897686,3.3817398543192424e-05,0.079079604241997,0.76246577501297,0.08613913133740425,0.9818232133984566,0.8956840820610523,512,,,,,,,,,,,
1341,0.7000018313599093,0.6985677190124988,0.4140625,0.28165315836668015,0.7559171319007874,0.08590441010892391,0.09757725708186626,3.373448539188686e-05,0.08590441010892391,0.7540917843580246,0.10169342905282974,0.6998892277479172,0.5981957986950874,512,,,,,,,,,,,
1342,0.7000018313599093,0.698589641297305,0.41796875,0.4896993972361088,1.3158088326454163,0.09777362458407879,0.16812868788838387,3.3651622231536085e-05,0.09777362458407879,0.7391210496425629,0.08205834031105042,1.582484409213066,1.5004260689020157,512,,,,,,,,,,,
1343,0.7000018313599093,0.6986113387401457,0.4296875,0.4245779737830162,1.148990973830223,0.07582319341599941,0.13760888949036598,3.356880931681439e-05,0.07582319341599941,0.747026339173317,0.0035471320152282715,1.300096221268177,1.2965490892529488,512,,,,,,,,,,,
1344,0.700001831503882,0.6986328125,0.40234375,0.5484119281172752,1.4700226783752441,0.11132696829736233,0.1918315887451172,3.3486046902241664e-05,0.11132696829736233,0.7491210699081421,0.15082937479019165,1.8705535233020782,1.7197241485118866,512,0.0005865568527951837,0.0005865568527951837,0.03,2737,0.700001831503882,2737,2737,3598,-76,2737,15311
1345,0.700001831503882,0.698654063735847,0.51171875,0.806735135614872,2.156562179327011,0.08593487553298473,0.28808965906500816,3.340333524218253e-05,0.08593487553298473,0.757880836725235,-0.03696732968091965,1.2458696514368057,1.2828369811177254,512,,,,,,,,,,,
1346,0.700001831503882,0.6986750936066662,0.482421875,0.3594420701265335,0.9625896364450455,0.08165030926465988,0.12662872672080994,3.3320674590845715e-05,0.08165030926465988,0.7656054645776749,0.08859957754611969,0.8525243103504181,0.7639247328042984,512,,,,,,,,,,,
1347,0.700001831503882,0.6986959032714366,0.5,0.4435999020934105,1.1497464030981064,0.0927474033087492,0.194495664909482,3.323806520228309e-05,0.0927474033087492,0.7546777278184891,0.1032760888338089,0.7857440263032913,0.6824679374694824,512,,,,,,,,,,,
1348,0.700001831503882,0.6987164938891375,0.3984375,0.5398775488138199,1.4547901451587677,0.058022793382406235,0.18120231293141842,3.3155507330389e-05,0.058022793382406235,0.7473779171705246,0.07089434564113617,0.5369016453623772,0.466007299721241,512,,,,,,,,,,,
1349,0.700001831503882,0.698736866618748,0.486328125,0.5005575940012932,1.3094897717237473,0.07513363379985094,0.20735135301947594,3.307300122889947e-05,0.07513363379985094,0.7618652284145355,0.08026010543107986,0.602201297879219,0.5219411924481392,512,,,,,,,,,,,
1350,0.700001831503882,0.6987570226192474,0.50390625,0.3609152138233185,0.975657656788826,0.08757156133651733,0.11802473478019238,3.2990547151391395e-05,0.08757156133651733,0.7407763451337814,0.05466083437204361,1.0937879830598831,1.0391271486878395,512,,,,,,,,,,,
1351,0.700001831503882,0.6987769630496149,0.9609375,0.3752066045999527,1.004392221570015,0.24802889674901962,0.13259743340313435,3.290814535128177e-05,0.24802889674901962,0.754770502448082,-0.5428489372134209,0.9896706715226173,1.5325196087360382,512,,,,,,,,,,,
1352,0.7000018313599093,0.6987966890688295,0.515625,0.29669729247689247,0.7831319868564606,0.09126027300953865,0.1159507054835558,3.282579608182694e-05,0.09126027300953865,0.7743456810712814,0.09177440404891968,1.8180531114339828,1.7262787073850632,512,0.000545573013368994,0.000545573013368994,0.03,4436,0.7000018313599093,4436,4437,4757,915,4436,17057
1353,0.7000018313599093,0.6988162018358707,0.55078125,0.5947571024298668,1.6187281608581543,0.06926278583705425,0.18356607668101788,3.274349959612182e-05,0.06926278583705425,0.772661104798317,0.12476927787065506,1.2978270500898361,1.173057772219181,512,,,,,,,,,,,
1354,0.7000018313599093,0.6988355025097175,0.44140625,0.5720605254173279,1.4860284626483917,0.09325712360441685,0.24748818390071392,3.266125614709905e-05,0.09325712360441685,0.761967733502388,0.13570939004421234,1.1553520262241364,1.019642636179924,512,,,,,,,,,,,
1355,0.7000018313599093,0.6988545922493493,0.447265625,0.4614465534687042,1.2382122725248337,0.09625056758522987,0.16011053323745728,3.257906598752828e-05,0.09625056758522987,0.746650367975235,0.06864121556282043,0.760821171104908,0.6921799555420876,512,,,,,,,,,,,
1356,0.7000018313599093,0.6988734722137451,0.765625,0.4924895688891411,1.3022652864456177,0.11136904545128345,0.190127307549119,3.249692937001538e-05,0.11136904545128345,0.7528271377086639,0.05521184206008911,2.039275646209717,1.9840638041496277,512,,,,,,,,,,,
1357,0.7000018313599093,0.6988921435618841,0.44921875,0.6411452367901802,1.7257447242736816,0.14371859282255173,0.21711954288184643,3.2414846547001706e-05,0.14371859282255173,0.7560839504003525,0.06511160731315613,1.747712567448616,1.68260096013546,512,,,,,,,,,,,
1358,0.7000018313599093,0.6989106074527458,0.462890625,0.4372512325644493,1.1690766960382462,0.09314210899174213,0.1559269968420267,3.2332817770763204e-05,0.09314210899174213,0.7632910013198853,0.07629057765007019,0.8995358496904373,0.8232452720403671,512,,,,,,,,,,,
1359,0.7000018313599093,0.698928865045309,0.50390625,0.34081657603383064,0.9155980795621872,0.10378922987729311,0.11717939376831055,3.225084329340975e-05,0.10378922987729311,0.7339745908975601,0.1922299787402153,1.8249098733067513,1.632679894566536,512,,,,,,,,,,,
1360,0.7000018313599093,0.6989469174985532,0.416015625,0.4863613694906235,1.2941677123308182,0.08427663706243038,0.1796545758843422,3.216892336688435e-05,0.08427663706243038,0.7747509777545929,0.043661534786224365,0.9947015941143036,0.9510400593280792,512,0.0006345093133859336,0.0006345093133859336,0.03,2468,0.7000018313599093,2468,2468,3136,54,2468,14988
1361,0.7000018313599093,0.6989647659714575,0.4765625,0.46263835579156876,1.2768643498420715,0.11224601231515408,0.1250700056552887,3.208705824296233e-05,0.11224601231515408,0.7587646245956421,0.12396518886089325,1.2601687759160995,1.1362035870552063,512,,,,,,,,,,,
1362,0.7000018313599093,0.698982411623001,0.46875,0.33030475676059723,0.8861489593982697,0.10881631635129452,0.11477452330291271,3.200524817325059e-05,0.10881631635129452,0.7565575838088989,0.09853171557188034,0.942063145339489,0.8435314297676086,512,,,,,,,,,,,
1363,0.7000018313599093,0.6989998556121632,0.453125,0.5724849626421928,1.5271488279104233,0.12407230772078037,0.20765407383441925,3.192349340918683e-05,0.12407230772078037,0.7521484047174454,0.11313469707965851,1.5204764157533646,1.407341718673706,512,,,,,,,,,,,
1364,0.7000018313599093,0.699017099097923,0.5078125,0.3671991266310215,0.9809128195047379,0.10214914008975029,0.13181176781654358,3.1841794202038765e-05,0.10214914008975029,0.7598144263029099,0.06809806823730469,0.7720033079385757,0.7039052397012711,512,,,,,,,,,,,
1365,0.7000018313599093,0.6990341432392597,0.443359375,0.48096927255392075,1.269702970981598,0.0758797787129879,0.18777958489954472,3.1760150802903355e-05,0.0758797787129879,0.7508397996425629,0.15979406982660294,1.1814473941922188,1.0216533243656158,512,,,,,,,,,,,
1366,0.7000018313599093,0.6990509891951525,0.4921875,0.3379935026168823,0.9064546823501587,0.09361162036657333,0.11776800453662872,3.167856346270602e-05,0.09361162036657333,0.7338476479053497,-0.217692568898201,1.0884600132703781,1.306152582168579,512,,,,,,,,,,,
1367,0.7000018313599093,0.6990676381245807,0.419921875,0.4041445627808571,1.0790942460298538,0.10002931021153927,0.14558618143200874,3.159703243219997e-05,0.10002931021153927,0.7689843475818634,0.06800062954425812,1.2845421731472015,1.2165415436029434,512,,,,,,,,,,,
1368,0.7000018313599093,0.6990840911865234,0.466796875,0.28770415484905243,0.7625006884336472,0.09493403509259224,0.10933006554841995,3.151555796196525e-05,0.09493403509259224,0.7631493806838989,0.11989568173885345,1.0380229204893112,0.9181272387504578,512,0.000570524949580431,0.000570524949580431,0.03,2496,0.7000018313599093,2496,2496,3221,-15,2496,14744
1369,0.7000018313599093,0.6991003495399598,1.75,0.5125538036227226,1.3711313009262085,0.18157132156193256,0.18206197023391724,3.143414030240813e-05,0.18157132156193256,0.6981982290744781,1.0298479199409485,2.147802025079727,1.1179541051387787,512,,,,,,,,,,,
1370,0.7000018313599093,0.6991164143438692,0.494140625,0.44393986463546753,1.1999059617519379,0.1247031893581152,0.14536627754569054,3.1352779703760236e-05,0.1247031893581152,0.7570019364356995,0.18241769075393677,1.3481870591640472,1.1657693684101105,512,,,,,,,,,,,
1371,0.7000018313599093,0.6991322867572307,0.419921875,0.37310608848929405,1.0057769417762756,0.09811113774776459,0.12484750710427761,3.127147641607787e-05,0.09811113774776459,0.7603661864995956,0.08699064701795578,0.7882369160652161,0.7012462690472603,512,,,,,,,,,,,
1372,0.7000018313599093,0.6991479679390236,0.62109375,0.6687475889921188,1.807081177830696,0.11806447245180607,0.21942658349871635,3.119023068924115e-05,0.11806447245180607,0.6935644298791885,0.2984248399734497,0.9971471726894379,0.6987223327159882,512,,,,,,,,,,,
1373,0.7000018313599093,0.6991634590482271,0.416015625,0.5399574674665928,1.4683607518672943,0.061864955350756645,0.16787390410900116,3.110904277295329e-05,0.061864955350756645,0.7653173506259918,0.06678926199674606,0.5936441794037819,0.5268549174070358,512,,,,,,,,,,,
1374,0.7000018313599093,0.6991787612438202,1.1796875,0.8291395083069801,2.2508181035518646,0.09130134992301464,0.2617258448153734,3.102791291673987e-05,0.09130134992301464,0.752387672662735,0.09453842043876648,0.8147785365581512,0.7202401161193848,512,,,,,,,,,,,
1375,0.7000018313599093,0.6991938756847822,0.515625,0.6397515684366226,1.7303728461265564,0.07111503835767508,0.20826817117631435,3.094684136994798e-05,0.07111503835767508,0.7662450820207596,0.04014679789543152,0.8799000829458237,0.8397532850503922,512,,,,,,,,,,,
1376,0.7000018313599093,0.6992088035300925,0.44921875,0.6478173285722733,1.7529316544532776,0.07170652877539396,0.210151094943285,3.086582838174551e-05,0.07170652877539396,0.7736132442951202,0.06964430958032608,0.8677886351943016,0.7981443256139755,512,0.0007943333475850523,0.0007943333475850523,0.03,3893,0.7000018313599093,3893,3893,4115,775,3893,16526
1377,0.7000018313599093,0.6992235459387302,0.458984375,0.28141770511865616,0.7431412041187286,0.07558614015579224,0.10963967628777027,3.07848742011204e-05,0.07558614015579224,0.7516894489526749,0.08936647325754166,0.6587881222367287,0.569421648979187,512,,,,,,,,,,,
1378,0.7000018313599093,0.6992381040696745,0.5234375,0.4566381350159645,1.2183073461055756,0.06287997774779797,0.1654445044696331,3.070397907687979e-05,0.06287997774779797,0.7606445103883743,0.05989842116832733,0.5987208783626556,0.5388224571943283,512,,,,,,,,,,,
1379,0.7000018313599093,0.6992524790819044,0.423828125,0.32973452657461166,0.8825988471508026,0.10587179847061634,0.1165966298431158,3.0623143257649377e-05,0.10587179847061634,0.754218727350235,0.14767241477966309,1.141636312007904,0.993963897228241,512,,,,,,,,,,,
1380,0.7000018313599093,0.6992666721343994,0.4609375,0.34446047246456146,0.9313367009162903,0.11808528937399387,0.11248289607465267,3.054236699187255e-05,0.11808528937399387,0.748227521777153,0.10259317606687546,1.9733408093452454,1.87074763327837,512,,,,,,,,,,,
1381,0.7000018313599093,0.6992806843861386,0.4609375,0.5835915803909302,1.5619490593671799,0.09551800787448883,0.20651020109653473,3.0461650527809692e-05,0.09551800787448883,0.7508251965045929,0.19344179332256317,1.107149988412857,0.9137081950902939,512,,,,,,,,,,,
1382,0.7000018313599093,0.6992945169961011,0.42578125,0.39236148819327354,1.0407784804701805,0.08693604730069637,0.14819568023085594,3.0380994113537377e-05,0.08693604730069637,0.7658739686012268,0.07649213075637817,0.9889068752527237,0.9124147444963455,512,,,,,,,,,,,
1383,0.7000018313599093,0.6993081711232662,0.462890625,0.46293214708566666,1.2358788400888443,0.06679883971810341,0.166945805773139,3.0300397996947605e-05,0.06679883971810341,0.746645450592041,-0.018853329122066498,1.0923829823732376,1.111236311495304,512,,,,,,,,,,,
1384,0.7000018313599093,0.6993216479266131,0.48828125,0.5063191875815392,1.3648746460676193,0.1383153721690178,0.16942583583295345,3.021986242574707e-05,0.1383153721690178,0.7423632591962814,0.13288038969039917,1.9576265215873718,1.8247461318969727,512,0.000467473641037941,0.000467473641037941,0.03,2217,0.7000018313599093,2217,2217,2935,-91,2217,14692
1385,0.7000018313599093,0.699334948565121,0.40234375,0.3628833293914795,0.9759126156568527,0.10097855143249035,0.12373380362987518,3.0139387647456392e-05,0.10097855143249035,0.7558886408805847,0.10847583413124084,1.0250536352396011,0.9165778011083603,512,,,,,,,,,,,
1386,0.7000018313599093,0.6993480741977691,0.419921875,0.29825831204652786,0.7982863783836365,0.08830702677369118,0.1055266410112381,3.005897390940933e-05,0.08830702677369118,0.7470409870147705,0.14952626079320908,1.351491928100586,1.2019656673073769,512,,,,,,,,,,,
1387,0.7000018313599093,0.6993610259835367,0.427734375,0.5980353355407715,1.629233568906784,0.08564811572432518,0.18299459293484688,2.997862145875202e-05,0.08564811572432518,0.7757323831319809,0.049882397055625916,0.8185912221670151,0.7687088251113892,512,,,,,,,,,,,
1388,0.7000018313599093,0.6993738050814028,0.50390625,0.7337395250797272,1.9374096393585205,0.14174952171742916,0.28604333847761154,2.9898330542442322e-05,0.14174952171742916,0.7432470470666885,0.09378768503665924,1.7432106584310532,1.649422973394394,512,,,,,,,,,,,
1389,0.7000018313599093,0.6993864126503467,0.4453125,0.4597427733242512,1.241864338517189,0.09855351224541664,0.15129552595317364,2.981810140724889e-05,0.09855351224541664,0.7410107403993607,-0.0009752735495567322,1.097278505563736,1.0982537791132927,512,,,,,,,,,,,
1390,0.7000018313599093,0.6993988498493476,0.3984375,0.28268158435821533,0.7441240400075912,0.0895355436950922,0.11248680390417576,2.9737934299750515e-05,0.0895355436950922,0.7435253709554672,0.08207359164953232,1.0723209604620934,0.990247368812561,512,,,,,,,,,,,
1391,0.7000018313599093,0.6994111178373849,0.423828125,0.49487073719501495,1.3289281278848648,0.07500371057540178,0.17068012058734894,2.9657829466335363e-05,0.07500371057540178,0.7520409971475601,0.0538179948925972,0.5282825231552124,0.4744645282626152,512,,,,,,,,,,,
1392,0.7000018313599093,0.6994232177734374,0.408203125,0.3750856816768646,1.0064212828874588,0.07824837882071733,0.1302019227296114,2.9577787153200197e-05,0.07824837882071733,0.7654052376747131,0.06478019058704376,0.9483891427516937,0.88360895216465,512,0.000770384562201798,0.000770384562201798,0.03,2186,0.7000018313599093,2186,2186,2811,25,2186,14810
1393,0.7000018313599093,0.6994351508164847,0.408203125,0.5471595674753189,1.4642000049352646,0.14822996780276299,0.19385923631489277,2.9497807606349646e-05,0.14822996780276299,0.7464892417192459,0.14130456000566483,1.6392940282821655,1.4979894682765007,512,,,,,,,,,,,
1394,0.7000018313599093,0.6994469181255057,0.89453125,0.28459739685058594,0.7544290274381638,0.13869716972112656,0.1079872865229845,2.94178910715954e-05,0.13869716972112656,0.7309033125638962,0.14749108999967575,2.0138206481933594,1.8663295581936836,512,,,,,,,,,,,
1395,0.7000018313599093,0.6994585208594799,0.408203125,0.6276043877005577,1.6643086075782776,0.10740079171955585,0.23752281442284584,2.9338037794555516e-05,0.10740079171955585,0.7489648014307022,0.10212311148643494,1.1808263957500458,1.0787032842636108,512,,,,,,,,,,,
1396,0.7000018313599093,0.6994699601773863,0.404296875,0.27750249952077866,0.738718070089817,0.06047534290701151,0.10219857096672058,2.9258248020653616e-05,0.06047534290701151,0.7584863007068634,0.06435476988554001,0.5960624441504478,0.5317076742649078,512,,,,,,,,,,,
1397,0.7000018313599093,0.699481237238204,0.4453125,0.5044716447591782,1.35745669901371,0.07503583002835512,0.171245152130723,2.917852199511815e-05,0.07503583002835512,0.7549804449081421,0.10630304366350174,0.7272043824195862,0.6209013387560844,512,,,,,,,,,,,
1398,0.7000018313599093,0.6994923532009124,0.41015625,0.4458252042531967,1.1912170499563217,0.11607576161623001,0.15976837277412415,2.909885996298165e-05,0.11607576161623001,0.7496045082807541,0.0187721848487854,1.706492766737938,1.6877205818891525,512,,,,,,,,,,,
1399,0.7000018313599093,0.6995033092244907,0.423828125,0.5150304734706879,1.3792233914136887,0.07732331193983555,0.18147492967545986,2.901926216907995e-05,0.07732331193983555,0.7430517077445984,0.06896530836820602,0.5806545466184616,0.5116892382502556,512,,,,,,,,,,,
1400,0.7000018313599093,0.6995141064679181,0.423828125,0.6932515427470207,1.8691574037075043,0.13300973270088434,0.23160468600690365,2.893972885805148e-05,0.13300973270088434,0.7405322194099426,0.13257183879613876,1.3359965458512306,1.2034247070550919,512,0.00048336878535337746,0.00048336878535337746,0.03,2144,0.7000018313599093,2144,2144,2703,25,2144,14849
1401,0.7000018313599093,0.6995247460901737,0.48828125,0.5456727221608162,1.4427302926778793,0.09249165654182434,0.2108232956379652,2.8860260274336444e-05,0.09249165654182434,0.7523974180221558,0.07648850977420807,0.7824097126722336,0.7059212028980255,512,,,,,,,,,,,
1402,0.7000018313599093,0.6995352292502367,0.419921875,0.4434959776699543,1.1928507834672928,0.11688152141869068,0.15107643976807594,2.8780856662176183e-05,0.11688152141869068,0.7639794796705246,0.2012941688299179,1.9991460293531418,1.7978518605232239,512,,,,,,,,,,,
1403,0.7000018313599093,0.6995455571070865,0.609375,0.5306611135601997,1.4106977134943008,0.08926198072731495,0.19736619293689728,2.8701518265612272e-05,0.08926198072731495,0.7626122683286667,0.08311325311660767,0.9100090712308884,0.8268958181142807,512,,,,,,,,,,,
1404,0.7000018313599093,0.6995557308197021,1.046875,0.49652308225631714,1.3423316329717636,0.18869255110621452,0.16228368505835533,2.8622245328485907e-05,0.18869255110621452,0.7414696961641312,-0.20023894309997559,1.7784490436315536,1.9786879867315292,512,,,,,,,,,,,
1405,0.7000018313599093,0.6995657515470628,0.451171875,0.5076950043439865,1.3852357864379883,0.12244440335780382,0.1532338559627533,2.854303809443707e-05,0.12244440335780382,0.7372069954872131,0.2027050107717514,1.3925725519657135,1.189867541193962,512,,,,,,,,,,,
1406,0.7000018313599093,0.6995756204481478,0.404296875,0.41343750059604645,1.126906305551529,0.08000259846448898,0.12593455612659454,2.8463896806903812e-05,0.08000259846448898,0.7770605087280273,0.10449445247650146,0.9066510200500488,0.8021565675735474,512,,,,,,,,,,,
1407,0.7000018313599093,0.6995853386819362,0.408203125,0.47609153389930725,1.2670177072286606,0.08914876263588667,0.17568387277424335,2.8384821709121496e-05,0.08914876263588667,0.7569677829742432,0.03614742308855057,1.562727577984333,1.5265801548957825,512,,,,,,,,,,,
1408,0.7000018313599093,0.6995949074074074,0.44140625,0.3518485277891159,0.9415609687566757,0.09063198789954185,0.1246466226875782,2.8305813044122097e-05,0.09063198789954185,0.7698535025119781,0.0621185302734375,0.7902462333440781,0.7281277030706406,512,0.0007695474196225405,0.0007695474196225405,0.03,2953,0.7000018313599093,2953,2953,2865,901,2953,15620
1409,0.7000018313599093,0.6996043277835404,0.431640625,0.3748297244310379,1.0171914547681808,0.06811684556305408,0.11865616030991077,2.822687105473337e-05,0.06811684556305408,0.7496825903654099,0.05790778994560242,0.5795791447162628,0.5216713547706604,512,,,,,,,,,,,
1410,0.7000018313599093,0.6996136009693146,0.37109375,0.3920157253742218,1.0595576614141464,0.10761270858347416,0.12836870178580284,2.8147995983578157e-05,0.10761270858347416,0.7623192965984344,0.12717007100582123,1.2937859892845154,1.1666159182786942,512,,,,,,,,,,,
1411,0.7000018313599093,0.699622728123709,0.5078125,0.5480350479483604,1.4841414391994476,0.07797778397798538,0.17657076567411423,2.8069188073073633e-05,0.07797778397798538,0.7702685445547104,0.10942496359348297,0.8544462472200394,0.7450212836265564,512,,,,,,,,,,,
1412,0.7000018313599093,0.6996317104057029,0.4765625,0.38103607669472694,1.0345752984285355,0.12129109166562557,0.12007944472134113,2.799044756543054e-05,0.12129109166562557,0.7277587652206421,-0.08718249201774597,2.7140391170978546,2.8012216091156006,512,,,,,,,,,,,
1413,0.7000018313599093,0.6996405489742755,0.48828125,0.6768543273210526,1.813733533024788,0.06742078624665737,0.2373401764780283,2.791177470265252e-05,0.06742078624665737,0.7653368562459946,0.10785461962223053,0.7358020842075348,0.6279474645853043,512,,,,,,,,,,,
1414,0.7000018313599093,0.6996492449884061,0.3984375,0.47891759872436523,1.2932839840650558,0.06558924447745085,0.15798142552375793,2.783316972653526e-05,0.06558924447745085,0.7684081792831421,0.0769231840968132,0.669827051460743,0.5929038673639297,512,,,,,,,,,,,
1415,0.7000018313599093,0.6996577996070737,0.458984375,0.3726246505975723,1.0150960087776184,0.12016788683831692,0.11406952887773514,2.775463287866582e-05,0.12016788683831692,0.7456884384155273,0.1921050250530243,1.3784899562597275,1.1863849312067032,512,,,,,,,,,,,
1416,0.7000018313599093,0.6996662139892578,0.4140625,0.35463105142116547,0.9638213887810707,0.08283366449177265,0.11081812437623739,2.7676164400421862e-05,0.08283366449177265,0.7632714658975601,0.1835455223917961,1.1385119184851646,0.9549663960933685,512,0.0006488962098956108,0.0006488962098956108,0.03,2058,0.7000018313599093,2058,2058,2713,-93,2058,14764
1417,0.7000018313599093,0.6996744892939373,0.4765625,0.42101672664284706,1.145508736371994,0.07687007449567318,0.1302995178848505,2.7597764532970905e-05,0.07687007449567318,0.7648730278015137,0.04340113699436188,0.7719379216432571,0.7285367846488953,512,,,,,,,,,,,
1418,0.7000018313599093,0.6996826266800916,0.443359375,0.4893130175769329,1.3227527886629105,0.08336815237998962,0.16001389361917973,2.7519433517269665e-05,0.08336815237998962,0.766611322760582,0.11505575478076935,0.8415708243846893,0.72651506960392,512,,,,,,,,,,,
1419,0.7000018313599093,0.6996906273066997,0.470703125,0.5252329669892788,1.4274753481149673,0.14617669768631458,0.1641396414488554,2.744117159406318e-05,0.14617669768631458,0.7580224573612213,0.01754559576511383,1.5312944650650024,1.5137488692998886,512,,,,,,,,,,,
1420,0.7000018313599093,0.699698492332741,0.490234375,0.5330115333199501,1.4127884358167648,0.09657729044556618,0.20239800587296486,2.7362979003884152e-05,0.09657729044556618,0.7586181461811066,0.11327746510505676,1.3182623535394669,1.20498488843441,512,,,,,,,,,,,
1421,0.7000018313599093,0.6997062229171946,0.515625,0.8449057787656784,2.2759759724140167,0.08488175738602877,0.28434449434280396,2.7284855987052203e-05,0.08488175738602877,0.7257470190525055,-0.03318992257118225,0.8395551517605782,0.8727450743317604,512,,,,,,,,,,,
1422,0.7000018313599093,0.6997138202190398,0.412109375,0.45590556412935257,1.2143932431936264,0.07566149439662695,0.1671387143433094,2.72068027836731e-05,0.07566149439662695,0.7662890255451202,0.14191050082445145,1.7900736629962921,1.6481631621718407,512,,,,,,,,,,,
1423,0.7000018313599093,0.6997212853972559,0.412109375,0.6950410827994347,1.8584009557962418,0.09690029360353947,0.24778407253324986,2.7128819633638103e-05,0.09690029360353947,0.7580273300409317,0.10714597254991531,0.8625726103782654,0.7554266378283501,512,,,,,,,,,,,
1424,0.7000018313599093,0.6997286196108217,0.546875,0.2760137468576431,0.7321387082338333,0.09956164099276066,0.10426654294133186,2.705090677662311e-05,0.09956164099276066,0.7347558289766312,0.20984581857919693,1.1763985380530357,0.9665527194738388,512,0.0006813561776652932,0.0006813561776652932,0.03,2103,0.7000018313599093,2103,2103,2644,72,2103,14387
1425,0.7000018313599093,0.6997358240187168,0.52734375,0.5761488303542137,1.5559261739253998,0.12132875248789787,0.18997932225465775,2.6973064452088e-05,0.12132875248789787,0.7483056485652924,0.41149960458278656,2.8356930762529373,2.4241934716701508,512,,,,,,,,,,,
1426,0.7000018313599093,0.6997428997799202,0.66015625,0.32782483100891113,0.8796148747205734,0.12233551777899265,0.11379366181790829,2.689529289927586e-05,0.12233551777899265,0.7529101073741913,0.15660744905471802,1.8272804915904999,1.6706730425357819,512,,,,,,,,,,,
1427,0.7000018313599093,0.6997498480534112,0.4296875,0.5101768970489502,1.3408314883708954,0.0864220280200243,0.20515900664031506,2.6817592357212297e-05,0.0864220280200243,0.7627001851797104,0.07023268193006516,0.81940558552742,0.7491729035973549,512,,,,,,,,,,,
1428,0.7000018313599093,0.6997566699981689,0.5078125,0.5571778267621994,1.4937133640050888,0.07844948209822178,0.19470425322651863,2.673996306470463e-05,0.07844948209822178,0.7634570002555847,0.06557060033082962,0.8288478702306747,0.7632772698998451,512,,,,,,,,,,,
1429,0.7000018313599093,0.6997633667731726,0.482421875,0.3266475573182106,0.8752943277359009,0.13520138338208199,0.11454671993851662,2.6662405260341215e-05,0.13520138338208199,0.7436572164297104,0.40575650334358215,2.2845045924186707,1.8787480890750885,512,,,,,,,,,,,
1430,0.7000018313599093,0.6997699395374015,0.45703125,0.6099986210465431,1.6072245091199875,0.10178836062550545,0.2412561047822237,2.658491918249073e-05,0.10178836062550545,0.7729638367891312,0.06531669199466705,1.039472535252571,0.974155843257904,512,,,,,,,,,,,
1431,0.7000018313599093,0.6997763894498348,0.56640625,0.6637837216258049,1.8557474166154861,0.10284869186580181,0.15571833960711956,2.650750506930136e-05,0.10284869186580181,0.7309277057647705,0.009205780923366547,0.7146193981170654,0.7054136171936989,512,,,,,,,,,,,
1432,0.7000018313599093,0.6997827176694517,0.6015625,0.8471432030200958,2.260080188512802,0.08891823329031467,0.30702019296586514,2.6430163158700115e-05,0.08891823329031467,0.7650634348392487,0.051285773515701294,0.7056272029876709,0.6543414294719696,512,0.0007148506119847298,0.0007148506119847298,0.03,2457,0.7000018313599093,2457,2457,3119,11,2457,14474
1433,0.7000018313599093,0.6997889253552313,0.40234375,0.6823771744966507,1.82589390873909,0.08826618641614914,0.24191564321517944,2.6352893688392123e-05,0.08826618641614914,0.7507666051387787,0.1763453260064125,0.8597249537706375,0.683379627764225,512,,,,,,,,,,,
1434,0.7000018313599093,0.6997950136661529,0.400390625,0.3010025657713413,0.810928612947464,0.09694974310696125,0.10120031982660294,2.6275696895859835e-05,0.09694974310696125,0.7667528986930847,0.09504953026771545,0.9707912355661392,0.8757417052984238,512,,,,,,,,,,,
1435,0.7000018313599093,0.6998009837611957,0.408203125,0.3542962074279785,0.9529951959848404,0.07690807618200779,0.12062965705990791,2.619857301836237e-05,0.07690807618200779,0.7687499672174454,0.06435264647006989,0.7204985171556473,0.6561458706855774,512,,,,,,,,,,,
1436,0.7000018313599093,0.699806836799339,0.435546875,0.4553465023636818,1.2057103663682938,0.09065770357847214,0.174127459526062,2.6121522292934697e-05,0.09065770357847214,0.7467822134494781,0.023930102586746216,1.6632643043994904,1.6393342018127441,512,,,,,,,,,,,
1437,0.7000018313599093,0.6998125739395618,0.427734375,0.2689262665808201,0.7159649878740311,0.07211487367749214,0.09896303154528141,2.604454495638704e-05,0.07211487367749214,0.7590380609035492,0.08747290074825287,0.6705689281225204,0.5830960273742676,512,,,,,,,,,,,
1438,0.7000018313599093,0.6998181963408434,0.51953125,0.4538147486746311,1.202924370765686,0.1294790580868721,0.1722717434167862,2.596764124530398e-05,0.1294790580868721,0.7627441138029099,0.206711083650589,1.439828872680664,1.233117789030075,512,,,,,,,,,,,
1439,0.7000018313599093,0.6998237051621631,0.38671875,0.6701163053512573,1.7883309423923492,0.06521353498101234,0.2423244770616293,2.5890811396043868e-05,0.06521353498101234,0.7642821967601776,0.041040919721126556,0.6528897434473038,0.6118488237261772,512,,,,,,,,,,,
1440,0.7000018313599093,0.6998291015625,0.68359375,0.6987820342183113,1.882277175784111,0.06716795265674591,0.23524407669901848,2.581405564473801e-05,0.06716795265674591,0.7584472298622131,0.07928363978862762,0.6056445240974426,0.526360884308815,512,0.0005347409169189632,0.0005347409169189632,0.03,1998,0.7000018313599093,1998,1998,2575,49,1998,14311
1441,0.7000018313599093,0.6998343867008333,0.5546875,0.5852932408452034,1.5713749676942825,0.13548681885004044,0.20224087499082088,2.5737374227290023e-05,0.13548681885004044,0.7705175578594208,-0.0329105406999588,1.759344294667244,1.7922548353672028,512,,,,,,,,,,,
1442,0.7000018313599093,0.6998395617361421,0.466796875,0.6517889276146889,1.742915615439415,0.09511187858879566,0.23220226354897022,2.5660767379375018e-05,0.09511187858879566,0.7343798726797104,0.05939711630344391,2.304898679256439,2.2455015629529953,512,,,,,,,,,,,
1443,0.7000018313599093,0.6998446278274059,0.416015625,0.3501855432987213,0.9351118803024292,0.10108896344900131,0.12605633959174156,2.5584235336438922e-05,0.10108896344900131,0.7553759664297104,0.09684775024652481,0.8947325944900513,0.7978848442435265,512,,,,,,,,,,,
1444,0.7000018313599093,0.6998495861336036,0.3828125,0.4442527964711189,1.2044865041971207,0.10355846211314201,0.14173406176269054,2.5507778333697818e-05,0.10355846211314201,0.7555956989526749,0.11369660496711731,1.0366457849740982,0.9229491800069809,512,,,,,,,,,,,
1445,0.7000018313599093,0.6998544378137147,0.4140625,0.5066937282681465,1.374384954571724,0.0915527492761612,0.16105051711201668,2.5431396606137093e-05,0.0915527492761612,0.7578564286231995,0.13180570304393768,1.0178865790367126,0.886080875992775,512,,,,,,,,,,,
1446,0.7000018313599093,0.6998591840267181,0.390625,0.5824869126081467,1.5942227095365524,0.08869875222444534,0.17088910937309265,2.5355090388510804e-05,0.08869875222444534,0.7689501494169235,0.09608811140060425,1.5109610855579376,1.4148729741573334,512,,,,,,,,,,,
1447,0.7000018313599093,0.6998638259315931,1.5859375,0.30528461933135986,0.8269077986478806,0.08012171648442745,0.09819705411791801,2.5278859915340914e-05,0.08012171648442745,0.7661767303943634,0.11463288962841034,0.8248991817235947,0.7102662920951843,512,,,,,,,,,,,
1448,0.7000018313599093,0.6998683646873192,0.5234375,0.4281634986400604,1.1620378941297531,0.07955333683639765,0.1354272048920393,2.5202705420916627e-05,0.07955333683639765,0.746293917298317,0.02696501463651657,1.7848772406578064,1.7579122260212898,512,0.0005433341138996184,0.0005433341138996184,0.03,3347,0.7000018313599093,3347,3347,3572,696,3347,15872
1449,0.7000018313599093,0.6998728014528751,0.423828125,0.35988014191389084,0.9605079293251038,0.11243866197764874,0.13003790006041527,2.5126627139293597e-05,0.11243866197764874,0.7501513659954071,0.04989771544933319,1.206563912332058,1.1566661968827248,512,,,,,,,,,,,
1450,0.7000018313599093,0.6998771373872403,0.60546875,0.5636491924524307,1.5221135765314102,0.10387512668967247,0.18591419234871864,2.505062530429324e-05,0.10387512668967247,0.7651757299900055,0.07259292900562286,0.972504198551178,0.8999112695455551,512,,,,,,,,,,,
1451,0.7000018313599093,0.6998813736493941,0.484375,0.606468103826046,1.5929237008094788,0.10419666022062302,0.24485834687948227,2.4974700149502077e-05,0.10419666022062302,0.7463671714067459,0.19207926094532013,1.6608328819274902,1.46875362098217,512,,,,,,,,,,,
1452,0.7000018313599093,0.6998855113983153,0.419921875,0.35223864763975143,0.945133164525032,0.05909518338739872,0.12225659750401974,2.4898851908270904e-05,0.05909518338739872,0.7532958835363388,0.08063791692256927,0.506480947136879,0.4258430302143097,512,,,,,,,,,,,
1453,0.7000018313599093,0.6998895517929836,0.431640625,0.4905095845460892,1.2794046103954315,0.09687058255076408,0.20698803663253784,2.482308081371413e-05,0.09687058255076408,0.7657177448272705,0.06877601146697998,0.9495004713535309,0.8807244598865509,512,,,,,,,,,,,
1454,0.7000018313599093,0.6998934959923779,0.4375,0.4450313523411751,1.2124448120594025,0.08715666830539703,0.13613499328494072,2.474738709870907e-05,0.08715666830539703,0.7536620944738388,0.10725510865449905,0.7527601942420006,0.6455050855875015,512,,,,,,,,,,,
1455,0.7000018313599093,0.6998973451554775,0.38671875,0.5254674330353737,1.4041471928358078,0.09460706822574139,0.1881782729178667,2.467177099589522e-05,0.09460706822574139,0.7573144137859344,0.1029360219836235,0.8033443316817284,0.7004083096981049,512,,,,,,,,,,,
1456,0.7000018313599093,0.6999011004412615,0.4375,0.6312601938843727,1.6968475580215454,0.08292815368622541,0.21606203354895115,2.459623273767354e-05,0.08292815368622541,0.7515429556369781,0.056832291185855865,1.0422520488500595,0.9854197576642036,512,0.0004521637165453285,0.0004521637165453285,0.03,1560,0.7000018313599093,1560,1560,2044,78,1560,13643
1457,0.7000018313599093,0.6999047630087093,0.419921875,0.3330208994448185,0.893376812338829,0.1263160426169634,0.115777388215065,2.4520772556205717e-05,0.1263160426169634,0.7562450915575027,0.15312345325946808,1.3011525571346283,1.1480291038751602,512,,,,,,,,,,,
1458,0.7000018313599093,0.6999083340167999,0.3984375,0.530482105910778,1.4128982871770859,0.08193759899586439,0.19462319277226925,2.444539068341354e-05,0.08193759899586439,0.7609863132238388,0.07834690064191818,0.9000355154275894,0.8216886147856712,512,,,,,,,,,,,
1459,0.7000018313599093,0.6999118146245126,0.470703125,0.4847496300935745,1.3000687509775162,0.08664557803422213,0.1688694730401039,2.4370087350978043e-05,0.08664557803422213,0.762934535741806,0.07591699808835983,0.8099318370223045,0.7340148389339447,512,,,,,,,,,,,
1460,0.7000018313599093,0.6999152059908266,0.470703125,0.5664786770939827,1.5250947326421738,0.11697502993047237,0.19150730222463608,2.4294862790338917e-05,0.11697502993047237,0.7723144441843033,0.14487352967262268,1.6960966736078262,1.5512231439352036,512,,,,,,,,,,,
1461,0.7000018313599093,0.6999185092747211,0.392578125,0.42692387104034424,1.1640777736902237,0.08570921048521996,0.12963085807859898,2.4219717232693745e-05,0.08570921048521996,0.7668896168470383,0.06755931675434113,1.0279620438814163,0.9604027271270752,512,,,,,,,,,,,
1462,0.7000018313599093,0.6999217256351753,0.466796875,0.4622412212193012,1.2465697824954987,0.08988387323915958,0.15416108444333076,2.4144650908997286e-05,0.08988387323915958,0.7394140362739563,0.06789766252040863,1.0278945118188858,0.9599968492984772,512,,,,,,,,,,,
1463,0.7000018313599093,0.6999248562311685,0.498046875,0.34681589156389236,0.904996246099472,0.054334369488060474,0.1459609530866146,2.4069664049960794e-05,0.054334369488060474,0.7592822164297104,0.06624864041805267,0.566158726811409,0.4999100863933563,512,,,,,,,,,,,
1464,0.7000018313599093,0.6999279022216797,0.44140625,0.4771731570363045,1.2754074335098267,0.08454264048486948,0.17057179659605026,2.3994756886051268e-05,0.08454264048486948,0.7319091558456421,0.1787092685699463,1.0027600526809692,0.824050784111023,512,0.0004926780820824206,0.0004926780820824206,0.03,1755,0.7000018313599093,1755,1755,2231,47,1755,14075
1465,0.7000018313599093,0.6999308647656881,0.41796875,0.4143693894147873,1.1236408352851868,0.1148499846458435,0.13202395662665367,2.391992964749083e-05,0.1148499846458435,0.7656591534614563,0.09309858083724976,1.7157638669013977,1.622665286064148,512,,,,,,,,,,,
1466,0.7000018313599093,0.6999337450221732,0.42578125,0.5314964726567268,1.4036021083593369,0.14607883244752884,0.20699321664869785,2.38451825642559e-05,0.14607883244752884,0.7432568222284317,0.14691607654094696,1.579441174864769,1.432525098323822,512,,,,,,,,,,,
1467,0.7000018313599093,0.699936544150114,0.3828125,0.5337366908788681,1.4239560216665268,0.08503041975200176,0.19342780113220215,2.3770515866076565e-05,0.08503041975200176,0.7749658077955246,0.10317009687423706,1.2550545930862427,1.1518844962120056,512,,,,,,,,,,,
1468,0.7000018313599093,0.6999392633084898,0.423828125,0.5825481861829758,1.5745863616466522,0.0818212004378438,0.19071108847856522,2.3695929782435844e-05,0.0818212004378438,0.7537695318460464,0.06447494029998779,0.9041860103607178,0.83971107006073,512,,,,,,,,,,,
1469,0.7000018313599093,0.6999419036562795,0.416015625,0.42402665317058563,1.1447578370571136,0.08926264569163322,0.14017132855951786,2.362142454256901e-05,0.08926264569163322,0.7668749839067459,0.07235090434551239,0.8470871448516846,0.7747362405061722,512,,,,,,,,,,,
1470,0.7000018313599093,0.6999444663524628,0.427734375,0.29517246410250664,0.7936785817146301,0.10380204301327467,0.10078338533639908,2.354700037546285e-05,0.10380204301327467,0.7494384348392487,0.2740161791443825,1.7334738671779633,1.4594576880335808,512,,,,,,,,,,,
1471,0.7000018313599093,0.6999469525560185,0.44921875,0.32371244952082634,0.8711315244436264,0.0692052561789751,0.10981526039540768,2.3472657509854978e-05,0.0692052561789751,0.7572070062160492,0.03723248839378357,0.6040531620383263,0.5668206736445427,512,,,,,,,,,,,
1472,0.7000018316478545,0.699949363425926,0.9296875,0.4836486726999283,1.2657250761985779,0.08991910144686699,0.19987694174051285,2.3398396174233178e-05,0.08991910144686699,0.7576074153184891,0.09564824402332306,1.1867095232009888,1.0910612791776657,512,0.0008319091866724193,0.0008319091866724193,0.03,2966,0.7000018316478545,2966,2966,2692,1100,2966,15675
1473,0.7000018316478545,0.6999517001211643,0.46875,0.3628803640604019,0.971589133143425,0.07304109260439873,0.12804829515516758,2.3324216596834603e-05,0.07304109260439873,0.7546630799770355,0.06611556559801102,0.600661501288414,0.534545935690403,512,,,,,,,,,,,
1474,0.7000018316478545,0.6999539638007128,0.474609375,0.43647538125514984,1.1574507802724838,0.10350264608860016,0.165201835334301,2.3250119005645147e-05,0.10350264608860016,0.7551855146884918,0.0799114853143692,1.1740980595350266,1.0941865742206573,512,,,,,,,,,,,
1475,0.7000018316478545,0.6999561556235507,0.427734375,0.3264344856142998,0.8758233338594437,0.08886217139661312,0.11337205022573471,2.3176103628398732e-05,0.08886217139661312,0.7530029118061066,0.07893623411655426,0.8773687705397606,0.7984325364232063,512,,,,,,,,,,,
1476,0.7000018316478545,0.6999582767486572,0.486328125,0.5320727676153183,1.4307022243738174,0.09174057841300964,0.1816394031047821,2.3102170692576593e-05,0.09174057841300964,0.7334667891263962,0.12337484955787659,1.7057833969593048,1.5824085474014282,512,,,,,,,,,,,
1477,0.7000018316478545,0.6999603283350114,0.494140625,0.45845432579517365,1.1841047555208206,0.09833993390202522,0.20515071786940098,2.302832042540658e-05,0.09833993390202522,0.7541698962450027,0.0637122392654419,0.9108819514513016,0.8471697121858597,512,,,,,,,,,,,
1478,0.7000018316478545,0.6999623115415926,0.37890625,0.4386642500758171,1.1649805903434753,0.06470265612006187,0.16430498659610748,2.2954553053862466e-05,0.06470265612006187,0.7680224180221558,0.06522276997566223,0.8544246032834053,0.7892018333077431,512,,,,,,,,,,,
1479,0.7000018316478545,0.69996422752738,0.546875,0.6781060993671417,1.8447897732257843,0.10688939969986677,0.2100771740078926,2.288086880466329e-05,0.10688939969986677,0.7518163919448853,0.07484570145606995,0.799898162484169,0.7250524610280991,512,,,,,,,,,,,
1480,0.7000018316478545,0.6999660774513526,0.431640625,0.5016457960009575,1.3507034480571747,0.11842058040201664,0.1694352813065052,2.280726790427258e-05,0.11842058040201664,0.7567334026098251,0.16747961938381195,1.4366718977689743,1.2691922783851624,512,0.0005458337836898863,0.0005458337836898863,0.03,1522,0.7000018316478545,1522,1522,1748,288,1522,13441
1481,0.7000018316478545,0.69996786247249,0.462890625,0.47914088517427444,1.249184638261795,0.05941762123256922,0.20275738090276718,2.273375057889769e-05,0.05941762123256922,0.7663769125938416,0.054057776927948,0.6001921147108078,0.5461343377828598,512,,,,,,,,,,,
1482,0.7000018316478545,0.699969583749771,0.392578125,0.28018223121762276,0.7471104264259338,0.07763281464576721,0.10192660242319107,2.2660317054489145e-05,0.07763281464576721,0.7561376690864563,0.06395255774259567,0.6821087822318077,0.618156224489212,512,,,,,,,,,,,
1483,0.7000018316478545,0.6999712424421751,0.3984375,0.3497077263891697,0.9492305368185043,0.1177211832255125,0.11048983037471771,2.258696755673988e-05,0.1177211832255125,0.7591894268989563,0.1436748206615448,1.7542443871498108,1.610569566488266,512,,,,,,,,,,,
1484,0.7000018316478545,0.6999728397086814,0.412109375,0.29858752340078354,0.8009935170412064,0.07287771254777908,0.10381710156798363,2.2513702311084596e-05,0.07287771254777908,0.7481200993061066,0.10254431515932083,0.6411753445863724,0.5386310294270515,512,,,,,,,,,,,
1485,0.7000018316478545,0.6999743767082691,0.9296875,0.26889513060450554,0.7195400446653366,0.13392690382897854,0.09529365599155426,2.244052154269907e-05,0.13392690382897854,0.7571825683116913,0.2134809046983719,1.8103663325309753,1.5968854278326035,512,,,,,,,,,,,
1486,0.7000018316478545,0.6999758545999174,0.4609375,0.3710615299642086,1.0009832978248596,0.0991453118622303,0.1234455369412899,2.236742547649942e-05,0.0991453118622303,0.7631249874830246,0.09136068820953369,1.7142656445503235,1.6229049563407898,512,,,,,,,,,,,
1487,0.7000018316478545,0.6999772745426054,0.412109375,0.6055743098258972,1.6355373412370682,0.07390858791768551,0.19953619129955769,2.229441433714144e-05,0.07390858791768551,0.7567138671875,0.08326680213212967,0.7389827445149422,0.6557159423828125,512,,,,,,,,,,,
1488,0.7000018316478545,0.6999786376953124,0.388671875,0.542743019759655,1.459452137351036,0.12066562846302986,0.18522362411022186,2.2221488349019903e-05,0.12066562846302986,0.7681152075529099,0.07799427211284637,1.9603570997714996,1.8823628276586533,512,0.00028479035245254636,0.00028479035245254636,0.03,1766,0.7000018316478545,1766,1766,2201,65,1766,13845
1489,0.7000018316478545,0.6999799452170177,0.58203125,0.5363697111606598,1.4439114481210709,0.10467446409165859,0.18145125545561314,2.214864773626787e-05,0.10467446409165859,0.7632275521755219,0.07898270338773727,0.9854604005813599,0.9064776971936226,512,,,,,,,,,,,
1490,0.7000018316478545,0.6999811982667005,0.427734375,0.3867027312517166,1.049284189939499,0.1042441725730896,0.1225422453135252,2.2075892722756054e-05,0.1042441725730896,0.7583007514476776,0.021158188581466675,1.5566617250442505,1.5355035364627838,512,,,,,,,,,,,
1491,0.7000018316478545,0.6999823980033397,0.427734375,0.32154707610607147,0.8528697192668915,0.1085829883813858,0.12151532620191574,2.2003223532092026e-05,0.1085829883813858,0.7597997933626175,0.09302316606044769,1.3758749663829803,1.2828518003225327,512,,,,,,,,,,,
1492,0.7000018316478545,0.6999835455859148,0.5,0.3186741918325424,0.8588849008083344,0.09377668984234333,0.10679439641535282,2.1930640387619616e-05,0.09377668984234333,0.7502441257238388,0.08451464772224426,0.7525513023138046,0.6680366545915604,512,,,,,,,,,,,
1493,0.7000018316478545,0.6999846421734051,0.498046875,0.33824343234300613,0.9166492819786072,0.06864793132990599,0.10833078250288963,2.1858143512418173e-05,0.06864793132990599,0.730039045214653,-0.0253048837184906,0.6404363214969635,0.6657412052154541,512,,,,,,,,,,,
1494,0.7000018316478545,0.6999856889247894,0.55859375,0.4803132638335228,1.2979913502931595,0.11275793239474297,0.15750331990420818,2.1785733129301955e-05,0.11275793239474297,0.7618359327316284,0.018179088830947876,1.6430510580539703,1.6248719692230225,512,,,,,,,,,,,
1495,0.7000018316478545,0.6999866869990472,0.435546875,0.44781868159770966,1.1901717334985733,0.10165507160127163,0.1668545100837946,2.171340946081934e-05,0.10165507160127163,0.7762694954872131,0.12953899800777435,1.7765216827392578,1.6469826847314835,512,,,,,,,,,,,
1496,0.7000018316478545,0.6999876375551577,0.478515625,0.37160995975136757,1.0026490688323975,0.08638290595263243,0.123441681265831,2.164117272925221e-05,0.08638290595263243,0.7519677579402924,0.023511558771133423,0.8266005888581276,0.8030890300869942,512,0.0005498594255186617,0.0005498594255186617,0.03,1586,0.7000018316478545,1586,1586,2103,-19,1586,13575
1497,0.7000018316478545,0.6999885417520999,0.4765625,0.39715056121349335,1.0727021098136902,0.10368510894477367,0.1307843830436468,2.1569023156615253e-05,0.10368510894477367,0.7546044588088989,0.1722128838300705,1.0117604434490204,0.8395475596189499,512,,,,,,,,,,,
1498,0.7000018316478545,0.6999894007488533,0.412109375,0.5042816326022148,1.3689110726118088,0.07910001091659069,0.1592150330543518,2.1496960964655288e-05,0.07910001091659069,0.7468407899141312,0.10988093167543411,1.150224208831787,1.040343277156353,512,,,,,,,,,,,
1499,0.7000018316478545,0.6999902157043969,0.412109375,0.25408628582954407,0.6775940954685211,0.11999260820448399,0.09236432053148746,2.1424986374850552e-05,0.11999260820448399,0.7510986030101776,0.09983547031879425,2.343724563717842,2.243889093399048,512,,,,,,,,,,,
1500,0.7000018316478545,0.69999098777771,0.490234375,0.45420510321855545,1.2222550511360168,0.10883149551227689,0.1541239507496357,2.1353099608410093e-05,0.10883149551227689,0.7091650366783142,0.24985399097204208,1.2705712243914604,1.0207172334194183,512,,,,,,,,,,,
1501,0.7000018316478545,0.6999917181277716,0.44921875,0.436737596988678,1.1591482013463974,0.07732934132218361,0.16429898887872696,2.1281300886272988e-05,0.07732934132218361,0.7684960961341858,0.07706505060195923,0.8480332493782043,0.7709681987762451,512,,,,,,,,,,,
1502,0.7000018316478545,0.6999924079135612,0.41015625,0.2836005762219429,0.7508465945720673,0.08681955561041832,0.10854905471205711,2.1209590429107735e-05,0.08681955561041832,0.7623583823442459,0.09177598357200623,0.8122525215148926,0.7204765379428864,512,,,,,,,,,,,
1503,0.7000018316478545,0.6999930582940578,0.4375,0.7994498610496521,2.1700898110866547,0.07010909356176853,0.25248543359339237,2.1137968457311552e-05,0.07010909356176853,0.7613964676856995,0.059187151491642,0.7255736142396927,0.6663864627480507,512,,,,,,,,,,,
1504,0.7000018316478545,0.6999936704282407,0.427734375,0.516506053507328,1.4054914712905884,0.10744227096438408,0.15967833623290062,2.1066435191009715e-05,0.10744227096438408,0.7492138296365738,0.1539449393749237,0.9504067003726959,0.7964617609977722,512,0.0007125111878849566,0.0007125111878849566,0.03,1459,0.7000018316478545,1459,1459,1861,-29,1459,12929
1505,0.7000018316478545,0.699994245475089,0.439453125,0.4697175472974777,1.2351185828447342,0.08872463367879391,0.18826786428689957,2.0994990850054857e-05,0.08872463367879391,0.7646288573741913,0.046761393547058105,0.8932586759328842,0.8464972823858261,512,,,,,,,,,,,
1506,0.7000018316478545,0.6999947845935821,0.326171875,0.3706565946340561,1.0063899904489517,0.044302686117589474,0.11681173741817474,2.0923635654026292e-05,0.044302686117589474,0.7498583495616913,0.06643317639827728,0.43656112253665924,0.37012794613838196,512,,,,,,,,,,,
1507,0.7000018316478545,0.699995288942699,0.439453125,0.782517820596695,2.0840568095445633,0.05352896172553301,0.2872092444449663,2.08523698222294e-05,0.05352896172553301,0.7428368926048279,0.0621800497174263,0.46718690544366837,0.40500685572624207,512,,,,,,,,,,,
1508,0.7000018316478545,0.6999957596814191,0.44140625,0.6908197738230228,1.8660071939229965,0.08025635778903961,0.22738595306873322,2.0781193573694867e-05,0.08025635778903961,0.7513036727905273,0.018051214516162872,1.154959224164486,1.136908009648323,512,,,,,,,,,,,
1509,0.7000018316478545,0.6999961979687214,0.44921875,0.34807363897562027,0.9320989102125168,0.10059591196477413,0.12266960367560387,2.071010712717806e-05,0.10059591196477413,0.7476855218410492,0.1761905625462532,1.1875690817832947,1.0113785192370415,512,,,,,,,,,,,
1510,0.7000018316478545,0.6999966049635851,0.40234375,0.30382341891527176,0.8152341693639755,0.10670756176114082,0.1054428443312645,2.0639110701158337e-05,0.10670756176114082,0.7486279010772705,0.024679705500602722,1.3521780669689178,1.3274983614683151,512,,,,,,,,,,,
1511,0.7000018316478545,0.6999969818249896,0.6640625,0.4574548006057739,1.1839485317468643,0.07564474828541279,0.20227808132767677,2.05682045138384e-05,0.07564474828541279,0.7466943114995956,0.11893104016780853,0.9990077316761017,0.8800766915082932,512,,,,,,,,,,,
1512,0.7000018316478545,0.699997329711914,0.375,0.5731946527957916,1.569510579109192,0.06855570524930954,0.16744285821914673,2.0497388783143602e-05,0.06855570524930954,0.7563378810882568,0.0827663391828537,0.6088108718395233,0.5260445326566696,512,0.0007158728549256921,0.0007158728549256921,0.03,1756,0.7000018316478545,1756,1756,1668,604,1756,13635
1513,0.7000018316478545,0.6999976497833376,0.40234375,0.5990578159689903,1.5983381271362305,0.06903869193047285,0.21698852069675922,2.0426663726721262e-05,0.06903869193047285,0.7456884831190109,0.08667297661304474,1.1946949809789658,1.108022004365921,512,,,,,,,,,,,
1514,0.7000018316478545,0.6999979431982393,0.390625,0.46799688786268234,1.2723340541124344,0.08464301936328411,0.14583824761211872,2.0356029561940077e-05,0.08464301936328411,0.7491357177495956,0.08188899606466293,0.6803494393825531,0.5984604433178902,512,,,,,,,,,,,
1515,0.7000018316478545,0.6999982111155987,0.423828125,0.6968744434416294,1.7745997309684753,0.12265944294631481,0.33714088425040245,2.0285486505889333e-05,0.12265944294631481,0.7312841415405273,0.06728019565343857,1.475601151585579,1.4083209559321404,512,,,,,,,,,,,
1516,0.7000018316478545,0.6999984546943947,0.384765625,0.5033650994300842,1.344570592045784,0.06571414228528738,0.1807781085371971,2.0215034775378332e-05,0.06571414228528738,0.7630517333745956,0.0753813087940216,0.7086543887853622,0.6332730799913406,512,,,,,,,,,,,
1517,0.7000018316478545,0.6999986750936067,0.40625,0.6806142702698708,1.8528663218021393,0.0757661685347557,0.20960106141865253,2.0144674586935685e-05,0.0757661685347557,0.7509423643350601,0.08052270114421844,0.6947959288954735,0.614273227751255,512,,,,,,,,,,,
1518,0.7000018316478545,0.6999988734722137,0.40625,0.558288998901844,1.521205335855484,0.09035833925008774,0.17057946883141994,2.0074406156808647e-05,0.09035833925008774,0.7475683242082596,0.09493409097194672,1.4229044988751411,1.3279704079031944,512,,,,,,,,,,,
1519,0.7000018316478545,0.6999990509891951,0.435546875,0.4405294507741928,1.1933523416519165,0.10469106025993824,0.1415853053331375,2.0004229700962468e-05,0.10469106025993824,0.7565771341323853,0.09788215160369873,1.4573556780815125,1.3594735264778137,512,,,,,,,,,,,
1520,0.7000018316478545,0.6999992088035301,0.78125,0.5200432538986206,1.3895666152238846,0.08623309433460236,0.18632197007536888,1.9934145435079702e-05,0.08623309433460236,0.7529687136411667,0.08406694233417511,0.7942754179239273,0.7102084755897522,512,0.0007489457493647933,0.0007489457493647933,0.03,2793,0.7000018316478545,2793,2793,3496,98,2793,15327
1521,0.7000018316478545,0.6999993480741977,0.4453125,0.3326530382037163,0.895095020532608,0.12668666057288647,0.1129444558173418,1.9864153574559623e-05,0.12668666057288647,0.7596337795257568,0.06316065788269043,1.984889954328537,1.9217292964458466,512,,,,,,,,,,,
1522,0.7000018316478545,0.6999994699601774,0.421875,0.464621439576149,1.2351341545581818,0.07880918774753809,0.1728095281869173,1.9794254334517443e-05,0.07880918774753809,0.7595702707767487,0.09115183353424072,0.7578101232647896,0.6666582897305489,512,,,,,,,,,,,
1523,0.7000018316478545,0.6999995756204481,0.47265625,0.6471826434135437,1.7191336154937744,0.11237957142293453,0.24202575534582138,1.972444792978373e-05,0.11237957142293453,0.7502197176218033,0.1487998217344284,1.682970106601715,1.5341702848672867,512,,,,,,,,,,,
1524,0.7000018316478545,0.6999996662139892,0.408203125,0.4985300898551941,1.358576774597168,0.08075473085045815,0.15212043188512325,1.965473457490372e-05,0.08075473085045815,0.7626171410083771,0.06956465542316437,0.803751602768898,0.7341869473457336,512,,,,,,,,,,,
1525,0.7000018316478545,0.6999997428997798,0.412109375,0.3541713207960129,0.9606501162052155,0.08114907797425985,0.11259626969695091,1.9585114484136692e-05,0.08114907797425985,0.771918922662735,0.06831607967615128,0.7920287773013115,0.7237126976251602,512,,,,,,,,,,,
1526,0.7000018316478545,0.6999998068367993,0.48046875,0.44946126267313957,1.1996081173419952,0.08819557633250952,0.16239566542208195,1.9515587871455253e-05,0.08819557633250952,0.7499316036701202,0.09740152209997177,0.7207426950335503,0.6233411729335785,512,,,,,,,,,,,
1527,0.7000018316478545,0.6999998591840266,0.490234375,0.3208226040005684,0.8594084531068802,0.10235731303691864,0.11278121918439865,1.944615495054472e-05,0.10235731303691864,0.7721874713897705,0.08682870864868164,1.0431574285030365,0.9563287198543549,512,,,,,,,,,,,
1528,0.7000018316478545,0.6999999011004412,0.3828125,0.4292722977697849,1.1412878185510635,0.07819808647036552,0.15953724458813667,1.9376815934802496e-05,0.07819808647036552,0.768857404589653,0.05780899524688721,1.3971394151449203,1.3393304198980331,512,0.0006992362905293703,0.0006992362905293703,0.03,1036,0.7000018316478545,1036,1036,1341,19,1036,12696
1529,0.7000018316478545,0.6999999337450221,0.7734375,0.3424065262079239,0.9207926839590073,0.08742150478065014,0.11680280044674873,1.9307571037337313e-05,0.08742150478065014,0.7652343362569809,0.11435562372207642,1.1323950290679932,1.0180394053459167,512,,,,,,,,,,,
1530,0.7000018316478545,0.6999999582767487,0.515625,0.45981650799512863,1.2420360296964645,0.1429060362279415,0.15134724788367748,1.9238420470968665e-05,0.1429060362279415,0.7367870956659317,0.05052734911441803,1.6175879538059235,1.5670606046915054,512,,,,,,,,,,,
1531,0.7000018316478545,0.6999999758545999,0.4453125,0.41542135924100876,1.1212945729494095,0.0758594498038292,0.13755795545876026,1.9169364448226123e-05,0.0758594498038292,0.7611327767372131,0.05248147249221802,0.7510066479444504,0.6985251754522324,512,,,,,,,,,,,
1532,0.7000018316478545,0.6999999876375551,0.4609375,0.4745098724961281,1.2550531029701233,0.11242079921066761,0.1828555054962635,1.9100403181348686e-05,0.11242079921066761,0.7579736262559891,-0.05213294178247452,1.689843624830246,1.7419765666127205,512,,,,,,,,,,,
1533,0.7000018316478545,0.6999999947845935,0.455078125,0.6209499761462212,1.632259801030159,0.09341498650610447,0.2494067307561636,1.9031536882284125e-05,0.09341498650610447,0.7448632717132568,0.13514822721481323,0.89879010617733,0.7636418789625168,512,,,,,,,,,,,
1534,0.7000018316478545,0.6999999984546943,0.38671875,0.37997177988290787,1.0271387547254562,0.06177251785993576,0.1242908425629139,1.8962765762688312e-05,0.06177251785993576,0.7618945240974426,0.070403553545475,0.6287145167589188,0.5583109632134438,512,,,,,,,,,,,
1535,0.7000018316478545,0.6999999998068368,0.4921875,0.6193816103041172,1.585935890674591,0.14029941894114017,0.2909779641777277,1.8894090033924654e-05,0.14029941894114017,0.7388183176517487,0.08781472593545914,1.5011867731809616,1.4133720472455025,512,,,,,,,,,,,
1536,0.7000018317918271,0.7,0.408203125,0.5265350937843323,1.4108405262231827,0.16311032697558403,0.1847203765064478,1.8825509907063327e-05,0.16311032697558403,0.7379882782697678,0.08617885410785675,1.6047132164239883,1.5185343623161316,512,0.00040689436718821526,0.00040689436718821526,0.03,1283,0.7000018317918271,1283,1283,1560,90,1283,12557
1537,0.7000018317918271,0.7,0.3828125,0.4569142013788223,1.2335923537611961,0.07881186064332724,0.1509960386902094,1.875702559288069e-05,0.07881186064332724,0.7464306205511093,0.035445645451545715,1.49186509847641,1.4564194530248642,512,,,,,,,,,,,
1538,0.7000018317918271,0.7,0.4375,0.27258574962615967,0.7255115658044815,0.08750910684466362,0.10050581768155098,1.868863730185863e-05,0.08750910684466362,0.7514501810073853,0.08981095254421234,0.8057160079479218,0.7159050554037094,512,,,,,,,,,,,
1539,0.7000018317918271,0.7,0.51171875,0.27821727097034454,0.7389097362756729,0.11936641950160265,0.10417286120355129,1.8620345244183917e-05,0.11936641950160265,0.7420898228883743,0.16788583993911743,1.0468575656414032,0.8789717257022858,512,,,,,,,,,,,
1540,0.7000018317918271,0.7,0.625,0.2900082543492317,0.7499056905508041,0.0870911106467247,0.12890717014670372,1.8552149629747555e-05,0.0870911106467247,0.7488623112440109,0.1009325385093689,0.9010379910469055,0.8001054525375366,512,,,,,,,,,,,
1541,0.7000018317918271,0.7,0.37109375,0.2961726561188698,0.7979964464902878,0.07487873360514641,0.09949641115963459,1.848405066814412e-05,0.07487873360514641,0.7467285096645355,0.08007974922657013,0.6334044262766838,0.5533246770501137,512,,,,,,,,,,,
1542,0.7000018317918271,0.7,0.390625,0.41349079459905624,1.1161232739686966,0.10763154737651348,0.13687904365360737,1.8416048568671184e-05,0.10763154737651348,0.7571484297513962,0.07260057330131531,1.2206770181655884,1.148076444864273,512,,,,,,,,,,,
1543,0.7000018317918271,0.7,0.41015625,0.2773316726088524,0.7366004139184952,0.12106155697256327,0.10379854775965214,1.8348143540328554e-05,0.12106155697256327,0.7460351437330246,0.11663124710321426,1.1728999689221382,1.056268721818924,512,,,,,,,,,,,
1544,0.7000018317918271,0.7,0.5078125,0.279682707041502,0.7487392723560333,0.10184746235609055,0.0987840685993433,1.8280335791817733e-05,0.10184746235609055,0.7478027194738388,0.07093742489814758,1.4875791817903519,1.4166417568922043,512,0.0003554431605152786,0.0003554431605152786,0.03,1281,0.7000018317918271,1281,1281,1678,-22,1281,12715
1545,0.7000018317918271,0.7,0.51953125,0.34010719135403633,0.9010315239429474,0.09652169607579708,0.12959629110991955,1.8212625531541232e-05,0.09652169607579708,0.7734472453594208,0.11893436312675476,1.0901459157466888,0.9712115526199341,512,,,,,,,,,,,
1546,0.7000018317918271,0.7,0.43359375,0.36781278252601624,0.9994552284479141,0.1157758329063654,0.11512891203165054,1.814501296760193e-05,0.1157758329063654,0.7454638332128525,0.15346620231866837,0.946843184530735,0.7933769822120667,512,,,,,,,,,,,
1547,0.7000018317918271,0.7,0.412109375,0.511453177779913,1.3935320973396301,0.08835684508085251,0.1563259195536375,1.8077498307802465e-05,0.08835684508085251,0.7567626684904099,0.07181060314178467,0.8365137279033661,0.7647031247615814,512,,,,,,,,,,,
1548,0.7000018317918271,0.7,0.66796875,0.3732823505997658,0.9867812544107437,0.0953822061419487,0.14437732845544815,1.8010081759644538e-05,0.0953822061419487,0.7580810189247131,0.12057548016309738,1.0035777688026428,0.8830022886395454,512,,,,,,,,,,,
1549,0.7000018317918271,0.7,0.423828125,0.366226926445961,0.9938752353191376,0.08211021963506937,0.11590328626334667,1.794276353032836e-05,0.08211021963506937,0.7605566084384918,0.08526711910963058,0.7152700424194336,0.630002923309803,512,,,,,,,,,,,
1550,0.7000018317918271,0.7,0.578125,0.4478219076991081,1.1916667073965073,0.06657461728900671,0.16536933556199074,1.787554382675193e-05,0.06657461728900671,0.7566454857587814,0.05115826427936554,0.6079503297805786,0.5567920655012131,512,,,,,,,,,,,
1551,0.7000018317918271,0.7,0.4375,0.3326730579137802,0.8990910202264786,0.12156202644109726,0.10900913923978806,1.7808422855510436e-05,0.12156202644109726,0.7571972608566284,0.10420110821723938,0.9923911243677139,0.8881900161504745,512,,,,,,,,,,,
1552,0.7000018317918271,0.7,0.427734375,0.4482232443988323,1.1996280252933502,0.092330620624125,0.15862417221069336,1.774140082289563e-05,0.092330620624125,0.7701025158166885,0.04554026573896408,0.8261294066905975,0.7805891409516335,512,0.0002946875465568155,0.0002946875465568155,0.03,1390,0.7000018317918271,1390,1390,1712,54,1390,12668
1553,0.7000018317918271,0.7,0.498046875,0.5072221755981445,1.361558884382248,0.10948155261576176,0.17547797784209251,1.767447793489518e-05,0.10948155261576176,0.7508203089237213,0.13573549687862396,1.0551423132419586,0.9194068163633347,512,,,,,,,,,,,
1554,0.7000018317918271,0.7,0.42578125,0.30581696331501007,0.8192509561777115,0.08709132671356201,0.10746707208454609,1.7607654397192036e-05,0.08709132671356201,0.768369123339653,0.08663919568061829,0.8884491622447968,0.8018099665641785,512,,,,,,,,,,,
1555,0.7000018317918271,0.7,0.376953125,0.5109698697924614,1.385294497013092,0.10029702633619308,0.16309897415339947,1.7540930415163782e-05,0.10029702633619308,0.7609570026397705,0.09040386974811554,0.9137415885925293,0.8233377188444138,512,,,,,,,,,,,
1556,0.7000018317918271,0.7,0.46875,0.4336227774620056,1.1285112649202347,0.11072284169495106,0.1854970920830965,1.747430619388209e-05,0.11072284169495106,0.7564696967601776,0.0639362782239914,1.024555966258049,0.9606196880340576,512,,,,,,,,,,,
1557,0.7000018317918271,0.7,0.453125,0.6523022651672363,1.7450598180294037,0.11531859636306763,0.23161364160478115,1.740778193811196e-05,0.11531859636306763,0.751899391412735,0.16182947158813477,1.2432368248701096,1.0814073532819748,512,,,,,,,,,,,
1558,0.7000018317918271,0.7,0.6328125,0.3808417394757271,0.9976383298635483,0.13533258065581322,0.15642756037414074,1.7341357852311174e-05,0.13533258065581322,0.7423144429922104,0.5151929557323456,1.524807721376419,1.0096147656440735,512,,,,,,,,,,,
1559,0.7000018317918271,0.7,0.46484375,0.35422392189502716,0.9219290018081665,0.15436525829136372,0.1514767650514841,1.7275034140629647e-05,0.15436525829136372,0.7519384473562241,0.2504446655511856,2.1845969557762146,1.934152290225029,512,,,,,,,,,,,
1560,0.7000018317918271,0.7,0.408203125,0.3290520906448364,0.887396514415741,0.13149969652295113,0.10973101295530796,1.7208811006908798e-05,0.13149969652295113,0.7451415657997131,0.13727447390556335,1.2322435528039932,1.0949690788984299,512,0.00040187392733059824,0.00040187392733059824,0.03,1201,0.7000018317918271,1201,1201,1364,198,1201,13084
1561,0.7000018317918271,0.7,0.484375,0.3681471571326256,0.9770757555961609,0.10622172243893147,0.13852160051465034,1.7142688654680955e-05,0.10622172243893147,0.7558593451976776,0.12757426500320435,0.9596188962459564,0.8320446312427521,512,,,,,,,,,,,
1562,0.7000018317918271,0.7,0.6328125,0.40390128642320633,1.0358767360448837,0.16427655704319477,0.18806652165949345,1.7076667287168664e-05,0.16427655704319477,0.6966308355331421,-0.050309956073760986,0.9037643820047379,0.9540743380784988,512,,,,,,,,,,,
1563,0.7000018317918271,0.7,0.484375,0.31887999176979065,0.8574018180370331,0.08094372786581516,0.10890116356313229,1.7010747107284114e-05,0.08094372786581516,0.7672020941972733,0.11984312534332275,0.7669076025485992,0.6470644772052765,512,,,,,,,,,,,
1564,0.7000018317918271,0.7,0.48046875,0.5761981830000877,1.5246988832950592,0.10111792758107185,0.22135616280138493,1.694492831762851e-05,0.10111792758107185,0.7581249624490738,0.06580940634012222,0.961700789630413,0.8958913832902908,512,,,,,,,,,,,
1565,0.7000018317918271,0.7,0.5,0.8500184640288353,2.277324467897415,0.07799294032156467,0.2984890080988407,1.6879211120491405e-05,0.07799294032156467,0.7690234035253525,0.08531102538108826,1.1355870813131332,1.050276055932045,512,,,,,,,,,,,
1566,0.7000018317918271,0.7,0.48046875,0.4887095242738724,1.319988876581192,0.12113276682794094,0.1609489805996418,1.6813595717850188e-05,0.12113276682794094,0.7523241937160492,0.16796931624412537,1.1463842689990997,0.9784149527549744,512,,,,,,,,,,,
1567,0.7000018317918271,0.7,0.408203125,0.46327830106019974,1.2274305298924446,0.09026047959923744,0.1764430645853281,1.674808231136932e-05,0.09026047959923744,0.7679101228713989,0.09403303265571594,0.9342065304517746,0.8401734977960587,512,,,,,,,,,,,
1568,0.7000018317918271,0.7,0.416015625,0.31297948956489563,0.843435987830162,0.10000204853713512,0.10498668253421783,1.6682671102399805e-05,0.10000204853713512,0.7641113102436066,0.1074289008975029,1.3280584886670113,1.2206295877695084,512,0.0008621223969385028,0.0008621223969385028,0.03,1163,0.7000018317918271,1163,1163,1419,71,1163,13418
1569,0.7000018317918271,0.7,0.4453125,0.47099506855010986,1.2642691433429718,0.08568777143955231,0.16298860684037209,1.661736229197856e-05,0.08568777143955231,0.7689062058925629,0.06453225016593933,1.3686935752630234,1.304161325097084,512,,,,,,,,,,,
1570,0.7000018317918271,0.7,0.474609375,0.5385859683156013,1.4442151188850403,0.10468932241201401,0.18786347098648548,1.6552156080827757e-05,0.10468932241201401,0.7703515291213989,0.009142264723777771,1.4737886041402817,1.464646339416504,512,,,,,,,,,,,
1571,0.7000018317918271,0.7,0.462890625,0.5388778336346149,1.4507620185613632,0.08605832792818546,0.18220106326043606,1.6487052669354297e-05,0.08605832792818546,0.7352831661701202,0.09500611573457718,0.9042225182056427,0.8092164024710655,512,,,,,,,,,,,
1572,0.7000018317918271,0.7,0.369140625,0.4565541334450245,1.2151944041252136,0.07670630980283022,0.16830293461680412,1.6422052257649078e-05,0.07670630980283022,0.7577050477266312,0.06617488712072372,0.7021257057785988,0.6359508186578751,512,,,,,,,,,,,
1573,0.7000018317918271,0.7,0.4609375,0.6288156844675541,1.711806833744049,0.08822773490101099,0.19369525089859962,1.635715504548645e-05,0.08822773490101099,0.7459570318460464,0.05716157704591751,0.796156533062458,0.7389949560165405,512,,,,,,,,,,,
1574,0.7000018317918271,0.7,0.421875,0.4721667692065239,1.268445149064064,0.09989339020103216,0.16236319579184055,1.6292361232323584e-05,0.09989339020103216,0.7664208710193634,0.203813374042511,1.445585384964943,1.241772010922432,512,,,,,,,,,,,
1575,0.7000018317918271,0.7,0.404296875,0.5328196212649345,1.4379243552684784,0.0817208681255579,0.17668052576482296,1.6227671017299873e-05,0.0817208681255579,0.7687011510133743,0.062200576066970825,0.6898262202739716,0.6276256442070007,512,,,,,,,,,,,
1576,0.7000018317918271,0.7,0.4296875,0.47030752152204514,1.2704117894172668,0.10353790037333965,0.15476245246827602,1.6163084599236278e-05,0.10353790037333965,0.7450878471136093,-0.03967733681201935,1.2098267078399658,1.2495040446519852,512,0.0009389496990479529,0.0009389496990479529,0.03,1138,0.7000018317918271,1138,1138,1476,8,1138,11699
1577,0.7000018317918271,0.7,0.408203125,0.6406155154109001,1.7296113967895508,0.06959372758865356,0.21164759807288647,1.6098602176634807e-05,0.06959372758865356,0.754819318652153,0.04336247593164444,0.6400149390101433,0.5966524630784988,512,,,,,,,,,,,
1578,0.7000018317918271,0.7,0.43359375,0.31889758259058,0.8556002974510193,0.16388272680342197,0.11075599677860737,1.603422394767779e-05,0.16388272680342197,0.7295947223901749,0.15720568597316742,1.5852011144161224,1.427995428442955,512,,,,,,,,,,,
1579,0.7000018317918271,0.7,0.48828125,0.5206742137670517,1.4003928005695343,0.0914695281535387,0.1774077843874693,1.596995011022735e-05,0.0914695281535387,0.7642333805561066,0.07571142166852951,0.7597403898835182,0.6840289682149887,512,,,,,,,,,,,
1580,0.7000018317918271,0.7,0.478515625,0.5529421493411064,1.4834708273410797,0.13969958573579788,0.19211136549711227,1.590578086182475e-05,0.13969958573579788,0.742563471198082,0.1866174340248108,2.9142540991306305,2.7276366651058197,512,,,,,,,,,,,
1581,0.7000018317918271,0.7,1.2734375,0.4294532351195812,1.172957718372345,0.16793806478381157,0.1284156646579504,1.584171639968982e-05,0.16793806478381157,0.6941064298152924,-0.3914605677127838,2.197231352329254,2.588691920042038,512,,,,,,,,,,,
1582,0.7000018317918271,0.7,0.62890625,0.5198654681444168,1.3779714703559875,0.11949493922293186,0.19737837463617325,1.5777756920720344e-05,0.11949493922293186,0.7560009658336639,0.09173382818698883,1.1498771160840988,1.05814328789711,512,,,,,,,,,,,
1583,0.7000018317918271,0.7,0.4375,0.4238542877137661,1.136570617556572,0.0911470279097557,0.14783627167344093,1.5713902621491412e-05,0.0911470279097557,0.7636230438947678,0.12045592069625854,1.371879830956459,1.2514239102602005,512,,,,,,,,,,,
1584,0.7000018317918271,0.7,0.4296875,0.5006204769015312,1.3380943685770035,0.09187467768788338,0.17893731221556664,1.5650153698254916e-05,0.09187467768788338,0.7606493830680847,0.10831277072429657,1.289237916469574,1.1809251457452774,512,0.0007830584072507918,0.0007830584072507918,0.03,1796,0.7000018317918271,1796,1796,1923,389,1796,14374
1585,0.7000018317918271,0.7,0.427734375,0.8163488805294037,2.196623742580414,0.07249187026172876,0.27716061659157276,1.558651034693882e-05,0.07249187026172876,0.7541259527206421,0.06325782835483551,0.6957867741584778,0.6325289458036423,512,,,,,,,,,,,
1586,0.7000018317918271,0.7,0.462890625,0.30168069899082184,0.8089120835065842,0.08329361490905285,0.105271827429533,1.5522972763146653e-05,0.08329361490905285,0.7644579857587814,0.08154020458459854,0.7298821285367012,0.6483419239521027,512,,,,,,,,,,,
1587,0.7000018317918271,0.7,0.416015625,0.445047527551651,1.1872443705797195,0.12014593929052353,0.16138446889817715,1.5459541142156864e-05,0.12014593929052353,0.7460546493530273,0.15165814757347107,1.0281450748443604,0.8764869272708893,512,,,,,,,,,,,
1588,0.7000018317918271,0.7,0.6328125,0.42815904691815376,1.1522920057177544,0.14424525294452906,0.14515958912670612,1.539621567892222e-05,0.14424525294452906,0.7166894376277924,-0.3219747096300125,1.3237057775259018,1.6456804871559143,512,,,,,,,,,,,
1589,0.7000018317918271,0.7,0.408203125,0.4265742599964142,1.154736876487732,0.088762441650033,0.13791234977543354,1.5332996568069246e-05,0.088762441650033,0.7753027230501175,0.08763150870800018,1.8216862604022026,1.7340547516942024,512,,,,,,,,,,,
1590,0.7000018317918271,0.7,0.4296875,0.45767661929130554,1.2210019081830978,0.10328527633100748,0.16589687950909138,1.5269884003897565e-05,0.10328527633100748,0.7612548470497131,0.06383590400218964,0.8767891526222229,0.8129532486200333,512,,,,,,,,,,,
1591,0.7000018317918271,0.7,0.384765625,0.5988894402980804,1.6245306730270386,0.07107557728886604,0.19028577581048012,1.5206878180379396e-05,0.07107557728886604,0.7767724394798279,0.09715256094932556,1.626717321574688,1.5295647606253624,512,,,,,,,,,,,
1592,0.7000018317918271,0.7,0.419921875,0.5974691435694695,1.5978511422872543,0.07907488569617271,0.2126613575965166,1.5143979291158838e-05,0.07907488569617271,0.7596533000469208,0.10449272394180298,0.7856429070234299,0.6811501830816269,512,0.0007802069303579628,0.0007802069303579628,0.03,921,0.7000018317918271,921,921,1001,137,921,11965
1593,0.7000018317918271,0.7,0.412109375,0.48760997131466866,1.3146421015262604,0.08386243460699916,0.16296382993459702,1.508118752955136e-05,0.08386243460699916,0.7560302317142487,0.10556585341691971,0.8100043311715126,0.7044384777545929,512,,,,,,,,,,,
1594,0.7000018317918271,0.7,0.458984375,0.3354096934199333,0.905038371682167,0.08788091409951448,0.11135461553931236,1.5018503088543173e-05,0.08788091409951448,0.7505077868700027,0.0967215821146965,0.7373497933149338,0.6406282112002373,512,,,,,,,,,,,
1595,0.7000018317918271,0.7,0.380859375,0.4765639901161194,1.2947541326284409,0.0823878226801753,0.14937914721667767,1.4955926160790656e-05,0.0823878226801753,0.7530664056539536,0.11885905265808105,1.0597608759999275,0.9409018233418465,512,,,,,,,,,,,
1596,0.7000018317918271,0.7,0.435546875,0.6069296449422836,1.6297831386327744,0.10904909111559391,0.20939753204584122,1.4893456938619744e-05,0.10904909111559391,0.7563086003065109,0.11194846034049988,1.2819556146860123,1.1700071543455124,512,,,,,,,,,,,
1597,0.7000018317918271,0.7,0.40625,0.2885504886507988,0.7695681303739548,0.11214007623493671,0.10482724569737911,1.4831095614025336e-05,0.11214007623493671,0.7450878620147705,0.09280326217412949,1.5997761264443398,1.5069728642702103,512,,,,,,,,,,,
1598,0.7000018317918271,0.7,0.404296875,0.530199833214283,1.4429864436388016,0.08060450851917267,0.16367964819073677,1.4768842378670755e-05,0.08060450851917267,0.7407470643520355,0.14345629513263702,1.1386464983224869,0.9951902031898499,512,,,,,,,,,,,
1599,0.7000018317918271,0.7,0.412109375,0.4901573732495308,1.3194937407970428,0.07993842754513025,0.16583156399428844,1.4706697423887089e-05,0.07993842754513025,0.7392724454402924,0.1278562918305397,0.7937677726149559,0.6659114807844162,512,,,,,,,,,,,
1600,0.7000018317918271,0.7,0.375,0.43153365701436996,1.1550698280334473,0.0746114682406187,0.15260781906545162,1.4644660940672627e-05,0.0746114682406187,0.7653905600309372,0.10838191211223602,1.058163471519947,0.949781559407711,512,0.0005767511902377009,0.0005767511902377009,0.03,947,0.7000018317918271,947,947,1219,-59,947,10906
1601,0.7000018317918271,0.7,0.63671875,0.39923829585313797,1.0778971314430237,0.1484335344284773,0.13191582076251507,1.4582733119692293e-05,0.1484335344284773,0.7621093541383743,-0.17106060683727264,0.8083568513393402,0.9794174581766129,512,,,,,,,,,,,
1602,0.7000018317918271,0.7,0.439453125,0.2863437682390213,0.763875275850296,0.0861365757882595,0.10383305139839649,1.4520914151277037e-05,0.0861365757882595,0.7652831822633743,0.1095481589436531,0.8956581950187683,0.7861100360751152,512,,,,,,,,,,,
1603,0.7000018317918271,0.7,0.447265625,0.6037189364433289,1.6175846755504608,0.1135927103459835,0.21186648309230804,1.4459204225423267e-05,0.1135927103459835,0.76075679063797,0.1433287411928177,1.9908733665943146,1.8475446254014969,512,,,,,,,,,,,
1604,0.7000018317918271,0.7,0.5,0.5061624199151993,1.3658504635095596,0.10210960544645786,0.16797497868537903,1.439760353179223e-05,0.10210960544645786,0.7389941215515137,0.3934001475572586,1.3520279377698898,0.9586277902126312,512,,,,,,,,,,,
1605,0.7000018317918271,0.7,0.388671875,0.5337005704641342,1.4287304431200027,0.09241697005927563,0.18854395300149918,1.4336112259709505e-05,0.09241697005927563,0.7797021269798279,0.08498607575893402,1.4435385316610336,1.3585524559020996,512,,,,,,,,,,,
1606,0.7000018317918271,0.7,0.55078125,0.5182834938168526,1.3624482303857803,0.13191690482199192,0.208107752725482,1.4274730598164331e-05,0.13191690482199192,0.7707421630620956,0.10593408346176147,1.4064063131809235,1.300472229719162,512,,,,,,,,,,,
1607,0.7000018317918271,0.7,3.21875,0.3337416350841522,0.899340808391571,0.07968138437718153,0.11199745535850525,1.4213458735809072e-05,0.07968138437718153,0.782050758600235,0.07449674606323242,0.9110941290855408,0.8365973830223083,512,,,,,,,,,,,
1608,0.7000018317918271,0.7,0.404296875,0.33182595670223236,0.8931654244661331,0.09878489188849926,0.11236774735152721,1.4152296860958642e-05,0.09878489188849926,0.7362841665744781,0.04766416549682617,0.7595744132995605,0.7119102478027344,512,0.0006771137705072761,0.0006771137705072761,0.03,1739,0.7000018317918271,1739,1739,1674,486,1739,13849
1609,0.7000018317918271,0.7,0.7265625,0.6455253213644028,1.749593585729599,0.08823404833674431,0.2065437212586403,1.4091245161589905e-05,0.08823404833674431,0.7527343481779099,0.0751841813325882,0.7254578918218613,0.6502737104892731,512,,,,,,,,,,,
1610,0.7000018317918271,0.7,0.427734375,0.385801550000906,1.046482339501381,0.09651193302124739,0.12261324934661388,1.4030303825341123e-05,0.09651193302124739,0.7596142441034317,0.06956467777490616,1.0424556881189346,0.9728910103440285,512,,,,,,,,,,,
1611,0.7000018317918271,0.7,0.3984375,0.3124976381659508,0.8275696188211441,0.12081243470311165,0.11939289048314095,1.3969473039511333e-05,0.12081243470311165,0.7519579976797104,0.08768360316753387,1.5193930119276047,1.4317094087600708,512,,,,,,,,,,,
1612,0.7000018317918271,0.7,0.37109375,0.47001151368021965,1.250014066696167,0.0744607811793685,0.17426318116486073,1.3908752991059853e-05,0.0744607811793685,0.7700488120317459,0.11309504508972168,1.345307171344757,1.2322121262550354,512,,,,,,,,,,,
1613,0.7000018317918271,0.7,0.439453125,0.5413622334599495,1.4609136283397675,0.08957256749272346,0.17957789078354836,1.3848143866605617e-05,0.08957256749272346,0.7484374791383743,0.1065056324005127,0.8904431760311127,0.7839375436306,512,,,,,,,,,,,
1614,0.7000018317918271,0.7,0.373046875,0.7391807921230793,1.9914446473121643,0.11101023852825165,0.24849707633256912,1.3787645852426661e-05,0.11101023852825165,0.7770166099071503,0.15319719910621643,2.2194639444351196,2.066266745328903,512,,,,,,,,,,,
1615,0.7000018317918271,0.7,0.56640625,0.6173039004206657,1.6532513946294785,0.14412997290492058,0.2173664066940546,1.3727259134459514e-05,0.14412997290492058,0.7238622754812241,-0.11300043761730194,1.5849214792251587,1.6979219168424606,512,,,,,,,,,,,
1616,0.7000018317918271,0.7,0.435546875,0.5646052993834019,1.5159737393260002,0.06282540038228035,0.19495132006704807,1.3666983898298657e-05,0.06282540038228035,0.7555029094219208,0.087144635617733,0.6948453560471535,0.6077007204294205,512,0.0005602273740805686,0.0005602273740805686,0.03,794,0.7000018317918271,794,794,962,144,794,11306
1617,0.7000018317918271,0.7,0.380859375,0.5469734258949757,1.4880207926034927,0.07800815626978874,0.16947435773909092,1.3606820329195941e-05,0.07800815626978874,0.7669921964406967,0.038889750838279724,0.7580329179763794,0.7191431671380997,512,,,,,,,,,,,
1618,0.7000018317918271,0.7,0.416015625,0.4470224604010582,1.2027610838413239,0.0639057420194149,0.15185238234698772,1.3546768612059985e-05,0.0639057420194149,0.7611376643180847,0.10006630420684814,0.9783432185649872,0.878276914358139,512,,,,,,,,,,,
1619,0.7000018317918271,0.7,0.5,0.537154532968998,1.3591669201850891,0.09866687841713428,0.26857399195432663,1.3486828931455709e-05,0.09866687841713428,0.7507372796535492,0.11111725866794586,1.876264601945877,1.7651473432779312,512,,,,,,,,,,,
1620,0.7000018317918271,0.7,0.39453125,0.4654064178466797,1.2578341364860535,0.0969995018094778,0.152488324791193,1.3427001471603623e-05,0.0969995018094778,0.7439111322164536,0.12300580739974976,1.1492739468812943,1.0262681394815445,512,,,,,,,,,,,
1621,0.7000018317918271,0.7,0.3984375,0.44974294677376747,1.197882503271103,0.10956299491226673,0.1649748459458351,1.3367286416379365e-05,0.10956299491226673,0.7573290914297104,0.15557079017162323,1.2889852076768875,1.1334144175052643,512,,,,,,,,,,,
1622,0.7000018317918271,0.7,0.376953125,0.4340043142437935,1.1526669412851334,0.1275559701025486,0.16249760799109936,1.330768394931311e-05,0.1275559701025486,0.7466357201337814,0.1272917091846466,2.5537710785865784,2.4264793694019318,512,,,,,,,,,,,
1623,0.7000018317918271,0.7,0.416015625,0.5024999976158142,1.3552577048540115,0.09453776571899652,0.16746947541832924,1.3248194253588991e-05,0.09453776571899652,0.7428368926048279,0.06894130259752274,1.2428840771317482,1.1739427745342255,512,,,,,,,,,,,
1624,0.7000018317918271,0.7,0.40234375,0.50968187302351,1.3674717843532562,0.10085860826075077,0.17701862938702106,1.3188817512044544e-05,0.10085860826075077,0.768876925110817,0.1269283890724182,1.0610612630844116,0.9341328740119934,512,0.0006273490143939853,0.0006273490143939853,0.03,797,0.7000018317918271,797,797,1068,-44,797,11970
1625,0.7000018317918271,0.7,0.490234375,0.34676313400268555,0.9089501947164536,0.09918479807674885,0.14184713922441006,1.3129553907170144e-05,0.09918479807674885,0.7711181193590164,0.0093936026096344,1.1032510846853256,1.0938574820756912,512,,,,,,,,,,,
1626,0.7000018317918271,0.7,0.4609375,0.40608566254377365,1.084699809551239,0.11095769051462412,0.1458627413958311,1.3070403621108485e-05,0.11095769051462412,0.7541357427835464,0.1956135630607605,1.5841504633426666,1.3885369002819061,512,,,,,,,,,,,
1627,0.7000018317918271,0.7,0.419921875,0.42186569049954414,1.1296948492527008,0.0900932876393199,0.1486860178411007,1.3011366835653938e-05,0.0900932876393199,0.772587850689888,0.08919745683670044,0.92648084461689,0.8372833877801895,512,,,,,,,,,,,
1628,0.7000018317918271,0.7,0.431640625,0.5114177763462067,1.37726591527462,0.11354722641408443,0.1724848635494709,1.2952443732252057e-05,0.11354722641408443,0.7511181235313416,0.149165540933609,1.3071938008069992,1.1580282598733902,512,,,,,,,,,,,
1629,0.7000018317918271,0.7,0.466796875,0.27754250168800354,0.7419072985649109,0.07741845957934856,0.0991305559873581,1.2893634491998995e-05,0.07741845957934856,0.7681005746126175,0.04385147988796234,0.5973327308893204,0.553481251001358,512,,,,,,,,,,,
1630,0.7000018317918271,0.7,0.388671875,0.2617153041064739,0.6931281387805939,0.08348668552935123,0.09994849376380444,1.2834939295640963e-05,0.08348668552935123,0.7609716504812241,0.0660284161567688,1.1832275390625,1.1171991229057312,512,,,,,,,,,,,
1631,0.7000018317918271,0.7,0.408203125,0.7075507119297981,1.9118509739637375,0.08622173219919205,0.23224204406142235,1.277635832357365e-05,0.08622173219919205,0.7550048530101776,0.08797276020050049,1.127669706940651,1.0396969467401505,512,,,,,,,,,,,
1632,0.7000018317918271,0.7,0.416015625,0.5948300361633301,1.561053290963173,0.0815719049423933,0.24146194197237492,1.2717891755841722e-05,0.0815719049423933,0.7547753602266312,0.07423260807991028,0.8610162287950516,0.7867836207151413,512,0.0007066850084811449,0.0007066850084811449,0.03,797,0.7000018317918271,797,797,992,2,797,11049
1633,0.7000018317918271,0.7,0.3828125,0.46848274767398834,1.2598778009414673,0.0923262401483953,0.15976684354245663,1.265953977213819e-05,0.0923262401483953,0.760791003704071,0.1065179854631424,0.9347841590642929,0.8282661736011505,512,,,,,,,,,,,
1634,0.7000018317918271,0.7,0.443359375,0.5277860797941685,1.1660524010658264,0.11783644370734692,0.43329926393926144,1.2601302551803918e-05,0.11783644370734692,0.7538720518350601,0.10646529495716095,1.646456591784954,1.5399912968277931,512,,,,,,,,,,,
1635,0.7000018317918271,0.7,0.4765625,0.3250747323036194,0.8767112195491791,0.13916130736470222,0.10836370103061199,1.2543180273827043e-05,0.13916130736470222,0.7436523288488388,0.2610672563314438,2.2165673971176147,1.955500140786171,512,,,,,,,,,,,
1636,0.7000018317918271,0.7,0.451171875,0.6704668328166008,1.703593298792839,0.089806467294693,0.3281242735683918,1.248517311684243e-05,0.089806467294693,0.7759032696485519,0.12602901458740234,2.0106354504823685,1.8846064358949661,512,,,,,,,,,,,
1637,0.7000018317918271,0.7,0.494140625,0.5984909497201443,1.6243281066417694,0.12541346065700054,0.18928075954318047,1.2427281259131163e-05,0.12541346065700054,0.749995082616806,0.15446148067712784,1.2276699244976044,1.0732084438204765,512,,,,,,,,,,,
1638,0.7000018317918271,0.7,0.52734375,0.41285090893507004,1.1173892617225647,0.08689546026289463,0.13367408514022827,1.2369504878619926e-05,0.08689546026289463,0.7696923464536667,0.06890510767698288,0.956649050116539,0.8877439424395561,512,,,,,,,,,,,
1639,0.7000018317918271,0.7,0.3984375,0.4606550261378288,1.2241294831037521,0.0816689720377326,0.17179474979639053,1.2311844152880502e-05,0.0816689720377326,0.7520947158336639,0.08466947078704834,0.7045432478189468,0.6198737770318985,512,,,,,,,,,,,
1640,0.7000018317918271,0.7,0.63671875,0.5384056083858013,1.4039608538150787,0.07494346238672733,0.22757125459611416,1.225429925912921e-05,0.07494346238672733,0.7625390291213989,0.0635085180401802,0.7906064540147781,0.7270979359745979,512,0.0007220543338917196,0.0007220543338917196,0.03,902,0.7000018317918271,902,902,1003,119,902,12891
1641,0.7000018317918271,0.7,0.427734375,0.31840894371271133,0.857511579990387,0.08983485400676727,0.10736392252147198,1.219687037422636e-05,0.08983485400676727,0.7725830078125,0.0663866326212883,0.8298593387007713,0.763472706079483,512,,,,,,,,,,,
1642,0.7000018317918271,0.7,0.416015625,0.4314425215125084,1.162449136376381,0.07689707912504673,0.14495239593088627,1.2139557674675772e-05,0.07689707912504673,0.7773046642541885,0.0930510014295578,0.8235467374324799,0.7304957360029221,512,,,,,,,,,,,
1643,0.7000018317918271,0.7,0.55078125,0.44786111265420914,1.2061084359884262,0.1009273361414671,0.15104640647768974,1.2082361336624103e-05,0.1009273361414671,0.7286230027675629,0.2034507393836975,1.6194078922271729,1.4159571528434753,512,,,,,,,,,,,
1644,0.7000018317918271,0.7,0.427734375,0.48962341621518135,1.3186411708593369,0.09318903461098671,0.16506610624492168,1.2025281535860433e-05,0.09318903461098671,0.7677245885133743,0.09027358889579773,0.8120202720165253,0.7217466831207275,512,,,,,,,,,,,
1645,0.7000018317918271,0.7,0.4609375,0.40969644486904144,1.1067609339952469,0.06202034559100866,0.13474340923130512,1.1968318447815646e-05,0.06202034559100866,0.7658007591962814,0.05635201930999756,0.6083551794290543,0.5520031601190567,512,,,,,,,,,,,
1646,0.7000018317918271,0.7,0.4296875,0.4404398277401924,1.1773515194654465,0.060870382003486156,0.15731458365917206,1.1911472247561906e-05,0.060870382003486156,0.7639452964067459,0.059822410345077515,0.5451274365186691,0.4853050261735916,512,,,,,,,,,,,
1647,0.7000018317918271,0.7,0.51171875,0.6678396761417389,1.769326239824295,0.06707781925797462,0.25443027913570404,1.1854743109812188e-05,0.06707781925797462,0.7579833567142487,0.05847920477390289,0.5779086425900459,0.519429437816143,512,,,,,,,,,,,
1648,0.7000018317918271,0.7,0.55078125,0.36283064633607864,0.9897018522024155,0.14626944065093994,0.1097849179059267,1.1798131208919627e-05,0.14626944065093994,0.741704061627388,-0.01462225615978241,1.7909616231918335,1.805583879351616,512,0.0006461814045906067,0.0006461814045906067,0.03,766,0.7000018317918271,766,766,862,56,766,12858
1649,0.7000018317918271,0.7,0.36328125,0.3507831543684006,0.9509729593992233,0.09405664727091789,0.11200625449419022,1.1741636718877053e-05,0.09405664727091789,0.7558837682008743,0.10255895555019379,1.5149346441030502,1.4123756885528564,512,,,,,,,,,,,
1650,0.7000018317918271,0.7,0.4609375,0.5157249048352242,1.3827317208051682,0.07396367378532887,0.18007094413042068,1.1685259813316451e-05,0.07396367378532887,0.7665575593709946,0.07022754848003387,0.7612823694944382,0.6910548210144043,512,,,,,,,,,,,
1651,0.7000018317918271,0.7,0.4375,0.7883124649524689,2.1254070848226547,0.10337742418050766,0.263418460264802,1.162900066550841e-05,0.10337742418050766,0.7308446764945984,0.1294829472899437,1.1161046475172043,0.9866217002272606,512,,,,,,,,,,,
1652,0.7000018317918271,0.7,0.447265625,0.6647278591990471,1.7710483074188232,0.06637747120112181,0.24327845126390457,1.15728594483616e-05,0.06637747120112181,0.7501952946186066,0.09840422123670578,0.7242365926504135,0.6258323714137077,512,,,,,,,,,,,
1653,0.7000018317918271,0.7,0.51953125,0.5087241902947426,1.342272937297821,0.07428943365812302,0.19931545108556747,1.1516836334422233e-05,0.07428943365812302,0.7581298798322678,0.06945683807134628,0.6005941480398178,0.5311373099684715,512,,,,,,,,,,,
1654,0.7000018317918271,0.7,0.427734375,0.42617980018258095,1.1430907472968102,0.08545327931642532,0.14836315624415874,1.146093149587356e-05,0.08545327931642532,0.7713427692651749,0.08609427511692047,0.840225487947464,0.7541312128305435,512,,,,,,,,,,,
1655,0.7000018317918271,0.7,0.75390625,0.38969196379184723,1.0243191570043564,0.07185724563896656,0.15656553953886032,1.140514510453531e-05,0.07185724563896656,0.7580663859844208,0.06275854259729385,0.641805961728096,0.5790474191308022,512,,,,,,,,,,,
1656,0.7000018317918271,0.7,0.62890625,0.4376169815659523,1.1909368634223938,0.10256406292319298,0.1351751945912838,1.134947733186315e-05,0.10256406292319298,0.7728613168001175,0.0601067990064621,1.2853590250015259,1.2252522259950638,512,0.0007305376348085701,0.0007305376348085701,0.03,1224,0.7000018317918271,1224,1224,1566,-6,1224,12713
1657,0.7000018317918271,0.7,0.9296875,0.3032662346959114,0.8133904933929443,0.10557431913912296,0.10559804737567902,1.1293928348948218e-05,0.10557431913912296,0.7657470405101776,0.08041414618492126,2.29018497467041,2.209770828485489,512,,,,,,,,,,,
1658,0.7000018317918271,0.7,0.435546875,0.3614765778183937,0.9764185845851898,0.08269531931728125,0.11896492540836334,1.1238498326516533e-05,0.08269531931728125,0.7628368735313416,0.09945756196975708,0.7567589432001114,0.6573013812303543,512,,,,,,,,,,,
1659,0.7000018317918271,0.7,0.462890625,0.275207731872797,0.7332771271467209,0.1086223665624857,0.10068565793335438,1.1183187434928499e-05,0.1086223665624857,0.7449218481779099,0.08527140319347382,1.394054889678955,1.3087834864854813,512,,,,,,,,,,,
1660,0.7000018317918271,0.7,0.431640625,0.3814378120005131,1.012391835451126,0.06204630993306637,0.14348025992512703,1.1127995844178386e-05,0.06204630993306637,0.7619189471006393,0.04786337912082672,0.6557628661394119,0.6078994870185852,512,,,,,,,,,,,
1661,0.7000018317918271,0.7,0.47265625,0.5162377581000328,1.3765142261981964,0.11920996196568012,0.1878425683826208,1.1072923723893818e-05,0.11920996196568012,0.775346651673317,0.11876377463340759,1.246177315711975,1.1274135410785675,512,,,,,,,,,,,
1662,0.7000018317918271,0.7,0.427734375,0.6164524555206299,1.629809021949768,0.12727695424109697,0.23822865821421146,1.1017971243335213e-05,0.12727695424109697,0.7449072003364563,0.10374398529529572,1.5343577563762665,1.4306137710809708,512,,,,,,,,,,,
1663,0.7000018317918271,0.7,0.3828125,0.4444792717695236,1.1924927234649658,0.06528252363204956,0.15441414713859558,1.0963138571395276e-05,0.06528252363204956,0.7524560540914536,0.0746355727314949,0.5442454814910889,0.46960990875959396,512,,,,,,,,,,,
1664,0.7000018317918271,0.7,0.3828125,0.31949642673134804,0.8606600612401962,0.12014755420386791,0.10751090943813324,1.090842587659851e-05,0.12014755420386791,0.7375292927026749,0.14574895054101944,1.1716565191745758,1.0259075686335564,512,0.0005701557965949178,0.0005701557965949178,0.03,662,0.7000018317918271,662,662,817,65,662,9859
1665,0.7000018317918271,0.7,0.427734375,0.31755702942609787,0.8488288372755051,0.11019837111234665,0.11346519365906715,1.0853833327100671e-05,0.11019837111234665,0.7561181485652924,0.17803388833999634,1.0619454979896545,0.8839116096496582,512,,,,,,,,,,,
1666,0.7000018317918271,0.7,0.453125,0.25756875425577164,0.6899355798959732,0.10499647073447704,0.09057578817009926,1.0799361090688249e-05,0.10499647073447704,0.7615624815225601,0.05113224685192108,1.4265152513980865,1.3753830045461655,512,,,,,,,,,,,
1667,0.7000018317918271,0.7,0.486328125,0.33227767795324326,0.8976059556007385,0.1345231905579567,0.10929609276354313,1.0745009334777945e-05,0.1345231905579567,0.748583972454071,0.1027565449476242,1.1572166830301285,1.0544601380825043,512,,,,,,,,,,,
1668,0.7000018317918271,0.7,0.478515625,0.44259096309542656,1.1853830516338348,0.10588802210986614,0.15580163709819317,1.069077822641622e-05,0.10588802210986614,0.7594628781080246,0.04400058090686798,0.993245929479599,0.949245348572731,512,,,,,,,,,,,
1669,0.7000018317918271,0.7,0.498046875,0.46655116230249405,1.2432940304279327,0.08125428110361099,0.17049738392233849,1.06366679322787e-05,0.08125428110361099,0.752246081829071,0.08657538890838623,0.7439421713352203,0.6573667824268341,512,,,,,,,,,,,
1670,0.7000018317918271,0.7,0.44140625,0.3842429630458355,1.020965926349163,0.08741639740765095,0.14340659976005554,1.058267861866969e-05,0.08741639740765095,0.7587792873382568,0.08839183300733566,0.7830335944890976,0.6946417614817619,512,,,,,,,,,,,
1671,0.7000018317918271,0.7,0.4140625,0.5442736148834229,1.4880807399749756,0.0752998199313879,0.16123317554593086,1.052881045152168e-05,0.0752998199313879,0.7606493532657623,0.08208969235420227,0.6103731840848923,0.52828349173069,512,,,,,,,,,,,
1672,0.7000018317918271,0.7,0.40234375,0.36206241697072983,0.9810188263654709,0.08996247686445713,0.11613997258245945,1.047506359639483e-05,0.08996247686445713,0.7495653927326202,0.07470858469605446,0.9557246454060078,0.8810160607099533,512,0.0006673968746326864,0.0006673968746326864,0.03,637,0.7000018317918271,637,637,819,-13,637,11975
1673,0.7000018317918271,0.7,0.4140625,0.6870868876576424,1.8496844172477722,0.08441739156842232,0.23239696398377419,1.0421438218476449e-05,0.08441739156842232,0.7361572086811066,0.07962670177221298,0.8258079066872597,0.7461812049150467,512,,,,,,,,,,,
1674,0.7000018317918271,0.7,0.39453125,0.6117081716656685,1.6387099474668503,0.09151525981724262,0.21495108492672443,1.0367934482580477e-05,0.09151525981724262,0.7509179562330246,0.11685611307621002,0.8739325404167175,0.7570764273405075,512,,,,,,,,,,,
1675,0.7000018317918271,0.7,0.5078125,0.6003197729587555,1.6040193736553192,0.11088234186172485,0.21513140574097633,1.0314552553147045e-05,0.11088234186172485,0.7260400205850601,-0.05146220326423645,1.3460228443145752,1.3974850475788116,512,,,,,,,,,,,
1676,0.7000018317918271,0.7,0.404296875,0.5602293908596039,1.5186504274606705,0.08643040526658297,0.17901434004306793,1.0261292594241872e-05,0.08643040526658297,0.7585595548152924,0.1539406031370163,1.9794449657201767,1.8255043625831604,512,,,,,,,,,,,
1677,0.7000018317918271,0.7,0.6015625,0.4317251071333885,1.1432800441980362,0.12895268015563488,0.1649777777493,1.0208154769555827e-05,0.12895268015563488,0.7426806390285492,0.2106303870677948,1.2772411406040192,1.0666107535362244,512,,,,,,,,,,,
1678,0.7000018317918271,0.7,0.412109375,0.446713924407959,1.2063990831375122,0.07785049639642239,0.14727936312556267,1.0155139242404404e-05,0.07785049639642239,0.768115222454071,0.078548863530159,0.9628273844718933,0.8842785209417343,512,,,,,,,,,,,
1679,0.7000018317918271,0.7,0.421875,0.5299541130661964,1.439478799700737,0.1205325685441494,0.16644268855452538,1.0102246175727236e-05,0.1205325685441494,0.7644970268011093,0.13707244396209717,1.348973125219345,1.211900681257248,512,,,,,,,,,,,
1680,0.7000018317918271,0.7,0.42578125,0.4954129606485367,1.3595992624759674,0.0725156432017684,0.1416520681232214,1.004947573208756e-05,0.0725156432017684,0.7674902230501175,0.09474420547485352,0.8040907829999924,0.7093465775251389,512,0.00064797792583704,0.00064797792583704,0.03,680,0.7000018317918271,680,680,829,-9,680,10406
1681,0.7000018317918271,0.7,0.408203125,0.3104744255542755,0.8365764915943146,0.14435769617557526,0.10425505973398685,9.996828073671743e-06,0.14435769617557526,0.7526415884494781,0.06280010938644409,1.7734029293060303,1.7106028199195862,512,,,,,,,,,,,
1682,0.7000018317918271,0.7,1.1796875,0.5073563382029533,1.3685172945261002,0.1235375925898552,0.1689260881394148,9.944303362288814e-06,0.1235375925898552,0.7639306336641312,-0.04805082082748413,1.5353582799434662,1.5834091007709503,512,,,,,,,,,,,
1683,0.7000018317918271,0.7,0.39453125,0.47389426082372665,1.2595742493867874,0.08043532259762287,0.1764689665287733,9.891901759369898e-06,0.08043532259762287,0.7780566066503525,0.0881025642156601,0.8714683949947357,0.7833658307790756,512,,,,,,,,,,,
1684,0.7000018317918271,0.7,0.453125,0.385177806019783,1.0418469458818436,0.125884173437953,0.1253584809601307,9.83962342596776e-06,0.125884173437953,0.7613329887390137,0.1601254642009735,1.5523886233568192,1.3922631591558456,512,,,,,,,,,,,
1685,0.7000018317918271,0.7,0.47265625,0.31880734860897064,0.8563713282346725,0.09235012903809547,0.10971152223646641,9.78746852275631e-06,0.09235012903809547,0.7632958739995956,0.09470583498477936,0.965807169675827,0.8711013346910477,512,,,,,,,,,,,
1686,0.7000018317918271,0.7,0.51171875,0.39155934751033783,1.0599514544010162,0.12119944021105766,0.12659198977053165,9.735437210030101e-06,0.12119944021105766,0.710141584277153,0.26803457736968994,1.0619334280490875,0.7938988506793976,512,,,,,,,,,,,
1687,0.7000018317918271,0.7,0.453125,0.30007244646549225,0.7990550994873047,0.09354458935558796,0.11025530658662319,9.683529647703837e-06,0.09354458935558796,0.750312477350235,0.07702548801898956,0.7620713859796524,0.6850458979606628,512,,,,,,,,,,,
1688,0.7000018317918271,0.7,0.79296875,0.6117591559886932,1.6454037725925446,0.08818498533219099,0.20841181464493275,9.63174599531188e-06,0.08818498533219099,0.7576220333576202,0.1240721046924591,0.8669560253620148,0.7428839206695557,512,0.0006826362223364413,0.0006826362223364413,0.03,848,0.7000018317918271,848,848,1059,11,848,13544
1689,0.7000018317918271,0.7,0.48046875,0.47349658235907555,1.2716294676065445,0.11283443681895733,0.1632086019963026,9.580086412007793e-06,0.11283443681895733,0.7552001625299454,0.15911851823329926,1.0872049629688263,0.928086444735527,512,,,,,,,,,,,
1690,0.7000018317918271,0.7,0.396484375,0.777346633374691,2.0574841052293777,0.07625274732708931,0.2981116008013487,9.528551056563784e-06,0.07625274732708931,0.7571972608566284,0.08951696753501892,0.7778508365154266,0.6883338689804077,512,,,,,,,,,,,
1691,0.7000018317918271,0.7,0.392578125,0.5351440235972404,1.4373594224452972,0.08685508370399475,0.18428903259336948,9.477140087370268e-06,0.08685508370399475,0.7440429627895355,0.11392420530319214,0.9565715789794922,0.8426473736763,512,,,,,,,,,,,
1692,0.7000018317918271,0.7,0.4375,0.34338951110839844,0.9281033277511597,0.1132136732339859,0.11247092671692371,9.42585366243537e-06,0.1132136732339859,0.7727148085832596,0.09364798665046692,1.4071434438228607,1.3134954571723938,512,,,,,,,,,,,
1693,0.7000018317918271,0.7,0.40625,0.47679322212934494,1.2711894065141678,0.09236395172774792,0.173638466745615,9.374691939384433e-06,0.09236395172774792,0.763749971985817,0.030785247683525085,1.3589333668351173,1.3281481191515923,512,,,,,,,,,,,
1694,0.7000018317918271,0.7,0.494140625,0.5959909409284592,1.6109301894903183,0.12290492746978998,0.1951028686016798,9.323655075459542e-06,0.12290492746978998,0.7582079768180847,0.23815308511257172,1.1418822556734085,0.9037291705608368,512,,,,,,,,,,,
1695,0.7000018317918271,0.7,0.6640625,0.45606452226638794,1.2371468842029572,0.11433526314795017,0.14486674964427948,9.272743227519016e-06,0.11433526314795017,0.7472704946994781,0.09706984460353851,1.1515215188264847,1.0544516742229462,512,,,,,,,,,,,
1696,0.7000018317918271,0.7,0.375,0.292024590075016,0.7785859704017639,0.0765514150261879,0.10633700899779797,9.221956552036992e-06,0.0765514150261879,0.7589843422174454,0.08043922483921051,0.9764145314693451,0.8959753066301346,512,0.0016011662082746625,0.0016011662082746625,0.03,637,0.7000018317918271,637,637,791,51,637,10759
1697,0.7000018317918271,0.7,0.435546875,0.49406158179044724,1.3398168236017227,0.08493741415441036,0.1573393978178501,9.17129520510286e-06,0.08493741415441036,0.7657079994678497,0.06618601083755493,0.7204134166240692,0.6542274057865143,512,,,,,,,,,,,
1698,0.7000018317918271,0.7,0.46875,0.5165075361728668,1.3658281415700912,0.10526533704251051,0.19934613816440105,9.12075934242082e-06,0.10526533704251051,0.7436962723731995,0.18108366429805756,1.2355004251003265,1.054416760802269,512,,,,,,,,,,,
1699,0.7000018317918271,0.7,0.404296875,0.8005374856293201,2.1385770589113235,0.10835843905806541,0.2872940171509981,9.070349119309423e-06,0.10835843905806541,0.7609130591154099,0.15466716885566711,1.286108911037445,1.131441742181778,512,,,,,,,,,,,
1700,0.7000018317918271,0.7,0.5,0.4577729180455208,1.2415837496519089,0.14026714861392975,0.14560683816671371,9.020064690701069e-06,0.14026714861392975,0.7323534935712814,0.10864913463592529,1.2676973044872284,1.159048169851303,512,,,,,,,,,,,
1701,0.7000018317918271,0.7,0.4296875,0.5445279330015182,1.471329227089882,0.06265049148350954,0.17875534482300282,8.969906211141527e-06,0.06265049148350954,0.7475292831659317,0.0764559879899025,0.5723406970500946,0.4958847090601921,512,,,,,,,,,,,
1702,0.7000018317918271,0.7,0.408203125,0.5200718566775322,1.33992400765419,0.05766990873962641,0.2360512837767601,8.919873834789466e-06,0.05766990873962641,0.7625634372234344,0.05727323144674301,0.5194796249270439,0.4622063934803009,512,,,,,,,,,,,
1703,0.7000018317918271,0.7,0.42578125,0.4628910832107067,1.225274235010147,0.12535948306322098,0.17742596380412579,8.869967715416028e-06,0.12535948306322098,0.7554052472114563,0.13722287118434906,2.450616776943207,2.3133939057588577,512,,,,,,,,,,,
1704,0.7000018319357997,0.7,0.396484375,0.26256272196769714,0.7013007402420044,0.08676604554057121,0.09434382803738117,8.820188006404268e-06,0.08676604554057121,0.7459179610013962,0.09824518114328384,1.0007084161043167,0.9024632349610329,512,0.0006578523316420615,0.0006578523316420615,0.03,558,0.7000018319357997,558,557,718,2,558,11200
1705,0.7000018319357997,0.7,0.408203125,0.4280017241835594,1.161638468503952,0.07483755517750978,0.13533636927604675,8.770534860748747e-06,0.07483755517750978,0.7583446949720383,0.08223455399274826,0.5585768148303032,0.47634226083755493,512,,,,,,,,,,,
1706,0.7000018319357997,0.7,0.4296875,0.6898687481880188,1.8627264499664307,0.12870764173567295,0.22778481990098953,8.721008431055028e-06,0.12870764173567295,0.7480859160423279,0.1617967039346695,1.4324939101934433,1.2706972062587738,512,,,,,,,,,,,
1707,0.7000018319357997,0.7,0.43359375,0.6832418516278267,1.8133802711963654,0.09338322654366493,0.2570495381951332,8.671608869539233e-06,0.09338322654366493,0.7608495801687241,0.09832285344600677,1.0451642200350761,0.9468413665890694,512,,,,,,,,,,,
1708,0.7000018319357997,0.7,0.625,0.45448024943470955,1.223824992775917,0.07652520854026079,0.15338784642517567,8.622336328027553e-06,0.07652520854026079,0.7554638534784317,0.03335660696029663,0.8692179322242737,0.835861325263977,512,,,,,,,,,,,
1709,0.7000018319357997,0.7,0.435546875,0.3589436002075672,0.9714596942067146,0.10589577816426754,0.11624816432595253,8.573190957955812e-06,0.10589577816426754,0.7256103456020355,0.2433914840221405,1.2272024601697922,0.9838109761476517,512,,,,,,,,,,,
1710,0.7000018319357997,0.7,0.376953125,0.39131226390600204,1.0608165264129639,0.06212242878973484,0.12497813627123833,8.52417291036897e-06,0.06212242878973484,0.7548437118530273,0.04834454506635666,0.5599649772047997,0.511620432138443,512,,,,,,,,,,,
1711,0.7000018319357997,0.7,0.353515625,0.3365354835987091,0.9154422730207443,0.11038708686828613,0.10436218231916428,8.475282335920664e-06,0.11038708686828613,0.7609228193759918,0.050165072083473206,1.4049682021141052,1.354803130030632,512,,,,,,,,,,,
1712,0.7000018319357997,0.7,0.466796875,0.3422079086303711,0.9180591404438019,0.07525193598121405,0.11893452517688274,8.426519384872733e-06,0.07525193598121405,0.7708788812160492,0.10418848693370819,0.7602390050888062,0.656050518155098,512,0.000843677727971226,0.000843677727971226,0.03,491,0.7000018319357997,491,491,662,-48,491,9908
1713,0.7000018319357997,0.7,0.43359375,0.7340632304549217,1.9868522882461548,0.12141622602939606,0.23758160695433617,8.377884207094832e-06,0.12141622602939606,0.7559179663658142,0.30499307811260223,2.3097792863845825,2.0047862082719803,512,,,,,,,,,,,
1714,0.7000018319357997,0.7,0.439453125,0.3014906793832779,0.8043303042650223,0.0873773843050003,0.10927780158817768,8.329376952063867e-06,0.0873773843050003,0.7588427662849426,0.055318474769592285,0.7000061720609665,0.6446876972913742,512,,,,,,,,,,,
1715,0.7000018319357997,0.7,0.69140625,0.4570249132812023,1.2135197967290878,0.08937298692762852,0.17140413261950016,8.28099776886358e-06,0.08937298692762852,0.7676415890455246,0.04468069225549698,1.70182503759861,1.657144345343113,512,,,,,,,,,,,
1716,0.7000018319357997,0.7,0.453125,0.32116875797510147,0.8552352637052536,0.07807820476591587,0.1180033702403307,8.232746806184117e-06,0.07807820476591587,0.7666210681200027,0.05613628402352333,0.7349042445421219,0.6787679605185986,512,,,,,,,,,,,
1717,0.7000018319357997,0.7,0.43359375,0.3113490492105484,0.8394099920988083,0.08369947597384453,0.10407194122672081,8.184624212321517e-06,0.08369947597384453,0.7619433403015137,0.1474074423313141,0.979795828461647,0.832388386130333,512,,,,,,,,,,,
1718,0.7000018319357997,0.7,0.5625,0.44294892624020576,1.1888661235570908,0.08375520817935467,0.15340328216552734,8.136630135177337e-06,0.08375520817935467,0.7730712741613388,0.00545935332775116,1.2399601489305496,1.2345007956027985,512,,,,,,,,,,,
1719,0.7000018319357997,0.7,0.43359375,0.5910958349704742,1.5821612477302551,0.1056011226028204,0.20903816260397434,8.088764722258097e-06,0.1056011226028204,0.7507519274950027,0.14061519503593445,1.5128799378871918,1.3722647428512573,512,,,,,,,,,,,
1720,0.7000018319357997,0.7,0.384765625,0.3009652718901634,0.808048278093338,0.11207087989896536,0.10396766290068626,8.041028120674893e-06,0.11207087989896536,0.7541650235652924,0.15787964314222336,1.5195373073220253,1.361657664179802,512,0.002053522504866123,0.002053522504866123,0.03,511,0.7000018319357997,511,511,682,-20,511,8886
1721,0.7000018319357997,0.7,0.42578125,0.4609290473163128,1.249476820230484,0.1446971856057644,0.14727775938808918,7.993420477142933e-06,0.1446971856057644,0.758715808391571,0.0731392502784729,2.4821486473083496,2.4090093970298767,512,,,,,,,,,,,
1722,0.7000018319357997,0.7,0.4609375,0.3440769836306572,0.9254937916994095,0.09188847430050373,0.11716371402144432,7.945941937981067e-06,0.09188847430050373,0.7520800530910492,0.08826497197151184,0.8345339447259903,0.7462689727544785,512,,,,,,,,,,,
1723,0.7000018319357997,0.7,0.4140625,0.3508728854358196,0.9406729638576508,0.10432097129523754,0.12257817201316357,7.898592649111364e-06,0.10432097129523754,0.7530322223901749,0.1330411657691002,1.9057543724775314,1.7727132067084312,512,,,,,,,,,,,
1724,0.7000018319357997,0.7,0.39453125,0.4597952216863632,1.2266762405633926,0.11024154536426067,0.16664251126348972,7.851372756058662e-06,0.11024154536426067,0.7387499511241913,0.14805129170417786,1.2776183485984802,1.1295670568943024,512,,,,,,,,,,,
1725,0.7000018319357997,0.7,0.396484375,0.493357852101326,1.313898727297783,0.09919355902820826,0.1811250038444996,7.804282403950092e-06,0.09919355902820826,0.7442968487739563,0.16521307826042175,1.056903675198555,0.8916905969381332,512,,,,,,,,,,,
1726,0.7000018319357997,0.7,0.3984375,0.3503801003098488,0.9378688186407089,0.07286348659545183,0.1238889992237091,7.757321737514645e-06,0.07286348659545183,0.7718896418809891,0.10456852614879608,1.0034169852733612,0.8988484591245651,512,,,,,,,,,,,
1727,0.7000018319357997,0.7,0.41015625,0.4473579153418541,1.1975131034851074,0.11578924395143986,0.1581168845295906,7.710490901082751e-06,0.11578924395143986,0.7483300566673279,0.15519843250513077,1.641651228070259,1.4864527955651283,512,,,,,,,,,,,
1728,0.7000018319357997,0.7,0.40234375,0.2930421158671379,0.7770649939775467,0.10803940519690514,0.11094135977327824,7.663790038585793e-06,0.10803940519690514,0.7628124803304672,0.11261115968227386,1.5136587917804718,1.401047632098198,512,0.0005749790580011904,0.0005749790580011904,0.03,442,0.7000018319357997,442,442,586,-34,442,10224
1729,0.7000018319357997,0.7,0.439453125,0.49557047337293625,1.3191255927085876,0.06734199170023203,0.1826030183583498,7.617219293555716e-06,0.06734199170023203,0.7585644274950027,0.07860429584980011,0.6692941933870316,0.5906898975372314,512,,,,,,,,,,,
1730,0.7000018319357997,0.7,0.392578125,0.47531982511281967,1.2748575806617737,0.09284904226660728,0.1655054185539484,7.570778809124518e-06,0.09284904226660728,0.7451562434434891,0.14414728432893753,1.214295618236065,1.0701483339071274,512,,,,,,,,,,,
1731,0.7000018319357997,0.7,0.578125,0.3133911155164242,0.8275533467531204,0.14326099958270788,0.1221166867762804,7.524468728023909e-06,0.14326099958270788,0.7550439238548279,0.07271149009466171,0.820770837366581,0.7480593472719193,512,,,,,,,,,,,
1732,0.7000018319357997,0.7,0.53125,0.4365697093307972,1.1598364934325218,0.08787502534687519,0.16310197673738003,7.478289192584764e-06,0.08787502534687519,0.7543017417192459,0.096974216401577,0.8055086433887482,0.7085344269871712,512,,,,,,,,,,,
1733,0.7000018319357997,0.7,0.5234375,0.35671962052583694,0.939872995018959,0.15241909492760897,0.14109552837908268,7.43224034473674e-06,0.15241909492760897,0.7338818311691284,0.03470815718173981,1.0724585205316544,1.0377503633499146,512,,,,,,,,,,,
1734,0.7000018319357997,0.7,0.8359375,0.36316075176000595,0.9764891266822815,0.13053786661475897,0.12399796210229397,7.38632232600786e-06,0.13053786661475897,0.7454443126916885,0.040233463048934937,1.7178852409124374,1.6776517778635025,512,,,,,,,,,,,
1735,0.7000018319357997,0.7,0.400390625,0.7737619951367378,2.047283783555031,0.11683251522481441,0.2974494844675064,7.34053527752403e-06,0.11683251522481441,0.7557812482118607,0.15757226943969727,1.2878908962011337,1.1303186267614365,512,,,,,,,,,,,
1736,0.7000018319357997,0.7,0.3671875,0.38738737255334854,1.0493385940790176,0.07632135413587093,0.12456252053380013,7.2948793400086315e-06,0.07632135413587093,0.7654882520437241,0.10192230343818665,0.8453727066516876,0.743450403213501,512,0.0005135078681632876,0.0005135078681632876,0.03,611,0.7000018319357997,611,611,522,226,611,12705
1737,0.7000018319357997,0.7,0.7109375,0.36037977784872055,0.971528097987175,0.103097939863801,0.12053179740905762,7.249354653782081e-06,0.103097939863801,0.7393700927495956,0.05881110578775406,0.8081736415624619,0.7493625357747078,512,,,,,,,,,,,
1738,0.7000018319357997,0.7,0.41015625,0.3969642147421837,1.0658524185419083,0.09851084277033806,0.13706939853727818,7.203961358761435e-06,0.09851084277033806,0.7563720345497131,0.10469898581504822,1.2262590378522873,1.121560052037239,512,,,,,,,,,,,
1739,0.7000018319357997,0.7,0.365234375,0.4413772113621235,1.1996290981769562,0.06012591440230608,0.13787759095430374,7.158699594459884e-06,0.06012591440230608,0.7765722423791885,0.07691226899623871,0.7033634930849075,0.6264512240886688,512,,,,,,,,,,,
1740,0.7000018319357997,0.7,0.4296875,0.48702681064605713,1.3189186453819275,0.09414312429726124,0.15692012570798397,7.1135694999864e-06,0.09414312429726124,0.7498095631599426,0.08720046281814575,0.7387118190526962,0.6515113562345505,512,,,,,,,,,,,
1741,0.7000018319357997,0.7,0.53515625,0.7404057458043098,1.9568602442741394,0.09191452525556087,0.286793464794755,7.068571214045256e-06,0.09191452525556087,0.7322802692651749,0.15199124068021774,1.1985497921705246,1.0465585514903069,512,,,,,,,,,,,
1742,0.7000018319357997,0.7,0.412109375,0.6020644381642342,1.611914947628975,0.09292180836200714,0.21252269484102726,7.023704874935627e-06,0.09292180836200714,0.763237327337265,0.06927334517240524,1.0386094897985458,0.9693361446261406,512,,,,,,,,,,,
1743,0.7000018319357997,0.7,0.546875,0.47599274665117264,1.2782605439424515,0.11192236840724945,0.16414165310561657,6.978970620551162e-06,0.11192236840724945,0.7623535096645355,0.10700055956840515,1.6588521152734756,1.5518515557050705,512,,,,,,,,,,,
1744,0.7000018319357997,0.7,0.384765625,0.3549530431628227,0.951189249753952,0.09566313866525888,0.1244259774684906,6.934368588379553e-06,0.09566313866525888,0.76686030626297,0.06714469194412231,0.8385859727859497,0.7714412808418274,512,0.0007675262168049812,0.0007675262168049812,0.03,398,0.7000018319357997,398,398,454,66,398,12473
1745,0.7000018319357997,0.7,0.412109375,0.8243866488337517,2.2178111374378204,0.08262527640908957,0.2803300991654396,6.889898915502124e-06,0.08262527640908957,0.7602978199720383,0.11424068361520767,1.2304773032665253,1.1162366196513176,512,,,,,,,,,,,
1746,0.7000018319357997,0.7,0.447265625,0.7083514183759689,1.9063816368579865,0.11104343645274639,0.2401377595961094,6.845561738593392e-06,0.11104343645274639,0.7578222304582596,0.1264820694923401,1.0349717140197754,0.9084896445274353,512,,,,,,,,,,,
1747,0.7000018319357997,0.7,0.462890625,0.44155875593423843,1.1666661500930786,0.12085123639553785,0.17139059118926525,6.801357193920665e-06,0.12085123639553785,0.7440527230501175,0.08133911713957787,1.175435908138752,1.0940967909991741,512,,,,,,,,,,,
1748,0.7000018319357997,0.7,0.396484375,0.3352506570518017,0.9054939448833466,0.1274481676518917,0.11041709408164024,6.757285417343601e-06,0.1274481676518917,0.7512206882238388,0.16053375601768494,1.9741236120462418,1.8135898560285568,512,,,,,,,,,,,
1749,0.7000018319357997,0.7,0.365234375,0.24985070154070854,0.6592477932572365,0.059273491613566875,0.09787551127374172,6.71334654431382e-06,0.059273491613566875,0.7583056539297104,0.07095316052436829,0.4988669827580452,0.4279138222336769,512,,,,,,,,,,,
1750,0.7000018319357997,0.7,0.3984375,0.5204242840409279,1.402323767542839,0.11464874260127544,0.17471946589648724,6.669540709874461e-06,0.11464874260127544,0.7549316138029099,0.09636383503675461,1.5384766682982445,1.4421128332614899,512,,,,,,,,,,,
1751,0.7000018319357997,0.7,0.416015625,0.5943816155195236,1.603001207113266,0.06393923237919807,0.19815507344901562,6.625868048659767e-06,0.06393923237919807,0.7591161727905273,0.06267160549759865,0.9898093566298485,0.9271377511322498,512,,,,,,,,,,,
1752,0.7000018319357997,0.7,0.423828125,0.5075450614094734,1.369843304157257,0.10087144188582897,0.16817196644842625,6.582328694894729e-06,0.10087144188582897,0.7619970589876175,0.12724727392196655,1.0597518980503082,0.9325046241283417,512,0.0005198693252168596,0.0005198693252168596,0.03,422,0.7000018319357997,422,422,525,5,422,5194
1753,0.7000018319357997,0.7,0.462890625,0.411628108471632,1.1136410683393478,0.1302534993737936,0.13371680676937103,6.538922782394574e-06,0.1302534993737936,0.7217236161231995,0.2985793948173523,1.6850201785564423,1.38644078373909,512,,,,,,,,,,,
1754,0.7000018319357997,0.7,0.48828125,0.5642488971352577,1.5432263016700745,0.11294642463326454,0.1666186861693859,6.495650444564433e-06,0.11294642463326454,0.7462548613548279,0.12205453217029572,1.1025025695562363,0.9804480373859406,512,,,,,,,,,,,
1755,0.7000018319357997,0.7,0.494140625,0.4607769697904587,1.239599421620369,0.08730773720890284,0.1566943284124136,6.452511814398899e-06,0.08730773720890284,0.7581200897693634,0.07968927919864655,0.746302530169487,0.6666132509708405,512,,,,,,,,,,,
1756,0.7000018319357997,0.7,0.44921875,0.3005523905158043,0.8052122741937637,0.10923810862004757,0.10555249266326427,6.409507024481615e-06,0.10923810862004757,0.7522509396076202,0.12418754398822784,1.130257710814476,1.0060701668262482,512,,,,,,,,,,,
1757,0.7000018319357997,0.7,0.373046875,0.3274077922105789,0.8889654874801636,0.06958703976124525,0.10317929647862911,6.366636206984888e-06,0.06958703976124525,0.7586181461811066,0.0862845852971077,0.6445509940385818,0.5582664087414742,512,,,,,,,,,,,
1758,0.7000018319357997,0.7,0.41796875,0.6648947186768055,1.7883981466293335,0.1041512843221426,0.22643426433205605,6.3238994936692605e-06,0.1041512843221426,0.760688453912735,0.1630106270313263,2.011780768632889,1.8487701416015625,512,,,,,,,,,,,
1759,0.7000018319357997,0.7,0.41796875,0.29319366067647934,0.7882575243711472,0.09129074402153492,0.10020807571709156,6.281297015883131e-06,0.09129074402153492,0.7540038973093033,0.07581605017185211,0.9329897612333298,0.8571737110614777,512,,,,,,,,,,,
1760,0.7000018319357997,0.7,0.498046875,0.7067400738596916,1.592989519238472,0.14025508612394333,0.54864701628685,6.238828904562316e-06,0.14025508612394333,0.7513232231140137,0.21715044230222702,2.0067995190620422,1.7896490767598152,512,0.0008085237350314856,0.0008085237350314856,0.03,394,0.7000018319357997,394,394,460,28,394,5192
1761,0.7000018319357997,0.7,0.41015625,0.5110998041927814,1.3799275755882263,0.08946217596530914,0.16885964944958687,6.196495290229676e-06,0.08946217596530914,0.7625536918640137,0.062004923820495605,1.6105569303035736,1.548552006483078,512,,,,,,,,,,,
1762,0.7000018319357997,0.7,0.49609375,0.39521414041519165,1.0336834490299225,0.08573440928012133,0.1639351136982441,6.154296302994689e-06,0.08573440928012133,0.7530175447463989,0.053405821323394775,1.0085087344050407,0.955102913081646,512,,,,,,,,,,,
1763,0.7000018319357997,0.7,0.431640625,0.36490315198898315,0.9874886721372604,0.10079068131744862,0.11827835440635681,6.112232072553087e-06,0.10079068131744862,0.759204089641571,0.11921621859073639,1.0348402112722397,0.9156239926815033,512,,,,,,,,,,,
1764,0.7000018319357997,0.7,0.44140625,0.474011804908514,1.2659673243761063,0.10099725238978863,0.1704320702701807,6.070302728186428e-06,0.10099725238978863,0.7373534888029099,0.12450150400400162,1.0668577253818512,0.9423562213778496,512,,,,,,,,,,,
1765,0.7000018319357997,0.7,0.423828125,0.604094848036766,1.6198436617851257,0.08287255931645632,0.21074675396084785,6.028508398761684e-06,0.08287255931645632,0.7407079786062241,0.131093367934227,1.2885927706956863,1.1574994027614594,512,,,,,,,,,,,
1766,0.7000018319357997,0.7,0.400390625,0.28198259323835373,0.7573371082544327,0.1080832052975893,0.0971556007862091,5.986849212730916e-06,0.1080832052975893,0.7484374791383743,0.1930094063282013,1.4006808996200562,1.2076714932918549,512,,,,,,,,,,,
1767,0.7000018319357997,0.7,0.421875,0.51036786288023,1.3789796978235245,0.08982779458165169,0.16758953221142292,5.945325298130799e-06,0.08982779458165169,0.7484570145606995,0.1517457664012909,0.939488485455513,0.7877427190542221,512,,,,,,,,,,,
1768,0.7000018319357997,0.7,0.35546875,0.3166092559695244,0.8445140570402145,0.06874922383576632,0.1149078942835331,5.903936782582253e-06,0.06874922383576632,0.7725487947463989,0.10468774288892746,1.1112999767065048,1.0066122338175774,512,0.000859118124935776,0.000859118124935776,0.03,320,0.7000018319357997,320,320,394,-14,320,9296
1769,0.7000018319357997,0.7,0.404296875,0.41834382712841034,1.1296901106834412,0.06620666570961475,0.13801843114197254,5.862683793290081e-06,0.06620666570961475,0.753373995423317,0.07301852107048035,0.7524843215942383,0.6794658005237579,512,,,,,,,,,,,
1770,0.7000018319357997,0.7,0.6171875,0.31036362797021866,0.8257049471139908,0.08004129491746426,0.1147908940911293,5.821566457042538e-06,0.08004129491746426,0.7574023306369781,0.08489400893449783,0.9429247081279755,0.8580306991934776,512,,,,,,,,,,,
1771,0.7000018319357997,0.7,0.421875,0.6248600743710995,1.6665943711996078,0.12287445738911629,0.2269209586083889,5.780584900210972e-06,0.12287445738911629,0.7395556420087814,0.17183540016412735,1.386351816356182,1.2145164161920547,512,,,,,,,,,,,
1772,0.7000018319357997,0.7,0.4375,0.516983337700367,1.3920421749353409,0.09379513934254646,0.17457395046949387,5.739739248749398e-06,0.09379513934254646,0.7681200802326202,0.13324634730815887,1.116902232170105,0.9836558848619461,512,,,,,,,,,,,
1773,0.7000018319357997,0.7,0.416015625,0.35455355420708656,0.9588495790958405,0.08589672669768333,0.11555511131882668,5.699029628194175e-06,0.08589672669768333,0.733027309179306,0.07489367574453354,0.7030695900321007,0.6281759142875671,512,,,,,,,,,,,
1774,0.7000018319357997,0.7,0.400390625,0.5069260448217392,1.3368508070707321,0.08493200689554214,0.19928868487477303,5.65845616366355e-06,0.08493200689554214,0.7683007717132568,0.1289231777191162,1.8517647981643677,1.7228416204452515,512,,,,,,,,,,,
1775,0.7000018319357997,0.7,0.87109375,0.34649720042943954,0.9314796477556229,0.11754864268004894,0.11851182766258717,5.618018979857309e-06,0.11754864268004894,0.7565038949251175,0.14509302377700806,1.3286487460136414,1.1835557222366333,512,,,,,,,,,,,
1776,0.7000018319357997,0.7,0.40625,0.4895506426692009,1.322158321738243,0.05582238081842661,0.16132845357060432,5.577718201056392e-06,0.05582238081842661,0.7425488084554672,0.05899496376514435,0.49626991152763367,0.4372749477624893,512,0.0006496551795862615,0.0006496551795862615,0.03,480,0.7000018319357997,480,480,341,259,480,9253
1777,0.7000018319357997,0.7,0.439453125,0.3285795822739601,0.8790974020957947,0.15213980339467525,0.11659825965762138,5.537553951122509e-06,0.15213980339467525,0.7554736286401749,0.1536773145198822,2.1740584075450897,2.0203810930252075,512,,,,,,,,,,,
1778,0.7000018319357997,0.7,0.400390625,0.5065593793988228,1.371749997138977,0.0839310809969902,0.1632783804088831,5.497526353497751e-06,0.0839310809969902,0.7679394483566284,0.08526846766471863,0.8531744331121445,0.7679059654474258,512,,,,,,,,,,,
1779,0.7000018319357997,0.7,0.4296875,0.6131168603897095,1.6750110387802124,0.07198885828256607,0.18291878141462803,5.457635531204214e-06,0.07198885828256607,0.7713818252086639,0.021554797887802124,0.827269658446312,0.8057148605585098,512,,,,,,,,,,,
1780,0.7000018319357997,0.7,0.390625,0.5193795673549175,1.4104865193367004,0.060646308586001396,0.16339089907705784,5.41788160684365e-06,0.060646308586001396,0.754838839173317,0.047857582569122314,0.5927848666906357,0.5449272841215134,512,,,,,,,,,,,
1781,0.7000018319357997,0.7,0.43359375,0.3753778338432312,1.007057398557663,0.11891239136457443,0.13045111671090126,5.378264702597035e-06,0.11891239136457443,0.7280566394329071,0.1419275403022766,1.5263462662696838,1.3844187259674072,512,,,,,,,,,,,
1782,0.7000018319357997,0.7,0.3671875,0.5365480184555054,1.429898202419281,0.0608953395858407,0.19600483775138855,5.33878494022424e-06,0.0608953395858407,0.7463427633047104,0.12960650771856308,0.8780717551708221,0.7484652474522591,512,,,,,,,,,,,
1783,0.7000018319357997,0.7,0.48828125,0.40220673382282257,1.0536019951105118,0.12853985093533993,0.16520621068775654,5.299442441063629e-06,0.12853985093533993,0.7406152188777924,0.3865440934896469,1.3279925882816315,0.9414484947919846,512,,,,,,,,,,,
1784,0.7000018319357997,0.7,0.37890625,0.346231184899807,0.938430979847908,0.09943688660860062,0.11075439676642418,5.260237326031697e-06,0.09943688660860062,0.7478076219558716,0.11330821365118027,1.0488013997673988,0.9354931861162186,512,0.0007642614655196667,0.0007642614655196667,0.03,304,0.7000018319357997,304,304,370,24,304,7480
1785,0.7000018319357997,0.7,0.42578125,0.40927625447511673,1.1150078475475311,0.100028021261096,0.1252231765538454,5.2211697156227204e-06,0.100028021261096,0.7663817852735519,0.21307316422462463,2.264765739440918,2.0516925752162933,512,,,,,,,,,,,
1786,0.7000018319357997,0.7,0.423828125,0.3676830306649208,0.988168254494667,0.103557163849473,0.12602273002266884,5.182239729908333e-06,0.103557163849473,0.7366112917661667,0.06993989646434784,0.7825464159250259,0.7126065194606781,512,,,,,,,,,,,
1787,0.7000018319357997,0.7,0.42578125,0.6054006516933441,1.6087527573108673,0.06691121496260166,0.22579464130103588,5.143447488537212e-06,0.06691121496260166,0.7606835812330246,0.07631384581327438,0.6035178750753403,0.5272040292620659,512,,,,,,,,,,,
1788,0.7000018319357997,0.7,0.41796875,0.6004307195544243,1.600182518362999,0.07045697141438723,0.2193044237792492,5.104793110734668e-06,0.07045697141438723,0.7587792575359344,0.05885443463921547,1.4752222448587418,1.4163678102195263,512,,,,,,,,,,,
1789,0.7000018319357997,0.7,0.51171875,0.4915377125144005,1.3183831125497818,0.07222522236406803,0.1711250450462103,5.066276715302304e-06,0.07222522236406803,0.7425194978713989,-0.0638691633939743,1.2154411002993584,1.2793102636933327,512,,,,,,,,,,,
1790,0.7000018319357997,0.7,0.41015625,0.5204231142997742,1.331951066851616,0.1201411634683609,0.24508865177631378,5.027898420617666e-06,0.1201411634683609,0.757206991314888,0.046945661306381226,1.5128499269485474,1.4659042656421661,512,,,,,,,,,,,
1791,0.7000018319357997,0.7,0.416015625,0.3858734518289566,1.0438204556703568,0.0973011814057827,0.1254929807037115,4.989658344633818e-06,0.0973011814057827,0.7597460597753525,0.05391913652420044,1.6340968757867813,1.5801777392625809,512,,,,,,,,,,,
1792,0.7000018319357997,0.7,0.416015625,0.5230090096592903,1.3907698392868042,0.10829800926148891,0.19410591945052147,4.951556604879048e-06,0.10829800926148891,0.7264941185712814,0.17618194222450256,1.5746791511774063,1.3984972089529037,512,0.0009244030807167292,0.0009244030807167292,0.03,339,0.7000018319357997,339,339,448,-12,339,3813
1793,0.7000018319357997,0.7,0.41796875,0.28961898386478424,0.7698361873626709,0.07763132452964783,0.1077970638871193,4.9135933184564554e-06,0.07763132452964783,0.7685937285423279,0.07145002484321594,0.6300685703754425,0.5586185455322266,512,,,,,,,,,,,
1794,0.7000018319357997,0.7,0.390625,0.33282166719436646,0.8964175432920456,0.0889013484120369,0.11213292181491852,4.875768602043629e-06,0.0889013484120369,0.7643993943929672,0.028205104172229767,0.9312481880187988,0.9030430838465691,512,,,,,,,,,,,
1795,0.7000018319357997,0.7,0.458984375,0.5214912816882133,1.412709966301918,0.07661658897995949,0.16756658256053925,4.838082571892272e-06,0.07661658897995949,0.7499218583106995,0.05862521380186081,0.663483090698719,0.6048578768968582,512,,,,,,,,,,,
1796,0.7000018319357997,0.7,0.46875,0.3222590982913971,0.8624550551176071,0.12484502419829369,0.11408763006329536,4.800535343827833e-06,0.12484502419829369,0.7498242110013962,0.17677217721939087,1.2452354729175568,1.068463295698166,512,,,,,,,,,,,
1797,0.7000018319357997,0.7,0.431640625,0.4856589138507843,1.3041790574789047,0.11477326229214668,0.16751455143094063,4.76312703324917e-06,0.11477326229214668,0.7634032964706421,0.13773344457149506,1.6207820922136307,1.4830486476421356,512,,,,,,,,,,,
1798,0.7000018319357997,0.7,0.4453125,0.46062278002500534,1.2520516514778137,0.1165265254676342,0.14377489686012268,4.725857755128188e-06,0.1165265254676342,0.7606103122234344,0.10108618438243866,2.446600556373596,2.3455143719911575,512,,,,,,,,,,,
1799,0.7000018319357997,0.7,0.44140625,0.2920316532254219,0.7798504680395126,0.08171012811362743,0.10509387589991093,4.688727624009482e-06,0.08171012811362743,0.7646240144968033,0.13740140199661255,1.4935263097286224,1.3561249077320099,512,,,,,,,,,,,
1800,0.7000018319357997,0.7,0.4296875,0.6736830174922943,1.7894125878810883,0.07706479355692863,0.2520510070025921,4.651736754009972e-06,0.07706479355692863,0.7669530808925629,0.08841447532176971,0.8854660540819168,0.7970515787601471,512,0.0006611022399738431,0.0006611022399738431,0.03,323,0.7000018319357997,323,323,441,-27,323,3330
1801,0.7000018319357997,0.7,0.4609375,0.49476538598537445,1.3332613408565521,0.10277283936738968,0.16602767631411552,4.6148852588186135e-06,0.10277283936738968,0.7639306336641312,0.09718932211399078,0.9976382702589035,0.9004489481449127,512,,,,,,,,,,,
1802,0.7000018319357997,0.7,0.42578125,0.4951002150774002,1.3387143164873123,0.10727186780422926,0.1615892667323351,4.5781732516959605e-06,0.10727186780422926,0.7535497695207596,0.11243091523647308,1.1129850447177887,1.0005541294813156,512,,,,,,,,,,,
1803,0.7000018319357997,0.7,0.421875,0.6436842679977417,1.7413010746240616,0.0870896503329277,0.20925726741552353,4.541600845473881e-06,0.0870896503329277,0.7787060141563416,0.10349909961223602,0.9069784879684448,0.8034793883562088,512,,,,,,,,,,,
1804,0.7000018319357997,0.7,0.48828125,0.5562580600380898,1.4940237253904343,0.1170967947691679,0.19160673208534718,4.505168152555173e-06,0.1170967947691679,0.7664208859205246,-0.04953637719154358,1.8423761129379272,1.8919124901294708,512,,,,,,,,,,,
1805,0.7000018319357997,0.7,0.416015625,0.4283776432275772,1.1263610571622849,0.06728289648890495,0.17175296507775784,4.468875284913254e-06,0.06728289648890495,0.762641578912735,0.07014022767543793,0.6073530465364456,0.5372128188610077,512,,,,,,,,,,,
1806,0.7000018319357997,0.7,0.4296875,0.42662322893738747,1.1203427463769913,0.06008210312575102,0.17245486937463284,4.432722354091778e-06,0.06008210312575102,0.7661376744508743,0.06699790060520172,0.6413556188344955,0.5743577182292938,512,,,,,,,,,,,
1807,0.7000018319357997,0.7,0.46484375,0.7149620354175568,1.9262210130691528,0.057072038762271404,0.240330558270216,4.396709471204325e-06,0.057072038762271404,0.7506445050239563,0.05862469971179962,0.5073230937123299,0.44869839400053024,512,,,,,,,,,,,
1808,0.7000018319357997,0.7,0.408203125,0.6472565829753876,1.7586382925510406,0.10124627128243446,0.2027452439069748,4.360836746934055e-06,0.10124627128243446,0.7437499761581421,0.0628928616642952,0.9874103143811226,0.9245174527168274,512,0.000679788994602859,0.000679788994602859,0.03,290,0.7000018319357997,290,290,374,-14,290,2935
1809,0.7000018319357997,0.7,0.453125,0.542463943362236,1.4554353803396225,0.08613961841911077,0.18839470483362675,4.325104291533344e-06,0.08613961841911077,0.755805641412735,0.06136699020862579,2.0172434002161026,1.9558764100074768,512,,,,,,,,,,,
1810,0.7000018319357997,0.7,0.490234375,0.5854353718459606,1.5727822929620743,0.13610171526670456,0.20126421004533768,4.289512214823466e-06,0.13610171526670456,0.7423583567142487,0.11745880544185638,1.4045327603816986,1.2870739549398422,512,,,,,,,,,,,
1811,0.7000018319357997,0.7,0.4375,0.33601702749729156,0.8990558683872223,0.05788001138716936,0.11917748488485813,4.254060626194262e-06,0.05788001138716936,0.7680663615465164,0.045123934745788574,0.5788024216890335,0.5336784869432449,512,,,,,,,,,,,
1812,0.7000018319357997,0.7,0.431640625,0.4066523015499115,1.09735307097435,0.06307888869196177,0.13492657616734505,4.2187496346037695e-06,0.06307888869196177,0.7590136528015137,0.06315161287784576,0.5628183484077454,0.4996667355298996,512,,,,,,,,,,,
1813,0.7000018319357997,0.7,0.55078125,0.48341552168130875,1.2984498739242554,0.11856723576784134,0.16644557379186153,4.1835793485779315e-06,0.11856723576784134,0.7472558468580246,0.11244034767150879,1.6453221142292023,1.5328817665576935,512,,,,,,,,,,,
1814,0.7000018319357997,0.7,0.4453125,0.33416225761175156,0.8987599611282349,0.09528557397425175,0.11385292559862137,4.148549876210223e-06,0.09528557397425175,0.7690136283636093,0.10670723021030426,1.2074572369456291,1.1007500067353249,512,,,,,,,,,,,
1815,0.7000018319357997,0.7,0.4453125,0.5550747364759445,1.4643079787492752,0.09667705371975899,0.21773659996688366,4.113661325161367e-06,0.09667705371975899,0.7738769203424454,0.14298588037490845,1.0799549221992493,0.9369690418243408,512,,,,,,,,,,,
1816,0.7000018319357997,0.7,0.498046875,0.5406301766633987,1.429949402809143,0.12243750505149364,0.20832379907369614,4.078913802658946e-06,0.12243750505149364,0.7512646168470383,0.1852918267250061,1.4201691001653671,1.234877273440361,512,0.0007581257959827781,0.0007581257959827781,0.03,307,0.7000018319357997,307,307,407,-15,307,2811
1817,0.7000018319357997,0.7,0.51171875,0.447078850120306,1.1750172153115273,0.11080482602119446,0.17976713553071022,4.044307415497112e-06,0.11080482602119446,0.7692822068929672,0.05374540388584137,0.964451789855957,0.9107063859701157,512,,,,,,,,,,,
1818,0.7000018319357997,0.7,0.5703125,0.45184076204895973,1.2125143110752106,0.10526973754167557,0.15670007653534412,4.009842270036252e-06,0.10526973754167557,0.759711891412735,0.06799785047769547,1.6191606745123863,1.5511628240346909,512,,,,,,,,,,,
1819,0.7000018319357997,0.7,0.41796875,0.5621311441063881,1.5084974616765976,0.058139937929809093,0.19493017345666885,3.975518472202644e-06,0.058139937929809093,0.7591161876916885,0.058301135897636414,0.6366939693689346,0.5783928334712982,512,,,,,,,,,,,
1820,0.7000018319357997,0.7,0.45703125,0.46076465398073196,1.2245689779520035,0.10520308837294579,0.17168750427663326,3.941336127488149e-06,0.10520308837294579,0.7624609172344208,0.08265542984008789,1.073070764541626,0.9904153347015381,512,,,,,,,,,,,
1821,0.7000018319357997,0.7,0.435546875,0.4279431328177452,1.119031548500061,0.08992969989776611,0.17776576802134514,3.907295340949879e-06,0.08992969989776611,0.7611327767372131,0.07180937379598618,0.7584383711218834,0.6866289973258972,512,,,,,,,,,,,
1822,0.7000018319357997,0.7,0.455078125,0.40073634684085846,1.0656744241714478,0.09872393775731325,0.148678096011281,3.873396217209891e-06,0.09872393775731325,0.756953090429306,0.08383159339427948,1.3723178207874298,1.2884862273931503,512,,,,,,,,,,,
1823,0.7000018319357997,0.7,0.46484375,0.6978744938969612,1.8536622822284698,0.13845272734761238,0.26110881194472313,3.839638860454842e-06,0.13845272734761238,0.7489648163318634,0.1393001824617386,2.1000444293022156,1.960744246840477,512,,,,,,,,,,,
1824,0.7000018319357997,0.7,0.5078125,0.6829879805445671,1.8291251808404922,0.15222418308258057,0.24053529277443886,3.8060233744356633e-06,0.15222418308258057,0.736650362610817,0.27905920147895813,2.333683580160141,2.054624378681183,512,0.0005455475184135139,0.0005455475184135139,0.03,280,0.7000018319357997,280,280,343,25,280,2566
1825,0.7000018319357997,0.7,0.47265625,0.4312630705535412,1.1417046040296555,0.08378300257027149,0.16515310108661652,3.7725498624672786e-06,0.08378300257027149,0.7731689214706421,0.09195111691951752,0.8032271564006805,0.711276039481163,512,,,,,,,,,,,
1826,0.7000018319357997,0.7,0.515625,0.658054418861866,1.7555113732814789,0.07912222854793072,0.2385928276926279,3.7392184274282537e-06,0.07912222854793072,0.7638866901397705,0.04296387732028961,0.9948170781135559,0.9518532007932663,512,,,,,,,,,,,
1827,0.7000018319357997,0.7,0.47265625,0.5362321995198727,1.4293474853038788,0.09390139486640692,0.19559849798679352,3.7060291717604833e-06,0.09390139486640692,0.7382714599370956,0.19139686226844788,0.9373956918716431,0.7459988296031952,512,,,,,,,,,,,
1828,0.7000018319357997,0.7,0.47265625,0.35549546033143997,0.9482223838567734,0.1192310843616724,0.12903654389083385,3.6729821974688937e-06,0.1192310843616724,0.7642577886581421,0.3211005628108978,1.7874892204999924,1.4663886576890945,512,,,,,,,,,,,
1829,0.7000018319357997,0.7,0.61328125,0.6760495007038116,1.786845177412033,0.09042935911566019,0.2617895472794771,3.6400776061211227e-06,0.09042935911566019,0.7548486292362213,0.09446290135383606,1.2770444452762604,1.1825815439224243,512,,,,,,,,,,,
1830,0.7000018319357997,0.7,0.46875,0.3803557939827442,1.0188043862581253,0.10832839459180832,0.1337889116257429,3.6073154988471967e-06,0.10832839459180832,0.7603369057178497,0.08988814055919647,1.7993734180927277,1.7094852775335312,512,,,,,,,,,,,
1831,0.7000018319357997,0.7,0.43359375,0.6467832811176777,1.686851218342781,0.08439386449754238,0.2730981018394232,3.574695976339226e-06,0.08439386449754238,0.7232568114995956,0.11599764227867126,1.2555766254663467,1.1395789831876755,512,,,,,,,,,,,
1832,0.7000018319357997,0.7,0.44921875,0.4681698605418205,1.2679017633199692,0.12349049560725689,0.15079473331570625,3.542219138851094e-06,0.12349049560725689,0.7593993842601776,0.20862436294555664,2.1936445981264114,1.9850202351808548,512,0.0006567555828951299,0.0006567555828951299,0.03,187,0.7000018319357997,187,187,219,27,187,9913
1833,0.7000018319357997,0.7,0.439453125,0.5041783526539803,1.316049948334694,0.09046769887208939,0.2117631696164608,3.509885086198167e-06,0.09046769887208939,0.7632177323102951,0.09058941900730133,0.8928850740194321,0.8022956550121307,512,,,,,,,,,,,
1834,0.7000018319357997,0.7,0.46484375,0.27019546926021576,0.7189429104328156,0.10113369300961494,0.0998312383890152,3.4776939177569468e-06,0.10113369300961494,0.7513476312160492,0.10344836860895157,0.8715841546654701,0.7681357860565186,512,,,,,,,,,,,
1835,0.7000018319357997,0.7,0.52734375,0.5491853058338165,1.4911490231752396,0.13257721439003944,0.17304877191781998,3.445645732464803e-06,0.13257721439003944,0.742246076464653,0.14256057143211365,2.0657963156700134,1.9232357442378998,512,,,,,,,,,,,
1836,0.7000018319357997,0.7,0.45703125,0.5499686002731323,1.50835882127285,0.077423594892025,0.15821267291903496,3.4137406288196725e-06,0.077423594892025,0.7597313970327377,0.08321316540241241,0.66710464656353,0.5838914811611176,512,,,,,,,,,,,
1837,0.7000018319357997,0.7,0.57421875,0.2701150067150593,0.7125158607959747,0.19216221943497658,0.10601443238556385,3.3819787048797236e-06,0.19216221943497658,0.7210693061351776,0.05944012850522995,1.3391613736748695,1.2797212451696396,512,,,,,,,,,,,
1838,0.7000018319357997,0.7,0.423828125,0.9375719279050827,2.535410851240158,0.08485488686710596,0.30571601539850235,3.350360058263058e-06,0.08485488686710596,0.7674657851457596,0.13625015318393707,1.1555561274290085,1.0193059742450714,512,,,,,,,,,,,
1839,0.7000018319357997,0.7,0.54296875,0.3931480571627617,1.070328712463379,0.0906507633626461,0.12102900817990303,3.3188847861474525e-06,0.0906507633626461,0.7564013302326202,0.11376901715993881,1.075686514377594,0.9619174972176552,512,,,,,,,,,,,
1840,0.7000018319357997,0.7,0.44921875,0.3634859025478363,0.9808444529771805,0.0962018147110939,0.12062791176140308,3.2875529852700147e-06,0.0962018147110939,0.7585595399141312,0.07903466373682022,0.9155144691467285,0.8364798054099083,512,0.0006040098378434777,0.0006040098378434777,0.03,212,0.7000018319357997,212,212,272,28,212,7454
1841,0.7000018319357997,0.7,0.443359375,0.487061582505703,1.3000703901052475,0.12547333538532257,0.17587370797991753,3.2563647519269048e-06,0.12547333538532257,0.7527587711811066,0.16798461973667145,1.6925622671842575,1.524577647447586,512,,,,,,,,,,,
1842,0.7000018319357997,0.7,0.44921875,0.27194923534989357,0.728862538933754,0.09219573810696602,0.09522601589560509,3.225320181973035e-06,0.09219573810696602,0.7533105313777924,0.07906858623027802,0.7511177957057953,0.6720492094755173,512,,,,,,,,,,,
1843,0.7000018319357997,0.7,0.443359375,0.6905506253242493,1.861220344901085,0.10240626707673073,0.2313572559505701,3.1944193708217994e-06,0.10240626707673073,0.7570605129003525,0.10211218893527985,0.9210086613893509,0.818896472454071,512,,,,,,,,,,,
1844,0.7000018319357997,0.7,0.51171875,0.4657818228006363,1.2322999835014343,0.1447114534676075,0.17916006408631802,3.1636624134447344e-06,0.1447114534676075,0.7355859279632568,0.4022255837917328,2.9697619825601578,2.567536398768425,512,,,,,,,,,,,
1845,0.7000018319357997,0.7,0.412109375,0.547939121723175,1.475328579545021,0.12380626425147057,0.18509294465184212,3.133049404371258e-06,0.12380626425147057,0.7403613179922104,0.05327364802360535,2.0239458978176117,1.9706722497940063,512,,,,,,,,,,,
1846,0.7000018319357997,0.7,0.443359375,0.44576238468289375,1.1936978250741959,0.1400715559720993,0.15709730051457882,3.1025804376883793e-06,0.1400715559720993,0.7477001845836639,0.1401204615831375,1.6502286195755005,1.510108157992363,512,,,,,,,,,,,
1847,0.7000018319357997,0.7,0.46484375,0.3284244276583195,0.8740564733743668,0.09456973522901535,0.12116899900138378,3.0722556070403973e-06,0.09456973522901535,0.7500634342432022,0.06402992457151413,0.6915163174271584,0.6274863928556442,512,,,,,,,,,,,
1848,0.7000018319357997,0.7,0.625,0.38530927151441574,1.0529253780841827,0.07699794135987759,0.1146783959120512,3.0420750056286195e-06,0.07699794135987759,0.7576318234205246,0.07277211546897888,0.6862399727106094,0.6134678572416306,512,0.0006362585700117052,0.0006362585700117052,0.03,207,0.7000018319357997,207,207,255,1,207,7778
1849,0.7000018319357997,0.7,0.5,0.514613002538681,1.3812843710184097,0.11786063946783543,0.1781489085406065,3.012038726211064e-06,0.11786063946783543,0.7736474126577377,0.19466304779052734,2.0352878868579865,1.840624839067459,512,,,,,,,,,,,
1850,0.7000018319357997,0.7,0.470703125,0.502351313829422,1.3590184897184372,0.08932137675583363,0.1632581613957882,2.9821468611022198e-06,0.08932137675583363,0.7542528957128525,0.09399043768644333,0.7563105523586273,0.662320114672184,512,,,,,,,,,,,
1851,0.7000018319357997,0.7,0.41015625,0.531789094209671,1.4308734089136124,0.07881493493914604,0.18060863390564919,2.9523995021726926e-06,0.07881493493914604,0.7708837538957596,0.07002255320549011,0.7588116973638535,0.6887891441583633,512,,,,,,,,,,,
1852,0.7000018319357997,0.7,0.416015625,0.27642857655882835,0.7431453466415405,0.08794279396533966,0.09451695531606674,2.9227967408489653e-06,0.08794279396533966,0.7647362947463989,0.0988641232252121,0.8458862155675888,0.7470220923423767,512,,,,,,,,,,,
1853,0.7000018319357997,0.7,0.4296875,0.8553448989987373,2.2498151063919067,0.08495829626917839,0.34213898703455925,2.8933386681131212e-06,0.08495829626917839,0.7563134729862213,0.11659839749336243,0.8851117715239525,0.7685133740305901,512,,,,,,,,,,,
1854,0.7000018319357997,0.7,0.435546875,0.8473143577575684,2.2911029011011124,0.08230728097259998,0.2765162494033575,2.8640253745025493e-06,0.08230728097259998,0.7489257752895355,0.07207012921571732,0.5753329992294312,0.5032628700137138,512,,,,,,,,,,,
1855,0.7000018319357997,0.7,0.546875,0.31931818276643753,0.8599466979503632,0.10201542265713215,0.10768410377204418,2.8348569501096544e-06,0.10201542265713215,0.7489794790744781,0.11699777841567993,0.9047591686248779,0.787761390209198,512,,,,,,,,,,,
1856,0.7000018319357997,0.7,0.46484375,0.41995256394147873,1.1361425668001175,0.07742120884358883,0.13644089736044407,2.8058334845816213e-06,0.07742120884358883,0.7661523073911667,0.09810926020145416,0.9780593812465668,0.8799501210451126,512,0.0007532576564699411,0.0007532576564699411,0.03,184,0.7000018319357997,184,184,211,27,184,2916
1857,0.7000018319357997,0.7,0.515625,0.5189000144600868,1.3962426781654358,0.11538194306194782,0.17618156410753727,2.7769550671201017e-06,0.11538194306194782,0.7710107266902924,0.06921462714672089,1.1840882748365402,1.1148736476898193,512,,,,,,,,,,,
1858,0.7000018319357997,0.7,0.46484375,0.41063081473112106,1.1106996834278107,0.0821915902197361,0.13363606110215187,2.7482217864809477e-06,0.0821915902197361,0.7622558176517487,0.07335960865020752,0.7232838571071625,0.649924248456955,512,,,,,,,,,,,
1859,0.7000018319357997,0.7,0.43359375,0.28987892344594,0.7765795812010765,0.13409435376524925,0.10184134170413017,2.7196337309739417e-06,0.13409435376524925,0.7495117038488388,0.029247388243675232,1.305375024676323,1.2761276364326477,512,,,,,,,,,,,
1860,0.7000018319357997,0.7,0.427734375,0.5719665884971619,1.5705983638763428,0.07336784526705742,0.16263367049396038,2.691190988462522e-06,0.07336784526705742,0.7519286870956421,0.08795999735593796,0.8009553179144859,0.712995320558548,512,,,,,,,,,,,
1861,0.7000018319357997,0.7,0.51953125,0.5454048067331314,1.4982847273349762,0.13546182960271835,0.15445704013109207,2.6628936463635567e-06,0.13546182960271835,0.7475292980670929,0.15343806892633438,1.451679989695549,1.2982419207692146,512,,,,,,,,,,,
1862,0.7000018319357997,0.7,0.451171875,0.4730445146560669,1.2642230093479156,0.07495507411658764,0.1692451387643814,2.634741791646983e-06,0.07495507411658764,0.7483105212450027,0.07213792949914932,0.606249675154686,0.5341117456555367,512,,,,,,,,,,,
1863,0.7000018319357997,0.7,0.42578125,0.4866107925772667,1.3158793151378632,0.07750494591891766,0.1586987767368555,2.6067355108356173e-06,0.07750494591891766,0.7603954970836639,0.06997402012348175,1.035694107413292,0.9657200872898102,512,,,,,,,,,,,
1864,0.7000018319357997,0.7,0.41796875,0.3206494227051735,0.8567023724317551,0.1408459134399891,0.11496254056692123,2.5788748900048676e-06,0.1408459134399891,0.7531298696994781,0.18192441761493683,1.3558775931596756,1.1739531755447388,512,0.000805213931016624,0.000805213931016624,0.03,197,0.7000018319357997,197,197,257,7,197,1406
1865,0.7000018319357997,0.7,0.427734375,0.3361942991614342,0.9017813503742218,0.07511649373918772,0.11698922328650951,2.55116001478245e-06,0.07511649373918772,0.7708788812160492,0.07967934012413025,0.7699180990457535,0.6902387589216232,512,,,,,,,,,,,
1866,0.7000018319357997,0.7,0.427734375,0.45429369807243347,1.2268757820129395,0.0881077442318201,0.14977172948420048,2.5235909703481665e-06,0.0881077442318201,0.758124977350235,0.08850252628326416,0.926382526755333,0.8378800004720688,512,,,,,,,,,,,
1867,0.7000018319357997,0.7,0.46484375,0.318589985370636,0.8520167917013168,0.11109998542815447,0.11340737156569958,2.496167841433594e-06,0.11109998542815447,0.7516698986291885,0.15466566383838654,1.1695648282766342,1.0148991644382477,512,,,,,,,,,,,
1868,0.7000018319357997,0.7,0.47265625,0.3502451404929161,0.9437411427497864,0.08418175019323826,0.1176077276468277,2.468890712321864e-06,0.08418175019323826,0.755805641412735,0.09799417108297348,0.7161009758710861,0.6181068047881126,512,,,,,,,,,,,
1869,0.7000018319357997,0.7,0.42578125,0.445265993475914,1.1992305368185043,0.07456537988036871,0.15006030723452568,2.441759666847371e-06,0.07456537988036871,0.7586034834384918,0.045792944729328156,0.6691597029566765,0.6233667582273483,512,,,,,,,,,,,
1870,0.7000018319357997,0.7,0.455078125,0.5018893778324127,1.3595046699047089,0.08802177477627993,0.16137220710515976,2.4147747883955464e-06,0.08802177477627993,0.7526855319738388,0.04677535593509674,1.530254602432251,1.4834792464971542,512,,,,,,,,,,,
1871,0.7000018319357997,0.7,0.41796875,0.5800204798579216,1.5786596238613129,0.1158541850745678,0.17897812277078629,2.387936159902582e-06,0.1158541850745678,0.769965797662735,0.1760140210390091,1.0786238610744476,0.9026098400354385,512,,,,,,,,,,,
1872,0.7000018319357997,0.7,0.416015625,0.4853324219584465,1.2947653383016586,0.06231111939996481,0.17593888565897942,2.361243863855184e-06,0.06231111939996481,0.7643945217132568,0.0703338161110878,0.5555536970496178,0.48521988093852997,512,0.0007162807160057127,0.0007162807160057127,0.03,169,0.7000018319357997,169,169,228,-10,169,610
1873,0.7000018319357997,0.7,0.609375,0.5155525654554367,1.3728345036506653,0.121542913839221,0.18944595754146576,2.334697982290307e-06,0.121542913839221,0.750859335064888,0.19862285256385803,2.084238722920418,1.8856158703565598,512,,,,,,,,,,,
1874,0.7000018319357997,0.7,0.412109375,0.36101698130369186,0.9740556329488754,0.09721133299171925,0.1199351791292429,2.3082985967949167e-06,0.09721133299171925,0.7583398222923279,0.06790028512477875,0.8703023493289948,0.802402064204216,512,,,,,,,,,,,
1875,0.7000018319357997,0.7,0.56640625,0.48296310752630234,1.2608239352703094,0.06830798694863915,0.2027005534619093,2.2820457885057325e-06,0.06830798694863915,0.7440185397863388,0.09150149300694466,0.5627006366848946,0.4711991436779499,512,,,,,,,,,,,
1876,0.7000018319357997,0.7,0.462890625,0.6330857053399086,1.7198105454444885,0.12143144942820072,0.19863096065819263,2.2559396381089838e-06,0.12143144942820072,0.7583105564117432,0.09984271228313446,1.008529171347618,0.9086864590644836,512,,,,,,,,,,,
1877,0.7000018319357997,0.7,0.4765625,0.46278979256749153,1.2361744940280914,0.12223175913095474,0.16621869802474976,2.229980225840134e-06,0.12223175913095474,0.7429687231779099,0.1626635640859604,1.514064371585846,1.3514008074998856,512,,,,,,,,,,,
1878,0.7000018319357997,0.7,0.453125,0.7119782939553261,1.9168900549411774,0.07422495633363724,0.24061985686421394,2.204167631483689e-06,0.07422495633363724,0.7668554484844208,0.06922279298305511,0.6669328734278679,0.5977100804448128,512,,,,,,,,,,,
1879,0.7000018319357997,0.7,0.4609375,0.3177211955189705,0.8518667966127396,0.11156060546636581,0.11092465557157993,2.1785019343729063e-06,0.11156060546636581,0.752978503704071,0.02422727644443512,0.9818975180387497,0.9576702415943146,512,,,,,,,,,,,
1880,0.7000018319357997,0.7,0.40625,0.31503698974847794,0.8476878702640533,0.10794114973396063,0.10696963593363762,2.152983213389559e-06,0.10794114973396063,0.7639355212450027,0.12408848106861115,1.219578668475151,1.09549018740654,512,0.0007401362527161837,0.0007401362527161837,0.03,155,0.7000018319357997,155,155,186,10,155,434
1881,0.7000018319357997,0.7,0.5,0.690394788980484,1.8658984005451202,0.0866427794098854,0.22620691172778606,2.127611546963698e-06,0.0866427794098854,0.7637206763029099,0.07011191546916962,0.7692330479621887,0.6991211324930191,512,,,,,,,,,,,
1882,0.7000018319357997,0.7,0.458984375,0.488884873688221,1.307796373963356,0.08852007705718279,0.1736728549003601,2.1023870130734257e-06,0.08852007705718279,0.7640966475009918,0.06610287725925446,0.8277907371520996,0.7616878598928452,512,,,,,,,,,,,
1883,0.7000018319357997,0.7,0.59765625,0.7506380826234818,2.0081938207149506,0.1448059119284153,0.26646698266267776,2.077309689244633e-06,0.1448059119284153,0.7407421618700027,0.1546863317489624,1.3644966036081314,1.209810271859169,512,,,,,,,,,,,
1884,0.7000018319357997,0.7,0.453125,0.5140690580010414,1.372691348195076,0.08295104093849659,0.18509364873170853,2.0523796525507623e-06,0.08295104093849659,0.7561962753534317,0.10716280341148376,0.737694263458252,0.6305314600467682,512,,,,,,,,,,,
1885,0.7000018319357997,0.7,0.423828125,0.5671829357743263,1.5024064034223557,0.06124537903815508,0.2163296975195408,2.027596979612606e-06,0.06124537903815508,0.757880836725235,0.0664534866809845,0.5042946040630341,0.43784111738204956,512,,,,,,,,,,,
1886,0.7000018319357997,0.7,0.4375,0.526518888771534,1.402923360466957,0.08799785561859608,0.19258835166692734,2.0029617465980142e-06,0.08799785561859608,0.7474999874830246,0.08974893391132355,0.7870344296097755,0.697285495698452,512,,,,,,,,,,,
1887,0.7000018319357997,0.7,0.41015625,0.44720984250307083,1.1868649870157242,0.07723918929696083,0.1683163419365883,1.9784740292217108e-06,0.07723918929696083,0.7645605355501175,0.08274562656879425,0.660579040646553,0.5778334140777588,512,,,,,,,,,,,
1888,0.7000018319357997,0.7,0.439453125,0.46283262968063354,1.2296244502067566,0.08911609090864658,0.17289856635034084,1.9541339027450256e-06,0.08911609090864658,0.7578417658805847,0.14014440774917603,0.9405250400304794,0.8003806322813034,512,0.0005342709482647479,0.0005342709482647479,0.03,155,0.7000018319357997,155,155,190,22,155,227
1889,0.7000018319357997,0.7,0.546875,0.6791494339704514,1.8451374471187592,0.1709926724433899,0.21289104968309402,1.9299414419756856e-06,0.1709926724433899,0.7372118979692459,-0.0019582659006118774,2.482932537794113,2.484890803694725,512,,,,,,,,,,,
1890,0.7000018319357997,0.7,0.455078125,0.49293339252471924,1.281752735376358,0.07839312963187695,0.211984783411026,1.9058967212675804e-06,0.07839312963187695,0.776689425110817,0.07443451881408691,0.8163601160049438,0.7419255971908569,512,,,,,,,,,,,
1891,0.7000018319357997,0.7,0.48046875,0.5055623203516006,1.3357186019420624,0.0760981785133481,0.1962883248925209,1.881999814520513e-06,0.0760981785133481,0.7549267560243607,0.04580835998058319,1.5915302485227585,1.5457218885421753,512,,,,,,,,,,,
1892,0.7000018319357997,0.7,0.478515625,0.6909709796309471,1.8715083748102188,0.13984424248337746,0.2223430499434471,1.8582507951800277e-06,0.13984424248337746,0.7418994009494781,0.1437406688928604,1.262764722108841,1.1190240532159805,512,,,,,,,,,,,
1893,0.7000018319357997,0.7,0.435546875,0.3080131709575653,0.8220898509025574,0.09089264273643494,0.11128336749970913,1.8346497362371095e-06,0.09089264273643494,0.7582226395606995,0.08319461345672607,0.9294005334377289,0.8462059199810028,512,,,,,,,,,,,
1894,0.7000018319357997,0.7,0.455078125,0.5582038462162018,1.506072074174881,0.08306438662111759,0.18545467220246792,1.811196710228008e-06,0.08306438662111759,0.7627245783805847,0.06378650665283203,0.7337217479944229,0.6699352413415909,512,,,,,,,,,,,
1895,0.7000018319357997,0.7,0.462890625,0.338753841817379,0.9178002178668976,0.1355628613382578,0.10872655734419823,1.7878917892340086e-06,0.1355628613382578,0.745561495423317,0.0646098405122757,1.3520893454551697,1.287479504942894,512,,,,,,,,,,,
1896,0.7000018319357997,0.7,0.49609375,0.7747612074017525,2.0909663140773773,0.10012571327388287,0.2567948214709759,1.7647350448812106e-06,0.10012571327388287,0.765131801366806,0.07938902080059052,1.1872467696666718,1.1078577488660812,512,0.0005456728977151215,0.0005456728977151215,0.03,157,0.7000018319357997,157,157,191,-7,157,170
1897,0.7000018319357997,0.7,0.4765625,0.8268111869692802,2.2215727865695953,0.1097379270941019,0.28391552343964577,1.7417265483402834e-06,0.1097379270941019,0.7614697068929672,0.12990841269493103,1.478492558002472,1.348584145307541,512,,,,,,,,,,,
1898,0.7000018319357997,0.7,0.453125,0.5095996633172035,1.3633554130792618,0.08744086511433125,0.1808859072625637,1.718866370326283e-06,0.08744086511433125,0.7766552567481995,0.10825404524803162,0.9237641245126724,0.8155100792646408,512,,,,,,,,,,,
1899,0.7000018319357997,0.7,0.4453125,0.3780454061925411,0.9998220503330231,0.06205067038536072,0.14577009342610836,1.6961545810984246e-06,0.06205067038536072,0.7607128769159317,0.04819602519273758,0.6002103090286255,0.5520142838358879,512,,,,,,,,,,,
1900,0.7000018319357997,0.7,0.423828125,0.3880839869379997,1.0373687744140625,0.08569080103188753,0.13864325173199177,1.6735912504598383e-06,0.08569080103188753,0.7550146132707596,0.05667906254529953,0.7297209575772285,0.673041895031929,512,,,,,,,,,,,
1901,0.7000018319357997,0.7,0.5,0.5307612270116806,1.4100034832954407,0.09253036044538021,0.1983637847006321,1.6511764477573965e-06,0.09253036044538021,0.7708300650119781,0.12041105329990387,0.8307512998580933,0.7103402465581894,512,,,,,,,,,,,
1902,0.7000018319357997,0.7,0.4765625,0.6112885251641273,1.6241470575332642,0.08395858854055405,0.228242302313447,1.6289102418814705e-06,0.08395858854055405,0.7638329863548279,0.11207036674022675,0.790151372551918,0.6780810058116913,512,,,,,,,,,,,
1903,0.7000018319357997,0.7,0.546875,0.45815521478652954,1.2271192222833633,0.1318864207714796,0.16122984886169434,1.6067927012657247e-06,0.1318864207714796,0.6987548619508743,0.1343611404299736,1.3842266350984573,1.2498654946684837,512,,,,,,,,,,,
1904,0.7000018319357997,0.7,0.4375,0.3568263575434685,0.9603875130414963,0.09214292466640472,0.12090444378554821,1.584823893886933e-06,0.09214292466640472,0.7760839611291885,0.08104841411113739,1.1956933289766312,1.1146449148654938,512,0.0005780712817795575,0.0005780712817795575,0.03,121,0.7000018319357997,121,121,106,44,121,279
1905,0.7000018319357997,0.7,0.4453125,0.38745349645614624,1.0341323018074036,0.10047821328043938,0.13996916264295578,1.563003887264719e-06,0.10047821328043938,0.7264794856309891,0.047214195132255554,1.2238772809505463,1.1766630858182907,512,,,,,,,,,,,
1906,0.7000018319357997,0.7,0.51171875,0.6754579544067383,1.8145187050104141,0.11417737510055304,0.23232354409992695,1.5413327484613993e-06,0.11417737510055304,0.7552929222583771,0.007069237530231476,1.0065581500530243,0.9994889125227928,512,,,,,,,,,,,
1907,0.7000018319357997,0.7,0.447265625,0.3510064110159874,0.9396511763334274,0.10545571520924568,0.12400460243225098,1.5198105440817511e-06,0.10545571520924568,0.7442236095666885,0.18744298070669174,1.1987016201019287,1.011258639395237,512,,,,,,,,,,,
1908,0.7000018319357997,0.7,0.56640625,0.42783939465880394,1.147134244441986,0.09313312731683254,0.14934868179261684,1.4984373402728014e-06,0.09313312731683254,0.7596581876277924,0.10974600911140442,1.010320782661438,0.9005747735500336,512,,,,,,,,,,,
1909,0.7000018319357997,0.7,0.451171875,0.5640509650111198,1.4980615079402924,0.1122713964432478,0.21118376217782497,1.4772132027236485e-06,0.1122713964432478,0.7646874636411667,0.06820286810398102,1.1287337839603424,1.0605309158563614,512,,,,,,,,,,,
1910,0.7000018319357997,0.7,0.416015625,0.4782617874443531,1.2778612971305847,0.07568012923002243,0.17141680791974068,1.4561381966652243e-06,0.07568012923002243,0.7502441257238388,0.09138763695955276,0.6616389155387878,0.5702512785792351,512,,,,,,,,,,,
1911,0.7000018319357997,0.7,0.45703125,0.8973216488957405,2.4095874428749084,0.06855973415076733,0.30956896394491196,1.435212386870144e-06,0.06855973415076733,0.7550976425409317,0.07430785894393921,0.6217348724603653,0.5474270135164261,512,,,,,,,,,,,
1912,0.7000018447493586,0.7,0.43359375,0.6631316840648651,1.7689172178506851,0.07796876691281796,0.24057267792522907,1.4144358376524503e-06,0.07796876691281796,0.765937477350235,0.09018836915493011,0.6736980527639389,0.5835096836090088,512,0.0006222633528523147,0.0006222633528523147,0.03,124,0.7000018447493586,124,35,105,61,124,35
1913,0.7000018447493586,0.7,0.388671875,0.3162291869521141,0.84748774766922,0.07517156563699245,0.11078248918056488,1.39380861286747e-06,0.07517156563699245,0.7634618729352951,0.08155474811792374,0.6351239532232285,0.5535692051053047,512,,,,,,,,,,,
1914,0.7000018447493586,0.7,0.470703125,0.3302474394440651,0.8774332702159882,0.1299290582537651,0.12331649474799633,1.3733307759115743e-06,0.1299290582537651,0.7691894173622131,0.06859204173088074,1.539371281862259,1.4707792401313782,512,,,,,,,,,,,
1915,0.7000018447493586,0.7,0.48046875,0.743808388710022,1.735522523522377,0.093103788793087,0.5184421688318253,1.3530023897219968e-06,0.093103788793087,0.7608349323272705,0.16436365246772766,0.9654855579137802,0.8011219054460526,512,,,,,,,,,,,
1916,0.7000018447493586,0.7,0.46875,0.5191684067249298,1.3921143412590027,0.08724118396639824,0.18112320080399513,1.3328235167766546e-06,0.08724118396639824,0.768500953912735,0.06483849883079529,0.856728121638298,0.7918896228075027,512,,,,,,,,,,,
1917,0.7000018447493586,0.7,1.7265625,0.32817935571074486,0.8819975554943085,0.08731133677065372,0.11248529888689518,1.3127942190939546e-06,0.08731133677065372,0.7636376768350601,0.07692965865135193,1.0910539627075195,1.0141243040561676,512,,,,,,,,,,,
1918,0.7000018447493586,0.7,0.412109375,0.5176565945148468,1.394703984260559,0.06765016913414001,0.17395232990384102,1.2929145582325663e-06,0.06765016913414001,0.7746777385473251,0.08384430408477783,0.7345377504825592,0.6506934463977814,512,,,,,,,,,,,
1919,0.7000018447493586,0.7,0.423828125,0.5269054993987083,1.4242384880781174,0.09916881751269102,0.17244482971727848,1.273184595291288e-06,0.09916881751269102,0.7664989978075027,0.07678666710853577,1.6745365634560585,1.5977498963475227,512,,,,,,,,,,,
1920,0.7000018447493586,0.7,0.4921875,0.31531719863414764,0.8480729758739471,0.15373851917684078,0.10743365250527859,1.2536043909088191e-06,0.15373851917684078,0.7511571943759918,0.15057305991649628,1.5483787655830383,1.397805705666542,512,0.0005716849700547755,0.0005716849700547755,0.03,130,0.7000018447493586,130,130,160,8,130,383
1921,0.7000018447493586,0.7,0.3984375,0.5014069229364395,1.342771291732788,0.08980747871100903,0.1766435243189335,1.2341740052635941e-06,0.08980747871100903,0.7551708817481995,0.19965019077062607,1.7010497152805328,1.5013995245099068,512,,,,,,,,,,,
1922,0.7000018447493586,0.7,0.462890625,0.42184899747371674,1.138634666800499,0.08545849565416574,0.13969561085104942,1.214893498073577e-06,0.08545849565416574,0.749926745891571,0.1341811865568161,1.3228551298379898,1.1886739432811737,512,,,,,,,,,,,
1923,0.7000018447493586,0.7,0.44921875,0.6823050305247307,1.8104292303323746,0.07143128477036953,0.2571617253124714,1.1957629285960948e-06,0.07143128477036953,0.7713524997234344,0.05781486630439758,0.7503201365470886,0.692505270242691,512,,,,,,,,,,,
1924,0.7000018447493586,0.7,0.490234375,0.36264652758836746,0.9616691768169403,0.10030093602836132,0.13725964725017548,1.1767823556276647e-06,0.10030093602836132,0.7531445175409317,0.08690674602985382,1.1384639739990234,1.0515572279691696,512,,,,,,,,,,,
1925,0.7000018447493586,0.7,0.435546875,0.589450903236866,1.6010553389787674,0.0987256895750761,0.18515947088599205,1.157951837503779e-06,0.0987256895750761,0.764882817864418,0.10966026782989502,1.1695581823587418,1.0598979145288467,512,,,,,,,,,,,
1926,0.7000018447493586,0.7,0.42578125,0.6480453461408615,1.6402453631162643,0.08216100931167603,0.3235283587127924,1.1392714320987596e-06,0.08216100931167603,0.7623486071825027,0.0698012113571167,0.7837459444999695,0.7139447331428528,512,,,,,,,,,,,
1927,0.7000018447493586,0.7,0.5390625,0.3992977663874626,1.0631848722696304,0.14990397449582815,0.146808298304677,1.1207411968255643e-06,0.14990397449582815,0.7274706959724426,0.23860491067171097,1.7666107416152954,1.5280058309435844,512,,,,,,,,,,,
1928,0.7000018543955209,0.7,0.427734375,0.36088941991329193,0.9651046544313431,0.09342383407056332,0.1284996010363102,1.10236118863562e-06,0.09342383407056332,0.7663671374320984,0.12834326922893524,1.1185483783483505,0.9902051091194153,512,0.0007735552499070764,0.0007735552499070764,0.03,83,0.7000018543955209,83,16,51,33,83,16
1929,0.7000018543955209,0.7,0.484375,0.41612835973501205,1.1283378452062607,0.12207385525107384,0.13265713676810265,1.0841314640186228e-06,0.12207385525107384,0.7428759634494781,0.03527955710887909,1.8908085078001022,1.8555289506912231,512,,,,,,,,,,,
1930,0.7000018543955209,0.7,0.44140625,0.5593656748533249,1.5112653225660324,0.081751580350101,0.18378217332065105,1.0660520790023998e-06,0.081751580350101,0.7646728157997131,0.10502789169549942,0.8417828530073166,0.7367549613118172,512,,,,,,,,,,,
1931,0.7000018543955209,0.7,0.5234375,0.25160469487309456,0.6706448495388031,0.09772382862865925,0.0917935911566019,1.0481230891527084e-06,0.09772382862865925,0.7627929598093033,0.0715918242931366,0.7979908436536789,0.7263990193605423,512,,,,,,,,,,,
1932,0.7000018543955209,0.7,0.421875,0.3110986277461052,0.8272871226072311,0.0958354752510786,0.11543596349656582,1.0303445495730869e-06,0.0958354752510786,0.7556494027376175,0.08400501310825348,1.2066610008478165,1.122655987739563,512,,,,,,,,,,,
1933,0.7000018543955209,0.7,0.490234375,0.591476321220398,1.5695559084415436,0.07683652453124523,0.22279657796025276,1.0127165149046712e-06,0.07683652453124523,0.7806933373212814,0.056247778236866,0.6982348188757896,0.6419870406389236,512,,,,,,,,,,,
1934,0.7000018543955209,0.7,0.431640625,0.32325415685772896,0.8697938621044159,0.13745289109647274,0.10976414009928703,9.952390393260235e-07,0.13745289109647274,0.7567187398672104,0.19776812195777893,1.6881177425384521,1.4903496205806732,512,,,,,,,,,,,
1935,0.7000018543955209,0.7,0.40234375,0.49146005138754845,1.3329863548278809,0.07952781766653061,0.15628644824028015,9.77912176552981e-07,0.07952781766653061,0.768735334277153,0.0914030447602272,0.8296073973178864,0.7382043525576591,512,,,,,,,,,,,
1936,0.7000018679289426,0.7,0.404296875,0.49178165197372437,1.325812190771103,0.07059959229081869,0.16443515568971634,9.607359798384785e-07,0.07059959229081869,0.7472802549600601,0.08091282099485397,0.5417648032307625,0.4608519822359085,512,0.0007146056741476059,0.0007146056741476059,0.03,118,0.7000018679289426,118,24,88,58,118,24
1937,0.7000018679289426,0.7,0.42578125,0.336921539157629,0.9041751474142075,0.09152164682745934,0.11679914966225624,9.437105019723891e-07,0.09152164682745934,0.7612500041723251,0.16910328716039658,1.0530299171805382,0.8839266300201416,512,,,,,,,,,,,
1938,0.7000018679289426,0.7,0.458984375,0.6521833837032318,1.7582058608531952,0.09425084013491869,0.2181073371320963,9.268357952813722e-07,0.09425084013491869,0.7527099400758743,0.1448683962225914,1.017373226583004,0.8725048303604126,512,,,,,,,,,,,
1939,0.7000018679289426,0.7,0.515625,0.40186794102191925,1.0709633231163025,0.12901189737021923,0.14681827276945114,9.10111911628686e-07,0.12901189737021923,0.7601415812969208,0.0632237046957016,1.213166892528534,1.1499431878328323,512,,,,,,,,,,,
1940,0.7000018679289426,0.7,0.46484375,0.5324176549911499,1.4183309823274612,0.10886632651090622,0.19505575112998486,8.935389024140483e-07,0.10886632651090622,0.7476708889007568,0.17741245031356812,1.3642301708459854,1.1868177205324173,512,,,,,,,,,,,
1941,0.7000018679289426,0.7,0.50390625,0.4867219254374504,1.3105880618095398,0.08156855031847954,0.16432680748403072,8.771168185734757e-07,0.08156855031847954,0.7607128769159317,0.05822870135307312,0.8107593655586243,0.7525306642055511,512,,,,,,,,,,,
1942,0.7000018679289426,0.7,0.54296875,0.40431758016347885,1.0380889624357224,0.10180920735001564,0.1871157754212618,8.608457105791446e-07,0.10180920735001564,0.7657079845666885,0.13794801384210587,1.7522654384374619,1.614317424595356,512,,,,,,,,,,,
1943,0.7000018679289426,0.7,0.42578125,0.3607056736946106,0.9698493182659149,0.0758864413946867,0.12319810315966606,8.447256284391858e-07,0.0758864413946867,0.762275367975235,0.10239637643098831,0.9586028605699539,0.8562064841389656,512,,,,,,,,,,,
1944,0.7000018790148307,0.7,0.50390625,0.386573925614357,1.0412150025367737,0.08456397522240877,0.13022110052406788,8.287566216975795e-07,0.08456397522240877,0.7627148181200027,0.061158813536167145,0.7947292327880859,0.7335704192519188,512,0.0005490840412676334,0.0005490840412676334,0.03,83,0.7000018790148307,83,6,54,50,83,6
1945,0.7000018790148307,0.7,0.416015625,0.296955943107605,0.798096776008606,0.08728398568928242,0.10176968201994896,8.129387394339827e-07,0.08728398568928242,0.740649402141571,0.08675526827573776,0.8072646260261536,0.7205093577504158,512,,,,,,,,,,,
1946,0.7000018790148307,0.7,0.421875,0.4400743991136551,1.1876280307769775,0.07160803116858006,0.145930714905262,7.972720302635906e-07,0.07160803116858006,0.7633593529462814,0.07223299145698547,0.6278937980532646,0.5556608065962791,512,,,,,,,,,,,
1947,0.7000018790148307,0.7,0.474609375,0.5501105710864067,1.4149655103683472,0.06602144613862038,0.2520360741764307,7.817565423369588e-07,0.06602144613862038,0.7608495950698853,0.09516679495573044,0.6058499366044998,0.5106831416487694,512,,,,,,,,,,,
1948,0.7000018790148307,0.7,0.47265625,0.280723512172699,0.7428413033485413,0.11147340573370457,0.10783599503338337,7.663923233398928e-07,0.11147340573370457,0.7568066269159317,0.11607970297336578,1.0381888300180435,0.9221091270446777,512,,,,,,,,,,,
1949,0.7000018790148307,0.7,0.486328125,0.5455591008067131,1.468095451593399,0.14875662326812744,0.18511389940977097,7.51179420493281e-07,0.14875662326812744,0.7441308200359344,0.12926197052001953,1.3296232968568802,1.2003613263368607,512,,,,,,,,,,,
1950,0.7000018790148307,0.7,0.44140625,0.622467003762722,1.6754590719938278,0.1333309318870306,0.210804533213377,7.36117880552939e-07,0.1333309318870306,0.7454736232757568,0.13024383783340454,1.6271443963050842,1.4969005584716797,512,,,,,,,,,,,
1951,0.7000018790148307,0.7,0.486328125,0.39477137848734856,1.0623067319393158,0.1280023381114006,0.13397011160850525,7.212077498094882e-07,0.1280023381114006,0.7407177686691284,0.10285922884941101,1.3026459366083145,1.1997867077589035,512,,,,,,,,,,,
1952,0.7000018908205815,0.7,0.466796875,0.5074756518006325,1.3265821039676666,0.10915602184832096,0.21122289821505547,7.064490740882057e-07,0.10915602184832096,0.7541503608226776,0.20329372584819794,1.8898196071386337,1.6865258812904358,512,0.0007020194898359478,0.0007020194898359478,0.03,88,0.7000018908205815,88,6,70,64,88,6
1953,0.7000018908205815,0.7,0.4609375,0.38409893959760666,1.0426044315099716,0.09854510053992271,0.12133168242871761,6.918418987488795e-07,0.09854510053992271,0.7615136653184891,0.09763455390930176,0.8426803797483444,0.7450458258390427,512,,,,,,,,,,,
1954,0.7000018908205815,0.7,0.53515625,0.5463178977370262,1.4751363843679428,0.0868179127573967,0.1803722959011793,6.773862686856702e-07,0.0868179127573967,0.7604198902845383,0.09615440666675568,0.7642790824174881,0.6681246757507324,512,,,,,,,,,,,
1955,0.7000018908205815,0.7,0.578125,0.4487844705581665,1.2174403071403503,0.13906067796051502,0.14251263067126274,6.630822283269721e-07,0.13906067796051502,0.7564941346645355,0.19769074022769928,2.5378447473049164,2.340154007077217,512,,,,,,,,,,,
1956,0.7000018908205815,0.7,0.439453125,0.497781902551651,1.3118695318698883,0.08553152345120907,0.1965604517608881,6.489298216352912e-07,0.08553152345120907,0.758247047662735,0.11659130454063416,0.9009634926915169,0.7843721881508827,512,,,,,,,,,,,
1957,0.7000018908205815,0.7,0.73828125,0.3181235194206238,0.851854220032692,0.0814649872481823,0.11215643957257271,6.349290921070783e-07,0.0814649872481823,0.7718847393989563,0.08842186629772186,0.7311486750841141,0.6427268087863922,512,,,,,,,,,,,
1958,0.7000018908205815,0.7,0.48046875,0.33743324503302574,0.9068175256252289,0.10771447606384754,0.11570743657648563,6.210800827726349e-07,0.10771447606384754,0.7550683319568634,0.055859364569187164,0.8973658531904221,0.8415064886212349,512,,,,,,,,,,,
1959,0.7000018908205815,0.7,0.4375,0.4067959561944008,1.097435861825943,0.10098821669816971,0.13527914509177208,6.073828361959411e-07,0.10098821669816971,0.7362011522054672,0.2767990604043007,1.4541463181376457,1.177347257733345,512,,,,,,,,,,,
1960,0.7000018991709908,0.7,0.52734375,0.5839268267154694,1.571967899799347,0.1162956552579999,0.19750726595520973,5.938373944745612e-07,0.1162956552579999,0.7305761575698853,0.07345160096883774,1.2594444826245308,1.185992881655693,512,0.0006545723299495876,0.0006545723299495876,0.03,66,0.7000018991709908,66,8,43,39,66,8
1961,0.7000018991709908,0.7,0.474609375,0.6421936824917793,1.704504832625389,0.10871556587517262,0.24153649993240833,5.804437992394829e-07,0.10871556587517262,0.7536181211471558,0.029590129852294922,1.3563220351934433,1.3267319053411484,512,,,,,,,,,,,
1962,0.7000018991709908,0.7,0.55078125,0.751245990395546,2.01438345015049,0.11291515827178955,0.26211948692798615,5.672020916550224e-07,0.11291515827178955,0.7688671499490738,0.07058954238891602,1.1105510890483856,1.0399615466594696,512,,,,,,,,,,,
1963,0.7000018991709908,0.7,0.427734375,0.4876796528697014,1.31352299451828,0.11358707398176193,0.16429409757256508,5.541123124186642e-07,0.11358707398176193,0.7387353479862213,0.07444582879543304,1.4868093729019165,1.4123635441064835,512,,,,,,,,,,,
1964,0.7000018991709908,0.7,0.482421875,0.6029404699802399,1.6066284626722336,0.06006684713065624,0.2204638235270977,5.411745017609493e-07,0.06006684713065624,0.7574413567781448,0.054228007793426514,0.44038766622543335,0.38615965843200684,512,,,,,,,,,,,
1965,0.7000018991709908,0.7,0.474609375,0.535328634083271,1.4364768862724304,0.12810907140374184,0.1857310961931944,5.283886994453757e-07,0.12810907140374184,0.7649364918470383,0.08582055568695068,1.4339696764945984,1.3481491208076477,512,,,,,,,,,,,
1966,0.7000018991709908,0.7,0.42578125,0.39168696850538254,1.048806831240654,0.12998790480196476,0.13812335021793842,5.157549447682208e-07,0.12998790480196476,0.7535253763198853,0.19291235506534576,1.4380022883415222,1.2450899332761765,512,,,,,,,,,,,
1967,0.7000018991709908,0.7,0.4921875,0.5526760146021843,1.4998323917388916,0.11151230707764626,0.1749433521181345,5.032732765584857e-07,0.11151230707764626,0.7593457102775574,0.14630264043807983,1.0110100209712982,0.8647073805332184,512,,,,,,,,,,,
1968,0.7000019095370159,0.7,0.4609375,0.3947591185569763,1.0587653666734695,0.09348435886204243,0.13747434690594673,4.909437331777179e-07,0.09348435886204243,0.7698974460363388,0.0903681218624115,1.023588478565216,0.9332203567028046,512,0.0006863839225843549,0.0006863839225843549,0.03,72,0.7000019095370159,72,0,48,48,72,0
1969,0.7000019095370159,0.7,0.43359375,0.44183267652988434,1.1913117915391922,0.11216894909739494,0.14757506735622883,4.787663525199438e-07,0.11216894909739494,0.773120105266571,0.16084648668766022,2.5175887644290924,2.356742277741432,512,,,,,,,,,,,
1970,0.7000019095370159,0.7,0.4375,0.32904066145420074,0.8840350806713104,0.10786522924900055,0.11305775679647923,4.667411720115145e-07,0.10786522924900055,0.7417968660593033,0.11093412339687347,1.4599261432886124,1.348992019891739,512,,,,,,,,,,,
1971,0.7000019095370159,0.7,0.427734375,0.5059036239981651,1.357740804553032,0.0943944863975048,0.175300482660532,4.548682286109995e-07,0.0943944863975048,0.7773486077785492,0.051797568798065186,1.260091945528984,1.2082943767309189,512,,,,,,,,,,,
1972,0.7000019095370159,0.7,0.53515625,0.6557924076914787,1.7802992761135101,0.08004874177277088,0.20695035345852375,4.431475588090872e-07,0.08004874177277088,0.7660253793001175,0.09663331508636475,0.8640744239091873,0.7674411088228226,512,,,,,,,,,,,
1973,0.7000019095370159,0.7,0.5625,0.7197240591049194,1.9096328616142273,0.08202285692095757,0.2713490165770054,4.315791986284623e-07,0.08202285692095757,0.7568798661231995,0.08293405920267105,0.7425041198730469,0.6595700606703758,512,,,,,,,,,,,
1974,0.7000019095370159,0.7,0.462890625,0.34457599371671677,0.9256301820278168,0.09158067312091589,0.11853945069015026,4.2016318362368966e-07,0.09158067312091589,0.7482128590345383,0.03994682431221008,0.8908186703920364,0.8508718460798264,512,,,,,,,,,,,
1975,0.7000019095370159,0.7,0.47265625,0.640274990350008,1.6970947831869125,0.07414908148348331,0.24313235841691494,4.088995488811198e-07,0.07414908148348331,0.7571825981140137,0.0784652978181839,0.6645160466432571,0.5860507488250732,512,,,,,,,,,,,
1976,0.7000019174555073,0.7,0.51171875,0.6617696583271027,1.7246885150671005,0.14066402427852154,0.28067401237785816,3.9778832901876675e-07,0.14066402427852154,0.7520165741443634,0.13230913877487183,1.497096061706543,1.3647869229316711,512,0.0006345278234221041,0.0006345278234221041,0.03,61,0.7000019174555073,61,6,48,36,61,6
1977,0.7000019174555073,0.7,0.48046875,0.5693066045641899,1.5192412436008453,0.08837680611759424,0.20593022927641869,3.868295581862136e-07,0.08837680611759424,0.7653661668300629,0.03764369338750839,1.0586787462234497,1.0210350528359413,512,,,,,,,,,,,
1978,0.7000019174555073,0.7,0.443359375,0.8211593478918076,2.2530192136764526,0.0834003770723939,0.23534232564270496,3.7602327006450167e-07,0.0834003770723939,0.753911092877388,0.13654427975416183,1.3562513701617718,1.21970709040761,512,,,,,,,,,,,
1979,0.7000019174555073,0.7,0.48828125,0.3547768145799637,0.9383333474397659,0.09171730745583773,0.13674786686897278,3.653694978660138e-07,0.09171730745583773,0.7722167521715164,0.021612882614135742,1.2843659818172455,1.2627530992031097,512,,,,,,,,,,,
1980,0.7000019174555073,0.7,0.482421875,0.5743063911795616,1.51542267203331,0.08016514405608177,0.22489966079592705,3.5486827433440785e-07,0.08016514405608177,0.7399023026227951,0.1661784052848816,0.983054056763649,0.8168756514787674,512,,,,,,,,,,,
1981,0.7000019174555073,0.7,0.451171875,0.5657321959733963,1.528003379702568,0.09885994903743267,0.1863364838063717,3.445196317444666e-07,0.09885994903743267,0.7503027021884918,0.07380719482898712,1.1534561514854431,1.079648956656456,512,,,,,,,,,,,
1982,0.7000019174555073,0.7,0.455078125,0.3630566708743572,0.9855156093835831,0.07016412541270256,0.11465602368116379,3.343236019020535e-07,0.07016412541270256,0.7631640285253525,0.10692916065454483,1.1940760165452957,1.0871468558907509,512,,,,,,,,,,,
1983,0.7000019174555073,0.7,0.474609375,0.38606245815753937,1.012795940041542,0.09948987327516079,0.15709026902914047,3.2428021614396286e-07,0.09948987327516079,0.7802636623382568,0.10119256377220154,0.9969390630722046,0.895746499300003,512,,,,,,,,,,,
1984,0.7000019222066023,0.7,0.42578125,0.3247656002640724,0.8649521321058273,0.07546136528253555,0.11918600089848042,3.143895053378698e-07,0.07546136528253555,0.7572753578424454,0.0826960951089859,0.6731177866458893,0.5904216915369034,512,0.00038943233084864914,0.00038943233084864914,0.03,33,0.7000019222066023,33,0,25,25,33,0
1985,0.7000019222066023,0.7,0.490234375,0.48141640424728394,1.2815499901771545,0.14515526592731476,0.17728754878044128,3.04651499882197e-07,0.14515526592731476,0.7529101222753525,0.2634461224079132,1.4823002219200134,1.2188540995121002,512,,,,,,,,,,,
1986,0.7000019222066023,0.7,0.57421875,0.4997674748301506,1.3307645916938782,0.09589185938239098,0.18368221633136272,2.95066229706048e-07,0.09589185938239098,0.738154262304306,0.14386440813541412,2.024907171726227,1.8810427635908127,512,,,,,,,,,,,
1987,0.7000019222066023,0.7,0.578125,0.7447159215807915,2.009636417031288,0.10541698895394802,0.2470784578472376,2.8563372426909094e-07,0.10541698895394802,0.7609277218580246,0.12549251317977905,1.4028396904468536,1.2773471772670746,512,,,,,,,,,,,
1988,0.7000019222066023,0.7,0.484375,0.522277906537056,1.4013968855142593,0.11631394922733307,0.18126335367560387,2.7635401256149163e-07,0.11631394922733307,0.7363867163658142,0.07001860439777374,1.5156479626893997,1.445629358291626,512,,,,,,,,,,,
1989,0.7000019222066023,0.7,0.4609375,0.5357441082596779,1.4540251046419144,0.0818202868103981,0.1694418154656887,2.672271231038248e-07,0.0818202868103981,0.7441064417362213,0.057896703481674194,0.6160437613725662,0.558147057890892,512,,,,,,,,,,,
1990,0.7000019222066023,0.7,0.458984375,0.452426515519619,1.2224823832511902,0.0820759441703558,0.1485070064663887,2.582530839469521e-07,0.0820759441703558,0.7677197158336639,0.0705345869064331,0.7558098062872887,0.6852752193808556,512,,,,,,,,,,,
1991,0.7000019222066023,0.7,0.466796875,0.4946106784045696,1.3114462345838547,0.08519099839031696,0.18737389147281647,2.4943192267198323e-07,0.08519099839031696,0.7744970619678497,0.13737545907497406,1.2450647801160812,1.1076893210411072,512,,,,,,,,,,,
1992,0.7000019263818068,0.7,0.494140625,0.4844902381300926,1.321320965886116,0.09069226589053869,0.1468312069773674,2.407636663901591e-07,0.09069226589053869,0.7546777129173279,0.16258564591407776,1.3847928494215012,1.2222072035074234,512,0.00017900115926750004,0.00017900115926750004,0.03,30,0.7000019263818068,30,1,23,21,30,1
1993,0.7000019263818068,0.7,0.71875,0.7136196494102478,1.9194127172231674,0.10812330711632967,0.24307099916040897,2.3224834174276898e-07,0.10812330711632967,0.7441210746765137,0.7237915247678757,1.9550128877162933,1.2312213629484177,512,,,,,,,,,,,
1994,0.7000019263818068,0.7,0.458984375,0.7322075664997101,1.9613409042358398,0.09396353363990784,0.2574698179960251,2.238859749010891e-07,0.09396353363990784,0.7623437345027924,0.08599433302879333,1.5247954949736595,1.4388011619448662,512,,,,,,,,,,,
1995,0.7000019263818068,0.7,0.423828125,0.4994906112551689,1.333936795592308,0.08081886172294617,0.1796710453927517,2.1567659156628285e-07,0.08081886172294617,0.7608153969049454,0.02258273959159851,0.9249328076839447,0.9023500680923462,512,,,,,,,,,,,
1996,0.7000019263818068,0.7,0.4609375,0.47230444103479385,1.280392736196518,0.09807650744915009,0.15083273127675056,2.0762021696933976e-07,0.09807650744915009,0.7531298696994781,0.06686955690383911,0.915150836110115,0.8482812792062759,512,,,,,,,,,,,
1997,0.7000019263818068,0.7,0.5703125,0.7346983850002289,1.9873282760381699,0.12079486437141895,0.2390303798019886,1.9971687587097554e-07,0.12079486437141895,0.7454541027545929,0.1117747500538826,1.5733871906995773,1.4616124406456947,512,,,,,,,,,,,
1998,0.7000019263818068,0.7,0.55078125,0.40766263753175735,1.10111665725708,0.10447865910828114,0.13422466069459915,1.91966592561571e-07,0.10447865910828114,0.7390087842941284,0.10527896881103516,1.3663313686847687,1.2610523998737335,512,,,,,,,,,,,
1999,0.7000019263818068,0.7,0.50390625,0.3845919296145439,1.028443917632103,0.11698618531227112,0.13698609918355942,1.8436939086109995e-07,0.11698618531227112,0.7478954941034317,0.10201820731163025,0.9564784467220306,0.8544602394104004,512,,,,,,,,,,,
2000,0.7000019295492034,0.7,0.40625,0.40337179601192474,1.0865299552679062,0.06950352806597948,0.13580873794853687,1.7692529411904578e-07,0.06950352806597948,0.7590527087450027,0.05323043465614319,0.5954229459166527,0.5421925112605095,512,0.00030726511613465846,0.00030726511613465846,0.03,22,0.7000019295492034,22,0,13,13,22,0
2001,0.7000019295492034,0.7,0.416015625,0.4879157170653343,1.3122779428958893,0.0840864721685648,0.16625449620187283,1.6963432521432955e-07,0.0840864721685648,0.7593066394329071,0.10737334191799164,0.8238609433174133,0.7164876013994217,512,,,,,,,,,,,
2002,0.7000019295492034,0.7,0.484375,0.47342823445796967,1.2552317529916763,0.11939168721437454,0.1793992519378662,1.6249650655525417e-07,0.11939168721437454,0.7526171654462814,0.11753198504447937,1.9990828037261963,1.881550818681717,512,,,,,,,,,,,
2003,0.7000019295492034,0.7,0.482421875,0.3494426757097244,0.9312607198953629,0.10109940357506275,0.12765643559396267,1.555118600794103e-07,0.10109940357506275,0.7718163728713989,0.11611174046993256,1.3426223397254944,1.2265105992555618,512,,,,,,,,,,,
2004,0.7000019295492034,0.7,0.431640625,0.34656230360269547,0.9287933260202408,0.14142905920743942,0.1213954146951437,1.4868040725365407e-07,0.14142905920743942,0.7507812529802322,0.1828521341085434,2.1732409596443176,1.9903888255357742,512,,,,,,,,,,,
2005,0.7000019295492034,0.7,0.421875,0.3648866266012192,0.9802352488040924,0.06500636041164398,0.12548176012933254,1.4200216907397367e-07,0.06500636041164398,0.758784145116806,0.0828368067741394,0.6682122424244881,0.5853754356503487,512,,,,,,,,,,,
2006,0.7000019295492034,0.7,0.4375,0.4635549485683441,1.2540034800767899,0.08120541088283062,0.15070846118032932,1.3547716606548966e-07,0.08120541088283062,0.7503076046705246,0.13353559374809265,0.9866945669054985,0.8531589731574059,512,,,,,,,,,,,
2007,0.7000019295492034,0.7,0.546875,0.6007870212197304,1.6002451181411743,0.09372001886367798,0.22032152861356735,1.2910541828235478e-07,0.09372001886367798,0.7597509622573853,0.08471088111400604,0.7722195535898209,0.6875086724758148,512,,,,,,,,,,,
2008,0.7000019327165999,0.7,1.1796875,0.39716941863298416,1.062281385064125,0.08832904603332281,0.14126230776309967,1.228869453076986e-07,0.08832904603332281,0.7536230236291885,0.10013478994369507,0.9402386993169785,0.8401039093732834,512,0.0006526047945953906,0.0006526047945953906,0.03,22,0.7000019327165999,22,0,11,11,22,0
2009,0.7000019327165999,0.7,0.52734375,0.5539757385849953,1.50633105635643,0.1510783303529024,0.17238320037722588,1.1682176625358309e-07,0.1510783303529024,0.751777321100235,0.154136061668396,2.3865153193473816,2.2323792576789856,512,,,,,,,,,,,
2010,0.7000019327165999,0.7,0.578125,0.5606791600584984,1.5025589168071747,0.09127304144203663,0.19646883569657803,1.1090989976091926e-07,0.09127304144203663,0.7634472548961639,0.08285146206617355,0.7577014192938805,0.6748499572277069,512,,,,,,,,,,,
2011,0.7000019327165999,0.7,0.435546875,0.5868237614631653,1.5668562948703766,0.07518845237791538,0.21139749139547348,1.0515136399943393e-07,0.07518845237791538,0.7603564262390137,0.03343164920806885,0.7326776385307312,0.6992459893226624,512,,,,,,,,,,,
2012,0.7000019327165999,0.7,0.44140625,0.5347816646099091,1.4324158132076263,0.11167425103485584,0.1881345510482788,9.954617666758648e-08,0.11167425103485584,0.7467333823442459,0.0997534692287445,2.170996844768524,2.0712433755397797,512,,,,,,,,,,,
2013,0.7000019327165999,0.7,0.482421875,0.514374703168869,1.3707242012023926,0.08839514758437872,0.18798699788749218,9.409435499254104e-08,0.08839514758437872,0.7575487792491913,0.09243503957986832,1.1932136192917824,1.100778579711914,512,,,,,,,,,,,
2014,0.7000019327165999,0.7,0.5390625,0.6632923483848572,1.7853327095508575,0.10867026727646589,0.22464406862854958,8.879591573010548e-08,0.10867026727646589,0.7055322080850601,0.30564718693494797,2.539802685379982,2.234155498445034,512,,,,,,,,,,,
2015,0.7000019327165999,0.7,0.431640625,0.3707541301846504,0.9865283221006393,0.12218223139643669,0.13696901313960552,8.36508751646703e-08,0.12218223139643669,0.7531542778015137,0.1403093934059143,1.6052700728178024,1.4649606794118881,512,,,,,,,,,,,
2016,0.7000019344442708,0.7,0.50390625,0.5253997966647148,1.4046874046325684,0.09941362403333187,0.18743312172591686,7.865924910916977e-08,0.09941362403333187,0.7756054401397705,0.07573404908180237,0.870670273900032,0.7949362248182297,512,0.0003440239524934441,0.0003440239524934441,0.03,12,0.7000019344442708,12,0,10,10,12,0
2017,0.7000019344442708,0.7,0.46875,0.5342313274741173,1.4443563371896744,0.08903308026492596,0.17452639155089855,7.382105290503205e-08,0.08903308026492596,0.755449190735817,0.040255770087242126,0.6039642468094826,0.5637084767222404,512,,,,,,,,,,,
2018,0.7000019344442708,0.7,0.494140625,0.6740077883005142,1.8032462447881699,0.06374664418399334,0.2392014693468809,6.913630142211802e-08,0.06374664418399334,0.7663818150758743,0.05622202157974243,0.62600177526474,0.5697797536849976,512,,,,,,,,,,,
2019,0.7000019344442708,0.7,0.453125,0.7427684515714645,2.0019141733646393,0.11235175468027592,0.2488991767168045,6.46050090586936e-08,0.11235175468027592,0.7587109059095383,0.1287825107574463,1.748054638504982,1.6192721277475357,512,,,,,,,,,,,
2020,0.7000019344442708,0.7,0.47265625,0.36653486639261246,0.9749876856803894,0.1370386090129614,0.13572399131953716,6.022718974137975e-08,0.1370386090129614,0.7520898133516312,0.1951809525489807,1.808889091014862,1.6137081384658813,512,,,,,,,,,,,
2021,0.7000019344442708,0.7,0.5,0.7397935092449188,1.9601002633571625,0.13463231921195984,0.2816981077194214,5.600285692510809e-08,0.13463231921195984,0.7439404129981995,0.10933239758014679,1.9455476850271225,1.8362152874469757,512,,,,,,,,,,,
2022,0.7000019344442708,0.7,0.609375,0.35859593003988266,0.9657817482948303,0.08468596264719963,0.12087256275117397,5.193202359308202e-08,0.08468596264719963,0.7474120855331421,0.10902762413024902,1.4339457005262375,1.3249180763959885,512,,,,,,,,,,,
2023,0.7000019344442708,0.7,0.486328125,0.6082800626754761,1.6476840823888779,0.07842132542282343,0.19558871909976006,4.801470225672122e-08,0.07842132542282343,0.7711376547813416,0.06462220102548599,0.800451323390007,0.735829122364521,512,,,,,,,,,,,
2024,0.7000019354520789,0.7,0.392578125,0.3757971152663231,1.0126364678144455,0.10292710363864899,0.12614258378744125,4.4250904955656095e-08,0.10292710363864899,0.7753124684095383,0.11152532696723938,1.5160936117172241,1.4045682847499847,512,8.230777166318148e-05,8.230777166318148e-05,0.03,7,0.7000019354520789,7,0,4,4,7,0
2025,0.7000019354520789,0.7,0.50390625,0.9256254658102989,2.4977211356163025,0.09565834701061249,0.30720444954931736,4.06406432576556e-08,0.09565834701061249,0.7591943293809891,0.192411407828331,1.6343539357185364,1.4419425278902054,512,,,,,,,,,,,
2026,0.7000019354520789,0.7,0.4375,0.32981593161821365,0.8731693029403687,0.13399314507842064,0.12627287954092026,3.718392825862171e-08,0.13399314507842064,0.7469335794448853,0.178385391831398,1.1615757942199707,0.9831904023885727,512,,,,,,,,,,,
2027,0.7000019354520789,0.7,0.404296875,0.344124510884285,0.9274926036596298,0.09338011033833027,0.11530891060829163,3.388077058252281e-08,0.09338011033833027,0.7639599591493607,0.09522327780723572,0.960582509636879,0.8653592318296432,512,,,,,,,,,,,
2028,0.7000019354520789,0.7,0.46484375,0.5335686057806015,1.422017589211464,0.10229658149182796,0.19485690630972385,3.073118038139921e-08,0.10229658149182796,0.7543407827615738,0.052942097187042236,1.0339022129774094,0.9809601157903671,512,,,,,,,,,,,
2029,0.7000019354520789,0.7,0.431640625,0.47557368874549866,1.2657836377620697,0.08359037805348635,0.1753486692905426,2.7735167335302125e-08,0.08359037805348635,0.7579687535762787,0.10712448507547379,0.764292985200882,0.6571685001254082,512,,,,,,,,,,,
2030,0.7000019354520789,0.7,0.4609375,0.3498801365494728,0.9439345300197601,0.11649295873939991,0.11630826070904732,2.4892740652265877e-08,0.11649295873939991,0.7654150128364563,0.055205777287483215,1.3570434153079987,1.3018376380205154,512,,,,,,,,,,,
2031,0.7000019354520789,0.7,0.474609375,0.6888018101453781,1.8596143424510956,0.09093831293284893,0.2276638150215149,2.2203909068302387e-08,0.09093831293284893,0.7389257252216339,0.05898410826921463,1.3732230886816978,1.3142389804124832,512,,,,,,,,,,,
2032,0.7000019358839966,0.7,0.43359375,0.6197445243597031,1.6866275519132614,0.1381099820137024,0.19138607569038868,1.9668680847356735e-08,0.1381099820137024,0.7401366829872131,0.16388782858848572,1.9898277819156647,1.825939953327179,512,0.0001780768798198551,0.0001780768798198551,0.03,3,0.7000019358839966,3,0,2,2,3,0
2033,0.7000019358839966,0.7,0.439453125,0.4283689484000206,1.1483266800642014,0.09576305747032166,0.1497610006481409,1.728706378126832e-08,0.09576305747032166,0.7577001750469208,0.14078325033187866,1.0840137600898743,0.9432305097579956,512,,,,,,,,,,,
2034,0.7000019358839966,0.7,0.62890625,0.49083132296800613,1.3287697732448578,0.06440679263323545,0.1585977952927351,1.5059065189787503e-08,0.06440679263323545,0.7461230158805847,0.051878929138183594,0.4642690271139145,0.4123900979757309,512,,,,,,,,,,,
2035,0.7000019358839966,0.7,0.50390625,0.6825930252671242,1.8207924515008926,0.12172770500183105,0.24767117947340012,1.2984691920514547e-08,0.12172770500183105,0.7560595571994781,0.11507585644721985,1.4386371672153473,1.3235613107681274,512,,,,,,,,,,,
2036,0.7000019358839966,0.7,0.51953125,0.3309137597680092,0.8919795602560043,0.09356897510588169,0.11078938655555248,1.1063950348888518e-08,0.09356897510588169,0.7598730325698853,0.1931600719690323,1.3045302778482437,1.1113702058792114,512,,,,,,,,,,,
2037,0.7000019358839966,0.7,0.5078125,0.3398849591612816,0.9127414524555206,0.1676713153719902,0.11721294187009335,9.296846378181734e-09,0.1676713153719902,0.731015607714653,-0.03214758634567261,2.600902557373047,2.6330501437187195,512,,,,,,,,,,,
2038,0.7000019358839966,0.7,0.455078125,0.47896401211619377,1.279291570186615,0.08115970157086849,0.17211448214948177,7.68338543946645e-09,0.08115970157086849,0.768002912402153,0.08252076059579849,0.794366717338562,0.7118459567427635,512,,,,,,,,,,,
2039,0.7000019358839966,0.7,0.5,0.5650607347488403,1.5232716798782349,0.0808823574334383,0.18903353810310364,6.223572491614871e-09,0.0808823574334383,0.770454078912735,0.06317015737295151,0.706455335021019,0.6432851776480675,512,,,,,,,,,,,
2040,0.7000019358839966,0.7,0.640625,0.3847971558570862,1.0404559820890427,0.14643120672553778,0.12559594959020615,4.917412021249179e-09,0.14643120672553778,0.6936279088258743,0.10125764459371567,1.6587495133280754,1.5574918687343597,512,0,0,0.03,0,0.7000019358839966,0,0,0,0,0,0
2041,0.7000019358839966,0.7,0.515625,0.4133455380797386,1.1177634000778198,0.1481597814708948,0.1347988061606884,3.764908042774851e-09,0.1481597814708948,0.742011696100235,0.1292731910943985,1.5248333364725113,1.3955601453781128,512,,,,,,,,,,,
2042,0.7000019358839966,0.7,0.419921875,0.46269967406988144,1.2328816056251526,0.08875739760696888,0.16923856176435947,2.7660640983251383e-09,0.08875739760696888,0.7336816340684891,0.12578590214252472,1.248214989900589,1.1224290877580643,512,,,,,,,,,,,
2043,0.7000019358839966,0.7,0.455078125,0.532725915312767,1.4402316361665726,0.06087345350533724,0.1740893218666315,1.9208832577943814e-09,0.06087345350533724,0.759580060839653,0.057162292301654816,0.5078260228037834,0.4506637305021286,512,,,,,,,,,,,
2044,0.7000019358839966,0.7,0.4375,0.3799772635102272,1.0208484530448914,0.10016842931509018,0.130597785115242,1.22936811877139e-09,0.10016842931509018,0.7525732219219208,0.11925061047077179,0.8248850852251053,0.7056344747543335,512,,,,,,,,,,,
2045,0.7000019358839966,0.7,0.55078125,0.5550438091158867,1.5036486089229584,0.11770329810678959,0.17830226570367813,6.915208065894075e-10,0.11770329810678959,0.7456884533166885,-0.013714656233787537,1.0389564633369446,1.0526711195707321,512,,,,,,,,,,,
2046,0.7000019358839966,0.7,1.2109375,0.6333212330937386,1.7193127274513245,0.1165598202496767,0.1998424418270588,3.073429742872502e-10,0.1165598202496767,0.7714599370956421,0.06597872078418732,1.073001965880394,1.0070232450962067,512,,,,,,,,,,,
2047,0.7000019358839966,0.7,0.5546875,0.5416119694709778,1.45637346804142,0.129082091152668,0.1848748680204153,7.683580260930968e-11,0.129082091152668,0.7452245950698853,0.1083807647228241,1.212975949048996,1.1045951843261719,512,,,,,,,,,,,
2048,0.7000019358839966,0.7,0.439453125,0.36138492822647095,0.976555347442627,0.06858940422534943,0.11855044029653072,0,0.06858940422534943,0.7476464509963989,0.05973189324140549,0.6453830301761627,0.5856511369347572,512,0,0,0.03,0,0.7000019358839966,0,0,0,0,0,0
