step,train/sparsity,train/target_sparsity,train/grad_norm,train/loss,train/ntp_loss,train/onpolicy_kd_loss,train/aux_loss,train/lr,onpolicy/kl_loss,onpolicy/overlap_ratio_top100,onpolicy/entropy_gap,onpolicy/student_entropy,onpolicy/teacher_entropy,onpolicy/gen_tokens,pgd/kl_at_full_pgd,pgd/kl_at_k_actual,pgd/kl_budget,pgd/k_actual,pgd/post_sparsity,pgd/prunings,pgd/revivals,pgd/turnover,pgd/net_growth,pgd/n_prune_cand,pgd/n_revive_cand
1,0,0.0013662975971344914,1.5625,0.6175520643591881,1.8713698387145996,0,0,3.90625e-07,0,1,0,0.5784355998039246,0.5784355998039246,512,,,,,,,,,,,
2,0,0.0027308161611910853,1.5,0.49872537702322006,1.5112889558076859,0,0,7.8125e-07,0,1,0,0.5135655701160431,0.5135655701160431,512,,,,,,,,,,,
3,0,0.0040935568511486055,1.6328125,0.34452487528324127,1.0437169820070267,0.00036793584149563685,0.0002977947879116982,1.1718750000000001e-06,0.00036793584149563685,0.9903661906719208,0.00029940903186798096,0.6044311076402664,0.6041316986083984,512,,,,,,,,,,,
4,0,0.005454520825986419,1.53125,0.2742694541811943,0.8308421969413757,0.00035568332532420754,0.0002773242522380315,1.5625e-06,0.00035568332532420754,0.9909960627555847,0.0006788671016693115,0.6940016001462936,0.6933227330446243,512,,,,,,,,,,,
5,0,0.006813709244684052,1.484375,0.3954368270933628,1.1979834288358688,0.00033192393311765045,0.00030994517874205485,1.953125e-06,0.00033192393311765045,0.9905908405780792,0.0023340582847595215,0.5134003162384033,0.5110662579536438,512,,,,,,,,,,,
6,0,0.008171123266220092,1.5078125,0.5464202016592026,1.655529424548149,0.0003641963703557849,0.00028928096435265616,2.3437500000000002e-06,0.0003641963703557849,0.9905419945716858,0.006449751555919647,0.8035058006644249,0.7970560491085052,512,,,,,,,,,,,
7,0,0.009526764049574065,1.7421875,0.5154911428689957,1.5617242455482483,0.0003590507330955006,0.0003700093657243997,2.734375e-06,0.0003590507330955006,0.9886035025119781,0.006779886782169342,1.1834193542599678,1.1766394674777985,512,,,,,,,,,,,
8,8.206436599510303e-09,0.010880632753725493,1.0234375,0.3667277693748474,1.1109108924865723,0.0004833016064367257,0.00038532302278326824,3.125e-06,0.0004833016064367257,0.9892382621765137,0.017594672739505768,0.7659081444144249,0.7483134716749191,512,5.667264938354492,0,0.03,63,8.206436599510303e-09,57,0,12,12,4862037748.0,0
9,8.206436599510303e-09,0.012232730537652968,1.3203125,0.47718723863363266,1.4454145282506943,0.0005425337003543973,0.0006073929180274718,3.5156250000000003e-06,0.0005425337003543973,0.9881005734205246,0.02465324103832245,0.8273637443780899,0.8027105033397675,512,,,,,,,,,,,
10,8.206436599510303e-09,0.013583058560336014,1.3359375,0.5114796608686447,1.549035832285881,0.0005078336180304177,0.0009024462342495099,3.90625e-06,0.0005078336180304177,0.988779291510582,0.024792984127998352,0.7120495215058327,0.6872565373778343,512,,,,,,,,,,,
11,8.206436599510303e-09,0.014931617980753997,1.6015625,0.4349019005894661,1.3165806084871292,0.0009438282431801781,0.0013039281911915168,4.296875e-06,0.0009438282431801781,0.9860497862100601,0.05636579543352127,1.04099141061306,0.9846256151795387,512,,,,,,,,,,,
12,8.206436599510303e-09,0.01627840995788574,1.046875,0.33880845829844475,1.0248464345932007,0.0010152359609492123,0.0018458230188116431,4.6875000000000004e-06,0.0010152359609492123,0.9857812523841858,0.05181684345006943,1.0121103152632713,0.9602934718132019,512,,,,,,,,,,,
13,8.206436599510303e-09,0.017623435650710617,0.8515625,0.47026700526475906,1.4224568605422974,0.002198865928221494,0.00259463008842431,5.078125000000001e-06,0.002198865928221494,0.9846191108226776,0.10440927743911743,1.4361386746168137,1.3317293971776962,512,,,,,,,,,,,
14,8.206436599510303e-09,0.018966696218208144,0.8046875,0.3153029568493366,0.9512556344270706,0.0020787693792954087,0.00420784461311996,5.46875e-06,0.0020787693792954087,0.9816699028015137,0.08009758591651917,0.8341904208064079,0.7540928348898888,512,,,,,,,,,,,
15,8.206436599510303e-09,0.02030819281935692,0.7421875,0.2952447831630707,0.8891450017690659,0.0022595674090553075,0.0055361392442137,5.859375e-06,0.0022595674090553075,0.9765966385602951,0.06854245811700821,0.6371467635035515,0.5686043053865433,512,,,,,,,,,,,
16,5.832328888529165e-07,0.021647926613136536,0.8125,0.29353751242160797,0.8813115954399109,0.00448090244026389,0.008195956703275442,6.25e-06,0.00448090244026389,0.9744091331958771,0.1529809609055519,1.3818030655384064,1.2288221046328545,512,3.6030771732330322,0,0.03,3969,5.832328888529165e-07,3994,0,1354,1354,4862100830.0,0
17,5.832328888529165e-07,0.022985898758526288,0.88671875,0.4694797471165657,1.4115206003189087,0.004237460321746767,0.01114523271098733,6.6406250000000005e-06,0.004237460321746767,0.9731298685073853,0.12025079131126404,0.9828984886407852,0.8626476973295212,512,,,,,,,,,,,
18,5.832328888529165e-07,0.024322110414505004,0.73046875,0.45133962854743004,1.3577602207660675,0.005015919858124107,0.009935609064996243,7.031250000000001e-06,0.005015919858124107,0.9705273061990738,0.12618836760520935,0.8648675233125687,0.7386791557073593,512,,,,,,,,,,,
19,5.832328888529165e-07,0.025656562740052125,0.76953125,0.4753671661019325,1.4281273633241653,0.003220612881705165,0.012379165273159742,7.421875e-06,0.003220612881705165,0.9657324105501175,0.05902101844549179,0.5489657372236252,0.4899447187781334,512,,,,,,,,,,,
20,5.832328888529165e-07,0.026989256894147017,0.98046875,0.4635448381304741,1.3897820711135864,0.005144962517078966,0.014899207511916757,7.8125e-06,0.005144962517078966,0.9635204970836639,0.09883353114128113,0.7391653209924698,0.6403317898511887,512,,,,,,,,,,,
21,5.832328888529165e-07,0.028320194035768506,0.67578125,0.646720252931118,1.9505223333835602,0.004764702578540891,0.009235928882844746,8.203125000000001e-06,0.004764702578540891,0.9637402147054672,0.08200246840715408,0.7452686801552773,0.6632662117481232,512,,,,,,,,,,,
22,5.832328888529165e-07,0.029649375323895964,0.74609375,0.4291868135333061,1.287064328789711,0.004806489800103009,0.013501687324605882,8.59375e-06,0.004806489800103009,0.9649853259325027,0.11041924357414246,0.9494783580303192,0.8390591144561768,512,,,,,,,,,,,
23,5.832328888529165e-07,0.03097680191750883,0.68359375,0.366112619638443,1.092229887843132,0.004014729347545654,0.017202232033014297,8.984375e-06,0.004014729347545654,0.9588720500469208,0.05561866611242294,0.5908599942922592,0.5352413281798363,512,,,,,,,,,,,
24,3.650079026890262e-05,0.032302474975585936,0.54296875,0.3712182641029358,1.1081944853067398,0.004074948083143681,0.016709306044504046,9.375000000000001e-06,0.004074948083143681,0.9605517238378525,0.04344690591096878,0.5556072369217873,0.5121603310108185,512,3.9374749660491943,0.0017579146660864353,0.03,250047,3.650079026890262e-05,249475,0,86211,86211,4862037922.0,0
25,3.650079026890262e-05,0.03362639565710664,0.515625,0.33551353961229324,0.9976444095373154,0.004022762586828321,0.019063251093029976,9.765625e-06,0.004022762586828321,0.9601074010133743,0.02934131771326065,0.6134681478142738,0.5841268301010132,512,,,,,,,,,,,
26,3.650079026890262e-05,0.03494856512105032,0.5625,0.4139243848621845,1.2379063218832016,0.004276450024917722,0.016409957548603415,1.0156250000000001e-05,0.004276450024917722,0.9530370831489563,0.015947148203849792,0.8825389593839645,0.8665918111801147,512,,,,,,,,,,,
27,3.650079026890262e-05,0.03626898452639579,0.59375,0.48057299852371216,1.4424041211605072,0.0052152188727632165,0.013877602061256766,1.0546875e-05,0.0052152188727632165,0.9583495557308197,0.009587109088897705,1.2335500568151474,1.2239629477262497,512,,,,,,,,,,,
28,3.650079026890262e-05,0.03758765503212251,0.578125,0.3265613280236721,0.9680889546871185,0.00594019063282758,0.021490806713700294,1.09375e-05,0.00594019063282758,0.9523535072803497,0.021969810128211975,0.9363314434885979,0.9143616333603859,512,,,,,,,,,,,
29,3.650079026890262e-05,0.038904577797209836,0.578125,0.4490012153983116,1.3401584774255753,0.0058644077507779,0.02045124676078558,1.1328125000000001e-05,0.0058644077507779,0.9543896168470383,-0.018656417727470398,0.6275169476866722,0.6461733654141426,512,,,,,,,,,,,
30,3.650079026890262e-05,0.0402197539806366,0.66796875,0.41918671876192093,1.249018907546997,0.0063661546446383,0.021243857918307185,1.171875e-05,0.0063661546446383,0.9505908191204071,0.009439803659915924,0.5355895459651947,0.5261497423052788,512,,,,,,,,,,,
31,3.650079026890262e-05,0.04153318474138215,0.416015625,0.2916133292019367,0.8600714802742004,0.006966594024561346,0.023605228401720524,1.2109375000000001e-05,0.006966594024561346,0.9507763236761093,0.023350611329078674,1.4407796412706375,1.4174290299415588,512,,,,,,,,,,,
32,0.045112970514573913,0.04284487123842596,0.46484375,0.4093950092792511,1.2117044180631638,0.007540852762758732,0.028886460699141026,1.25e-05,0.007540852762758732,0.9492431581020355,-0.009386636316776276,0.6618672013282776,0.6712538376450539,512,4.934011936187744,0.0011065816506743431,0.03,15752961.0,0.045112970514573913,15752964.0,1,8441308.0,8441308.0,4564545044.0,1
33,0.045112970514573913,0.04415481463074684,0.55859375,0.40373461693525314,1.1927029192447662,0.006891535012982786,0.030735289677977562,1.2890625e-05,0.006891535012982786,0.9464648216962814,-0.025884203612804413,0.8512376770377159,0.8771218806505203,512,,,,,,,,,,,
34,0.045112970514573913,0.045463016077324156,0.5390625,0.5508234426379204,1.6474930346012115,0.007282212085556239,0.02166880387812853,1.3281250000000001e-05,0.007282212085556239,0.9469823837280273,-0.002432815730571747,0.6188119128346443,0.6212447285652161,512,,,,,,,,,,,
35,0.045112970514573913,0.04676947673713728,0.388671875,0.4014452025294304,1.1910562813282013,0.006020218366757035,0.0254442875739187,1.3671875e-05,0.006020218366757035,0.9428906142711639,0.007944323122501373,0.43055057525634766,0.4226062521338463,512,,,,,,,,,,,
36,0.045112970514573913,0.048074197769165036,0.5078125,0.33385422825813293,0.9823975116014481,0.008061583619564772,0.029281964991241693,1.4062500000000001e-05,0.008061583619564772,0.9427294880151749,0.03517455607652664,0.7201660871505737,0.6849915310740471,512,,,,,,,,,,,
37,0.045112970514573913,0.04937718033238687,0.55859375,0.4355485141277313,1.291930615901947,0.011806125519797206,0.027913305209949613,1.4453125e-05,0.011806125519797206,0.9392382800579071,0.05075523257255554,1.7596339583396912,1.7088787257671356,512,,,,,,,,,,,
38,0.045112970514573913,0.050678425585782144,0.421875,0.542092815041542,1.6176621466875076,0.007494766963645816,0.02504331525415182,1.484375e-05,0.007494766963645816,0.9384277164936066,0.029489517211914062,0.4668339639902115,0.4373444467782974,512,,,,,,,,,,,
39,0.045112970514573913,0.051977934688329695,0.37109375,0.4004507213830948,1.1870856881141663,0.007810260634869337,0.02640129206702113,1.5234375000000001e-05,0.007810260634869337,0.9387255609035492,0.028741911053657532,0.49656081199645996,0.46781890094280243,512,,,,,,,,,,,
40,0.18799660574410848,0.05327570879900888,0.373046875,0.3940853103995323,1.1652960628271103,0.00909139250870794,0.02890181727707386,1.5625e-05,0.00909139250870794,0.9418847560882568,0.001468941569328308,0.8079400509595871,0.8064711093902588,512,3.131929636001587,0.014752981252968311,0.03,992436543.0,0.18799660574410848,992436499.0,0,572383542.0,572383542.0,4548706179.0,0
41,0.18799660574410848,0.054571749076799146,0.48046875,0.3025084137916565,0.8944167494773865,0.00970599427819252,0.022275377996265888,1.6015625e-05,0.00970599427819252,0.9343505650758743,0.012499481439590454,1.156076803803444,1.1435773223638535,512,,,,,,,,,,,
42,0.18799660574410848,0.055866056680679316,0.51953125,0.39059366285800934,1.1628704071044922,0.008449387270957232,0.02074670000001788,1.6406250000000002e-05,0.008449387270957232,0.9400732219219208,0.01635151356458664,0.7092084288597107,0.692856915295124,512,,,,,,,,,,,
43,0.18799660574410848,0.057158632769628764,0.470703125,0.4456649124622345,1.329641804099083,0.010367827606387436,0.0208578878082335,1.6796875e-05,0.010367827606387436,0.9426562488079071,0.03889601677656174,1.3225276842713356,1.2836316674947739,512,,,,,,,,,,,
44,0.18799660574410848,0.058449478502626856,0.51953125,0.49555617570877075,1.4800065457820892,0.010538871632888913,0.021678751800209284,1.71875e-05,0.010538871632888913,0.9316162019968033,0.03289070725440979,1.567221000790596,1.5343302935361862,512,,,,,,,,,,,
45,0.18799660574410848,0.05973859503865241,0.447265625,0.2885343097150326,0.8508216440677643,0.007974229520186782,0.023524706717580557,1.7578125000000002e-05,0.007974229520186782,0.9399853646755219,0.02889479696750641,0.5806976333260536,0.5518028363585472,512,,,,,,,,,,,
46,0.18799660574410848,0.06102598353668489,0.466796875,0.2970178872346878,0.8764618039131165,0.009825551009271294,0.02359233656898141,1.796875e-05,0.009825551009271294,0.9395214766263962,0.0055407509207725525,1.356698602437973,1.3511578515172005,512,,,,,,,,,,,
47,0.18799660574410848,0.062311645155703636,0.58203125,0.414793249219656,1.2329750806093216,0.00884182844310999,0.02397413831204176,1.8359375e-05,0.00884182844310999,0.9411572366952896,0.036772727966308594,0.6865054368972778,0.6497327089309692,512,,,,,,,,,,,
48,0.2906942420823563,0.0635955810546875,0.458984375,0.46678777039051056,1.3893996477127075,0.010552977211773396,0.025108717381954193,1.8750000000000002e-05,0.010552977211773396,0.9411279112100601,0.03916819393634796,0.87474624812603,0.835578054189682,512,2.809931993484497,0.027850361540913582,0.03,713313765.0,0.2906942420823563,713313897.0,0,389802008.0,389802008.0,3556287707.0,0
49,0.2906942420823563,0.06487779239261583,0.640625,0.542347576469183,1.582092896103859,0.012948357849381864,0.06138450000435114,1.9140625e-05,0.012948357849381864,0.9075976312160492,0.03235873579978943,0.6910845637321472,0.6587258279323578,512,,,,,,,,,,,
50,0.2906942420823563,0.06615828032846807,0.5625,0.4225318282842636,1.2389885485172272,0.014936717925593257,0.041410929057747126,1.953125e-05,0.014936717925593257,0.9165429472923279,0.08178257197141647,1.6316327005624771,1.5498501285910606,512,,,,,,,,,,,
51,0.2906942420823563,0.06743704602122307,0.8125,0.6003392264246941,1.764683946967125,0.011822910979390144,0.0545257767662406,1.9921875e-05,0.011822910979390144,0.9275292903184891,0.0249301940202713,0.7753555625677109,0.7504253685474396,512,,,,,,,,,,,
52,0.2906942420823563,0.06871409062986017,0.494140625,0.548070140182972,1.609453946352005,0.015590188791975379,0.05136467283591628,2.0312500000000002e-05,0.015590188791975379,0.9213769733905792,0.04316060245037079,0.8317720144987106,0.7886114120483398,512,,,,,,,,,,,
53,0.2906942420823563,0.06998941531335874,0.4453125,0.5260121300816536,1.5421914905309677,0.010747644235379994,0.05178460571914911,2.0703125e-05,0.010747644235379994,0.9324902296066284,0.02226807177066803,0.6125015169382095,0.5902334451675415,512,,,,,,,,,,,
54,0.2906942420823563,0.07126302123069762,0.5625,0.4997958578169346,1.4717816561460495,0.01053109229542315,0.042751187924295664,2.109375e-05,0.01053109229542315,0.9181152135133743,0.0034227296710014343,0.9944944456219673,0.9910717159509659,512,,,,,,,,,,,
55,0.2906942420823563,0.07253490954085626,0.6484375,0.4699101112782955,1.3905041962862015,0.021938412450253963,0.033465837594121695,2.1484375000000002e-05,0.021938412450253963,0.9211376905441284,-0.025007233023643494,0.8086929768323898,0.8337002098560333,512,,,,,,,,,,,
56,0.3548802655676137,0.073805081402814,1.6328125,0.40911537781357765,1.207371637225151,0.009357175091281533,0.032371926587074995,2.1875e-05,0.009357175091281533,0.9292724579572678,0.011600792407989502,0.49048782140016556,0.47888702899217606,512,1.5508251190185547,0.026734160259366035,0.03,445821102.0,0.3548802655676137,445821195.0,4,234229658.0,234229658.0,2842971282.0,4
57,0.3548802655676137,0.07507353797554969,0.46875,0.23626544699072838,0.6864719837903976,0.03325860481709242,0.029483881313353777,2.2265625e-05,0.03325860481709242,0.8986327946186066,0.0414084866642952,1.1302908584475517,1.0888823717832565,512,,,,,,,,,,,
58,0.3548802655676137,0.0763402804180427,0.66796875,0.6362808123230934,1.8700554072856903,0.021231746766716242,0.05806818697601557,2.2656250000000002e-05,0.021231746766716242,0.9044580012559891,0.06035689264535904,0.6957549452781677,0.6353980526328087,512,,,,,,,,,,,
59,0.3548802655676137,0.07760530988927244,0.546875,0.386993657797575,1.1290287226438522,0.024328998057171702,0.043679282534867525,2.3046875e-05,0.024328998057171702,0.9009277075529099,0.07035121321678162,0.9544718265533447,0.8841206133365631,512,,,,,,,,,,,
60,0.3548802655676137,0.07886862754821777,0.578125,0.3363800421357155,0.9772900640964508,0.018440806539729238,0.042043344117701054,2.34375e-05,0.018440806539729238,0.9078075885772705,0.06732960790395737,0.8708139806985855,0.8034843727946281,512,,,,,,,,,,,
61,0.3548802655676137,0.08013023455385804,0.55078125,0.2612859904766083,0.7571495622396469,0.017832604935392737,0.03462610812857747,2.3828125e-05,0.017832604935392737,0.9063232094049454,0.04903499782085419,0.6030323356389999,0.5539973378181458,512,,,,,,,,,,,
62,0.3548802655676137,0.08139013206517264,0.86328125,0.42086584866046906,1.2275284081697464,0.06146233668550849,0.04782260721549392,2.4218750000000003e-05,0.06146233668550849,0.8678466826677322,0.2831566035747528,2.1107088178396225,1.8275522142648697,512,,,,,,,,,,,
63,0.3548802655676137,0.08264832124114035,0.44921875,0.3936632350087166,1.1470770239830017,0.01666833716444671,0.04584182798862457,2.4609375e-05,0.01666833716444671,0.895932599902153,0.03469257801771164,1.3444201797246933,1.3097276017069817,512,,,,,,,,,,,
64,0.4130488262660261,0.08390480324074068,0.73046875,0.4851987287402153,1.416055679321289,0.02654996351338923,0.05424346588551998,2.5e-05,0.02654996351338923,0.8999999612569809,-0.054003238677978516,1.3291540741920471,1.3831573128700256,512,1.1477738618850708,0.02982422150671482,0.03,404025373.0,0.4130488262660261,404025297.0,3,207880164.0,207880164.0,2397135861.0,3
65,0.4130488262660261,0.08515957922295293,0.6953125,0.6952133029699326,2.0093121230602264,0.03575223032385111,0.09739480447024107,2.5390625000000002e-05,0.03575223032385111,0.8754394501447678,0.044657692313194275,1.1958534717559814,1.1511957794427872,512,,,,,,,,,,,
66,0.4130488262660261,0.08641265034675598,0.640625,0.33381007611751556,0.9578339606523514,0.026082432828843594,0.05371168628334999,2.578125e-05,0.026082432828843594,0.8849316239356995,0.017336569726467133,0.6359204649925232,0.6185838952660561,512,,,,,,,,,,,
67,0.4130488262660261,0.08766401777112916,1.2265625,0.3840396888554096,1.0901435166597366,0.03338509285822511,0.07361304853111506,2.6171875e-05,0.03338509285822511,0.8766113221645355,0.019577309489250183,0.5674506574869156,0.5478733479976654,512,,,,,,,,,,,
68,0.4130488262660261,0.08891368265505194,0.640625,0.48083946853876114,1.3915810137987137,0.025238800793886185,0.0655082082375884,2.6562500000000002e-05,0.025238800793886185,0.8731298744678497,0.017069846391677856,0.45077192783355713,0.4337020814418793,512,,,,,,,,,,,
69,0.4130488262660261,0.09016164615750312,0.51171875,0.4293471500277519,1.2236077040433884,0.0233493116684258,0.07744421809911728,2.6953125000000003e-05,0.0233493116684258,0.8861620873212814,0.01079898327589035,0.5484977141022682,0.5376987308263779,512,,,,,,,,,,,
70,0.4130488262660261,0.09140790943746209,0.5390625,0.3347603306174278,0.9685426950454712,0.03962430823594332,0.04588250629603863,2.734375e-05,0.03962430823594332,0.8712157905101776,-0.0270448699593544,0.8220337852835655,0.8490786552429199,512,,,,,,,,,,,
71,0.4130488262660261,0.09265247365390822,0.74609375,0.34885910153388977,1.0074841529130936,0.048662529326975346,0.0496645737439394,2.7734375e-05,0.048662529326975346,0.8531640619039536,-0.06068708002567291,1.1121317893266678,1.1728188693523407,512,,,,,,,,,,,
72,0.45303967580703147,0.09389533996582031,0.63671875,0.27295632287859917,0.7844684422016144,0.038930786307901144,0.042671892791986465,2.8125000000000003e-05,0.038930786307901144,0.8803808689117432,0.11908914893865585,1.3887894749641418,1.269700326025486,512,0.9594143629074097,0.029246730729937553,0.03,277767443.0,0.45303967580703147,277767144.0,4,139559769.0,139559769.0,1993122273.0,4
73,0.45303967580703147,0.09513650953217782,0.69140625,0.5524352192878723,1.5892505645751953,0.03485231101512909,0.08479548338800669,2.8515625e-05,0.03485231101512909,0.8684911876916885,0.04967623949050903,1.168864294886589,1.11918805539608,512,,,,,,,,,,,
74,0.45303967580703147,0.09637598351196013,0.6953125,0.4979669861495495,1.398806244134903,0.04321635561063886,0.1101845782250166,2.890625e-05,0.04321635561063886,0.8600146025419235,0.13006362318992615,0.933473140001297,0.8034095168113708,512,,,,,,,,,,,
75,0.45303967580703147,0.09761376306414604,0.89453125,0.41889069229364395,1.1946685016155243,0.04273265600204468,0.07469720114022493,2.9296875000000002e-05,0.04273265600204468,0.8512109071016312,0.06405944377183914,0.6837660074234009,0.6197065636515617,512,,,,,,,,,,,
76,0.45303967580703147,0.09884984934771493,0.75390625,0.43173306435346603,1.222638726234436,0.05683968495577574,0.08564326446503401,2.96875e-05,0.05683968495577574,0.8489501774311066,0.1849280297756195,1.5950756669044495,1.41014763712883,512,,,,,,,,,,,
77,0.45303967580703147,0.10008424352164624,0.578125,0.5676639303565025,1.6282696574926376,0.06411316804587841,0.09192395955324173,3.0078125e-05,0.06411316804587841,0.8522167503833771,-0.012253537774085999,1.313438355922699,1.325691893696785,512,,,,,,,,,,,
78,0.45303967580703147,0.10131694674491881,0.65234375,0.39322298765182495,1.1263824105262756,0.04243248701095581,0.06520233768969774,3.0468750000000002e-05,0.04243248701095581,0.8691894263029099,0.011589780449867249,0.9140034765005112,0.9024136960506439,512,,,,,,,,,,,
79,0.45303967580703147,0.102547960176512,1.015625,0.3224896676838398,0.9262082874774933,0.05601839069277048,0.05103312525898218,3.0859375e-05,0.05601839069277048,0.8337402194738388,-0.2308012992143631,1.4936527162790298,1.724454015493393,512,,,,,,,,,,,
80,0.47928367533545563,0.10377728497540517,0.49609375,0.43610816821455956,1.2448687851428986,0.030392050510272384,0.0766710601747036,3.125e-05,0.030392050510272384,0.847949206829071,0.010715529322624207,0.7973656803369522,0.786650151014328,512,0.8415676951408386,0.028654230758547783,0.03,182284883.0,0.47928367533545563,182284727.0,10,90569258.0,90569258.0,1715366596.0,10
81,0.47928367533545563,0.10500492230057716,0.73828125,0.4394000172615051,1.2623999118804932,0.06728124106302857,0.06911528669297695,3.1640625e-05,0.06728124106302857,0.8358984142541885,0.14637061208486557,0.96757922321558,0.8212086111307144,512,,,,,,,,,,,
82,0.47928367533545563,0.10623087331100739,0.66015625,0.31804515793919563,0.8947575390338898,0.06454895902425051,0.06901561375707388,3.203125e-05,0.06454895902425051,0.841630831360817,0.05555003881454468,0.7572027742862701,0.7016527354717255,512,,,,,,,,,,,
83,0.47928367533545563,0.10745513916567526,0.828125,0.5252382233738899,1.4856842160224915,0.05730115156620741,0.10594667866826057,3.2421875e-05,0.05730115156620741,0.8330516964197159,0.07581309974193573,1.213340662419796,1.1375275626778603,512,,,,,,,,,,,
84,0.47928367533545563,0.10867772102355956,0.55078125,0.3516143634915352,0.9958299100399017,0.0374078843742609,0.06966812908649445,3.2812500000000005e-05,0.0374078843742609,0.8474267423152924,0.07201933860778809,0.6477956101298332,0.5757762715220451,512,,,,,,,,,,,
85,0.47928367533545563,0.10989862004363969,0.53125,0.43712663277983665,1.2308409214019775,0.040855683851987123,0.09378514811396599,3.3203125e-05,0.040855683851987123,0.8332030922174454,0.02760956436395645,0.9974461793899536,0.9698366150259972,512,,,,,,,,,,,
86,0.47928367533545563,0.11111783738489507,0.7578125,0.31691131740808487,0.9010895192623138,0.04587666317820549,0.05924777965992689,3.359375e-05,0.04587666317820549,0.8510205000638962,0.04796390235424042,1.321083590388298,1.2731196880340576,512,,,,,,,,,,,
87,0.47928367533545563,0.11233537420630454,0.5546875,0.37162455916404724,1.0560034066438675,0.04708351381123066,0.0701315850019455,3.3984375000000004e-05,0.04708351381123066,0.8576220721006393,0.0658169686794281,0.9044931530952454,0.8386761844158173,512,,,,,,,,,,,
88,0.50880819991015,0.11355123166684747,2.890625,0.2733408398926258,0.7717432677745819,0.059228613041341305,0.05656229518353939,3.4375e-05,0.059228613041341305,0.8475390523672104,0.04579368233680725,0.8323777765035629,0.7865840941667557,512,0.7499848008155823,0.028812823817133904,0.03,205070493.0,0.50880819991015,205070495.0,14,100847353.0,100847353.0,1533050130.0,14
89,0.50880819991015,0.11476541092550321,0.73828125,0.4889391362667084,1.3701265305280685,0.05562709365040064,0.1115071028470993,3.4765625e-05,0.05562709365040064,0.8147216290235519,0.120563805103302,0.91187784075737,0.791314035654068,512,,,,,,,,,,,
90,0.50880819991015,0.1159779131412506,0.85546875,0.43066759407520294,1.2208482027053833,0.07651011925190687,0.08420505747199059,3.5156250000000004e-05,0.07651011925190687,0.8351513594388962,0.048718735575675964,1.0842530876398087,1.0355343520641327,512,,,,,,,,,,,
91,0.50880819991015,0.11718873947306908,0.5,0.3656587563455105,1.032166302204132,0.05090930871665478,0.07589051686227322,3.5546875e-05,0.05090930871665478,0.83961421251297,0.04473376274108887,0.6566827148199081,0.6119489520788193,512,,,,,,,,,,,
92,0.50880819991015,0.11839789107993802,0.73046875,0.620379313826561,1.7557018846273422,0.09028266742825508,0.12423532269895077,3.59375e-05,0.09028266742825508,0.7940771281719208,0.07255058735609055,1.3979183062911034,1.3253677189350128,512,,,,,,,,,,,
93,0.50880819991015,0.11960536912083625,0.67578125,0.5064245648682117,1.4362961202859879,0.039854641538113356,0.09832369722425938,3.6328125000000004e-05,0.039854641538113356,0.8426269292831421,0.05238264799118042,0.5823930278420448,0.5300103798508644,512,,,,,,,,,,,
94,0.50880819991015,0.12081117475474312,0.53125,0.7616236954927444,2.1619812101125717,0.04647492105141282,0.1459693005308509,3.671875e-05,0.04647492105141282,0.8376318067312241,0.03442160785198212,0.5799200385808945,0.5454984307289124,512,,,,,,,,,,,
95,0.50880819991015,0.1220153091406381,0.73046875,0.596171960234642,1.6893442422151566,0.045694456435739994,0.11723739933222532,3.7109375e-05,0.045694456435739994,0.8366357088088989,0.0833517387509346,1.0822871327400208,0.9989353939890862,512,,,,,,,,,,,
96,0.5346421586430591,0.1232177734375,0.9921875,0.5955494120717049,1.6948677599430084,0.04529563058167696,0.10982729215174913,3.7500000000000003e-05,0.04529563058167696,0.8456005752086639,-0.04787568747997284,0.7392304688692093,0.7871061563491821,512,0.6030200123786926,0.02964077517390251,0.03,179436681.0,0.5346421586430591,179436687.0,18,87139373.0,87139373.0,1328008055.0,18
97,0.5346421586430591,0.12441856880430817,0.765625,0.3009130358695984,0.8321779519319534,0.06514393165707588,0.07967971079051495,3.7890625e-05,0.06514393165707588,0.8177245706319809,0.041147708892822266,0.5694453045725822,0.52829759567976,512,,,,,,,,,,,
98,0.5346421586430591,0.12561769640004203,0.625,0.446595199406147,1.2422917187213898,0.04455793648958206,0.11102700419723988,3.828125e-05,0.04455793648958206,0.8173730075359344,0.05144631117582321,0.4672815576195717,0.4158352464437485,512,,,,,,,,,,,
99,0.5346421586430591,0.12681515738368035,0.5625,0.3262502998113632,0.9116763025522232,0.08050651010125875,0.07696094550192356,3.8671875e-05,0.08050651010125875,0.8162011355161667,0.007394060492515564,0.9819420874118805,0.9745480269193649,512,,,,,,,,,,,
100,0.5346421586430591,0.12801095291420259,0.64453125,0.3387700021266937,0.9484815299510956,0.0805217744782567,0.07809418812394142,3.90625e-05,0.0805217744782567,0.7857177555561066,0.26974303275346756,2.117212653160095,1.8474696204066277,512,,,,,,,,,,,
101,0.5346421586430591,0.12920508415058812,0.65234375,0.5614906251430511,1.5648809671401978,0.067032634280622,0.13660571537911892,3.9453125000000005e-05,0.067032634280622,0.8104540854692459,0.11399313807487488,0.7427968084812164,0.6288036704063416,512,,,,,,,,,,,
102,0.5346421586430591,0.1303975522518158,0.6328125,0.3742051310837269,1.0414559692144394,0.05324642267078161,0.09249894693493843,3.984375e-05,0.05324642267078161,0.8164403885602951,0.12200038880109787,0.8937003687024117,0.7716999799013138,512,,,,,,,,,,,
103,0.5346421586430591,0.13158835837686494,2.171875,0.44984710589051247,1.251536339521408,0.10404949076473713,0.11163661442697048,4.0234375e-05,0.10404949076473713,0.8074218481779099,-0.486282579600811,1.134901113808155,1.621183693408966,512,,,,,,,,,,,
104,0.5572468281368127,0.13277750368471503,0.7109375,0.4877239689230919,1.3649226278066635,0.08728430792689323,0.11302870512008667,4.0625000000000005e-05,0.08728430792689323,0.8062597066164017,0.1155291348695755,1.8136989995837212,1.6981698647141457,512,0.5393641591072083,0.029069999232888222,0.03,157007095.0,0.5572468281368127,157006812.0,35,74919800.0,74919800.0,1148543300.0,35
105,0.5572468281368127,0.13396498933434486,0.76953125,0.36376144364476204,1.003727599978447,0.09496160037815571,0.09857975225895643,4.1015625e-05,0.09496160037815571,0.8023486137390137,0.2793496251106262,1.1911037862300873,0.9117541611194611,512,,,,,,,,,,,
106,0.5572468281368127,0.13515081648473382,0.61328125,0.3005160838365555,0.8302078098058701,0.0710730142891407,0.08044695295393467,4.140625e-05,0.0710730142891407,0.8096093386411667,0.015243902802467346,0.9862933158874512,0.9710494130849838,512,,,,,,,,,,,
107,0.5572468281368127,0.13633498629486127,0.7265625,0.5878262296319008,1.6503659784793854,0.06627907417714596,0.13092554360628128,4.1796875000000005e-05,0.06627907417714596,0.8142968416213989,0.00900595635175705,0.5601167902350426,0.5511108338832855,512,,,,,,,,,,,
108,0.5572468281368127,0.13751749992370604,0.734375,0.7203167527914047,1.9449441134929657,0.11599154025316238,0.2378337848931551,4.21875e-05,0.11599154025316238,0.8017480224370956,0.06466434895992279,1.60256427526474,1.5378999263048172,512,,,,,,,,,,,
109,0.5572468281368127,0.1386983585302476,0.89453125,0.45109064504504204,1.2596077769994736,0.0934987161308527,0.10733350925147533,4.2578125e-05,0.0934987161308527,0.7914257645606995,0.10228388383984566,1.0346765629947186,0.9323926791548729,512,,,,,,,,,,,
110,0.5572468281368127,0.13987756327346523,0.671875,0.28561098873615265,0.7820639759302139,0.05678741168230772,0.08342382591217756,4.2968750000000004e-05,0.05678741168230772,0.7844433337450027,-0.0628732442855835,0.5663894638419151,0.6292627081274986,512,,,,,,,,,,,
111,0.5572468281368127,0.14105511531233786,0.77734375,0.482575885951519,1.347290351986885,0.06814670283347368,0.11506075412034988,4.3359375e-05,0.06814670283347368,0.79920893907547,0.0691971555352211,0.6637767180800438,0.5945795625448227,512,,,,,,,,,,,
112,0.5826771221874992,0.1422310158058448,0.6875,0.37829457223415375,1.0507048517465591,0.07171548344194889,0.09564226493239403,4.375e-05,0.07171548344194889,0.8120751678943634,0.11114804446697235,0.9528037011623383,0.8416556566953659,512,0.4502795934677124,0.026681264862418175,0.03,176632981.0,0.5826771221874992,176632930.0,22,83671855.0,83671853.0,991576991.0,22
113,0.5826771221874992,0.1434052659129655,1.3046875,0.5565270856022835,1.513596534729004,0.128538079559803,0.17284918390214443,4.4140625000000004e-05,0.128538079559803,0.7849072068929672,0.17250585556030273,1.504357486963272,1.3318516314029694,512,,,,,,,,,,,
114,0.5826771221874992,0.1445778667926788,1.2421875,0.29167433083057404,0.7833059579133987,0.12189732864499092,0.10055562853813171,4.453125e-05,0.12189732864499092,0.7659423649311066,0.2695728540420532,1.5749645233154297,1.3053916692733765,512,,,,,,,,,,,
115,0.5826771221874992,0.14574881960396407,0.8515625,0.628108836710453,1.705655425786972,0.10168238170444965,0.1977045964449644,4.4921875e-05,0.10168238170444965,0.7908740043640137,0.0879906639456749,0.9689346551895142,0.8809439912438393,512,,,,,,,,,,,
116,0.5826771221874992,0.1469181255058007,0.6796875,0.2851826511323452,0.779087983071804,0.059744179248809814,0.08510182797908783,4.5312500000000004e-05,0.059744179248809814,0.7900439202785492,0.0516158863902092,0.5502310544252396,0.49861516803503036,512,,,,,,,,,,,
117,0.5826771221874992,0.14808578565716743,0.9609375,0.5300498083233833,1.4647553265094757,0.09040810540318489,0.1414562165737152,4.5703125e-05,0.09040810540318489,0.7970361113548279,0.10099572688341141,0.7711651101708412,0.6701693832874298,512,,,,,,,,,,,
118,0.5826771221874992,0.14925180121704376,1.1328125,0.45194216817617416,1.2342821657657623,0.1238345243036747,0.13523952662944794,4.609375e-05,0.1238345243036747,0.7637011408805847,0.20605359971523285,1.829737052321434,1.6236834526062012,512,,,,,,,,,,,
119,0.5826771221874992,0.15041617334440907,0.62890625,0.5211248248815536,1.428598091006279,0.06309853214770555,0.15056799352169037,4.6484375e-05,0.06309853214770555,0.7889111042022705,0.07151109352707863,0.5542530789971352,0.48274198547005653,512,,,,,,,,,,,
120,0.6065180596810033,0.1515789031982422,0.90234375,0.6969681680202484,1.9120793342590332,0.1401216359809041,0.1999453455209732,4.6875e-05,0.1401216359809041,0.7764306366443634,0.0003419816493988037,0.9459334313869476,0.9455914497375488,512,0.2905820906162262,0.02978913113474846,0.03,165593419.0,0.6065180596810033,165593653.0,46,77895319.0,77895315.0,814928924.0,46
121,0.6065180596810033,0.15273999193752244,1.71875,0.5838384479284286,1.520146831870079,0.10233810730278492,0.24906053766608238,4.7265625000000005e-05,0.10233810730278492,0.7817431092262268,0.18829067051410675,0.8614732176065445,0.6731825470924377,512,,,,,,,,,,,
122,0.6065180596810033,0.1538994407212293,1.421875,0.46934301406145096,1.2601129859685898,0.14900586940348148,0.1621384546160698,4.765625e-05,0.14900586940348148,0.7622460722923279,0.27428528666496277,2.232961341738701,1.958676055073738,512,,,,,,,,,,,
123,0.6065180596810033,0.1550572507083416,0.7734375,0.544283039867878,1.4632847607135773,0.10725394636392593,0.18605774454772472,4.8046875e-05,0.10725394636392593,0.7832861095666885,0.06850764155387878,0.8878027647733688,0.81929512321949,512,,,,,,,,,,,
124,0.6065180596810033,0.15621342305783867,1.453125,0.5166656151413918,1.4166022539138794,0.22105852887034416,0.14905106276273727,4.8437500000000005e-05,0.22105852887034416,0.7504003643989563,0.09187468886375427,1.9197052270174026,1.8278305381536484,512,,,,,,,,,,,
125,0.6065180596810033,0.15736795892869992,1.3984375,0.5281933024525642,1.4604088962078094,0.13865957967936993,0.14017676189541817,4.8828125e-05,0.13865957967936993,0.7608788758516312,0.044068582355976105,0.9762315452098846,0.9321629628539085,512,,,,,,,,,,,
126,0.6065180596810033,0.15852085947990416,0.76953125,0.43405359238386154,1.2018152624368668,0.09424327686429024,0.11349862068891525,4.921875e-05,0.09424327686429024,0.7916112989187241,0.09908968210220337,0.8267748951911926,0.7276852130889893,512,,,,,,,,,,,
127,0.6065180596810033,0.15967212587043084,0.703125,0.494750514626503,1.3380125313997269,0.09696277417242527,0.1612313762307167,4.9609375000000005e-05,0.09696277417242527,0.7612792551517487,0.0916362777352333,1.010703295469284,0.9190670177340508,512,,,,,,,,,,,
128,0.6251437671230611,0.16082175925925932,1.078125,0.3721325471997261,0.9953004121780396,0.1149492934346199,0.13237393461167812,5e-05,0.1149492934346199,0.7746239751577377,0.18317361176013947,0.9309714883565903,0.7477978765964508,512,0.2827390432357788,0.02837918885052204,0.03,129369858.0,0.6251437671230611,129369864.0,32,60671057.0,60671057.0,649314805.0,32
129,0.6251437671230611,0.1619697608053684,1.265625,0.4093979299068451,1.093905285000801,0.10056653246283531,0.14669445529580116,5.0390625e-05,0.10056653246283531,0.7686865031719208,0.14801394939422607,0.7852504029870033,0.6372364535927773,512,,,,,,,,,,,
130,0.6251437671230611,0.1631161316677375,1.5,0.42336878180503845,1.1375026106834412,0.15354547649621964,0.14543302357196808,5.0781250000000004e-05,0.15354547649621964,0.7597948908805847,0.4295138120651245,1.4274676144123077,0.9979538023471832,512,,,,,,,,,,,
131,0.6251437671230611,0.16426087300534603,0.86328125,0.5743971988558769,1.5698498338460922,0.09874775633215904,0.1707476880401373,5.1171875e-05,0.09874775633215904,0.7762450724840164,0.10266296565532684,0.8663245886564255,0.7636616230010986,512,,,,,,,,,,,
132,0.6251437671230611,0.16540398597717285,1.5234375,0.4187358319759369,1.1350332647562027,0.1324874497950077,0.1338631585240364,5.15625e-05,0.1324874497950077,0.7420751601457596,0.06347575783729553,2.841710463166237,2.7782347053289413,512,,,,,,,,,,,
133,0.6251437671230611,0.16654547174219728,1.6171875,0.7231582701206207,1.947409987449646,0.10658849589526653,0.24397856183350086,5.1953125000000004e-05,0.10658849589526653,0.7728466391563416,0.03440256416797638,0.6937566623091698,0.6593540981411934,512,,,,,,,,,,,
134,0.6251437671230611,0.1676853314593987,0.7109375,0.5118407234549522,1.3855966478586197,0.08928578719496727,0.16543575376272202,5.234375e-05,0.08928578719496727,0.7774560302495956,0.06508013606071472,0.6345238164067268,0.5694436803460121,512,,,,,,,,,,,
135,0.6251437671230611,0.16882356628775597,0.90234375,0.4039647914469242,1.0888645648956299,0.13916532695293427,0.13527109287679195,5.2734375e-05,0.13916532695293427,0.76087886095047,0.2968505620956421,1.3034846782684326,1.0066341161727905,512,,,,,,,,,,,
136,0.6431874189399867,0.16996017738624847,1.4375,0.3803221546113491,1.0219321474432945,0.11249301582574844,0.1305591743439436,5.3125000000000004e-05,0.11249301582574844,0.7757714241743088,0.25085048377513885,1.2980211526155472,1.0471706688404083,512,0.20857904851436615,0.028786122798919678,0.03,125327049.0,0.6431874189399867,125327044.0,35,58830477.0,58830471.0,519960809.0,35
137,0.6431874189399867,0.17109516591385565,1.2421875,0.4683276191353798,1.2418272346258163,0.11882751993834972,0.17734728753566742,5.3515625e-05,0.11882751993834972,0.749345675110817,0.16449792683124542,0.7472842931747437,0.5827863663434982,512,,,,,,,,,,,
138,0.6431874189399867,0.17222853302955626,0.8125,0.5480968430638313,1.461305096745491,0.12219227477908134,0.19959439523518085,5.3906250000000006e-05,0.12219227477908134,0.7700097262859344,0.0860213190317154,0.8778475522994995,0.7918262332677841,512,,,,,,,,,,,
139,0.6431874189399867,0.17336027989232972,1.0546875,0.5857833474874496,1.5833244919776917,0.18617821112275124,0.19177652150392532,5.4296875000000004e-05,0.18617821112275124,0.755205050110817,0.0609743595123291,1.2346208095550537,1.1736464500427246,512,,,,,,,,,,,
140,0.6431874189399867,0.17449040766115545,1.2890625,0.5959896370768547,1.5686405450105667,0.13059404492378235,0.23738857358694077,5.46875e-05,0.13059404492378235,0.7615673542022705,0.06568464636802673,1.2093091756105423,1.1436245292425156,512,,,,,,,,,,,
141,0.6431874189399867,0.17561891749501227,0.984375,0.9362166598439217,2.5202397108078003,0.09511613007634878,0.31678031384944916,5.5078125000000006e-05,0.09511613007634878,0.7391015291213989,0.125245101749897,1.265999510884285,1.140754409134388,512,,,,,,,,,,,
142,0.6431874189399867,0.17674581055287958,1.2109375,0.5063065811991692,1.3304347097873688,0.13142789714038372,0.20382760278880596,5.546875e-05,0.13142789714038372,0.7606152296066284,0.1605982631444931,1.6522122919559479,1.4916140288114548,512,,,,,,,,,,,
143,0.6431874189399867,0.1778710879937367,0.796875,0.7716337218880653,2.0454889982938766,0.15629494935274124,0.29279488883912563,5.5859375e-05,0.15629494935274124,0.7496679276227951,0.15508420765399933,1.0108930170536041,0.8558088093996048,512,,,,,,,,,,,
144,0.6601033344648887,0.17899475097656248,0.921875,0.3131503090262413,0.8195455372333527,0.15654125437140465,0.12939473614096642,5.6250000000000005e-05,0.15654125437140465,0.7472265213727951,0.2135721743106842,1.7072591483592987,1.4936869740486145,512,0.14742571115493774,0.02946997433900833,0.03,117494108.0,0.6601033344648887,117494065.0,50,54130546.0,54130538.0,394629931.0,50
145,0.6601033344648887,0.1801168006603364,1,0.6659999415278435,1.7677748054265976,0.18175197392702103,0.25040674209594727,5.6640625e-05,0.18175197392702103,0.7219042927026749,0.3431243449449539,2.3451647460460663,2.0020404011011124,512,,,,,,,,,,,
146,0.6601033344648887,0.18123723820403775,0.84375,0.39495691657066345,1.0477385371923447,0.16018545255064964,0.14910059422254562,5.703125e-05,0.16018545255064964,0.7370702773332596,0.21306884288787842,2.1349132657051086,1.9218444228172302,512,,,,,,,,,,,
147,0.6601033344648887,0.18235606476664543,0.83203125,0.5961493700742722,1.543716385960579,0.139687217772007,0.2627968154847622,5.7421875000000005e-05,0.139687217772007,0.7486035078763962,0.16504865884780884,0.9746992886066437,0.8096506297588348,512,,,,,,,,,,,
148,0.6601033344648887,0.18347328150713876,1.1484375,0.6345427334308624,1.6938451528549194,0.13218120858073235,0.22901153564453125,5.78125e-05,0.13218120858073235,0.7487646341323853,0.17582731693983078,0.9931883066892624,0.8173609897494316,512,,,,,,,,,,,
149,0.6601033344648887,0.1845888895844972,0.953125,0.37239260226488113,0.9825026094913483,0.19040171429514885,0.14595982618629932,5.8203125e-05,0.19040171429514885,0.7449853271245956,0.4382982850074768,2.4066945910453796,1.9683963060379028,512,,,,,,,,,,,
150,0.6601033344648887,0.18570289015769958,0.96875,0.7031415030360222,1.8315521627664566,0.1253910083323717,0.29917952604591846,5.8593750000000005e-05,0.1253910083323717,0.7480322122573853,0.13042842596769333,0.9568665623664856,0.8264381363987923,512,,,,,,,,,,,
151,0.6601033344648887,0.18681528438572526,1.078125,0.7372942045331001,2.0238534212112427,0.11146853864192963,0.21037141233682632,5.8984375e-05,0.11146853864192963,0.7358935326337814,0.1396780088543892,0.6819202229380608,0.5422422140836716,512,,,,,,,,,,,
152,0.674376151268033,0.1879260734275536,0.8984375,0.9795005097985268,2.567093938589096,0.11305908672511578,0.40108929201960564,5.9375e-05,0.11305908672511578,0.7681054472923279,0.09107948839664459,0.8985738009214401,0.8074943125247955,512,0.11193083971738815,0.029796753078699112,0.03,99135653.0,0.674376151268033,99135728.0,62,45362647.0,45362639.0,277143560.0,62
153,0.674376151268033,0.18903525844216346,0.8359375,0.7955635339021683,2.0796839594841003,0.17558307200670242,0.33111443743109703,5.9765625000000004e-05,0.17558307200670242,0.7234765291213989,0.06110856682062149,0.9045334234833717,0.8434248566627502,512,,,,,,,,,,,
154,0.674376151268033,0.19014284058853426,0.97265625,0.3550514429807663,0.9279114007949829,0.1916820891201496,0.1480020098388195,6.015625e-05,0.1916820891201496,0.7414989918470383,0.08360585570335388,0.9593624323606491,0.8757565766572952,512,,,,,,,,,,,
155,0.674376151268033,0.19124882102564533,0.84765625,0.40923842415213585,1.0789040923118591,0.12130854092538357,0.16121231019496918,6.0546875e-05,0.12130854092538357,0.7438720464706421,0.09302804619073868,0.7360618114471436,0.6430337652564049,512,,,,,,,,,,,
156,0.674376151268033,0.19235320091247557,0.73046875,0.5372451394796371,1.3807171434164047,0.12980251759290695,0.24729836732149124,6.0937500000000004e-05,0.12980251759290695,0.7387646287679672,0.2182302176952362,2.4055609703063965,2.1873307526111603,512,,,,,,,,,,,
157,0.674376151268033,0.1934559814080043,0.9140625,0.31717418134212494,0.8195907771587372,0.13791273161768913,0.14154307916760445,6.132812500000001e-05,0.13791273161768913,0.7322656214237213,0.24752313643693924,0.8593575358390808,0.6118343994021416,512,,,,,,,,,,,
158,0.674376151268033,0.19455716367121098,1.6015625,0.5152906849980354,1.3300135731697083,0.20603800937533379,0.23147323727607727,6.171875e-05,0.20603800937533379,0.7398681193590164,0.4818034768104553,1.7278814911842346,1.2460780143737793,512,,,,,,,,,,,
159,0.674376151268033,0.19565674886107443,0.76953125,0.7754407152533531,2.0278011560440063,0.13384301029145718,0.3220190964639187,6.2109375e-05,0.13384301029145718,0.7424120754003525,0.21589313447475433,0.904054805636406,0.6881616711616516,512,,,,,,,,,,,
160,0.6900686245897542,0.19675473813657401,0.6953125,0.8046959862112999,2.1287423372268677,0.10326894745230675,0.3097302317619324,6.25e-05,0.10326894745230675,0.7410107254981995,0.07481822371482849,0.5687651485204697,0.4939469248056412,512,0.049395084381103516,0.026741551235318184,0.03,108996484.0,0.6900686245897542,108996324.0,54,49089389.0,49089381.0,178022301.0,54
161,0.6900686245897542,0.19785113265668913,1.3203125,0.6857316941022873,1.7945896089076996,0.1906520090997219,0.28338517621159554,6.2890625e-05,0.1906520090997219,0.7440722435712814,-0.10064443945884705,1.9451103210449219,2.045754760503769,512,,,,,,,,,,,
162,0.6900686245897542,0.19894593358039855,0.81640625,0.7772601693868637,2.023558259010315,0.1729334145784378,0.3317755088210106,6.328125e-05,0.1729334145784378,0.7217870801687241,-0.06956851482391357,2.8931959867477417,2.9627645015716553,512,,,,,,,,,,,
163,0.6900686245897542,0.20003914206668175,0.8359375,0.41809824854135513,1.0809194594621658,0.18914661183953285,0.18604488670825958,6.367187500000001e-05,0.18914661183953285,0.7223144322633743,0.1397644802927971,0.9889127910137177,0.8491483107209206,512,,,,,,,,,,,
164,0.6900686245897542,0.2011307592745181,0.93359375,0.528166152536869,1.376364305615425,0.1570997629314661,0.22413911297917366,6.40625e-05,0.1570997629314661,0.7243115305900574,0.17722050100564957,1.2573841363191605,1.080163635313511,512,,,,,,,,,,,
165,0.6900686245897542,0.20222078636288643,0.75,0.5932463333010674,1.5734957456588745,0.1934077963232994,0.22422027960419655,6.4453125e-05,0.1934077963232994,0.7206396460533142,0.11243607103824615,1.5134407877922058,1.4010047167539597,512,,,,,,,,,,,
166,0.6900686245897542,0.20330922449076608,0.88671875,0.674995057284832,1.7986863553524017,0.13588439673185349,0.24675316736102104,6.484375e-05,0.13588439673185349,0.7312694936990738,0.2998462989926338,1.6970041915774345,1.3971578925848007,512,,,,,,,,,,,
167,0.6900686245897542,0.2043960748171365,0.703125,0.3555506318807602,0.9347757250070572,0.15320885553956032,0.14265041425824165,6.5234375e-05,0.15320885553956032,0.7415283024311066,0.12109445035457611,0.9399934262037277,0.8188989758491516,512,,,,,,,,,,,
168,0.7000018261768968,0.20548133850097655,1.40625,0.49275991320610046,1.3076450824737549,0.143186142668128,0.1855667047202587,6.562500000000001e-05,0.143186142668128,0.7118066251277924,-0.08691464364528656,0.7998018190264702,0.8867164626717567,512,0.015403234399855137,0.015403234399855137,0.03,68993766.0,0.7000018261768968,68993766.0,58,31076123.0,31076111.0,68993766.0,58
169,0.7000018261768968,0.20656501670126556,0.90234375,0.45541366189718246,1.1546406149864197,0.20842255279421806,0.22540079429745674,6.601562500000001e-05,0.20842255279421806,0.7286864966154099,0.22839225828647614,1.867846205830574,1.639453947544098,512,,,,,,,,,,,
170,0.7000018261768968,0.20764711057698293,1.0234375,0.659524068236351,1.7310827672481537,0.1645939163863659,0.2674749828875065,6.640625e-05,0.1645939163863659,0.7323535084724426,0.32824866473674774,1.3637963086366653,1.0355476438999176,512,,,,,,,,,,,
171,0.7000018261768968,0.20872762128710745,0.875,0.7357945293188095,1.8536441624164581,0.17922859452664852,0.376036174595356,6.6796875e-05,0.17922859452664852,0.7220458686351776,0.3410857692360878,2.2100884467363358,1.869002677500248,512,,,,,,,,,,,
172,0.7000018261768968,0.2098065499906186,0.87890625,0.4256078004837036,1.1044501513242722,0.1264695506542921,0.18527042120695114,6.71875e-05,0.1264695506542921,0.7265331745147705,0.10664128512144089,0.6225062608718872,0.5158649757504463,512,,,,,,,,,,,
173,0.7000018261768968,0.21088389784649572,0.83203125,0.5875831693410873,1.4851273894309998,0.15406739339232445,0.2954275943338871,6.7578125e-05,0.15406739339232445,0.7287841588258743,0.1022576242685318,1.0021982342004776,0.8999406099319458,512,,,,,,,,,,,
174,0.7000018261768968,0.21195966601371763,0.90625,0.5180595591664314,1.3725320249795914,0.1865278258919716,0.1973453052341938,6.796875000000001e-05,0.1865278258919716,0.7189648300409317,0.04857781529426575,0.9171814322471619,0.8686036169528961,512,,,,,,,,,,,
175,0.7000018261768968,0.21303385565126373,0.81640625,0.6235826313495636,1.6001108586788177,0.1820155866444111,0.28953343257308006,6.8359375e-05,0.1820155866444111,0.715146467089653,0.1643790379166603,0.8814787939190865,0.7170997560024261,512,,,,,,,,,,,
176,0.7000018261768968,0.21410646791811344,0.9609375,0.7421413883566856,1.9374947845935822,0.15566115081310272,0.31141847372055054,6.875e-05,0.15566115081310272,0.7183837592601776,0.18364910781383514,1.29286889731884,1.1092197895050049,512,0.0006430508801713586,0.0006430508801713586,0.03,170,0.7000018261768968,170,170,145,49,170,12852
177,0.7000018261768968,0.21517750397324562,0.7734375,0.39147984236478806,1.011723056435585,0.22400947287678719,0.1745794303715229,6.9140625e-05,0.22400947287678719,0.7107079774141312,0.24920225143432617,1.3952968120574951,1.146094560623169,512,,,,,,,,,,,
178,0.7000018261768968,0.21624696497563958,0.7578125,0.6323648542165756,1.6237122863531113,0.1480941902846098,0.29254477471113205,6.953125e-05,0.1480941902846098,0.7254296839237213,0.27378755807876587,1.190241813659668,0.9164542555809021,512,,,,,,,,,,,
179,0.7000018261768968,0.21731485208427473,0.8046875,0.5755952373147011,1.4936612248420715,0.15254987217485905,0.2505666948854923,6.9921875e-05,0.15254987217485905,0.7245458662509918,0.12148674577474594,0.9833622872829437,0.8618755415081978,512,,,,,,,,,,,
180,0.7000018261768968,0.21838116645812988,0.8671875,0.6671396344900131,1.744977906346321,0.18889285996556282,0.2766572870314121,7.031250000000001e-05,0.18889285996556282,0.7408886402845383,0.061979204416275024,1.832368403673172,1.770389199256897,512,,,,,,,,,,,
181,0.7000018261768968,0.21944590925618446,0.65234375,0.4918523207306862,1.2995562553405762,0.17295803502202034,0.19090526178479195,7.0703125e-05,0.17295803502202034,0.7262500077486038,0.22300133109092712,1.2247020304203033,1.0017006993293762,512,,,,,,,,,,,
182,0.7000018261768968,0.22050908163741786,1.21875,0.5452856495976448,1.41341070830822,0.16511812061071396,0.23896999284625053,7.109375e-05,0.16511812061071396,0.7286425530910492,0.07851511240005493,1.4049420654773712,1.3264269530773163,512,,,,,,,,,,,
183,0.7000018261768968,0.22157068476080893,1.5,0.436990462243557,1.0707204043865204,0.1480469349771738,0.25349310785532,7.1484375e-05,0.1480469349771738,0.7340869009494781,0.20255862176418304,0.8556238263845444,0.6530652046203613,512,,,,,,,,,,,
184,0.7000018261768968,0.222630719785337,1.65625,0.5615930780768394,1.4527347534894943,0.18109691515564919,0.24906234815716743,7.1875e-05,0.18109691515564919,0.7156982272863388,0.7508289963006973,1.6754370480775833,0.924608051776886,512,0.000574895937461406,0.000574895937461406,0.03,493,0.7000018261768968,493,493,547,45,493,13176
185,0.7000018261768968,0.22368918786998152,1.46875,0.4742163047194481,1.257624238729477,0.17591337859630585,0.17939481884241104,7.226562500000001e-05,0.17591337859630585,0.7217187583446503,-0.10631117224693298,1.345466285943985,1.451777458190918,512,,,,,,,,,,,
186,0.7000018261768968,0.2247460901737213,1.375,0.6300384923815727,1.6227949112653732,0.27141210809350014,0.2864126078784466,7.265625000000001e-05,0.27141210809350014,0.7077050507068634,0.03214608132839203,1.6752741187810898,1.6431280374526978,512,,,,,,,,,,,
187,0.7000018261768968,0.22580142785553572,0.91015625,0.6174647659063339,1.6101545244455338,0.16219469159841537,0.26095082983374596,7.3046875e-05,0.16219469159841537,0.7381884753704071,0.16198158264160156,1.1502168476581573,0.9882352650165558,512,,,,,,,,,,,
188,0.7000018261768968,0.22685520207440418,0.86328125,0.6850109249353409,1.7927657961845398,0.12154576927423477,0.28302479162812233,7.34375e-05,0.12154576927423477,0.7001025080680847,0.13227065652608871,0.772709384560585,0.6404387280344963,512,,,,,,,,,,,
189,0.7000018261768968,0.22790741398930547,1.0078125,0.4916878715157509,1.2786225825548172,0.1534867323935032,0.21134057641029358,7.3828125e-05,0.1534867323935032,0.7307910025119781,0.24259087443351746,1.0318185538053513,0.7892276793718338,512,,,,,,,,,,,
190,0.7000018261768968,0.22895806475921907,0.9609375,0.3459538668394089,0.8925087451934814,0.18272530287504196,0.1558362878859043,7.421875e-05,0.18272530287504196,0.7109960615634918,0.36830179393291473,2.192015364766121,1.8237135708332062,512,,,,,,,,,,,
191,0.7000018261768968,0.2300071555431243,0.71875,0.37821903079748154,0.9921682924032211,0.1490885429084301,0.15394992008805275,7.460937500000001e-05,0.1490885429084301,0.7260937541723251,0.1311713457107544,0.7836213558912277,0.6524500101804733,512,,,,,,,,,,,
192,0.7000018261768968,0.2310546875,1.90625,0.612142339348793,1.5593382567167282,0.19642550125718117,0.29563847184181213,7.500000000000001e-05,0.19642550125718117,0.7306640595197678,0.07837754487991333,1.2422990798950195,1.1639215350151062,512,0.0007997035863809288,0.0007997035863809288,0.03,764,0.7000018261768968,764,764,884,48,764,13446
193,0.7000018261768968,0.23210066178882552,1.515625,0.4192575290799141,1.0945706367492676,0.14693103358149529,0.1759066954255104,7.5390625e-05,0.14693103358149529,0.7237792760133743,0.009897291660308838,0.7005517184734344,0.6906544268131256,512,,,,,,,,,,,
194,0.7000018261768968,0.23314507956858035,0.83203125,0.5423484370112419,1.3965358138084412,0.21416499838232994,0.24694418534636497,7.578125e-05,0.21416499838232994,0.7213134467601776,0.17530891299247742,1.3369815945625305,1.161672681570053,512,,,,,,,,,,,
195,0.7000018261768968,0.2341879419982433,1.703125,0.39691711217164993,0.9952965676784515,0.1344869714230299,0.20748251676559448,7.6171875e-05,0.1344869714230299,0.7309765517711639,0.33695362508296967,1.123221293091774,0.7862676680088043,512,,,,,,,,,,,
196,0.7000018261768968,0.23522925023679375,1.5234375,0.6216934099793434,1.6064861714839935,0.20980677008628845,0.2774331830441952,7.65625e-05,0.20980677008628845,0.6844824254512787,0.28412213921546936,2.0865172147750854,1.802395075559616,512,,,,,,,,,,,
197,0.7000018261768968,0.23626900544321103,1.4765625,0.5620553717017174,1.3711267411708832,0.17923424392938614,0.332071240991354,7.695312500000001e-05,0.17923424392938614,0.7382274866104126,0.42936550080776215,1.5670579969882965,1.1376924961805344,512,,,,,,,,,,,
198,0.7000018261768968,0.237307208776474,0.88671875,0.5164884030818939,1.3360522538423538,0.14425436779856682,0.22906408458948135,7.734375e-05,0.14425436779856682,0.7431445121765137,0.12828125804662704,1.107337012887001,0.979055754840374,512,,,,,,,,,,,
199,0.7000018261768968,0.23834386139556205,0.9609375,0.7914988696575165,2.099892571568489,0.10773774981498718,0.29858870804309845,7.7734375e-05,0.10773774981498718,0.740068331360817,0.04837099462747574,0.7968018054962158,0.7484308108687401,512,,,,,,,,,,,
200,0.7000018261768968,0.2393789644594546,1.328125,0.5822825953364372,1.5310530066490173,0.1914983130991459,0.2334395982325077,7.8125e-05,0.1914983130991459,0.7294921725988388,-0.024049505591392517,1.3399058431386948,1.3639553487300873,512,0.0006879617576487362,0.0006879617576487362,0.03,1172,0.7000018261768968,1172,1172,1410,132,1172,13856
201,0.7000018261768968,0.2404125191271305,0.87890625,0.6342094168066978,1.5968050062656403,0.13072005659341812,0.32504162192344666,7.8515625e-05,0.13072005659341812,0.7454150170087814,0.12232457101345062,0.7842347174882889,0.6619101464748383,512,,,,,,,,,,,
202,0.7000018261768968,0.24144452655756904,0.88671875,0.3348815403878689,0.8519825637340546,0.15105277486145496,0.16280994936823845,7.890625000000001e-05,0.15105277486145496,0.7280468493700027,0.2645754888653755,0.9296480864286423,0.6650725975632668,512,,,,,,,,,,,
203,0.7000018261768968,0.24247498790974972,1.015625,0.4040503017604351,1.0536177307367325,0.21478694677352905,0.17077708430588245,7.929687500000001e-05,0.21478694677352905,0.7239453047513962,0.37109020352363586,2.23457071185112,1.8634805083274841,512,,,,,,,,,,,
204,0.7000018261768968,0.24350390434265134,0.8671875,0.3522535488009453,0.9052132368087769,0.15302559174597263,0.16222173161804676,7.96875e-05,0.15302559174597263,0.7210400104522705,0.2382323145866394,0.9249062538146973,0.6866739392280579,512,,,,,,,,,,,
205,0.7000018261768968,0.2445312770152533,0.69140625,0.31526654958724976,0.8194085657596588,0.18158240243792534,0.13594457507133484,8.0078125e-05,0.18158240243792534,0.7404785007238388,0.11329212784767151,2.1537069380283356,2.040414810180664,512,,,,,,,,,,,
206,0.7000018261768968,0.24555710708653491,1.3125,0.42800287157297134,1.138767346739769,0.15987806767225266,0.15821105614304543,8.046875e-05,0.15987806767225266,0.7226611226797104,-0.06860409677028656,1.201300822198391,1.2699049189686775,512,,,,,,,,,,,
207,0.7000018261768968,0.24658139571547508,8.6875,0.6929387524724007,1.8334696739912033,0.16770014539361,0.26634473353624344,8.0859375e-05,0.16770014539361,0.7388036847114563,-0.029857613146305084,0.8222549334168434,0.8521125465631485,512,,,,,,,,,,,
208,0.7000018261768968,0.24760414406105316,0.91796875,0.636236160993576,1.6821627020835876,0.1730203852057457,0.24582559615373611,8.125000000000001e-05,0.1730203852057457,0.7545409947633743,0.07001915574073792,2.8332882821559906,2.7632691264152527,512,0.0007063492084853351,0.0007063492084853351,0.03,1519,0.7000018261768968,1519,1519,2033,-67,1519,14200
209,0.7000018261768968,0.24862535328224858,0.81640625,0.619703620672226,1.6237276643514633,0.14689898490905762,0.2541619446128607,8.164062500000001e-05,0.14689898490905762,0.7440527081489563,0.16304591298103333,1.1849315762519836,1.0218856632709503,512,,,,,,,,,,,
210,0.7000018261768968,0.24964502453804013,1.125,0.4446408450603485,1.168065920472145,0.14371927827596664,0.1793304942548275,8.203125e-05,0.14371927827596664,0.7357812076807022,0.22474674880504608,1.7915572077035904,1.5668104588985443,512,,,,,,,,,,,
211,0.7000018261768968,0.2506631589874072,1.0078125,0.38859259337186813,0.9786562025547028,0.1589152179658413,0.1988970823585987,8.2421875e-05,0.1589152179658413,0.7452148348093033,0.2515111267566681,1.7932276129722595,1.5417164862155914,512,,,,,,,,,,,
212,0.7000018261768968,0.2516797577893293,0.7265625,0.3708609938621521,0.9658903777599335,0.14611109346151352,0.15793080255389214,8.28125e-05,0.14611109346151352,0.724169909954071,0.17710402607917786,0.9175077527761459,0.7404037266969681,512,,,,,,,,,,,
213,0.7000018261768968,0.2526948221027851,0.66015625,0.3912160322070122,1.0322829186916351,0.11807266995310783,0.15322015807032585,8.3203125e-05,0.11807266995310783,0.7276513427495956,0.208966463804245,0.9815787076950073,0.7726122438907623,512,,,,,,,,,,,
214,0.7000018261768968,0.2537083530867541,1.1484375,0.5596428364515305,1.4822834134101868,0.1581828109920025,0.21360394731163979,8.359375000000001e-05,0.1581828109920025,0.7321191281080246,-0.06591413915157318,1.7740220129489899,1.839936152100563,512,,,,,,,,,,,
215,0.7000018261768968,0.2547203519002156,0.98046875,0.5313849076628685,1.378561019897461,0.1977587714791298,0.2316962406039238,8.398437500000001e-05,0.1977587714791298,0.7174120992422104,-0.08456875383853912,1.2209267914295197,1.3054955452680588,512,,,,,,,,,,,
216,0.7000018261768968,0.25573081970214845,0.8828125,0.43622616678476334,1.1366255432367325,0.20101834274828434,0.18527187407016754,8.4375e-05,0.20101834274828434,0.719858393073082,0.1734393760561943,1.4419643580913544,1.26852498203516,512,0.0005821220693178475,0.0005821220693178475,0.03,1711,0.7000018261768968,1711,1711,2221,-79,1711,14394
217,0.7000018261768968,0.25673975765153206,3.671875,0.452578566968441,1.1726739406585693,0.37099483236670494,0.19877616316080093,8.4765625e-05,0.37099483236670494,0.7183642238378525,1.4245594292879105,2.615621253848076,1.1910618245601654,512,,,,,,,,,,,
218,0.7000018261768968,0.25774716690734584,1.46875,0.5868608579039574,1.5269591510295868,0.1539766788482666,0.2514069899916649,8.515625e-05,0.1539766788482666,0.7218407839536667,0.291571669280529,1.3938722610473633,1.1023005917668343,512,,,,,,,,,,,
219,0.7000018261768968,0.2587530486285686,0.91796875,0.3012525886297226,0.7706618010997772,0.18145587295293808,0.14222479984164238,8.5546875e-05,0.18145587295293808,0.7345263510942459,0.2273913323879242,2.6845034062862396,2.4571120738983154,512,,,,,,,,,,,
220,0.7000018261768968,0.2597574039741798,0.84375,0.5343194007873535,1.4029249548912048,0.18424450047314167,0.21622468158602715,8.593750000000001e-05,0.18424450047314167,0.6888671964406967,0.357041135430336,1.5725226551294327,1.2154815196990967,512,,,,,,,,,,,
221,0.7000018261768968,0.2607602341031587,1,0.5216741412878036,1.3487921059131622,0.12400241941213608,0.2320384792983532,8.6328125e-05,0.12400241941213608,0.7452392280101776,0.05702750384807587,0.9071394801139832,0.8501119762659073,512,,,,,,,,,,,
222,0.7000018261768968,0.2617615401744842,1.15625,0.3337704539299011,0.8646892160177231,0.200395405292511,0.14673636108636856,8.671875e-05,0.200395405292511,0.731806606054306,0.033941641449928284,1.0275940001010895,0.9936523586511612,512,,,,,,,,,,,
223,0.7000018261768968,0.26276132334713576,0.671875,0.938297338783741,2.4969713985919952,0.1442903932183981,0.3463537245988846,8.7109375e-05,0.1442903932183981,0.7435644268989563,0.14203263819217682,1.043918713927269,0.9018860757350922,512,,,,,,,,,,,
224,0.7000018261768968,0.26375958478009265,0.734375,0.5964977592229843,1.5818089544773102,0.20015664771199226,0.22575994953513145,8.75e-05,0.20015664771199226,0.726630836725235,0.27177445590496063,1.3114106953144073,1.0396362394094467,512,0.0007174594793468714,0.0007174594793468714,0.03,1884,0.7000018261768968,1884,1884,2398,148,1884,14565
225,0.7000018261768968,0.26475632563233376,1.015625,0.5550350472331047,1.4046411663293839,0.1789487637579441,0.2772831432521343,8.789062500000001e-05,0.1789487637579441,0.7323876917362213,0.2647865414619446,1.27486751973629,1.0100809782743454,512,,,,,,,,,,,
226,0.7000018261768968,0.26575154706283843,0.80859375,0.4245937615633011,1.110287755727768,0.1393653079867363,0.17635996639728546,8.828125000000001e-05,0.1393653079867363,0.7302001714706421,0.15096410363912582,0.7528813034296036,0.6019171997904778,512,,,,,,,,,,,
227,0.7000018261768968,0.26674525023058615,0.80078125,0.9339533895254135,2.4356689751148224,0.11941179074347019,0.39449266716837883,8.8671875e-05,0.11941179074347019,0.7285937368869781,0.0706515908241272,0.6025637984275818,0.5319122076034546,512,,,,,,,,,,,
228,0.7000018261768968,0.26773743629455565,1.3359375,0.803827740252018,2.1379303485155106,0.11612729355692863,0.2979111969470978,8.90625e-05,0.11612729355692863,0.7400927394628525,0.119649238884449,1.2333712354302406,1.1137219965457916,512,,,,,,,,,,,
229,0.7000018261768968,0.26872810641372635,1.2890625,0.432037353515625,1.13596872985363,0.1415935680270195,0.17323529347777367,8.9453125e-05,0.1415935680270195,0.7464745789766312,0.04631343483924866,1.6969735622406006,1.650660127401352,512,,,,,,,,,,,
230,0.7000018261768968,0.26971726174707766,0.76171875,0.3564966842532158,0.92769855260849,0.16984937340021133,0.152594406157732,8.984375e-05,0.16984937340021133,0.7021630704402924,0.08608494699001312,1.9137267917394638,1.8276418447494507,512,,,,,,,,,,,
231,0.7000018261768968,0.27070490345358844,3.25,0.5290926769375801,1.309728741645813,0.12906809523701668,0.29358232393860817,9.023437500000001e-05,0.12906809523701668,0.7204540818929672,0.23677359521389008,1.1924540847539902,0.9556804895401001,512,,,,,,,,,,,
232,0.7000018261768968,0.2716910326922381,1.171875,0.6621322631835938,1.7438388466835022,0.14525970071554184,0.26262248307466507,9.062500000000001e-05,0.14525970071554184,0.7281786799430847,0.20369045436382294,0.7259716987609863,0.5222812443971634,512,0.0008357655606232584,0.0008357655606232584,0.03,2466,0.7000018261768968,2466,2466,2933,451,2466,15150
233,0.7000018261768968,0.2726756506220059,1.046875,0.7151838168501854,1.8369812220335007,0.1196293793618679,0.330242283642292,9.1015625e-05,0.1196293793618679,0.7176659852266312,0.1854245513677597,1.0346937030553818,0.8492691516876221,512,,,,,,,,,,,
234,0.7000018261768968,0.2736587584018707,0.828125,0.544610932469368,1.447953924536705,0.1601177453994751,0.20238209515810013,9.140625e-05,0.1601177453994751,0.7276318222284317,0.13390973210334778,0.8252802640199661,0.6913705319166183,512,,,,,,,,,,,
235,0.7000018261768968,0.274640357190812,1.4609375,0.818655863404274,2.047026500105858,0.21055427938699722,0.4337487518787384,9.1796875e-05,0.21055427938699722,0.7089404165744781,0.06678857654333115,1.819750189781189,1.7529616132378578,512,,,,,,,,,,,
236,0.7000018261768968,0.2756204481478091,0.8125,0.599942572414875,1.5660830587148666,0.1376308836042881,0.25192466750741005,9.21875e-05,0.1376308836042881,0.7426855117082596,0.12202611565589905,0.8457208424806595,0.7236947268247604,512,,,,,,,,,,,
237,0.7000018261768968,0.27659903243184086,1.0546875,0.791685163974762,2.123011291027069,0.16956395842134953,0.2760346233844757,9.257812500000001e-05,0.16956395842134953,0.7212548702955246,0.12881135940551758,0.9684300422668457,0.8396186828613281,512,,,,,,,,,,,
238,0.7000018261768968,0.2775761112018867,0.7265625,0.6458731144666672,1.716529905796051,0.17033393681049347,0.24066124111413956,9.296875e-05,0.17033393681049347,0.723925769329071,0.2567272037267685,1.7962222546339035,1.539495050907135,512,,,,,,,,,,,
239,0.7000018261768968,0.27855168561692595,2.375,0.5105058699846268,1.307874321937561,0.15481160953640938,0.23911308497190475,9.3359375e-05,0.15481160953640938,0.7409081906080246,0.3631427735090256,1.9821525365114212,1.6190097630023956,512,,,,,,,,,,,
240,0.7000018261768968,0.2795257568359375,1,0.611253559589386,1.5833692103624344,0.14627624303102493,0.26891424506902695,9.375e-05,0.14627624303102493,0.7294677197933197,0.21161296963691711,0.9704331457614899,0.7588201761245728,512,0.0008964122389443219,0.0008964122389443219,0.03,3052,0.7000018261768968,3052,3052,3985,75,3052,15727
241,0.7000018261768968,0.2804983260179007,0.64453125,0.3942645862698555,1.02175734937191,0.17670037224888802,0.1729837842285633,9.4140625e-05,0.17670037224888802,0.7391943335533142,0.18056200444698334,2.251617044210434,2.0710550397634506,512,,,,,,,,,,,
242,0.7000018261768968,0.2814693943217949,1.125,0.5547838807106018,1.4284794330596924,0.1415591575205326,0.25268376991152763,9.453125000000001e-05,0.1415591575205326,0.7349071949720383,0.003969080746173859,0.8125582337379456,0.8085891529917717,512,,,,,,,,,,,
243,0.7000018261768968,0.28243896290659903,1.2890625,0.77102380245924,2.005940720438957,0.2019066996872425,0.3304949216544628,9.492187500000001e-05,0.2019066996872425,0.7299804389476776,-0.023607105016708374,1.818678855895996,1.8422859609127045,512,,,,,,,,,,,
244,0.7000018261768968,0.28340703293129244,0.66796875,0.5774083286523819,1.5367231518030167,0.16038000211119652,0.2129989918321371,9.53125e-05,0.16038000211119652,0.7396239936351776,0.23710770905017853,1.1483915746212006,0.911283865571022,512,,,,,,,,,,,
245,0.7000018261768968,0.28437360555485447,0.9140625,0.40921368449926376,1.0694972425699234,0.13065997511148453,0.17054416239261627,9.5703125e-05,0.13065997511148453,0.7494140416383743,0.21548280119895935,1.0052120834589005,0.7897292822599411,512,,,,,,,,,,,
246,0.7000018261768968,0.285338681936264,1.265625,0.5325841382145882,1.3725248277187347,0.14258821494877338,0.2413664534687996,9.609375e-05,0.14258821494877338,0.7239941209554672,0.2488134801387787,0.905549630522728,0.6567361503839493,512,,,,,,,,,,,
247,0.7000018261768968,0.2863022632345004,0.65234375,0.37704049050807953,0.9798059016466141,0.1713993027806282,0.16274099051952362,9.6484375e-05,0.1713993027806282,0.7436181455850601,0.24001099169254303,1.2355053126811981,0.9954943209886551,512,,,,,,,,,,,
248,0.7000018261768968,0.2872643506085431,0.703125,0.5089492499828339,1.3141864985227585,0.13269923254847527,0.22808393090963364,9.687500000000001e-05,0.13269923254847527,0.7362988144159317,0.1466284543275833,1.4575928002595901,1.3109643459320068,512,0.000840109889395535,0.000840109889395535,0.03,2659,0.7000018261768968,2659,2659,3457,133,2659,15337
249,0.7000018261768968,0.28822494521737096,0.88671875,0.4065811187028885,1.068965345621109,0.1644595004618168,0.16309862583875656,9.726562500000001e-05,0.1644595004618168,0.7534570246934891,0.06459671258926392,1.5455580353736877,1.4809613227844238,512,,,,,,,,,,,
250,0.7000018261768968,0.2891840482199633,0.72265625,0.5351732447743416,1.420574739575386,0.17926102876663208,0.20116224884986877,9.765625e-05,0.17926102876663208,0.7287011295557022,0.11098089814186096,2.0931129455566406,1.9821320474147797,512,,,,,,,,,,,
251,0.7000018261768968,0.2901416607752995,0.6953125,0.47802208364009857,1.2621983587741852,0.1273031011223793,0.18635335564613342,9.8046875e-05,0.1273031011223793,0.7392724305391312,0.16352374851703644,0.9779636412858963,0.8144398927688599,512,,,,,,,,,,,
252,0.7000018261768968,0.29109778404235837,1.0234375,0.5633857473731041,1.4462922662496567,0.16310060396790504,0.2609371989965439,9.84375e-05,0.16310060396790504,0.7406347543001175,0.4378405287861824,2.3068516701459885,1.869011141359806,512,,,,,,,,,,,
253,0.7000018261768968,0.29205241918011937,0.609375,0.7339131832122803,1.888117030262947,0.12395993061363697,0.3358622416853905,9.8828125e-05,0.12395993061363697,0.7277734279632568,0.0946318507194519,1.0508352741599083,0.9562034234404564,512,,,,,,,,,,,
254,0.7000018261768968,0.2930055673475619,0.71484375,0.4439392164349556,1.171903818845749,0.11401255056262016,0.1733665019273758,9.921875000000001e-05,0.11401255056262016,0.7375048696994781,0.07016440480947495,0.669855535030365,0.59969113022089,512,,,,,,,,,,,
255,0.7000018261768968,0.2939572297036648,0.76171875,0.7440065443515778,1.849356546998024,0.23075911216437817,0.40520860627293587,9.960937500000001e-05,0.23075911216437817,0.7150976359844208,0.09852354228496552,1.7065245881676674,1.6080010458827019,512,,,,,,,,,,,
256,0.7000018261768968,0.2949074074074073,0.77734375,0.6199329271912575,1.6248430609703064,0.2567136585712433,0.2537414953112602,0.0001,0.2567136585712433,0.708432599902153,0.2190173864364624,2.157710760831833,1.9386933743953705,512,0.0004171384498476982,0.0004171384498476982,0.03,3121,0.7000018261768968,3121,3121,4064,148,3121,15805
257,0.7000018261768968,0.295856101617769,0.65234375,0.5111431367695332,1.3472387939691544,0.16398632153868675,0.20167977921664715,9.999992316419739e-05,0.16398632153868675,0.7410253584384918,0.02299860119819641,2.1683423072099686,2.145343706011772,512,,,,,,,,,,,
258,0.7000018261768968,0.2968033134937286,0.9921875,0.3323657736182213,0.8452010750770569,0.15363855101168156,0.1619679220020771,9.99996926570257e-05,0.15363855101168156,0.7278027087450027,0.19011273980140686,1.0638563930988312,0.8737436532974243,512,,,,,,,,,,,
259,0.7000018261768968,0.29774904419426557,0.78125,0.33615564554929733,0.8550651222467422,0.17887530848383904,0.16358830407261848,9.99993084791934e-05,0.17887530848383904,0.7238720506429672,0.26938650012016296,1.3249341994524002,1.0555476993322372,512,,,,,,,,,,,
260,0.7000018261768968,0.2986932948783593,0.71875,0.3185632452368736,0.816858783364296,0.15374958142638206,0.1484843771904707,9.999877063188124e-05,0.15374958142638206,0.7255566269159317,0.1898500919342041,1.2890796661376953,1.0992295742034912,512,,,,,,,,,,,
261,0.7000018261768968,0.29963606670498844,0.6171875,0.34896889328956604,0.9153169095516205,0.14752357080578804,0.14216455444693565,9.999807911674221e-05,0.14752357080578804,0.7333691120147705,0.16910701990127563,0.9898505657911301,0.8207435458898544,512,,,,,,,,,,,
262,0.7000018261768968,0.30057736083313263,0.73828125,0.4854937270283699,1.27137853205204,0.20828258991241455,0.19981450587511063,9.999723393590168e-05,0.20828258991241455,0.7350683361291885,0.3416104018688202,1.6582887470722198,1.3166783452033997,512,,,,,,,,,,,
263,0.7000018261768968,0.3015171784217711,0.69921875,0.33697935938835144,0.8676374107599258,0.16647625900804996,0.1535121276974678,9.999623509195724e-05,0.16647625900804996,0.7185888439416885,0.21502460539340973,1.2433251589536667,1.028300553560257,512,,,,,,,,,,,
264,0.7000018261768968,0.3024555206298828,0.98828125,0.3320302367210388,0.8599095642566681,0.1725771129131317,0.14624259993433952,9.999508258797877e-05,0.1725771129131317,0.7171972393989563,0.18358217179775238,1.3498481512069702,1.1662659794092178,512,0.000609972164966166,0.000609972164966166,0.03,3709,0.7000018261768968,3709,3709,4946,102,3709,16390
265,0.7000018261768968,0.30339238861644696,0.80859375,0.401998870074749,1.0456035137176514,0.15295801311731339,0.17257482558488846,9.999377642750839e-05,0.15295801311731339,0.7381835728883743,0.09762773662805557,1.025370217859745,0.9277424812316895,512,,,,,,,,,,,
266,0.7000018261768968,0.30432778354044315,0.69921875,0.42605913430452347,1.1250109374523163,0.17743880860507488,0.16607727855443954,9.999231661456054e-05,0.17743880860507488,0.724169909954071,0.1564740389585495,1.0967900305986404,0.9403159916400909,512,,,,,,,,,,,
267,0.7000018261768968,0.3052617065608501,0.6953125,0.595781072974205,1.587392583489418,0.14946921542286873,0.21800454705953598,9.999070315362182e-05,0.14946921542286873,0.736528292298317,0.09820855408906937,0.8486054837703705,0.7503969296813011,512,,,,,,,,,,,
268,0.7000018261768968,0.30619415883664725,0.74609375,0.4518972560763359,1.1493611335754395,0.15442559495568275,0.22002441436052322,9.998893604965111e-05,0.15442559495568275,0.732050746679306,0.22671885043382645,1.1915520802140236,0.9648332297801971,512,,,,,,,,,,,
269,0.7000018261768968,0.3071251415268139,0.82421875,0.43027859181165695,1.1318484991788864,0.13390215300023556,0.17202602326869965,9.998701530807949e-05,0.13390215300023556,0.7432666122913361,0.15465621650218964,0.9601701945066452,0.8055139780044556,512,,,,,,,,,,,
270,0.7000018261768968,0.308054655790329,0.62890625,0.5368490368127823,1.3912357687950134,0.09713824838399887,0.23557943105697632,9.998494093481021e-05,0.09713824838399887,0.7324267327785492,0.15639013797044754,0.7819348052144051,0.6255446672439575,512,,,,,,,,,,,
271,0.7000018261768968,0.3089827027861718,0.6953125,0.38794902712106705,1.0211976617574692,0.18640354834496975,0.15440543554723263,9.998271293621873e-05,0.18640354834496975,0.7217040807008743,0.2645796313881874,1.2897850647568703,1.0252054333686829,512,,,,,,,,,,,
272,0.7000018261768968,0.3099092836733218,0.6875,0.5327275991439819,1.3952455818653107,0.15300525352358818,0.21908044442534447,9.998033131915266e-05,0.15300525352358818,0.7407909780740738,0.1884395182132721,1.0482450425624847,0.8598055243492126,512,0.0024424532894045115,0.0024424532894045115,0.03,3457,0.7000018261768968,3457,3457,4492,294,3457,16140
273,0.7000018261768968,0.3108343996107578,0.7578125,0.5995798632502556,1.5781648606061935,0.18929315730929375,0.23874368146061897,9.99777960909317e-05,0.18929315730929375,0.7246484160423279,0.041471779346466064,1.1700093448162079,1.1285375654697418,512,,,,,,,,,,,
274,0.7000018261768968,0.3117580517574592,0.7421875,0.35943448543548584,0.9290070831775665,0.15777849219739437,0.16018828004598618,9.997510725934773e-05,0.15777849219739437,0.7508300691843033,0.2510508596897125,1.3355896472930908,1.0845387876033783,512,,,,,,,,,,,
275,0.7000018261768968,0.31268024127240535,0.68359375,0.5890484675765038,1.5580448657274246,0.17311066575348377,0.22695046663284302,9.997226483266471e-05,0.17311066575348377,0.7353515326976776,0.12692581117153168,1.1897019743919373,1.0627761632204056,512,,,,,,,,,,,
276,0.7000018261768968,0.31360096931457515,0.89453125,0.5210626497864723,1.3117839992046356,0.1619457509368658,0.26719365641474724,9.996926881961862e-05,0.1619457509368658,0.7223681509494781,0.16859350353479385,0.9614887833595276,0.7928952798247337,512,,,,,,,,,,,
277,0.7000018261768968,0.314520237042948,0.7578125,0.7748867869377136,2.0294799506664276,0.16447899490594864,0.31866176798939705,9.996611922941747e-05,0.16447899490594864,0.7331787049770355,0.20766600966453552,1.3426244258880615,1.134958416223526,512,,,,,,,,,,,
278,0.7000018261768968,0.3154380456165032,1.5703125,0.4592094197869301,1.157632127404213,0.3581569120287895,0.23391150310635567,9.996281607174138e-05,0.3581569120287895,0.689746081829071,-0.1448383778333664,1.5098988711833954,1.6547372490167618,512,,,,,,,,,,,
279,0.7000018261768968,0.31635439619421957,0.88671875,0.4724067524075508,1.2054690569639206,0.25838737934827805,0.22606650367379189,9.995935935674234e-05,0.25838737934827805,0.7183190137147903,0.31738796830177307,2.477778211236,2.160390242934227,414.25,,,,,,,,,,,
280,0.7000018261768968,0.3172692899350766,0.71875,0.38581062853336334,1.0027877986431122,0.1886722333729267,0.16633524745702744,9.995574909504435e-05,0.1886722333729267,0.7245898246765137,0.0738450288772583,1.3019739985466003,1.228128969669342,512,0.0005095182568766177,0.0005095182568766177,0.03,4211,0.7000018261768968,4211,4211,5598,304,4211,16890
281,0.7000018261768968,0.31818272799805364,0.7578125,0.4603765904903412,1.1528168767690659,0.18859821930527687,0.24226366356015205,9.995198529774328e-05,0.18859821930527687,0.7318749576807022,0.1060137003660202,1.069916307926178,0.9639026075601578,512,,,,,,,,,,,
282,0.7000018261768968,0.3190947115421295,0.75390625,0.4842577278614044,1.2071114480495453,0.21704904362559319,0.26033613830804825,9.994806797640692e-05,0.21704904362559319,0.692187488079071,0.2753976434469223,1.4458058178424835,1.1704081743955612,512,,,,,,,,,,,
283,0.7000018261768968,0.3200052417262836,0.828125,0.37347596883773804,0.9749815911054611,0.1562769077718258,0.15676373802125454,9.99439971430749e-05,0.1562769077718258,0.7428954988718033,0.17893484234809875,1.0305657535791397,0.851630911231041,512,,,,,,,,,,,
284,0.7000018261768968,0.3209143197094953,0.7890625,0.6830560937523842,1.7679101675748825,0.1553141064941883,0.3019566647708416,9.993977281025862e-05,0.1553141064941883,0.7325341552495956,0.1935609132051468,1.3985193371772766,1.2049584239721298,512,,,,,,,,,,,
285,0.7000018261768968,0.3218219466507435,0.88671875,0.9917895644903183,2.606358915567398,0.1304858699440956,0.3990638367831707,9.99353949909413e-05,0.1304858699440956,0.7510986328125,0.2872384041547775,1.545105665922165,1.2578672617673874,512,,,,,,,,,,,
286,0.7000018261768968,0.3227281237090075,1.0859375,0.5638503506779671,1.4969024658203125,0.20080067217350006,0.21173487231135368,9.99308636985779e-05,0.20080067217350006,0.732861340045929,0.06119033694267273,1.3967400193214417,1.335549682378769,512,,,,,,,,,,,
287,0.7000018261768968,0.3236328520432667,0.7734375,0.5450260303914547,1.4075149148702621,0.1580245979130268,0.24407906457781792,9.992617894709497e-05,0.1580245979130268,0.7374560385942459,0.09583510458469391,0.9528322219848633,0.8569971174001694,512,,,,,,,,,,,
288,0.7000018261768968,0.3245361328125,0.8984375,0.36455702781677246,0.9543013572692871,0.19429551623761654,0.15041684359312057,9.992134075089084e-05,0.19429551623761654,0.7338476479053497,-0.07427531480789185,1.2908376455307007,1.3651129603385925,512,0.0010232164058834314,0.0010232164058834314,0.03,4632,0.7000018261768968,4632,4632,5659,699,4632,17315
289,0.7000018261768968,0.32543796717568674,0.75,0.5645482987165451,1.4680775701999664,0.1347525343298912,0.2426748126745224,9.991634912483533e-05,0.1347525343298912,0.7512109130620956,0.16600970923900604,1.6147721409797668,1.4487624317407608,512,,,,,,,,,,,
290,0.7000018261768968,0.3263383562918063,0.8125,0.6257966086268425,1.6334460079669952,0.1471561836078763,0.2629072815179825,9.991120408426991e-05,0.1471561836078763,0.728271484375,0.1553172767162323,1.6808111369609833,1.525493860244751,512,,,,,,,,,,,
291,0.7000018261768968,0.3272373013198375,0.6640625,0.6267228797078133,1.6557295620441437,0.13464590162038803,0.24343054369091988,9.990590564500746e-05,0.13464590162038803,0.7287206798791885,0.1660977080464363,1.2899809777736664,1.12388326972723,512,,,,,,,,,,,
292,0.7000018261768968,0.32813480341875984,0.7265625,0.5374286323785782,1.395973563194275,0.15216724388301373,0.23259799554944038,9.990045382333242e-05,0.15216724388301373,0.7412548512220383,0.18310952186584473,1.072482481598854,0.8893729597330093,512,,,,,,,,,,,
293,0.7000018261768968,0.3290308637475526,0.6640625,0.7256344705820084,1.9369304478168488,0.11655166372656822,0.26196177676320076,9.989484863600057e-05,0.11655166372656822,0.7407812178134918,0.2351735234260559,0.9767661839723587,0.7415926605463028,512,,,,,,,,,,,
294,0.7000018261768968,0.3299254834651947,0.61328125,0.550118513405323,1.4450906217098236,0.11890595406293869,0.22193506360054016,9.988909010023908e-05,0.11890595406293869,0.7274609357118607,0.22279880940914154,1.1693373024463654,0.9465384930372238,512,,,,,,,,,,,
295,0.7000018261768968,0.33081866373066543,0.6171875,0.6111760064959526,1.6157275140285492,0.12753865122795105,0.23632091283798218,9.988317823374643e-05,0.12753865122795105,0.7460742294788361,0.1326921507716179,0.7875082343816757,0.6548160836100578,512,,,,,,,,,,,
296,0.7000018261768968,0.33171040570294424,0.73046875,0.545303650200367,1.443888857960701,0.1764671616256237,0.20854634791612625,9.987711305469231e-05,0.1764671616256237,0.7325585782527924,0.05050656199455261,1.3391557335853577,1.288649171590805,512,0.0009923039469867945,0.0009923039469867945,0.03,3889,0.7000018261768968,3889,3889,5009,363,3889,16568
297,0.7000018261768968,0.33260071054100987,0.79296875,0.7445107027888298,1.9631105214357376,0.12330806255340576,0.29298238456249237,9.987089458171765e-05,0.12330806255340576,0.7487402260303497,0.11782325059175491,0.9478583335876465,0.8300350829958916,512,,,,,,,,,,,
298,0.7000018261768968,0.33348957940384183,0.984375,0.3789452165365219,0.974837988615036,0.2342965565621853,0.1734807901084423,9.986452283393452e-05,0.2342965565621853,0.710751935839653,0.48160190880298615,2.1835046857595444,1.7019027769565582,512,,,,,,,,,,,
299,0.7000018261768968,0.3343770134504195,0.80078125,0.6094880774617195,1.6013041883707047,0.12759578600525856,0.24562934413552284,9.985799783092603e-05,0.12759578600525856,0.742133766412735,0.11871348321437836,0.7923860251903534,0.673672541975975,512,,,,,,,,,,,
300,0.7000018261768968,0.3352630138397217,1.1015625,0.6426583155989647,1.6901293247938156,0.18261385709047318,0.2573200464248657,9.985131959274637e-05,0.18261385709047318,0.7335156053304672,-0.16187341511249542,2.348215699195862,2.5100891143083572,512,,,,,,,,,,,
301,0.7000018261768968,0.3361475817307278,1.0546875,0.49671680480241776,1.3280303329229355,0.16521580703556538,0.17717209085822105,9.98444881399206e-05,0.16521580703556538,0.7462499588727951,0.017755746841430664,2.4316824078559875,2.413926661014557,512,,,,,,,,,,,
302,0.7000018261768968,0.33703071828241704,0.84765625,0.6043999418616295,1.552827000617981,0.1855563037097454,0.27868787571787834,9.983750349344476e-05,0.1855563037097454,0.7379491925239563,0.31240883469581604,1.4658512771129608,1.1534424424171448,512,,,,,,,,,,,
303,0.7000018261768968,0.33791242465376853,0.60546875,0.49336475133895874,1.291222408413887,0.13644297048449516,0.20382221974432468,9.983036567478567e-05,0.13644297048449516,0.7503173500299454,0.14542974531650543,1.377712994813919,1.2322832494974136,512,,,,,,,,,,,
304,0.7000018261768968,0.3387927020037615,1.28125,0.580778956413269,1.5178012996912003,0.15620683506131172,0.24213486537337303,9.982307470588098e-05,0.15620683506131172,0.7486083805561066,0.38746699690818787,1.7024114280939102,1.3149444311857224,512,0.0009377895621582866,0.0009377895621582866,0.03,4755,0.7000018261768968,4755,4755,6352,216,4755,17435
305,0.7000018261768968,0.3396715514913753,0.8046875,0.9541304558515549,2.5279708802700043,0.13087110221385956,0.36333343014121056,9.98156306091389e-05,0.13087110221385956,0.7290234416723251,0.12615448236465454,0.8110328018665314,0.6848783195018768,512,,,,,,,,,,,
306,0.7000018261768968,0.34054897427558894,0.828125,0.35367657244205475,0.9283479601144791,0.15373556315898895,0.1433991603553295,9.980803340743843e-05,0.15373556315898895,0.7494433373212814,0.10044592618942261,0.8775497227907181,0.7771037966012955,512,,,,,,,,,,,
307,0.7000018261768968,0.3414249715153817,0.625,0.5195699259638786,1.3526916354894638,0.17151571810245514,0.22176266089081764,9.980028312412904e-05,0.17151571810245514,0.7240038961172104,0.2505428344011307,1.254553496837616,1.0040106624364853,512,,,,,,,,,,,
308,0.7000018261768968,0.3422995443697329,0.71484375,0.4889024645090103,1.2870581299066544,0.17335079982876778,0.19446442648768425,9.979237978303066e-05,0.17335079982876778,0.6866503804922104,0.37054160982370377,1.7940674275159836,1.4235258176922798,512,,,,,,,,,,,
309,0.7000018261768968,0.3431726939976215,2.40625,0.48828350752592087,1.288828268647194,0.15868145786225796,0.1908186636865139,9.978432340843372e-05,0.15868145786225796,0.7457031309604645,0.35116130113601685,2.1158928871154785,1.7647315859794617,512,,,,,,,,,,,
310,0.7000018261768968,0.3440444215580269,1.0078125,0.540429100394249,1.3997334390878677,0.17214225232601166,0.23793046921491623,9.977611402509892e-05,0.17214225232601166,0.7371826022863388,0.22589318454265594,1.168862298130989,0.9429691135883331,512,,,,,,,,,,,
311,0.7000018261768968,0.34491472820992825,0.640625,0.7005116641521454,1.864050954580307,0.11815988086163998,0.258711613714695,9.976775165825725e-05,0.11815988086163998,0.7494433373212814,0.08613689243793488,1.791195422410965,1.70505852997303,512,,,,,,,,,,,
312,0.7000018261768968,0.34578361511230465,0.8359375,0.7010190412402153,1.84834623336792,0.12441873550415039,0.275953808799386,9.975923633360985e-05,0.12441873550415039,0.7386425584554672,0.06738995015621185,0.7714564353227615,0.7040664851665497,512,0.0010392615804448724,0.0010392615804448724,0.03,5186,0.7000018261768968,5186,5186,6200,774,5186,17869
313,0.7000018261768968,0.3466510834241354,0.71875,0.558468334376812,1.4782093465328217,0.14793621748685837,0.2141188681125641,9.975056807732802e-05,0.14793621748685837,0.7333105504512787,0.09466998279094696,0.8751450031995773,0.7804750204086304,512,,,,,,,,,,,
314,0.7000018261768968,0.34751713430439984,0.83984375,0.39146916568279266,1.016514465212822,0.17662588320672512,0.16975568234920502,9.974174691605305e-05,0.17662588320672512,0.732114240527153,-0.009256117045879364,0.7681748941540718,0.7774310111999512,512,,,,,,,,,,,
315,0.7000018261768968,0.34838176891207695,2.34375,0.5384558513760567,1.421261951327324,0.14270497113466263,0.2104223668575287,9.973277287689618e-05,0.14270497113466263,0.7275048494338989,0.12085219472646713,1.0351856648921967,0.9143334701657295,512,,,,,,,,,,,
316,0.7000018261768968,0.34924498840614593,0.80078125,0.6948693618178368,1.8231024146080017,0.16922509856522083,0.2825622893869877,9.97236459874385e-05,0.16922509856522083,0.7299316376447678,0.3342403769493103,1.4681545048952103,1.1339141279459,512,,,,,,,,,,,
317,0.7000018261768968,0.3501067939455863,0.8984375,0.3523685783147812,0.9148509055376053,0.17425671592354774,0.15293262153863907,9.971436627573092e-05,0.17425671592354774,0.690561518073082,0.10989493131637573,1.119937926530838,1.0100429952144623,512,,,,,,,,,,,
318,0.7000018261768968,0.3509671866893768,0.64453125,0.6110650300979614,1.6304452866315842,0.1297654453665018,0.22126682847738266,9.970493377029396e-05,0.1297654453665018,0.7163524925708771,-0.040117472410202026,0.83287313580513,0.872990608215332,512,,,,,,,,,,,
319,0.7000018261768968,0.35182616779649695,0.71484375,0.5695427730679512,1.5103323757648468,0.20886640809476376,0.21555474400520325,9.969534850011782e-05,0.20886640809476376,0.7183154225349426,0.09880629181861877,1.3891314566135406,1.2903251647949219,512,,,,,,,,,,,
320,0.7000018261768968,0.35268373842592593,0.63671875,0.5035054907202721,1.3218513578176498,0.09650268219411373,0.2039227895438671,9.968561049466214e-05,0.09650268219411373,0.7342460751533508,0.34375088661909103,1.0441496148705482,0.7003987282514572,390.25,0.0007600797689519823,0.0007600797689519823,0.03,5378,0.7000018261768968,5378,5378,7012,342,5378,18061
321,0.7000018261768968,0.3535398997366428,1.109375,0.45883452147245407,1.2107064723968506,0.19767365604639053,0.1797010824084282,9.967571978385604e-05,0.19767365604639053,0.720292940735817,0.6398407965898514,1.7699912041425705,1.1301504075527191,512,,,,,,,,,,,
322,0.7000018261768968,0.3543946528876269,0.65234375,0.3328945264220238,0.8631177991628647,0.12574424222111702,0.14565344899892807,9.966567639809795e-05,0.12574424222111702,0.7429247796535492,0.13747268915176392,0.8712703287601471,0.7337976396083832,512,,,,,,,,,,,
323,0.7000018261768968,0.3552479990378574,0.83203125,0.6982001215219498,1.838780701160431,0.16199902445077896,0.27697715163230896,9.965548036825554e-05,0.16199902445077896,0.7458984106779099,0.09424765408039093,2.195570707321167,2.101323053240776,512,,,,,,,,,,,
324,0.7000018261768968,0.35609993934631345,0.7265625,0.5839544385671616,1.541146606206894,0.12860487774014473,0.22841227799654007,9.964513172566561e-05,0.12860487774014473,0.7177489995956421,0.09456324577331543,1.041987806558609,0.9474245607852936,512,,,,,,,,,,,
325,0.7000018261768968,0.35695047497197424,1.34375,0.614826038479805,1.61184261739254,0.2263902835547924,0.25126658380031586,9.9634630502134e-05,0.2263902835547924,0.7420800477266312,0.1829058676958084,1.5396464467048645,1.356740579009056,512,,,,,,,,,,,
326,0.7000018261768968,0.35779960707381925,0.78515625,0.63721764087677,1.6424127519130707,0.18983913213014603,0.2885497435927391,9.96239767299355e-05,0.18983913213014603,0.7433398216962814,0.06493191421031952,1.7901098281145096,1.72517791390419,512,,,,,,,,,,,
327,0.7000018261768968,0.3586473368108272,0.640625,0.38013214617967606,0.9987292736768723,0.13663662411272526,0.15318627655506134,9.96131704418138e-05,0.13663662411272526,0.748715803027153,0.13048851490020752,1.0014865547418594,0.8709980398416519,512,,,,,,,,,,,
328,0.7000018261768968,0.3594936653419777,0.546875,0.3837975263595581,1.0026137083768845,0.12136652134358883,0.16040904074907303,9.960221167098124e-05,0.12136652134358883,0.7141406238079071,0.04387419670820236,0.8598425015807152,0.8159683048725128,512,0.0006471701781265438,0.0006471701781265438,0.03,5199,0.7000018261768968,5199,5199,6435,679,5199,17868
329,0.7000018261768968,0.36033859382624983,0.796875,0.7473322302103043,1.9820145964622498,0.14317592233419418,0.28262848407030106,9.959110045111887e-05,0.14317592233419418,0.7314404100179672,0.13464221358299255,0.8238765895366669,0.6892343759536743,512,,,,,,,,,,,
330,0.7000018261768968,0.3611821234226227,0.70703125,0.4533940516412258,1.1946252286434174,0.1387714110314846,0.17929604649543762,9.957983681637631e-05,0.1387714110314846,0.7331200987100601,0.2627865970134735,1.2642302215099335,1.00144362449646,512,,,,,,,,,,,
331,0.7000018261768968,0.36202425529007554,1.0234375,0.36426059901714325,0.9353130906820297,0.24504228681325912,0.16850684955716133,9.956842080137154e-05,0.24504228681325912,0.6901513338088989,-0.20534895360469818,1.2189513742923737,1.4243003278970718,512,,,,,,,,,,,
332,0.7000018261768968,0.3628649905875877,0.56640625,0.5374498590826988,1.396958202123642,0.14611627534031868,0.23167771473526955,9.955685244119091e-05,0.14611627534031868,0.7463671565055847,0.12765632569789886,1.5436116755008698,1.4159553498029709,512,,,,,,,,,,,
333,0.7000018261768968,0.36370433047413825,0.6953125,0.6208198517560959,1.641341358423233,0.15637053176760674,0.2399308681488037,9.9545131771389e-05,0.15637053176760674,0.7273095548152924,0.24093833565711975,1.1746516674757004,0.9337133318185806,512,,,,,,,,,,,
334,0.7000018261768968,0.3645422761087064,0.65234375,0.8540418595075607,2.256474271416664,0.165408156812191,0.3315313011407852,9.95332588279885e-05,0.165408156812191,0.757451131939888,0.28713488578796387,2.6313414573669434,2.3442065715789795,512,,,,,,,,,,,
335,0.7000018261768968,0.3653788286502715,0.8359375,0.7150379046797752,1.8824108839035034,0.18782705441117287,0.28437065705657005,9.952123364748005e-05,0.18782705441117287,0.720410168170929,0.5102172493934631,2.4446200132369995,1.9344027638435364,512,,,,,,,,,,,
336,0.7000018261768968,0.36621398925781246,0.9609375,0.6536462046205997,1.730692058801651,0.1056934529915452,0.25005398504436016,9.950905626682228e-05,0.1056934529915452,0.740283191204071,0.05450719594955444,0.7534021437168121,0.6988949477672577,512,0.0006915839039720595,0.0006915839039720595,0.03,5056,0.7000018261768968,5056,5056,6560,316,5056,17734
337,0.7000018261768968,0.36704775909030873,0.6796875,0.6300104930996895,1.684865802526474,0.11400235444307327,0.22425678744912148,9.949672672344153e-05,0.11400235444307327,0.7440038770437241,0.07261885702610016,0.7983625903725624,0.7257437333464622,512,,,,,,,,,,,
338,0.7000018261768968,0.3678801393067395,0.72265625,0.5191018208861351,1.3628682494163513,0.11909645609557629,0.2101675234735012,9.948424505523179e-05,0.11909645609557629,0.7388818114995956,0.23754415661096573,1.7266615331172943,1.4891173765063286,512,,,,,,,,,,,
339,0.7000018261768968,0.3687111310660839,1.421875,0.6144467890262604,1.5060216039419174,0.20689571648836136,0.3559383451938629,9.947161130055463e-05,0.20689571648836136,0.7246582061052322,0.37665677070617676,2.8845964670181274,2.5079396963119507,512,,,,,,,,,,,
340,0.7000018261768968,0.3695407355273211,0.78515625,0.5375500097870827,1.4093905240297318,0.13996003568172455,0.2195488139986992,9.945882549823906e-05,0.13996003568172455,0.7150195240974426,0.23848117142915726,1.1769694685935974,0.9384882971644402,512,,,,,,,,,,,
341,0.7000018261768968,0.3703689538494304,0.640625,0.5180159211158752,1.3496404737234116,0.1501881144940853,0.22010469809174538,9.944588768758134e-05,0.1501881144940853,0.7322558462619781,0.18602430820465088,1.3991711139678955,1.2131468057632446,512,,,,,,,,,,,
342,0.7000018261768968,0.37119578719139096,1.3046875,0.49667275324463844,1.293138287961483,0.35847240686416626,0.2119305580854416,9.943279790834499e-05,0.35847240686416626,0.6983349472284317,-0.47109171748161316,1.8943354487419128,2.365427166223526,512,,,,,,,,,,,
343,0.7000018261768968,0.3720212367121819,0.734375,0.5759397596120834,1.531210020184517,0.14944541081786156,0.2140619233250618,9.941955620076052e-05,0.14944541081786156,0.738227516412735,0.012034684419631958,1.4846152514219284,1.4725805670022964,512,,,,,,,,,,,
344,0.7000018261768968,0.3728453035707827,0.6328125,0.5878579169511795,1.541815847158432,0.15731699392199516,0.2395716905593872,9.940616260552544e-05,0.15731699392199516,0.7231884598731995,0.19036729633808136,1.172096386551857,0.9817290902137756,512,0.0005778513150289655,0.0005778513150289655,0.03,4972,0.7000018261768968,4972,4972,6509,219,4972,17655
345,0.7000018261768968,0.37366798892617226,0.75390625,0.41865985840559006,1.0508388727903366,0.12341427989304066,0.21782734990119934,9.939261716380406e-05,0.12341427989304066,0.7593652009963989,0.10541477799415588,1.5338412076234818,1.4284264296293259,512,,,,,,,,,,,
346,0.7000018261768968,0.3744892939373299,0.9140625,0.47150900959968567,1.2129519283771515,0.22787399217486382,0.2158631905913353,9.937891991722736e-05,0.22787399217486382,0.7073827981948853,0.5708843618631363,1.9598692953586578,1.3889849334955215,512,,,,,,,,,,,
347,0.7000018261768968,0.37530921976323484,0.6484375,0.4912075698375702,1.2814699858427048,0.11914514563977718,0.20703771710395813,9.936507090789293e-05,0.11914514563977718,0.7406054437160492,0.16210785508155823,0.823811948299408,0.6617040932178497,512,,,,,,,,,,,
348,0.7000018261768968,0.3761277675628662,1.0078125,0.5805852934718132,1.5334094017744064,0.17346834018826485,0.22593993693590164,9.935107017836471e-05,0.17346834018826485,0.7346044629812241,-0.031408727169036865,1.1268707364797592,1.158279463648796,512,,,,,,,,,,,
349,0.7000018261768968,0.3769449384952032,0.61328125,0.32107220590114594,0.8340319097042084,0.11983182840049267,0.13891412317752838,9.933691777167302e-05,0.11983182840049267,0.7491259425878525,0.07187593728303909,0.7352853044867516,0.6634093672037125,512,,,,,,,,,,,
350,0.7000018261768968,0.37776073371922525,0.66796875,0.308043260127306,0.7832412421703339,0.14209628477692604,0.15022317692637444,9.932261373131433e-05,0.14209628477692604,0.7393847554922104,0.20215237140655518,1.3894227147102356,1.1872703433036804,512,,,,,,,,,,,
351,0.7000018261768968,0.3785751543939113,5.09375,0.779151163995266,2.069497764110565,0.3339301347732544,0.29156629741191864,9.930815810125113e-05,0.3339301347732544,0.6923144161701202,0.43313608318567276,1.8754089996218681,1.4422729164361954,512,,,,,,,,,,,
352,0.7000018261768968,0.37938820167824067,0.9765625,0.693016029894352,1.786703735589981,0.11944356188178062,0.3133447468280792,9.92935509259118e-05,0.11944356188178062,0.7402245849370956,0.11779481172561646,0.9881259948015213,0.8703311830759048,512,0.0007389468955807388,0.0007389468955807388,0.03,7374,0.7000018261768968,7374,7374,8986,998,7374,20038
353,0.7000018261768968,0.38019987673119265,0.77734375,0.5384456142783165,1.4192940294742584,0.14692875742912292,0.21235930919647217,9.927879225019052e-05,0.14692875742912292,0.7382031232118607,0.33786362409591675,1.1621238887310028,0.8242602646350861,512,,,,,,,,,,,
354,0.7000018261768968,0.3810101807117462,0.8671875,0.6551322042942047,1.400929868221283,0.11258080787956715,0.5843191780149937,9.926388211944706e-05,0.11258080787956715,0.6986962705850601,0.3002350330352783,1.3668885678052902,1.066653534770012,512,,,,,,,,,,,
355,0.7000018261768968,0.3818191147788807,1.2109375,0.3768382556736469,0.9960389584302902,0.1957225203514099,0.1458950862288475,9.924882057950672e-05,0.1957225203514099,0.737963855266571,-0.08144612610340118,1.777913123369217,1.859359249472618,512,,,,,,,,,,,
356,0.7000018261768968,0.38262668009157536,0.71875,0.7974077239632607,1.9603834450244904,0.12941809371113777,0.45600350946187973,9.923360767666011e-05,0.12941809371113777,0.7524560242891312,0.08698050677776337,2.077983796596527,1.9910032898187637,512,,,,,,,,,,,
357,0.7000018261768968,0.38343287780880925,0.875,0.6832868903875351,1.8240890055894852,0.17426596581935883,0.24647726118564606,9.921824345766304e-05,0.17426596581935883,0.7477343678474426,0.32204727828502655,1.7275173366069794,1.4054700583219528,512,,,,,,,,,,,
358,0.7000018261768968,0.3842377090895617,0.67578125,0.47382761538028717,1.2457956075668335,0.13069862499833107,0.19004561007022858,9.920272796973642e-05,0.13069862499833107,0.7572509497404099,0.11828549206256866,1.1069718152284622,0.9886863231658936,512,,,,,,,,,,,
359,0.7000018261768968,0.38504117509281194,0.58203125,0.5362558364868164,1.3941634148359299,0.14346429519355297,0.23085419833660126,9.918706126056602e-05,0.14346429519355297,0.7379443347454071,0.09399035573005676,0.9086395651102066,0.8146492093801498,512,,,,,,,,,,,
360,0.7000018261768968,0.38584327697753906,1.5859375,0.6924717277288437,1.68330679833889,0.12370693869888783,0.4150923304259777,9.917124337830243e-05,0.12370693869888783,0.7483202964067459,0.07802782207727432,0.9152102842926979,0.8371824622154236,512,0.00069886987330392,0.00069886987330392,0.03,7264,0.7000018261768968,7264,7264,10332,-514,7264,19946
361,0.7000018261768968,0.38664401590272224,0.65625,0.3639319837093353,0.9515557587146759,0.13466963358223438,0.1512683518230915,9.915527437156083e-05,0.13466963358223438,0.7490185350179672,0.13373759388923645,0.8694660440087318,0.7357284501194954,512,,,,,,,,,,,
362,0.7000018261768968,0.387443393027341,0.76171875,0.49882960319519043,1.3227751553058624,0.134391687810421,0.18882966600358486,9.913915428942087e-05,0.134391687810421,0.7534228265285492,0.15463761985301971,1.0761888772249222,0.9215512573719025,512,,,,,,,,,,,
363,0.7000018261768968,0.38824140951037406,0.98046875,0.5123468637466431,1.3432701230049133,0.14154335111379623,0.20929601788520813,9.912288318142653e-05,0.14154335111379623,0.6995263695716858,0.30212531983852386,1.1647434830665588,0.862618163228035,512,,,,,,,,,,,
364,0.7000018261768968,0.3890380665108009,0.56640625,0.5594037398695946,1.480484515428543,0.13622185587882996,0.21467824652791023,9.910646109758596e-05,0.13622185587882996,0.7466845512390137,0.1794789358973503,0.9745206981897354,0.7950417622923851,512,,,,,,,,,,,
365,0.7000018261768968,0.3898333651876008,0.6484375,0.4670218676328659,1.2361358106136322,0.12676037847995758,0.17908193543553352,9.908988808837132e-05,0.12676037847995758,0.7469579726457596,0.20079921185970306,0.9637745022773743,0.7629752904176712,512,,,,,,,,,,,
366,0.7000018261768968,0.39062730669975276,0.609375,0.5076834186911583,1.3350185751914978,0.11756418831646442,0.20341592468321323,9.907316420471863e-05,0.11756418831646442,0.7456005662679672,0.19761650264263153,0.795957162976265,0.5983406603336334,512,,,,,,,,,,,
367,0.7000018261768968,0.39141989220623613,0.703125,0.8088279590010643,2.1071001291275024,0.15559179708361626,0.3438935875892639,9.905628949802761e-05,0.15559179708361626,0.7295068204402924,0.12215007096529007,0.8320881798863411,0.709938108921051,512,,,,,,,,,,,
368,0.7000018261768968,0.3922111228660301,0.74609375,0.4037783369421959,1.0831583440303802,0.16653603315353394,0.1404123306274414,9.903926402016153e-05,0.16653603315353394,0.7363085746765137,0.11193592846393585,1.9039182364940643,1.7919823080301285,512,0.0007449869881384075,0.0007449869881384075,0.03,5017,0.7000018261768968,5017,5017,6597,215,5017,17701
369,0.7000018261768968,0.39300099983811376,0.5625,0.3934684991836548,1.050289899110794,0.14768260717391968,0.14203882962465286,9.902208782344702e-05,0.14768260717391968,0.7130713015794754,0.37517455220222473,1.5171519368886948,1.14197738468647,512,,,,,,,,,,,
370,0.7000018261768968,0.39378952428146635,0.59375,0.595121581107378,1.5587541311979294,0.11474326811730862,0.24464447423815727,9.900476096067398e-05,0.11474326811730862,0.7425976246595383,0.10692813992500305,0.7998424619436264,0.6929143220186234,512,,,,,,,,,,,
371,0.7000018261768968,0.39457669735506734,0.62890625,0.8977053090929985,2.3835825473070145,0.18314500525593758,0.3367365710437298,9.898728348509534e-05,0.18314500525593758,0.7228173762559891,0.23096325993537903,1.6039296835660934,1.3729664236307144,512,,,,,,,,,,,
372,0.7000018261768968,0.3953625202178955,0.79296875,0.819765642285347,2.1233184039592743,0.0991846565157175,0.3608198016881943,9.89696554504269e-05,0.0991846565157175,0.723271444439888,0.11787920445203781,0.6982444226741791,0.5803652182221413,512,,,,,,,,,,,
373,0.7000018261768968,0.3961469940289303,0.84765625,0.631094217300415,1.645361289381981,0.12603257223963737,0.2670452781021595,9.89518769108473e-05,0.12603257223963737,0.7483984082937241,0.1407141014933586,0.8136328756809235,0.6729187741875648,512,,,,,,,,,,,
374,0.7000018261768968,0.39693011994715094,0.68359375,0.49080483615398407,1.2978560253977776,0.14238746650516987,0.18943128362298012,9.893394792099762e-05,0.14238746650516987,0.751909151673317,0.08203199505805969,0.9268427342176437,0.844810739159584,512,,,,,,,,,,,
375,0.7000018261768968,0.3977118991315365,0.78515625,0.44373342394828796,1.1665353029966354,0.11182541400194168,0.17811138927936554,9.891586853598139e-05,0.11182541400194168,0.7531640380620956,0.07936394959688187,0.6857255399227142,0.6063615903258324,512,,,,,,,,,,,
376,0.7000018261768968,0.3984923327410662,1.0703125,0.5003112182021141,1.333975911140442,0.20364220440387726,0.1821186039596796,9.889763881136439e-05,0.20364220440387726,0.7498827874660492,-0.6860471665859222,1.1709914803504944,1.8570386469364166,512,0.0005483828717842698,0.0005483828717842698,0.03,6362,0.7000018261768968,6362,6362,7757,1015,6362,19030
377,0.7000018261768968,0.39927142193471943,0.57421875,0.3485068194568157,0.9064784646034241,0.12819587253034115,0.14960278198122978,9.887925880317443e-05,0.12819587253034115,0.7057519555091858,-0.040099263191223145,2.7759749591350555,2.8160742223262787,512,,,,,,,,,,,
378,0.7000018261768968,0.4000491678714752,0.94140625,0.4159723371267319,1.0796731114387512,0.12156877852976322,0.18084906414151192,9.886072856790125e-05,0.12156877852976322,0.7431103438138962,0.2413608431816101,0.9771495461463928,0.7357887029647827,512,,,,,,,,,,,
379,0.7000018261768968,0.40082557171031274,0.61328125,0.31365974247455597,0.814556747674942,0.17201945930719376,0.13592726550996304,9.884204816249622e-05,0.17201945930719376,0.7316601574420929,0.23811019957065582,2.0054069459438324,1.7672967463731766,512,,,,,,,,,,,
380,0.7000018261768968,0.40160063461021145,0.796875,0.47692807763814926,1.2599922716617584,0.09362064115703106,0.18524428829550743,9.882321764437234e-05,0.09362064115703106,0.7451415807008743,0.11680178344249725,0.7464021444320679,0.6296003609895706,512,,,,,,,,,,,
381,0.7000018261768968,0.4023743577301502,1.078125,0.5946462005376816,1.5627519190311432,0.15905164368450642,0.23920616321265697,9.880423707140391e-05,0.15905164368450642,0.7604687362909317,0.15807420015335083,1.4620890617370605,1.3040148615837097,512,,,,,,,,,,,
382,0.7000018261768968,0.4031467422291084,0.5703125,0.7064114287495613,1.8429448008537292,0.156624099239707,0.29769579134881496,9.878510650192643e-05,0.156624099239707,0.7357031106948853,0.11766490340232849,2.1265145391225815,2.008849635720253,512,,,,,,,,,,,
383,0.7000018261768968,0.4039177892660653,1.171875,0.5012238174676895,1.3224589228630066,0.11473208479583263,0.19640102982521057,9.876582599473642e-05,0.11473208479583263,0.7374462783336639,0.12637382745742798,0.6447703838348389,0.5183965563774109,512,,,,,,,,,,,
384,0.7000018263208694,0.4046875,0.6796875,0.36364997178316116,0.9501951187849045,0.15400207974016666,0.1517744529992342,9.874639560909117e-05,0.15400207974016666,0.7278613150119781,0.20002887398004532,1.5305431187152863,1.330514244735241,512,0.0006338648381642997,0.0006338648381642997,0.03,6198,0.7000018263208694,6198,6198,8604,-124,6198,18867
385,0.7000018263208694,0.4054558755898917,1.1015625,0.3656388148665428,0.946738675236702,0.15333981066942215,0.16125767305493355,9.872681540470872e-05,0.15333981066942215,0.7466210573911667,0.17172057926654816,1.1114250272512436,0.9397044479846954,512,,,,,,,,,,,
386,0.7000018263208694,0.4062229171947195,1.2109375,0.2950531169772148,0.7707013636827469,0.18952931463718414,0.12339895963668823,9.870708544176745e-05,0.18952931463718414,0.7520507425069809,0.7969154119491577,2.383968263864517,1.5870528519153595,512,,,,,,,,,,,
387,0.7000018263208694,0.406988625973463,0.9609375,0.37943480908870697,1.0008875727653503,0.18215098232030869,0.14891481399536133,9.868720578090605e-05,0.18215098232030869,0.7398779094219208,0.148536816239357,1.2647447884082794,1.1162079721689224,512,,,,,,,,,,,
388,0.7000018263208694,0.40775300308510115,0.7421875,0.5096334181725979,1.3398566842079163,0.17093946039676666,0.20448695868253708,9.866717648322335e-05,0.17093946039676666,0.7356786727905273,0.06696377694606781,1.106527790427208,1.0395640134811401,512,,,,,,,,,,,
389,0.7000018263208694,0.4085160496886129,1.125,0.5576499029994011,1.4492180347442627,0.13645374402403831,0.24063008651137352,9.864699761027801e-05,0.13645374402403831,0.7490819841623306,0.15178097784519196,0.9004318416118622,0.7486508637666702,512,,,,,,,,,,,
390,0.7000018263208694,0.4092777669429779,0.69140625,0.4739440828561783,1.2395279556512833,0.11810947768390179,0.1966661438345909,9.862666922408843e-05,0.11810947768390179,0.7554589509963989,0.09713700413703918,0.8358844965696335,0.7387474924325943,512,,,,,,,,,,,
391,0.7000018263208694,0.4100381560071752,0.60546875,0.6208714991807938,1.6616253405809402,0.11414333805441856,0.2198033295571804,9.860619138713254e-05,0.11414333805441856,0.744931623339653,0.18478640168905258,0.8385494649410248,0.6537630632519722,512,,,,,,,,,,,
392,0.7000018263208694,0.41079721804018365,0.8046875,0.41278547793626785,1.0823936313390732,0.15368146263062954,0.16847136989235878,9.858556416234755e-05,0.15368146263062954,0.732133761048317,0.16767136752605438,1.4014200568199158,1.2337486892938614,512,0.0006761865224689245,0.0006761865224689245,0.03,6750,0.7000018263208694,6750,6750,8757,745,6750,19431
393,0.7000018263208694,0.41155495420098304,0.625,0.7858249843120575,2.0747921019792557,0.129482202231884,0.3064955659210682,9.856478761312987e-05,0.129482202231884,0.7246972322463989,0.17363624274730682,1.1138969287276268,0.94026068598032,512,,,,,,,,,,,
394,0.7000018263208694,0.41231136564855225,0.65234375,0.6972483769059181,1.8351202309131622,0.1502603366971016,0.2777535207569599,9.854386180333479e-05,0.1502603366971016,0.7426904141902924,0.07292205840349197,1.0276916101574898,0.9547695517539978,512,,,,,,,,,,,
395,0.7000018263208694,0.4130664535418703,0.7109375,0.6844657808542252,1.799307033419609,0.17663860693573952,0.274831622838974,9.852278679727635e-05,0.17663860693573952,0.7530810385942459,-0.04353097081184387,1.727769911289215,1.771300882101059,512,,,,,,,,,,,
396,0.7000018263208694,0.41382021903991695,0.8203125,0.6321527808904648,1.6965479850769043,0.1526792123913765,0.21906647458672523,9.850156265972721e-05,0.1526792123913765,0.741401344537735,-0.08362863212823868,1.7640208154916763,1.847649447619915,512,,,,,,,,,,,
397,0.7000018263208694,0.4145726633016711,0.640625,0.4412718266248703,1.1618784219026566,0.18583578057587147,0.17530890926718712,9.848018945591826e-05,0.18583578057587147,0.7208203077316284,0.22778432816267014,1.5878600478172302,1.36007571965456,512,,,,,,,,,,,
398,0.7000018263208694,0.41532378748611154,0.6328125,0.5067599937319756,1.338014766573906,0.1457825880497694,0.19762153923511505,9.84586672515386e-05,0.1457825880497694,0.7483886629343033,0.04539366066455841,1.1970159113407135,1.151622250676155,512,,,,,,,,,,,
399,0.7000018263208694,0.4160735927522182,0.6953125,0.6028068736195564,1.6005756556987762,0.16827194392681122,0.2261117286980152,9.84369961127353e-05,0.16827194392681122,0.7402099370956421,0.23754094541072845,1.5945764482021332,1.3570355027914047,512,,,,,,,,,,,
400,0.7000018263208694,0.41682208025896994,0.76171875,0.5553247034549713,1.494727462530136,0.12717324495315552,0.18807458877563477,9.841517610611309e-05,0.12717324495315552,0.7406738251447678,0.19693084061145782,1.1159745305776596,0.9190436899662018,512,0.0006300836685113609,0.0006300836685113609,0.03,5519,0.7000018263208694,5519,5519,7265,463,5519,18188
401,0.7000018263208694,0.4175692511653458,0.60546875,0.3506673499941826,0.9242331832647324,0.16684680804610252,0.13839508220553398,9.839320729873428e-05,0.16684680804610252,0.737856462597847,0.1575341522693634,2.034725397825241,1.8771912455558777,512,,,,,,,,,,,
402,0.7000018263208694,0.4183151066303253,0.6953125,0.57300616055727,1.5242781192064285,0.19464111328125,0.2121041603386402,9.837108975811854e-05,0.19464111328125,0.7443603426218033,0.37355220317840576,2.4258941411972046,2.052341938018799,512,,,,,,,,,,,
403,0.7000018263208694,0.4190596478128875,0.8515625,0.5464312881231308,1.435512125492096,0.12787156365811825,0.22034018114209175,9.834882355224261e-05,0.12787156365811825,0.7648876905441284,0.07982175052165985,1.022050753235817,0.9422290027141571,512,,,,,,,,,,,
404,0.7000018263208694,0.4198028758720114,0.86328125,0.42953772842884064,1.147652730345726,0.2140101194381714,0.15397672355175018,9.832640874954016e-05,0.2140101194381714,0.7315331697463989,-0.10715453326702118,1.2002227455377579,1.307377278804779,512,,,,,,,,,,,
405,0.7000018263208694,0.4205447919666767,1.1796875,0.35871513187885284,0.9390857964754105,0.14998939260840416,0.14792971685528755,9.830384541890159e-05,0.14998939260840416,0.7498388141393661,0.15162846446037292,1.2693984806537628,1.11777001619339,512,,,,,,,,,,,
406,0.7000018263208694,0.4212853972558623,0.890625,0.44092558324337006,1.15194433927536,0.16344210878014565,0.18419373407959938,9.828113362967372e-05,0.16344210878014565,0.6717138439416885,0.18607112765312195,1.2629936784505844,1.0769225507974625,512,,,,,,,,,,,
407,0.7000018263208694,0.4220246928985471,0.89453125,0.3563395068049431,0.9101216793060303,0.1619475968182087,0.16969497874379158,9.825827345165972e-05,0.1619475968182087,0.7312060296535492,0.14462491869926453,1.1271094530820847,0.9824845343828201,512,,,,,,,,,,,
408,0.7000018263208694,0.4227626800537109,0.66796875,0.6950614899396896,1.8366199731826782,0.17772923223674297,0.2696268204599619,9.82352649551188e-05,0.17772923223674297,0.7317333668470383,0.12494722008705139,1.1186886876821518,0.9937414675951004,512,0.000718870956916362,0.000718870956916362,0.03,6730,0.7000018263208694,6730,6730,9802,-456,6730,19413
409,0.7000018263208694,0.42349935988033266,0.9765625,0.5361860319972038,1.4177507162094116,0.21557405963540077,0.20705541968345642,9.821210821076599e-05,0.21557405963540077,0.7347558289766312,0.2574567198753357,1.6457282602787018,1.388271540403366,512,,,,,,,,,,,
410,0.7000018263208694,0.42423473353739133,0.8515625,0.8952262699604034,2.342090681195259,0.12793996557593346,0.3707161135971546,9.8188803289772e-05,0.12793996557593346,0.7406982183456421,0.04536135494709015,0.899204671382904,0.8538433164358139,512,,,,,,,,,,,
411,0.7000018263208694,0.42496880218386646,0.953125,0.6069562062621117,1.611484855413437,0.1437450870871544,0.22777627035975456,9.81653502637629e-05,0.1437450870871544,0.7311718463897705,-0.09834805130958557,0.9678069651126862,1.0661550164222717,512,,,,,,,,,,,
412,0.7000018263208694,0.4257015669787372,0.70703125,0.40426698327064514,1.0580380260944366,0.16114611737430096,0.16701340675354004,9.814174920481998e-05,0.16114611737430096,0.7544921636581421,0.19284561276435852,1.6154011189937592,1.4225555062294006,512,,,,,,,,,,,
413,0.7000018263208694,0.42643302908098246,0.625,0.5408741682767868,1.4097884744405746,0.1061862213537097,0.22922408208251,9.811800018547949e-05,0.1061862213537097,0.7365624755620956,0.0933975875377655,1.194543480873108,1.1011458933353424,512,,,,,,,,,,,
414,0.7000018263208694,0.4271631896495819,0.72265625,0.6671008914709091,1.7681660503149033,0.18274117819964886,0.25335163436830044,9.809410327873244e-05,0.18274117819964886,0.7367724478244781,0.165470689535141,1.2978083491325378,1.1323376595973969,512,,,,,,,,,,,
415,0.7000018263208694,0.4278920498435145,0.78515625,0.5088888853788376,1.3491594791412354,0.15992815792560577,0.19292795658111572,9.807005855802432e-05,0.15992815792560577,0.7416991889476776,0.4272493049502373,1.711168259382248,1.2839189544320107,512,,,,,,,,,,,
416,0.7000018267527871,0.42861961082175914,0.55078125,0.33206233382225037,0.863382562994957,0.12302680499851704,0.14286689832806587,9.804586609725499e-05,0.12302680499851704,0.7476415783166885,0.13375864177942276,1.1416814774274826,1.0079228356480598,512,0.0007308407220989466,0.0007308407220989466,0.03,5481,0.7000018267527871,5481,5481,7340,244,5481,18168
417,0.7000018267527871,0.42934587374329564,0.74609375,0.5540054515004158,1.4812168031930923,0.1294388212263584,0.1975875087082386,9.80215259707783e-05,0.1294388212263584,0.7447949051856995,0.1519336998462677,0.8548797369003296,0.7029460370540619,512,,,,,,,,,,,
418,0.7000018267527871,0.43007083976710286,0.6953125,0.5887559130787849,1.526184931397438,0.15853076428174973,0.2579238824546337,9.799703825340198e-05,0.15853076428174973,0.7359912097454071,0.13438738137483597,1.7080125510692596,1.5736251696944237,512,,,,,,,,,,,
419,0.7000018267527871,0.4307945100521599,0.74609375,0.9048355557024479,2.381644606590271,0.17219818569719791,0.3602812848985195,9.79724030203874e-05,0.17219818569719791,0.7425048798322678,0.37127402424812317,1.5785649120807648,1.2072908878326416,512,,,,,,,,,,,
420,0.7000018267527871,0.4315168857574463,0.7265625,0.5111247561872005,1.3605875372886658,0.2392287440598011,0.18827526830136776,9.794762034744925e-05,0.2392287440598011,0.7103075832128525,0.4409566819667816,1.9890154600143433,1.5480587780475616,512,,,,,,,,,,,
421,0.7000018267527871,0.432237968041941,0.625,0.6179292798042297,1.6469843983650208,0.11416187882423401,0.22552849724888802,9.792269031075538e-05,0.11416187882423401,0.7407226264476776,0.06190316379070282,0.6687958016991615,0.6068926379084587,512,,,,,,,,,,,
422,0.7000018267527871,0.43295775806462317,0.6953125,0.6428909227252007,1.6253555119037628,0.10585656017065048,0.3227987214922905,9.789761298692657e-05,0.10585656017065048,0.753227487206459,0.09326937049627304,0.7800781354308128,0.6868087649345398,512,,,,,,,,,,,
423,0.7000018267527871,0.43367625698447226,0.58984375,0.5277258530259132,1.372092917561531,0.13379516452550888,0.22707626968622208,9.78723884530363e-05,0.13379516452550888,0.731821283698082,0.027307644486427307,1.7579255178570747,1.7306178733706474,512,,,,,,,,,,,
424,0.7000018267527871,0.43439346596046735,0.5625,0.2952284999191761,0.767802819609642,0.12776764389127493,0.12682895921170712,9.784701678661045e-05,0.12776764389127493,0.7347411811351776,0.08064945042133331,1.2874233722686768,1.2067739218473434,512,0.0007058369810692966,0.0007058369810692966,0.03,5397,0.7000018267527871,5397,5397,6919,407,5397,18077
425,0.7000018267527871,0.4351093861515874,0.63671875,0.4790704473853111,1.2686822563409805,0.08600511215627193,0.18304634280502796,9.782149806562711e-05,0.08600511215627193,0.7408105134963989,0.11512171477079391,0.5289807841181755,0.4138590693473816,512,,,,,,,,,,,
426,0.7000018267527871,0.4358240187168121,0.640625,0.7707221359014511,2.0516722202301025,0.19709152728319168,0.2838493213057518,9.779583236851631e-05,0.19709152728319168,0.7256005704402924,0.0823163092136383,1.437002032995224,1.3546857237815857,512,,,,,,,,,,,
427,0.7000018267527871,0.4365373648151204,0.625,0.7779838517308235,2.038167655467987,0.15107465162873268,0.3193589858710766,9.777001977415987e-05,0.15107465162873268,0.7379247844219208,0.27039116621017456,1.191840872168541,0.9214497059583664,512,,,,,,,,,,,
428,0.7000018267527871,0.4372494256054913,0.6796875,0.5151257775723934,1.360912412405014,0.14700467698276043,0.20007476210594177,9.774406036189103e-05,0.14700467698276043,0.7250146418809891,-0.291134238243103,1.337478682398796,1.628612920641899,512,,,,,,,,,,,
429,0.7000018267527871,0.43796020224690435,0.82421875,0.3973447382450104,1.0588862895965576,0.1936313472688198,0.14518863894045353,9.771795421149428e-05,0.1936313472688198,0.6937743723392487,-0.08534376323223114,0.7913902252912521,0.8767339885234833,512,,,,,,,,,,,
430,0.7000018267527871,0.4386696958983386,0.546875,0.43403906375169754,1.1603932678699493,0.08330317586660385,0.1548765730112791,9.76917014032051e-05,0.08330317586660385,0.7341747879981995,0.08189202845096588,0.5107858777046204,0.4288938492536545,512,,,,,,,,,,,
431,0.7000018267527871,0.43937790771877316,0.470703125,0.3732090890407562,0.9960222244262695,0.13428698480129242,0.1349143609404564,9.766530201770969e-05,0.13428698480129242,0.7375195324420929,0.2525515854358673,1.4414729923009872,1.18892140686512,512,,,,,,,,,,,
432,0.7000018267527871,0.44008483886718747,0.86328125,0.3788544163107872,0.9997545480728149,0.11577980779111385,0.14828908815979958,9.763875613614482e-05,0.11577980779111385,0.7544970363378525,0.10182653367519379,0.9014839679002762,0.7996574342250824,512,0.0007152241887524724,0.0007152241887524724,0.03,6238,0.7000018267527871,6238,6238,7860,842,6238,18919
433,0.7000018267527871,0.44079049050256064,1.1015625,0.8191510960459709,2.179027259349823,0.21388793550431728,0.30324857868254185,9.761206384009742e-05,0.21388793550431728,0.7247167676687241,-0.17411988973617554,1.7034255862236023,1.8775454759597778,512,,,,,,,,,,,
434,0.7000018267527871,0.44149486378387154,0.64453125,0.3411843329668045,0.8791974931955338,0.11003037542104721,0.15469439327716827,9.758522521160446e-05,0.11003037542104721,0.7357275038957596,0.15812502801418304,0.699102133512497,0.5409771054983139,512,,,,,,,,,,,
435,0.7000018267527871,0.44219795987009997,0.828125,0.520110972225666,1.3423811346292496,0.13818842265754938,0.23371268436312675,9.755824033315263e-05,0.13818842265754938,0.7470947057008743,0.22661307454109192,1.9501065909862518,1.72349351644516,512,,,,,,,,,,,
436,0.7000018267527871,0.44289977992022483,0.703125,0.36517415195703506,0.9506198763847351,0.10349468886852264,0.15596838295459747,9.753110928767815e-05,0.10349468886852264,0.7509228140115738,0.07480931282043457,0.7234818935394287,0.6486725807189941,512,,,,,,,,,,,
437,0.7000018267527871,0.4436003250932251,0.734375,0.3513616472482681,0.9258866310119629,0.10868415609002113,0.13884559832513332,9.750383215856641e-05,0.10868415609002113,0.7329980432987213,0.23315192013978958,1.1077032834291458,0.8745513632893562,512,,,,,,,,,,,
438,0.7000018267527871,0.44429959654808043,1.0078125,0.4950801879167557,1.3095223605632782,0.13531539216637611,0.19072053022682667,9.747640902965184e-05,0.13531539216637611,0.7385204881429672,0.6431585773825645,1.5768379792571068,0.9336794018745422,512,,,,,,,,,,,
439,0.7000018267527871,0.44499759544376977,0.71484375,0.6667984277009964,1.7638961523771286,0.1896195262670517,0.2567050699144602,9.744883998521755e-05,0.1896195262670517,0.7269189357757568,0.17303883284330368,1.9029569029808044,1.7299180701375008,512,,,,,,,,,,,
440,0.7000018267527871,0.4456943229392722,0.62890625,0.3385510593652725,0.8881059736013412,0.1466861478984356,0.13780628517270088,9.742112510999515e-05,0.1466861478984356,0.7412646114826202,0.14963620901107788,1.5003560781478882,1.3507198691368103,512,0.0006619581254199147,0.0006619581254199147,0.03,6230,0.7000018267527871,6230,6230,8388,104,6230,18910
441,0.7000018267527871,0.44638978019356723,0.6796875,0.5120893493294716,1.3629905730485916,0.1919545978307724,0.18879528902471066,9.73932644891644e-05,0.1919545978307724,0.7390624731779099,-0.045307889580726624,2.216985821723938,2.2622937113046646,512,,,,,,,,,,,
442,0.7000018267527871,0.44708396836563397,0.62109375,0.38316507637500763,1.005233034491539,0.14339557476341724,0.15587324649095535,9.736525820835303e-05,0.14339557476341724,0.7330029159784317,0.2189633473753929,1.052741602063179,0.8337782546877861,512,,,,,,,,,,,
443,0.7000018267527871,0.4477768886144513,0.71875,0.39853547513484955,1.0398117750883102,0.1483270302414894,0.16787146031856537,9.733710635363645e-05,0.1483270302414894,0.7214745879173279,0.2965434119105339,2.1302317678928375,1.8336883559823036,512,,,,,,,,,,,
444,0.7000018267527871,0.448468542098999,0.578125,0.5172209292650223,1.3550164252519608,0.1308746114373207,0.2123196329921484,9.730880901153747e-05,0.1308746114373207,0.7128954976797104,0.01221434772014618,1.050722822546959,1.0385084748268127,512,,,,,,,,,,,
445,0.7000018267527871,0.4491589299782559,0.63671875,0.5605469197034836,1.4708817303180695,0.1702198162674904,0.227745208889246,9.728036626902607e-05,0.1702198162674904,0.7274804562330246,0.11303600668907166,1.2943862974643707,1.181350290775299,512,,,,,,,,,,,
446,0.7000018267527871,0.4498480534112011,0.69140625,0.4001152589917183,1.0583873242139816,0.09150710701942444,0.15408310666680336,9.725177821351907e-05,0.09150710701942444,0.7392382770776749,-0.027007602155208588,0.6489366739988327,0.6759442761540413,512,,,,,,,,,,,
447,0.7000018267527871,0.45053591355681416,0.60546875,0.5017327144742012,1.321026161313057,0.1828460693359375,0.1993759386241436,9.72230449328799e-05,0.1828460693359375,0.7357519268989563,0.29378437995910645,2.2405904978513718,1.9468061178922653,512,,,,,,,,,,,
448,0.7000018268967596,0.45122251157407406,0.6328125,0.33497657626867294,0.8676784634590149,0.16401182301342487,0.14740202389657497,9.719416651541839e-05,0.16401182301342487,0.7419531047344208,0.015146434307098389,1.782024085521698,1.7668776512145996,512,0.0008874551276676357,0.0008874551276676357,0.03,5459,0.7000018268967596,5459,5459,7313,115,5459,18103
449,0.7000018268967596,0.45190784862195993,1.015625,0.5546911507844925,1.4477687031030655,0.08843177743256092,0.23311350122094154,9.716514304989036e-05,0.08843177743256092,0.7371581792831421,0.11196812242269516,0.6563930585980415,0.5444249361753464,512,,,,,,,,,,,
450,0.7000018268967596,0.45259192585945124,0.6328125,0.5324616134166718,1.3988605737686157,0.14775405079126358,0.21465937048196793,9.713597462549747e-05,0.14775405079126358,0.7423876821994781,0.192014180123806,1.4803628325462341,1.2883486524224281,512,,,,,,,,,,,
451,0.7000018268967596,0.4532747444455271,0.6640625,0.35834142565727234,0.9220207780599594,0.14646080322563648,0.16386230289936066,9.710666133188688e-05,0.14646080322563648,0.7338867038488388,0.16435006260871887,0.939852312207222,0.7755022495985031,512,,,,,,,,,,,
452,0.7000018268967596,0.4539563055391664,0.86328125,0.4912588410079479,1.277876079082489,0.10996547248214483,0.21078697592020035,9.707720325915104e-05,0.10996547248214483,0.7382958680391312,0.14723380655050278,0.8028275519609451,0.6555937454104424,512,,,,,,,,,,,
453,0.7000018268967596,0.4546366102993488,0.74609375,0.4368170201778412,1.1253210455179214,0.2067309208214283,0.19836686551570892,9.704760049782732e-05,0.2067309208214283,0.7241845577955246,0.13840757310390472,1.251971185207367,1.1135636121034622,512,,,,,,,,,,,
454,0.7000018268967596,0.4553156598850533,0.640625,0.40309426188468933,1.061928540468216,0.18188798800110817,0.15956921130418777,9.70178531388978e-05,0.18188798800110817,0.7093310207128525,0.1805793046951294,1.5975603759288788,1.4169810712337494,512,,,,,,,,,,,
455,0.7000018268967596,0.455993455455259,0.58984375,0.8683395683765411,2.2720268219709396,0.16467855498194695,0.3593051489442587,9.698796127378895e-05,0.16467855498194695,0.7372949123382568,0.10289496183395386,1.4317006468772888,1.328805685043335,512,,,,,,,,,,,
456,0.7000018270407322,0.45666999816894527,0.56640625,0.4253091961145401,1.134003221988678,0.1301026362925768,0.1548124272376299,9.69579249943714e-05,0.1301026362925768,0.7460839599370956,0.120232954621315,0.9355498105287552,0.8153168559074402,512,0.0007403878844343126,0.0007403878844343126,0.03,6141,0.7000018270407322,6141,6140,7825,551,6141,18815
457,0.7000018270407322,0.4573452891850913,0.66015625,0.4000452160835266,1.0603718012571335,0.17645024880766869,0.1518863569945097,9.692774439295962e-05,0.17645024880766869,0.7398388534784317,0.08375397324562073,1.325344905257225,1.2415909320116043,512,,,,,,,,,,,
458,0.7000018270407322,0.4580193296626761,0.66015625,0.44960927963256836,1.1791363656520844,0.12964964285492897,0.1833159700036049,9.689741956231163e-05,0.12964964285492897,0.7369238138198853,0.17518870532512665,1.3091099187731743,1.1339212134480476,512,,,,,,,,,,,
459,0.7000018270407322,0.4586921207606792,0.609375,0.48983410745859146,1.308260515332222,0.11428645998239517,0.1760852076113224,9.686695059562876e-05,0.11428645998239517,0.7528222501277924,0.1406274288892746,0.7631305307149887,0.6225031018257141,512,,,,,,,,,,,
460,0.7000018270407322,0.4593636636380797,0.6875,0.5636075809597969,1.508296251296997,0.11669833492487669,0.19960547611117363,9.683633758655529e-05,0.11669833492487669,0.7412206828594208,0.2238716185092926,0.8580300882458687,0.6341584697365761,512,,,,,,,,,,,
461,0.7000018270407322,0.4600339594538564,0.51171875,0.833925623446703,2.1764579862356186,0.12395055219531059,0.35058928839862347,9.680558062917822e-05,0.12395055219531059,0.7593798637390137,0.12895672023296356,1.3049496412277222,1.1759929209947586,512,,,,,,,,,,,
462,0.7000018270407322,0.4607030093669891,0.54296875,0.6714276298880577,1.773710772395134,0.13385236635804176,0.26091827638447285,9.677467981802696e-05,0.13385236635804176,0.7435644418001175,0.200432687997818,1.2258195281028748,1.0253868401050568,512,,,,,,,,,,,
463,0.7000018270407322,0.46137081453645673,0.78125,0.5438170284032822,1.434269517660141,0.1345889139920473,0.21366086043417454,9.67436352480731e-05,0.1345889139920473,0.7417382597923279,0.060340747237205505,1.7519341260194778,1.6915933787822723,512,,,,,,,,,,,
464,0.7000018270407322,0.46203737612123835,0.546875,0.3963230028748512,1.0486103892326355,0.12320725992321968,0.15236830711364746,9.671244701472999e-05,0.12320725992321968,0.7520409673452377,0.1183391585946083,0.8951709568500519,0.7768317982554436,512,0.0005563094164244831,0.0005563094164244831,0.03,5977,0.7000018270407322,5977,5977,7789,245,5977,18620
465,0.7000018270407322,0.46270269528031344,0.6171875,0.9351254403591156,2.489486336708069,0.11502324789762497,0.34422700107097626,9.668111521385256e-05,0.11502324789762497,0.7275829762220383,0.00963042676448822,0.913929209113121,0.9042987823486328,512,,,,,,,,,,,
466,0.7000018270407322,0.4633667731726611,0.58984375,0.7969973459839821,2.114647686481476,0.1649514939635992,0.3004956394433975,9.664963994173695e-05,0.1649514939635992,0.7388525158166885,0.1827421337366104,1.0836963653564453,0.9009542316198349,512,,,,,,,,,,,
467,0.7000018270407322,0.46402961095726036,0.66796875,0.5073471739888191,1.3077240139245987,0.18934470787644386,0.22969161719083786,9.661802129512029e-05,0.18934470787644386,0.7222802489995956,0.22582237794995308,1.4804088771343231,1.25458649918437,512,,,,,,,,,,,
468,0.7000018270407322,0.4646912097930908,0.734375,0.3730373904109001,0.9867318570613861,0.18732544407248497,0.1436844114214182,9.658625937118034e-05,0.18732544407248497,0.7281933426856995,0.15649470686912537,2.1810939460992813,2.024599239230156,512,,,,,,,,,,,
469,0.7000018270407322,0.46535157083913137,0.52734375,0.28073692321777344,0.7244721204042435,0.10332465171813965,0.12624582648277283,9.655435426753521e-05,0.10332465171813965,0.7469530999660492,0.12572750449180603,0.7297077029943466,0.6039801985025406,512,,,,,,,,,,,
470,0.7000018270407322,0.46601069525436106,0.57421875,0.5721059739589691,1.5212656557559967,0.1265214215964079,0.2123887985944748,9.652230608224307e-05,0.1265214215964079,0.7164208889007568,0.2279357984662056,1.4990652054548264,1.2711294069886208,512,,,,,,,,,,,
471,0.7000018270407322,0.4666685841977596,0.61328125,0.660203255712986,1.7592377364635468,0.0801115371286869,0.24137818068265915,9.649011491380184e-05,0.0801115371286869,0.7392528802156448,0.06632115691900253,0.7595263049006462,0.6932051479816437,512,,,,,,,,,,,
472,0.7000018270407322,0.4673252388283059,0.734375,0.5844134017825127,1.5565400421619415,0.14476793073117733,0.21440961956977844,9.645778086114892e-05,0.14476793073117733,0.74818354845047,0.10825376212596893,1.2067274898290634,1.0984737277030945,512,0.0006311815814115107,0.0006311815814115107,0.03,6154,0.7000018270407322,6154,6154,7726,512,6154,18824
473,0.7000018270407322,0.467980660304979,0.625,0.4621114432811737,1.2283288091421127,0.16825729049742222,0.17200885340571404,9.642530402366079e-05,0.16825729049742222,0.6795556843280792,0.06245352327823639,1.3665538132190704,1.304100289940834,512,,,,,,,,,,,
474,0.7000018270407322,0.4686348497867584,0.6484375,0.6197366714477539,1.6724152714014053,0.16055543534457684,0.2055746279656887,9.639268450115282e-05,0.16055543534457684,0.7302978336811066,0.11419321596622467,1.379717618227005,1.2655244022607803,512,,,,,,,,,,,
475,0.7000018270407322,0.4692878084326232,0.75390625,0.512117549777031,1.3523505926132202,0.130154088139534,0.1995206866413355,9.635992239387888e-05,0.130154088139534,0.7462841719388962,0.18268786370754242,1.0211560130119324,0.83846814930439,512,,,,,,,,,,,
476,0.7000018270407322,0.4699395374015525,0.80078125,0.3422904312610626,0.9034468829631805,0.1602888759225607,0.13379677385091782,9.632701780253111e-05,0.1602888759225607,0.7435497939586639,-0.0977325290441513,1.3919342160224915,1.4896667450666428,512,,,,,,,,,,,
477,0.7000018270407322,0.4705900378525257,0.58203125,0.3587188422679901,0.9575288742780685,0.11290541663765907,0.12949791364371777,9.629397082823952e-05,0.11290541663765907,0.749457985162735,0.060400523245334625,0.6883848682045937,0.627984344959259,512,,,,,,,,,,,
478,0.7000018270407322,0.4712393109445219,0.609375,0.7572338096797466,2.0123654901981354,0.12402834370732307,0.28228239715099335,9.626078157257176e-05,0.12402834370732307,0.7276415824890137,0.0728728324174881,1.2892614006996155,1.2163885682821274,512,,,,,,,,,,,
479,0.7000018270407322,0.4718873578365201,0.58984375,0.32447144389152527,0.8588189333677292,0.1526056006550789,0.12442783452570438,9.622745013753273e-05,0.1526056006550789,0.7349609285593033,0.20024242997169495,1.3575532585382462,1.1573108285665512,512,,,,,,,,,,,
480,0.7000018270407322,0.47253417968749994,0.765625,0.8330894038081169,1.8367872387170792,0.17159553058445454,0.6877259984612465,9.619397662556435e-05,0.17159553058445454,0.7336669862270355,0.07480229437351227,1.8954573571681976,1.8206550627946854,512,0.0006628402043133974,0.0006628402043133974,0.03,7276,0.7000018270407322,7276,7276,8494,1158,7276,19951
481,0.7000018270407322,0.4731797776564404,0.5625,0.5656023621559143,1.506886288523674,0.12875207886099815,0.20706022717058659,9.616036113954516e-05,0.12875207886099815,0.744462862610817,0.13626036047935486,1.7462938278913498,1.610033467411995,512,,,,,,,,,,,
482,0.7000018270407322,0.4738241529023205,0.68359375,0.45738915354013443,1.1302001029253006,0.12190309539437294,0.2558275908231735,9.612660378279012e-05,0.12190309539437294,0.742631807923317,0.2053079903125763,1.2210645005106926,1.0157565101981163,512,,,,,,,,,,,
483,0.7000018270407322,0.4744673065841198,0.61328125,0.40593742206692696,1.0797459334135056,0.15750104188919067,0.1503674052655697,9.609270465905012e-05,0.15750104188919067,0.7450878769159317,0.13660453259944916,1.1561725288629532,1.019567996263504,512,,,,,,,,,,,
484,0.7000018270407322,0.47510923986081727,0.57421875,0.5299723073840141,1.3885276317596436,0.13846174627542496,0.21744894236326218,9.605866387251186e-05,0.13846174627542496,0.7196337729692459,0.1353948637843132,1.2196860536932945,1.0842911899089813,512,,,,,,,,,,,
485,0.7000018270407322,0.475749953891392,0.94921875,0.6720489636063576,1.77737358212471,0.13503248244524002,0.25913840159773827,9.602448152779737e-05,0.13503248244524002,0.7146239876747131,-0.08669126033782959,1.1131361573934555,1.199827417731285,512,,,,,,,,,,,
486,0.7000018270407322,0.47638944983482356,0.7109375,0.3118254616856575,0.8155999481678009,0.14738378301262856,0.12932565994560719,9.599015772996375e-05,0.14738378301262856,0.7433789074420929,0.2808125913143158,1.7913049459457397,1.510492354631424,512,,,,,,,,,,,
487,0.7000018270407322,0.477027728850091,2.390625,0.5502248108386993,1.4613696485757828,0.3251153975725174,0.20597819983959198,9.59556925845029e-05,0.3251153975725174,0.696967750787735,0.6656722575426102,2.4099393784999847,1.7442671209573746,512,,,,,,,,,,,
488,0.7000018271847047,0.4776647920961732,0.51171875,0.34813292324543,0.9119042754173279,0.10315386764705181,0.14304391667246819,9.592108619734106e-05,0.10315386764705181,0.7570703029632568,0.18801722675561905,1.1302892565727234,0.9422720298171043,512,0.0007550677983090281,0.0007550677983090281,0.03,10495,0.7000018271847047,10495,10494,14176,-154,10495,23171
489,0.7000018271847047,0.4783006407320499,1.09375,0.4615947753190994,1.2250247448682785,0.11877178587019444,0.17374726757407188,9.588633867483864e-05,0.11877178587019444,0.7392431646585464,0.18175183236598969,1.1033093631267548,0.9215575307607651,512,,,,,,,,,,,
490,0.7000018271847047,0.47893527591670004,0.91015625,0.35338952392339706,0.9168094992637634,0.16172618977725506,0.15406779944896698,9.585145012378978e-05,0.16172618977725506,0.7381982207298279,0.018308795988559723,0.9509891420602798,0.9326803460717201,512,,,,,,,,,,,
491,0.7000018271847047,0.47956869880910263,0.6796875,0.6961758583784103,1.8282045274972916,0.1793192457407713,0.2814191486686468,9.581642065142208e-05,0.1793192457407713,0.7297070026397705,0.13779118657112122,1.472455158829689,1.3346639722585678,512,,,,,,,,,,,
492,0.7000018271847047,0.48020091056823727,0.53515625,0.5762367025017738,1.5308744311332703,0.11298284865915775,0.21529731154441833,9.578125036539624e-05,0.11298284865915775,0.7396240085363388,0.20589689910411835,1.089429348707199,0.8835324496030807,512,,,,,,,,,,,
493,0.7000018271847047,0.4808319123530829,0.6328125,0.39047108590602875,1.0397226363420486,0.10839593689888716,0.1435230504721403,9.574593937380575e-05,0.10839593689888716,0.7265527248382568,0.13604996725916862,0.8519415631890297,0.7158915959298611,512,,,,,,,,,,,
494,0.7000018271847047,0.4814617053226187,0.55078125,0.5656420290470123,1.4682184606790543,0.100407550111413,0.24584820494055748,9.571048778517654e-05,0.100407550111413,0.7351025193929672,0.21087918430566788,1.4695554673671722,1.2586762830615044,512,,,,,,,,,,,
495,0.7000018271847047,0.48209029063582415,0.6796875,0.3816983103752136,0.9973202496767044,0.1605088785290718,0.15934127196669579,9.567489570846666e-05,0.1605088785290718,0.7500732094049454,0.19702553749084473,1.548074945807457,1.3510494083166122,512,,,,,,,,,,,
496,0.7000018271847047,0.4827176694516783,0.65234375,0.5416894778609276,1.439199298620224,0.08825669065117836,0.2022839318960905,9.563916325306594e-05,0.08825669065117836,0.7362304329872131,0.10131128877401352,0.6118934825062752,0.5105821937322617,512,0.0006933295517228544,0.0006933295517228544,0.03,5957,0.7000018271847047,5957,5957,7741,345,5957,18631
497,0.7000018271847047,0.48334384292916005,0.57421875,0.3603798598051071,0.9464540630578995,0.1847313679754734,0.14560607820749283,9.560329052879568e-05,0.1847313679754734,0.7406542748212814,0.15598657727241516,2.5158266127109528,2.3598400354385376,512,,,,,,,,,,,
498,0.7000018271847047,0.48396881222724913,0.69140625,0.5555186718702316,1.4921019673347473,0.13329798728227615,0.19128789752721786,9.556727764590823e-05,0.13329798728227615,0.752387672662735,0.08763407170772552,0.9212571233510971,0.8336230516433716,512,,,,,,,,,,,
499,0.7000018271847047,0.48459257850492443,0.62890625,0.6738342866301537,1.8275399655103683,0.11058654077351093,0.21438202634453773,9.553112471508676e-05,0.11058654077351093,0.7577197104692459,0.18642466515302658,1.1035674512386322,0.9171427860856056,512,,,,,,,,,,,
500,0.7000018271847047,0.48521514292116513,0.5703125,0.567356638610363,1.5292039215564728,0.10774197615683079,0.19005858153104782,9.549483184744483e-05,0.10774197615683079,0.7531884610652924,0.07726529240608215,0.8273430615663528,0.7500777691602707,512,,,,,,,,,,,
501,0.7000018271847047,0.4858365066349506,0.68359375,0.41908644884824753,1.1066666096448898,0.1663130298256874,0.16329232044517994,9.545839915452613e-05,0.1663130298256874,0.6946191340684891,0.5386492982506752,1.7361783236265182,1.197529025375843,512,,,,,,,,,,,
502,0.7000018271847047,0.48645667080526,0.640625,0.5938501432538033,1.5578065812587738,0.1024263147264719,0.24173922836780548,9.542182674830405e-05,0.1024263147264719,0.7523681670427322,0.15478886663913727,1.7173385471105576,1.5625496804714203,512,,,,,,,,,,,
503,0.7000018271847047,0.48707563659107234,0.65234375,0.4827435836195946,1.2409988343715668,0.1818905957043171,0.22186043485999107,9.53851147411814e-05,0.1818905957043171,0.7432470321655273,0.3573577255010605,2.117751508951187,1.7603937834501266,512,,,,,,,,,,,
504,0.7000018271847047,0.48769340515136717,0.7109375,0.3767845183610916,1.0058474093675613,0.14627613499760628,0.13592379540205002,9.534826324599003e-05,0.14627613499760628,0.7304101586341858,0.169609896838665,1.3095059618353844,1.1398960649967194,512,0.0007202571141533554,0.0007202571141533554,0.03,5600,0.7000018271847047,5600,5600,7485,211,5600,18267
505,0.7000018271847047,0.4883099776451235,0.91015625,0.4498998299241066,1.207822024822235,0.18486731499433517,0.1555107645690441,9.531127237599053e-05,0.18486731499433517,0.7436718493700027,0.2488444298505783,2.5054885745048523,2.256644144654274,512,,,,,,,,,,,
506,0.7000018271847047,0.4889253552313203,0.69921875,0.4078218564391136,1.0787147730588913,0.16148796677589417,0.15710894763469696,9.527414224487182e-05,0.16148796677589417,0.734321266412735,0.22626152634620667,1.2128819227218628,0.9866203963756561,512,,,,,,,,,,,
507,0.7000018271847047,0.48953953906893727,1.515625,0.6688477545976639,1.7413488030433655,0.10362141020596027,0.28546244464814663,9.523687296675083e-05,0.10362141020596027,0.7458495795726776,0.14399150013923645,0.7322210669517517,0.5882295668125153,512,,,,,,,,,,,
508,0.7000018271847047,0.4901525303169533,0.79296875,0.6737220212817192,1.7594788372516632,0.09976554103195667,0.2821029946208,9.519946465617218e-05,0.09976554103195667,0.740961879491806,0.13908552378416061,1.541914090514183,1.4028285667300224,512,,,,,,,,,,,
509,0.7000018271847047,0.49076433013434756,0.5859375,0.5406105294823647,1.4343133717775345,0.0899041835218668,0.20390030555427074,9.516191742810773e-05,0.0899041835218668,0.7430273145437241,0.0515938401222229,1.3252323269844055,1.2736384868621826,512,,,,,,,,,,,
510,0.7000018271847047,0.49137493968009943,0.6015625,0.5822257846593857,1.4674763530492783,0.17117895931005478,0.2968441713601351,9.512423139795637e-05,0.17117895931005478,0.7455663830041885,0.19851860404014587,1.6262089759111404,1.4276903718709946,512,,,,,,,,,,,
511,0.7000018271847047,0.4919843601131881,0.671875,0.41955383867025375,1.1205608397722244,0.14932024851441383,0.15081438049674034,9.508640668154355e-05,0.14932024851441383,0.7481298297643661,0.07905249297618866,1.980262354016304,1.9012098610401154,512,,,,,,,,,,,
512,0.7000018271847047,0.49259259259259247,0.68359375,0.6210761070251465,1.62947778403759,0.1424301080405712,0.2525709979236126,9.504844339512095e-05,0.1424301080405712,0.7446093708276749,0.14133977890014648,1.8221735507249832,1.6808337718248367,512,0.0006348510505631566,0.0006348510505631566,0.03,6920,0.7000018271847047,6920,6920,8879,413,6920,19604
513,0.7000018271847047,0.49319963827729224,0.578125,0.30628809332847595,0.7985935807228088,0.12269853614270687,0.12955209240317345,9.501034165536619e-05,0.12269853614270687,0.7521142363548279,0.1491779237985611,0.8395438641309738,0.6903659403324127,512,,,,,,,,,,,
514,0.7000018271847047,0.4938054983262663,0.6328125,0.35416027903556824,0.9366838037967682,0.11889154836535454,0.13652916066348553,9.497210157938234e-05,0.11889154836535454,0.7527978271245956,0.1394682079553604,1.0250151604413986,0.8855469524860382,512,,,,,,,,,,,
515,0.7000018271847047,0.4944101738984937,0.68359375,0.5503157824277878,1.469948187470436,0.09224225208163261,0.19767533242702484,9.49337232846977e-05,0.09224225208163261,0.7405663877725601,0.08259238302707672,0.6213585883378983,0.5387662053108215,512,,,,,,,,,,,
516,0.7000018271847047,0.49501366615295406,0.71484375,0.3452567681670189,0.9009500741958618,0.1612616889178753,0.14528248459100723,9.489520688926534e-05,0.1612616889178753,0.7341308444738388,0.22374871373176575,1.3889937102794647,1.165244996547699,512,,,,,,,,,,,
517,0.7000018271847047,0.4956159762486264,0.59765625,0.512652114033699,1.3587626516819,0.14260323718190193,0.19472856260836124,9.48565525114628e-05,0.14260323718190193,0.7520507872104645,0.21680529415607452,1.5277987569570541,1.3109934628009796,512,,,,,,,,,,,
518,0.7000018271847047,0.4962171053444897,0.69140625,0.48595379292964935,1.307344377040863,0.15414084866642952,0.1652427613735199,9.481776027009167e-05,0.15414084866642952,0.7342333644628525,0.5320030748844147,3.277307152748108,2.7453040778636932,512,,,,,,,,,,,
519,0.7000018271847047,0.4968170545995235,0.65234375,0.30883876234292984,0.818512499332428,0.11152210645377636,0.1173624973744154,9.477883028437728e-05,0.11152210645377636,0.7468701004981995,0.0717540979385376,1.2917154133319855,1.2199613153934479,512,,,,,,,,,,,
520,0.7000018271847047,0.4974158251727069,0.63671875,0.7070489600300789,1.8601217418909073,0.12521421164274216,0.28245078958570957,9.473976267396831e-05,0.12521421164274216,0.7535693198442459,0.03920239210128784,1.0253867208957672,0.9861843287944794,512,0.0006937680882401764,0.0006937680882401764,0.03,5524,0.7000018271847047,5524,5524,7161,285,5524,18186
