step,train/sparsity,train/target_sparsity,train/grad_norm,train/loss,train/ntp_loss,train/onpolicy_kd_loss,train/aux_loss,train/lr,onpolicy/kl_loss,onpolicy/overlap_ratio_top100,onpolicy/entropy_gap,onpolicy/student_entropy,onpolicy/teacher_entropy,onpolicy/gen_tokens,pgd/kl_at_full_pgd,pgd/kl_at_k_actual,pgd/kl_budget,pgd/k_actual,pgd/post_sparsity,pgd/prunings,pgd/revivals,pgd/turnover,pgd/net_growth,pgd/n_prune_cand,pgd/n_revive_cand
513,0.7000018271847047,0.49319963827729224,0.74609375,0.7593138590455055,2.044713467359543,0.09918665513396263,0.25623757392168045,9.501034165536619e-05,0.09918665513396263,0.7356005758047104,0.20684242248535156,0.7611226439476013,0.5542802214622498,512,,,,,,,,,,,
514,0.7000018271847047,0.4938054983262663,0.69921875,0.6557801216840744,1.7118303328752518,0.09536155965179205,0.2753820773214102,9.497210157938234e-05,0.09536155965179205,0.7372656166553497,0.17127232253551483,0.6595791876316071,0.4883068650960922,512,,,,,,,,,,,
515,0.7000018271847047,0.4944101738984937,0.625,0.37217215821146965,0.9856873154640198,0.11456120945513248,0.14210708625614643,9.49337232846977e-05,0.11456120945513248,0.7412158101797104,0.18677576631307602,0.78239306807518,0.595617301762104,512,,,,,,,,,,,
516,0.7000018271847047,0.49501366615295406,0.52734375,0.2919727489352226,0.7715420126914978,0.11737480759620667,0.113223847001791,9.489520688926534e-05,0.11737480759620667,0.7357177734375,0.09918619692325592,0.7489041537046432,0.6497179567813873,512,,,,,,,,,,,
517,0.7000018271847047,0.4956159762486264,0.7421875,0.4178759455680847,1.1193044483661652,0.09527839720249176,0.14698626659810543,9.48565525114628e-05,0.09527839720249176,0.7361865043640137,0.1683839112520218,0.6626928374171257,0.4943089261651039,512,,,,,,,,,,,
518,0.7000018271847047,0.4962171053444897,0.86328125,0.6934557110071182,1.8596242815256119,0.14855293557047844,0.24175656586885452,9.481776027009167e-05,0.14855293557047844,0.7423241883516312,0.19694728404283524,1.082894816994667,0.8859475329518318,512,,,,,,,,,,,
519,0.7000018271847047,0.4968170545995235,0.7890625,0.633549265563488,1.6716155409812927,0.1513952761888504,0.2482306770980358,9.477883028437728e-05,0.1513952761888504,0.7300634831190109,0.059889212250709534,1.318162515759468,1.2582733035087585,512,,,,,,,,,,,
520,0.7000018271847047,0.4974158251727069,0.7734375,0.4825581721961498,1.2379758954048157,0.1489213164895773,0.2243215460330248,9.473976267396831e-05,0.1489213164895773,0.7438574135303497,0.09946335852146149,0.9794483482837677,0.8799849897623062,512,0.0005596459959633648,0.00035536865470930934,0.03,63,0.7000018271847047,63,63,80,2,6710,19355
521,0.7000018271847047,0.4980134182230189,0.546875,0.5491476953029633,1.4714177250862122,0.14597702585160732,0.19266615621745586,9.470055755893638e-05,0.14597702585160732,0.743339791893959,0.11371435970067978,0.9287334680557251,0.8150191083550453,512,,,,,,,,,,,
522,0.7000018271847047,0.49860983490943905,0.58984375,0.6174356639385223,1.6436573714017868,0.12920894101262093,0.22735967859625816,9.466121505977577e-05,0.12920894101262093,0.7286425530910492,0.14125803112983704,0.8729960545897484,0.7317380234599113,512,,,,,,,,,,,
523,0.7000018271847047,0.4992050763909464,0.62890625,0.5143088027834892,1.3676123917102814,0.11056054942309856,0.1908990889787674,9.462173529740296e-05,0.11056054942309856,0.7343163937330246,-0.1904054507613182,0.9400021582841873,1.1304076090455055,512,,,,,,,,,,,
524,0.7000018271847047,0.49979914382651985,0.63671875,0.36545928567647934,0.95638108253479,0.1302380319684744,0.15107126533985138,9.458211839315636e-05,0.1302380319684744,0.7465331852436066,0.14031357318162918,1.3630017936229706,1.2226882204413414,512,,,,,,,,,,,
525,0.7000018271847047,0.5003920383751392,0.5859375,0.5632022172212601,1.4976299405097961,0.1821173895150423,0.20904338359832764,9.454236446879579e-05,0.1821173895150423,0.7370800673961639,0.16406580805778503,1.7989166378974915,1.6348508298397064,512,,,,,,,,,,,
526,0.7000018271847047,0.5009837611957833,0.57421875,0.3391524367034435,0.9022556245326996,0.20464562810957432,0.12547897174954414,9.450247364650227e-05,0.20464562810957432,0.7100634723901749,0.27403439581394196,1.0485169738531113,0.7744825780391693,512,,,,,,,,,,,
527,0.7000018271847047,0.5015743134474312,0.63671875,0.3246324732899666,0.8609015196561813,0.1607599426060915,0.12283323518931866,9.446244604887751e-05,0.1607599426060915,0.7278905957937241,0.32612453401088715,1.1476497799158096,0.8215252459049225,512,,,,,,,,,,,
528,0.7000018271847047,0.5021636962890624,0.60546875,0.34623195230960846,0.903224527835846,0.13561901450157166,0.1459631621837616,9.442228179894362e-05,0.13561901450157166,0.7247997522354126,0.32252032682299614,1.2842151299118996,0.9616948030889034,512,0.0006568547687493265,0.000592784199398011,0.03,3969,0.7000018271847047,3969,3969,5108,230,7412,20069
529,0.7000018271847047,0.5027519108796561,1.4375,0.5626484751701355,1.510515421628952,0.15596463158726692,0.1944799404591322,9.43819810201427e-05,0.15596463158726692,0.7312792837619781,0.6599886566400528,1.558240681886673,0.8982520252466202,512,,,,,,,,,,,
530,0.7000018271847047,0.5033389583781912,0.58984375,0.5728764906525612,1.521828532218933,0.16496735252439976,0.21416068263351917,9.434154383633646e-05,0.16496735252439976,0.7206737846136093,0.10416886955499649,0.9122543856501579,0.8080855160951614,512,,,,,,,,,,,
531,0.7000018271847047,0.5039248399436473,0.56640625,0.5821602493524551,1.5584552735090256,0.14121871069073677,0.2056666873395443,9.430097037180583e-05,0.14121871069073677,0.7481493949890137,0.06815822422504425,0.8971169292926788,0.8289587050676346,512,,,,,,,,,,,
532,0.7000018271847047,0.5045095567350035,0.58984375,0.5759055614471436,1.5222282707691193,0.10720614902675152,0.22294003143906593,9.426026075125061e-05,0.10720614902675152,0.7437060326337814,0.08899290859699249,0.6838746666908264,0.5948817580938339,512,,,,,,,,,,,
533,0.7000018271847047,0.5050931099112386,3.234375,0.8949624747037888,2.3486259132623672,0.10439545288681984,0.3633814826607704,9.421941509978904e-05,0.10439545288681984,0.7453271299600601,0.12370487302541733,0.8182241395115852,0.6945192664861679,512,,,,,,,,,,,
534,0.7000018271847047,0.5056755006313324,0.5546875,0.524150975048542,1.3936738669872284,0.13541950099170208,0.19466233626008034,9.417843354295748e-05,0.13541950099170208,0.730712890625,0.1634201630949974,0.939892016351223,0.7764718532562256,512,,,,,,,,,,,
535,0.7000018271847047,0.5062567300542637,1.1484375,0.42871224880218506,1.1338054239749908,0.12438938766717911,0.16532255336642265,9.413731620670994e-05,0.12438938766717911,0.7342382669448853,0.14839839935302734,0.7214035242795944,0.5730051249265671,512,,,,,,,,,,,
536,0.7000018271847047,0.5068367993390118,0.625,0.4381575658917427,1.1634716540575027,0.12087857723236084,0.16427847184240818,9.409606321741775e-05,0.12087857723236084,0.7355712503194809,0.12740644067525864,0.6357215121388435,0.5083150714635849,512,0.0006811667699366808,0.0006811667699366808,0.03,9782,0.7000018271847047,9782,9782,12797,467,9782,22473
537,0.7000018271847047,0.5074157096445561,0.5703125,0.3915501534938812,1.0321398675441742,0.13050745613873005,0.15437570586800575,9.405467470186922e-05,0.13050745613873005,0.7427197247743607,0.14264148473739624,0.7292132005095482,0.586571715772152,512,,,,,,,,,,,
538,0.7000018271847047,0.5079934621298755,0.494140625,0.5267938375473022,1.3940282315015793,0.11844018287956715,0.20231661573052406,9.401315078726909e-05,0.11844018287956715,0.733354464173317,0.006462998688220978,0.9716173112392426,0.9651543125510216,512,,,,,,,,,,,
539,0.7000018271847047,0.5085700579539493,0.6484375,0.6489232629537582,1.7098325341939926,0.18391787260770798,0.2566015161573887,9.397149160123833e-05,0.18391787260770798,0.7241650223731995,0.26834069937467575,1.5820103734731674,1.3136696740984917,512,,,,,,,,,,,
540,0.7000018271847047,0.5091454982757568,0.7421875,0.3876752555370331,1.0308854132890701,0.1497360523790121,0.14388802647590637,9.392969727181359e-05,0.1497360523790121,0.7330566197633743,0.04698937386274338,0.9909878373146057,0.9439984634518623,512,,,,,,,,,,,
541,0.7000018271847047,0.5097197842542772,2.484375,0.56031583994627,1.4946629405021667,0.15319141931831837,0.20326381735503674,9.388776792744692e-05,0.15319141931831837,0.7345507591962814,0.16520726680755615,0.8373462408781052,0.672138974070549,512,,,,,,,,,,,
542,0.7000018271847047,0.5102929170484894,0.51953125,0.5301448181271553,1.3990545868873596,0.11216008849442005,0.20744485408067703,9.384570369700531e-05,0.11216008849442005,0.7458202838897705,0.11964409053325653,0.7469745874404907,0.6273304969072342,512,,,,,,,,,,,
543,0.7000018271847047,0.5108648978173732,0.57421875,0.3504932001233101,0.9189855307340622,0.12651140615344048,0.14311503246426582,9.380350470977032e-05,0.12651140615344048,0.7355566024780273,0.1233624666929245,1.2720375061035156,1.1486750394105911,512,,,,,,,,,,,
544,0.7000018273286773,0.5114357277199074,0.90625,0.48343347012996674,1.2893181145191193,0.1167773175984621,0.1756316926330328,9.376117109543769e-05,0.1167773175984621,0.7493896335363388,-0.024747297167778015,0.7859184890985489,0.8106657862663269,512,0.0005970338243059814,0.0005970338243059814,0.03,7426,0.7000018273286773,7426,7426,9189,761,7426,20111
545,0.7000018273286773,0.5120054079150711,0.796875,0.47696971893310547,1.2719731330871582,0.11663330160081387,0.17338960617780685,9.371870298411687e-05,0.11663330160081387,0.7351464778184891,-0.16755595803260803,0.8891084119677544,1.0566643700003624,512,,,,,,,,,,,
546,0.7000018273286773,0.5125739395618438,0.54296875,0.7327679917216301,1.9515751153230667,0.13317454233765602,0.26893383637070656,9.367610050633075e-05,0.13317454233765602,0.729926735162735,0.12644177675247192,1.1749190092086792,1.0484772324562073,512,,,,,,,,,,,
547,0.7000018273286773,0.5131413238192046,0.60546875,0.5101088732481003,1.367250606417656,0.09578993543982506,0.17853380180895329,9.363336379301512e-05,0.09578993543982506,0.7426708936691284,0.21071986109018326,0.8413306921720505,0.6306108310818672,512,,,,,,,,,,,
548,0.7000018273286773,0.5137075618461325,0.66796875,0.4413842633366585,1.1217530965805054,0.10879213735461235,0.21577493101358414,9.35904929755184e-05,0.10879213735461235,0.7296874821186066,0.15850219130516052,1.0949009507894516,0.9363987594842911,512,,,,,,,,,,,
549,0.7000018273286773,0.5142726548016071,0.9921875,0.5671055912971497,1.4863836616277695,0.2151583731174469,0.23211805894970894,9.35474881856011e-05,0.2151583731174469,0.700854480266571,-0.49368220567703247,2.7445055842399597,3.238187789916992,512,,,,,,,,,,,
550,0.7000018273286773,0.5148366038446074,0.498046875,0.7332774922251701,1.9509304761886597,0.08177115954458714,0.2711225636303425,9.350434955543557e-05,0.08177115954458714,0.7335839718580246,0.149409219622612,0.655428946018219,0.506019726395607,512,,,,,,,,,,,
551,0.7000018273286773,0.5153994101341123,0.60546875,0.516287200152874,1.371905341744423,0.10366922803223133,0.19260123558342457,9.346107721760543e-05,0.10366922803223133,0.7424804419279099,0.14244913309812546,0.7784133702516556,0.6359642371535301,512,,,,,,,,,,,
552,0.7000018273286773,0.5159610748291016,0.82421875,0.5014965683221817,1.3416604101657867,0.1292167864739895,0.17802606709301472,9.341767130510528e-05,0.1292167864739895,0.744013637304306,0.01328672468662262,1.2335270792245865,1.2202403545379639,512,0.0007251527276821434,0.0007251527276821434,0.03,7514,0.7000018273286773,7514,7514,9811,335,7514,20153
553,0.7000018273286773,0.5165215990885541,0.76171875,0.36051004379987717,0.9602906554937363,0.20646020956337452,0.1321640145033598,9.337413195134024e-05,0.20646020956337452,0.7099755555391312,0.10485109686851501,1.844421535730362,1.739570438861847,512,,,,,,,,,,,
554,0.7000018273286773,0.517080984071449,0.55078125,0.5162935927510262,1.3520297408103943,0.10949498973786831,0.2124962043017149,9.333045929012556e-05,0.10949498973786831,0.7599511593580246,0.12348859012126923,0.9693963676691055,0.8459077775478363,512,,,,,,,,,,,
555,0.7000018273286773,0.5176392309367657,1.3359375,0.5711524114012718,1.4964648187160492,0.20135263353586197,0.2342999130487442,9.32866534556862e-05,0.20135263353586197,0.7241552621126175,0.43636253476142883,1.9745488166809082,1.5381862819194794,512,,,,,,,,,,,
556,0.7000018273286773,0.5181963408434833,0.73046875,0.6232413724064827,1.6639393121004105,0.1410900317132473,0.22467084601521492,9.32427145826564e-05,0.1410900317132473,0.7486327886581421,0.20129266381263733,1.9202209115028381,1.7189282476902008,512,,,,,,,,,,,
557,0.7000018273286773,0.5187523149505808,0.59375,0.3422461599111557,0.9048459976911545,0.19371756725013256,0.1322635505348444,9.319864280607935e-05,0.19371756725013256,0.717031255364418,0.10119879245758057,1.0633670687675476,0.962168276309967,512,,,,,,,,,,,
558,0.7000018273286773,0.5193071544170379,0.578125,0.3673846200108528,0.9683449566364288,0.12603865936398506,0.14494172669947147,9.315443826140661e-05,0.12603865936398506,0.7504980266094208,0.09660381078720093,1.3486130982637405,1.2520092874765396,512,,,,,,,,,,,
559,0.7000018273286773,0.5198608604018335,0.7109375,0.5264866463840008,1.406103566288948,0.11496615037322044,0.18931044824421406,9.311010108449788e-05,0.11496615037322044,0.7451904118061066,-0.04605284333229065,0.81223064661026,0.8582834899425507,512,,,,,,,,,,,
560,0.7000018273286773,0.5204134340639467,0.77734375,0.5814490541815758,1.5544378906488419,0.09611192531883717,0.2075288314372301,9.306563141162046e-05,0.09611192531883717,0.7222411930561066,0.10118863731622696,0.8797045797109604,0.7785159423947334,512,0.0005799064529128373,0.0005799064529128373,0.03,6932,0.7000018273286773,6932,6932,8974,202,6932,19576
561,0.7000018273286773,0.5209648765623569,0.62109375,0.7048593908548355,1.8608035296201706,0.13404998928308487,0.27513399720191956,9.302102937944885e-05,0.13404998928308487,0.7349755614995956,0.011628702282905579,1.2537362575531006,1.242107555270195,512,,,,,,,,,,,
562,0.7000018273286773,0.5215151890560433,0.7734375,0.5393209233880043,1.4175112843513489,0.12005366943776608,0.2167944796383381,9.297629512506439e-05,0.12005366943776608,0.7421337366104126,0.22662486881017685,2.118943065404892,1.8923181965947151,512,,,,,,,,,,,
563,0.7000018273286773,0.5220643727039849,0.625,0.7595078647136688,2.010829284787178,0.13603557087481022,0.29070957005023956,9.293142878595475e-05,0.13603557087481022,0.7520165890455246,0.1366845965385437,1.2398456633090973,1.1031610667705536,512,,,,,,,,,,,
564,0.7000018273286773,0.5226124286651611,0.65234375,0.7384756505489349,1.9233671575784683,0.14260506629943848,0.3144378289580345,9.288643050001361e-05,0.14260506629943848,0.7444921731948853,0.25714901089668274,1.1984180808067322,0.9412690699100494,512,,,,,,,,,,,
565,0.7000018273286773,0.5231593580985511,0.625,0.6740106642246246,1.7939112931489944,0.10036890022456646,0.2485452126711607,9.284130040554013e-05,0.10036890022456646,0.7708691209554672,0.1137871965765953,0.8421282172203064,0.7283410206437111,512,,,,,,,,,,,
566,0.7000018273286773,0.5237051621631339,0.56640625,0.6549229547381401,1.7270266711711884,0.08418535720556974,0.25758826918900013,9.279603864123858e-05,0.08418535720556974,0.7583983987569809,0.018194086849689484,1.086883582174778,1.0686894953250885,512,,,,,,,,,,,
567,0.7000018273286773,0.524249842017889,0.5625,0.570341557264328,1.543391540646553,0.09971376322209835,0.18491613306105137,9.275064534621792e-05,0.09971376322209835,0.7400829792022705,0.019323863089084625,0.931950181722641,0.9126263186335564,512,,,,,,,,,,,
568,0.7000018274726499,0.5247933988217955,0.578125,0.4803079813718796,1.2998279333114624,0.09472504630684853,0.1556507870554924,9.270512065999137e-05,0.09472504630684853,0.7574999928474426,0.08077473938465118,0.6838422566652298,0.6030675172805786,512,0.0006310149328783154,0.0006310149328783154,0.03,5850,0.7000018274726499,5850,5849,7567,293,5850,18491
569,0.7000018274726499,0.5253358337338323,0.53515625,0.27343643084168434,0.7189471647143364,0.18513497337698936,0.10964803770184517,9.265946472247598e-05,0.18513497337698936,0.7399706840515137,0.1702394112944603,2.0530680045485497,1.8828285932540894,512,,,,,,,,,,,
570,0.7000018274726499,0.5258771479129791,0.55078125,0.7844562605023384,2.1147555112838745,0.11271245591342449,0.2623845376074314,9.261367767399213e-05,0.11271245591342449,0.7568164020776749,0.13362430781126022,0.9732174277305603,0.8395931199193001,512,,,,,,,,,,,
571,0.7000018274726499,0.5264173425182148,0.58984375,0.4513550475239754,1.1948115527629852,0.1489760298281908,0.17293093539774418,9.256775965526326e-05,0.1489760298281908,0.7400146275758743,0.33819572627544403,1.3429034054279327,1.0047076791524887,512,,,,,,,,,,,
572,0.7000018274726499,0.5269564187085186,0.65234375,0.42321373522281647,1.0853654146194458,0.10256632976233959,0.19710034132003784,9.252171080741524e-05,0.10256632976233959,0.742509737610817,0.12925203144550323,1.2408314794301987,1.1115794479846954,512,,,,,,,,,,,
573,0.7000018274726499,0.5274943776428699,0.5546875,0.30051207914948463,0.7875377535820007,0.10488731041550636,0.12310486100614071,9.247553127197609e-05,0.10488731041550636,0.750556617975235,0.13057856261730194,0.7163461297750473,0.5857675671577454,512,,,,,,,,,,,
574,0.7000018274726499,0.5280312204802478,0.59765625,0.5249712243676186,1.3980109989643097,0.17285484075546265,0.1928108148276806,9.242922119087548e-05,0.17285484075546265,0.7040625065565109,0.025437936186790466,2.0689162015914917,2.0434782654047012,512,,,,,,,,,,,
575,0.7000018274726499,0.5285669483796313,0.53515625,0.45170995593070984,1.206642523407936,0.1277299989014864,0.1621754802763462,9.23827807064443e-05,0.1277299989014864,0.7424462884664536,0.2561871185898781,1.236358419060707,0.980171300470829,512,,,,,,,,,,,
576,0.7000018276166224,0.5291015625,0.57421875,0.5870567262172699,1.563578575849533,0.14165250957012177,0.21538113430142403,9.233620996141421e-05,0.14165250957012177,0.748774379491806,0.0435904860496521,2.095689117908478,2.0520986318588257,512,0.0006247047567740083,0.0006247047567740083,0.03,5979,0.7000018276166224,5979,5979,7922,-8,5979,18620
577,0.7000018276166224,0.5296350640003329,0.76171875,0.8653442859649658,2.2975741922855377,0.09923916216939688,0.32468101754784584,9.228950909891726e-05,0.09923916216939688,0.7403271198272705,0.15417395532131195,1.3386126458644867,1.1844386905431747,512,,,,,,,,,,,
578,0.7000018276166224,0.5301674540396089,0.55078125,0.3831537812948227,1.0167154222726822,0.0927156638354063,0.1443565972149372,9.224267826248536e-05,0.0927156638354063,0.7581884413957596,0.09084654599428177,0.766329362988472,0.6754828169941902,512,,,,,,,,,,,
579,0.7000018276166224,0.5306987337768078,0.67578125,0.4784051775932312,1.2232802659273148,0.11677758768200874,0.22643236443400383,9.219571759604992e-05,0.11677758768200874,0.7413915991783142,0.13828729093074799,0.8211221098899841,0.6828348189592361,512,,,,,,,,,,,
580,0.7000018276166224,0.5312289043709084,0.609375,0.578732319176197,1.548714429140091,0.09376355446875095,0.2050197683274746,9.214862724394133e-05,0.09376355446875095,0.7392773181200027,0.12064209580421448,0.568480908870697,0.44783881306648254,512,,,,,,,,,,,
581,0.7000018276166224,0.53175796698089,0.6015625,0.541659988462925,1.4014207869768143,0.09360202960669994,0.23997307941317558,9.210140735088863e-05,0.09360202960669994,0.7530614882707596,0.0852479338645935,0.6670059859752655,0.581758052110672,512,,,,,,,,,,,
582,0.7000018276166224,0.5322859227657317,0.52734375,0.3855995386838913,1.0323305130004883,0.12201249413192272,0.13615292496979237,9.205405806201895e-05,0.12201249413192272,0.7463330030441284,0.0192633718252182,1.2557258903980255,1.2364625185728073,512,,,,,,,,,,,
583,0.7000018276166224,0.5328127728844131,0.71484375,0.39869358390569687,1.0535854250192642,0.13012168556451797,0.15457693487405777,9.200657952285707e-05,0.13012168556451797,0.7366454750299454,0.429202675819397,1.7228337824344635,1.2936311066150665,512,,,,,,,,,,,
584,0.7000018274726499,0.5333385184959128,0.59765625,0.3219134956598282,0.8391567170619965,0.13595137372612953,0.1363387182354927,9.195897187932512e-05,0.13595137372612953,0.751718744635582,0.10083581507205963,1.647052824497223,1.5462170094251633,512,0.0006085986969992518,0.0006085986969992518,0.03,7177,0.7000018274726499,7177,7178,8249,1257,7177,19867
585,0.7000018274726499,0.5338631607592106,0.7265625,0.6360508650541306,1.7184595167636871,0.09367003478109837,0.20896729454398155,9.19112352777419e-05,0.09367003478109837,0.7667235881090164,0.06295295059680939,1.1767100989818573,1.113757148385048,512,,,,,,,,,,,
586,0.7000018274726499,0.5343867008332853,0.51171875,0.6246001236140728,1.608438953757286,0.1056473907083273,0.28428858146071434,9.186336986482267e-05,0.1056473907083273,0.7437157928943634,0.0668518990278244,1.0354692190885544,0.96861732006073,512,,,,,,,,,,,
587,0.7000018274726499,0.5349091398771161,0.63671875,0.4912526607513428,1.3072495460510254,0.11030245944857597,0.1813948079943657,9.181537578767848e-05,0.11030245944857597,0.7408447116613388,0.11374930292367935,0.7139125168323517,0.6001632139086723,512,,,,,,,,,,,
588,0.7000018274726499,0.5354304790496826,2.34375,0.5157186090946198,1.3474867790937424,0.13182632252573967,0.21529683284461498,9.176725319381589e-05,0.13182632252573967,0.7224267423152924,-0.004173293709754944,1.6278241127729416,1.6319974064826965,512,,,,,,,,,,,
589,0.7000018274726499,0.5359507195099636,0.5390625,0.6851419918239117,1.830356478691101,0.16812960803508759,0.24583125114440918,9.171900223113643e-05,0.16812960803508759,0.7414989918470383,0.035641252994537354,1.6311398297548294,1.595498576760292,512,,,,,,,,,,,
590,0.7000018274726499,0.5364698624169384,0.498046875,0.4685537628829479,1.237786278128624,0.12975499965250492,0.18207352794706821,9.167062304793614e-05,0.12975499965250492,0.7514159977436066,0.1253950595855713,1.0458279699087143,0.920432910323143,512,,,,,,,,,,,
591,0.7000018274726499,0.5369879089295864,0.9453125,0.36654524505138397,0.9670664817094803,0.1633879616856575,0.1436766255646944,9.162211579290517e-05,0.1633879616856575,0.7094384729862213,-0.09903046488761902,1.7170678526163101,1.8160983175039291,512,,,,,,,,,,,
592,0.7000018274726499,0.5375048602068866,0.51953125,0.5198998749256134,1.3642104864120483,0.09432039130479097,0.21124364249408245,9.157348061512727e-05,0.09432039130479097,0.7471728473901749,-0.03715929388999939,1.0008073300123215,1.0379666239023209,512,0.0005686536896973848,0.0005686536896973848,0.03,8607,0.7000018274726499,8607,8607,11819,-303,8607,21268
593,0.7000018274726499,0.5380207174078181,0.8046875,0.48537255078554153,1.3231230229139328,0.14589317701756954,0.14770285598933697,9.152471766407935e-05,0.14589317701756954,0.747626930475235,0.22413095831871033,1.4355452805757523,1.211414322257042,512,,,,,,,,,,,
594,0.7000018274726499,0.5385354816913605,0.55078125,0.35368045791983604,0.9328365623950958,0.1269536092877388,0.1389223225414753,9.147582708963104e-05,0.1269536092877388,0.7476513534784317,0.19205054640769958,1.0295538753271103,0.8375033289194107,512,,,,,,,,,,,
595,0.7000018274726499,0.5390491542164927,0.57421875,0.6122804135084152,1.6248523890972137,0.15922966971993446,0.23054273054003716,9.142680904204419e-05,0.15922966971993446,0.7409716546535492,0.23235772550106049,1.8696888536214828,1.6373311281204224,512,,,,,,,,,,,
596,0.7000018274726499,0.5395617361421937,0.6015625,0.3945014774799347,1.0454841703176498,0.11001724749803543,0.149974774569273,9.137766367197246e-05,0.11001724749803543,0.7563476264476776,0.06425701081752777,0.9225727617740631,0.8583157509565353,512,,,,,,,,,,,
597,0.7000018274726499,0.5400732286274432,0.6171875,0.5172011330723763,1.351234331727028,0.09520740248262882,0.21604174003005028,9.132839113046079e-05,0.09520740248262882,0.7548827677965164,0.03425672650337219,1.200008511543274,1.1657517850399017,512,,,,,,,,,,,
598,0.7000018274726499,0.5405836328312204,0.609375,0.3594422712922096,0.9555639773607254,0.13563153520226479,0.13365499675273895,9.1278991568945e-05,0.13563153520226479,0.7540819942951202,-0.012004300951957703,1.3650043457746506,1.3770086467266083,512,,,,,,,,,,,
599,0.7000018274726499,0.5410929499125038,0.53515625,0.43597548082470894,1.1558905988931656,0.12890460528433323,0.16524715907871723,9.122946513925127e-05,0.12890460528433323,0.745371088385582,0.2157399207353592,1.2268508970737457,1.0111109763383865,512,,,,,,,,,,,
600,0.7000018274726499,0.5416011810302734,0.6328125,0.3094828389585018,0.8084838688373566,0.1479942984879017,0.12934285774827003,9.117981199359574e-05,0.1479942984879017,0.7585058510303497,0.14216665923595428,1.2217236757278442,1.07955701649189,512,0.0006038709543645382,0.0006038709543645382,0.03,6335,0.7000018274726499,6335,6335,8106,372,6335,18982
601,0.7000018274726499,0.542108327343508,0.57421875,0.5463465414941311,1.444247305393219,0.15000923164188862,0.2113482467830181,9.113003228458397e-05,0.15000923164188862,0.7236620932817459,0.04622894525527954,1.7211165130138397,1.6748875677585602,512,,,,,,,,,,,
602,0.7000018274726499,0.5426143900111868,0.609375,0.4691970869898796,1.2447600960731506,0.1565019004046917,0.1770492009818554,9.108012616521055e-05,0.1565019004046917,0.750009760260582,0.11274494230747223,1.4534215927124023,1.3406766504049301,512,,,,,,,,,,,
603,0.7000018274726499,0.5431193701922893,0.515625,0.39563899859786034,1.051177591085434,0.09384514950215816,0.14772840589284897,9.103009378885849e-05,0.09384514950215816,0.7578417658805847,0.095026396214962,0.7352254241704941,0.6401990279555321,512,,,,,,,,,,,
604,0.7000018274726499,0.5436232690457945,0.74609375,0.7100407108664513,1.901553213596344,0.15133449621498585,0.2500852048397064,9.097993530929895e-05,0.15133449621498585,0.700761690735817,-0.2983110249042511,0.9322274774312973,1.2305385023355484,512,,,,,,,,,,,
605,0.7000018274726499,0.5441260877306813,0.546875,0.5700531899929047,1.5360833555459976,0.08064258936792612,0.19135048240423203,9.092965088069058e-05,0.08064258936792612,0.7584765404462814,0.10292244702577591,0.6543688550591469,0.551446408033371,512,,,,,,,,,,,
606,0.7000018274726499,0.5446278274059295,0.66015625,0.8789847940206528,2.370301380753517,0.11907284334301949,0.29328878968954086,9.087924065757919e-05,0.11907284334301949,0.7508105337619781,0.1105181872844696,0.9452115967869759,0.8346934095025063,512,,,,,,,,,,,
607,0.7000018274726499,0.545128489230518,0.5390625,0.6816814616322517,1.8304096311330795,0.09607703424990177,0.23529171384871006,9.082870479489715e-05,0.09607703424990177,0.7571874558925629,0.03236251324415207,1.15738545358181,1.125022940337658,512,,,,,,,,,,,
608,0.7000018274726499,0.5456280743634259,0.51171875,0.6873935274779797,1.8478586971759796,0.10091680660843849,0.23515191860496998,9.077804344796302e-05,0.10091680660843849,0.7585009634494781,0.16214734315872192,0.9603679180145264,0.7982205748558044,512,0.0006340333493426442,0.0006340333493426442,0.03,6538,0.7000018274726499,6538,6538,8414,348,6538,19218
609,0.7000018274726499,0.5461265839636326,0.5625,0.3159497231245041,0.8271149545907974,0.10793098621070385,0.1303083822131157,9.072725677248099e-05,0.10793098621070385,0.7442529201507568,0.17131948471069336,0.7778230011463165,0.6065035164356232,512,,,,,,,,,,,
610,0.7000018274726499,0.5466240191901172,0.546875,0.49235086143016815,1.2963832318782806,0.08502571284770966,0.19558901339769363,9.067634492454048e-05,0.08502571284770966,0.7553857266902924,0.09934887290000916,0.6829785406589508,0.5836296677589417,512,,,,,,,,,,,
611,0.7000018274726499,0.5471203812018588,0.55078125,0.35112331807613373,0.9301586449146271,0.15038150921463966,0.13385133258998394,9.062530806061557e-05,0.15038150921463966,0.7515331953763962,0.15339207649230957,1.3584620952606201,1.2050700187683105,512,,,,,,,,,,,
612,0.7000018274726499,0.5476156711578368,0.78125,0.3634059280157089,0.9737607091665268,0.18801672011613846,0.12746932916343212,9.057414633756464e-05,0.18801672011613846,0.6643994152545929,0.6739940941333771,2.7427676916122437,2.0687735974788666,512,,,,,,,,,,,
613,0.7000018274726499,0.5481098902170305,0.515625,0.6163081005215645,1.6397697925567627,0.11879966035485268,0.22783039137721062,9.052285991262975e-05,0.11879966035485268,0.741992175579071,0.09180299937725067,0.9564907103776932,0.8646877110004425,512,,,,,,,,,,,
614,0.7000018274726499,0.5486030395384187,0.46484375,0.42194613441824913,1.1091974899172783,0.08967750333249569,0.16942707262933254,9.047144894343623e-05,0.08967750333249569,0.7591112852096558,0.11879895627498627,0.9699270576238632,0.851128101348877,512,,,,,,,,,,,
615,0.7000018274726499,0.5490951202809811,0.75390625,0.5032347366213799,1.3322433531284332,0.13738856930285692,0.19271028228104115,9.041991358799222e-05,0.13738856930285692,0.7332079708576202,-0.003740251064300537,1.5582228749990463,1.5619631260633469,512,,,,,,,,,,,
616,0.7000018274726499,0.5495861336036965,0.546875,0.5390240922570229,1.4362036734819412,0.12589043006300926,0.19720259308815002,9.036825400468812e-05,0.12589043006300926,0.7206542938947678,0.04309048503637314,1.9172493144869804,1.8741588294506073,512,0.000686781364493072,0.000686781364493072,0.03,6463,0.7000018274726499,6463,6463,8391,121,6463,19125
617,0.7000018274726499,0.5500760806655441,0.52734375,0.3855504170060158,1.0215688943862915,0.12333993148058653,0.14676564559340477,9.031647035229618e-05,0.12333993148058653,0.7460253685712814,0.18208855390548706,1.177552491426468,0.9954639375209808,512,,,,,,,,,,,
618,0.7000018274726499,0.5505649626255035,0.53515625,0.3164167031645775,0.8292147219181061,0.10347760748118162,0.12962371297180653,9.02645627899699e-05,0.10347760748118162,0.7500634640455246,0.10140028595924377,1.0996231734752655,0.9982228875160217,512,,,,,,,,,,,
619,0.7000018274726499,0.5510527806425536,0.58984375,0.6329660713672638,1.709071159362793,0.07653401978313923,0.20900779590010643,9.02125314772437e-05,0.07653401978313923,0.7542382478713989,0.12793761491775513,0.6692813411355019,0.5413437262177467,512,,,,,,,,,,,
620,0.7000018274726499,0.5515395358756735,0.59375,0.7766885459423065,2.034006953239441,0.15841922536492348,0.319594644010067,9.016037657403224e-05,0.15841922536492348,0.7453173398971558,0.056687936186790466,1.6624960452318192,1.6058081090450287,512,,,,,,,,,,,
621,0.7000018274726499,0.5520252294838428,0.48046875,0.4847732149064541,1.3015891760587692,0.11622663587331772,0.1674205344170332,9.010809824063011e-05,0.11622663587331772,0.7342480421066284,0.05788028985261917,1.1886098384857178,1.1307295486330986,512,,,,,,,,,,,
622,0.7000018274726499,0.5525098626260405,0.52734375,0.3028097115457058,0.7912142127752304,0.12249892018735409,0.1263909414410591,9.005569663771119e-05,0.12249892018735409,0.7295214682817459,0.059518858790397644,0.9920035004615784,0.9324846416711807,512,,,,,,,,,,,
623,0.7000018274726499,0.5529934364612454,0.5234375,0.5225210785865784,1.396782010793686,0.09227091632783413,0.18661515787243843,9.000317192632826e-05,0.09227091632783413,0.7565234303474426,0.08204440027475357,0.7939838916063309,0.7119394913315773,512,,,,,,,,,,,
624,0.7000018274726499,0.5534759521484375,0.54296875,0.3986153304576874,1.0613619089126587,0.11587690003216267,0.14656327292323112,8.995052426791247e-05,0.11587690003216267,0.7543408125638962,0.05045934021472931,1.047966718673706,0.9975073784589767,512,0.000555650913156569,0.000555650913156569,0.03,5790,0.7000018274726499,5790,5790,7745,-107,5790,18434
625,0.7000018274726499,0.5539574108465954,0.4765625,0.5792828649282455,1.5411386936903,0.16140096448361874,0.21426389925181866,8.989775382427278e-05,0.16140096448361874,0.7356933355331421,0.10913261026144028,1.6826304197311401,1.5734978094696999,512,,,,,,,,,,,
626,0.7000018274726499,0.5544378137146985,0.53515625,0.30394187569618225,0.7950717061758041,0.15558001771569252,0.125964242964983,8.98448607575956e-05,0.15558001771569252,0.7116943001747131,0.22983640432357788,1.888747662305832,1.658911257982254,512,,,,,,,,,,,
627,0.7000018274726499,0.5549171619117259,0.52734375,0.6680149286985397,1.7532727718353271,0.13200945779681206,0.2710148077458143,8.979184523044418e-05,0.13200945779681206,0.750117152929306,0.1576283872127533,1.2355768829584122,1.0779484957456589,512,,,,,,,,,,,
628,0.7000018274726499,0.5553954565966571,0.53515625,0.2930315174162388,0.7677760124206543,0.07919789850711823,0.12019826099276543,8.973870740575814e-05,0.07919789850711823,0.7626855224370956,0.11252129822969437,0.7224433645606041,0.6099220663309097,512,,,,,,,,,,,
629,0.7000018274726499,0.5558726989284709,0.59375,0.5423964187502861,1.4428988844156265,0.09876490663737059,0.20072651281952858,8.968544744685297e-05,0.09876490663737059,0.752329096198082,0.11448508501052856,0.7762553691864014,0.6617702841758728,512,,,,,,,,,,,
630,0.7000018274726499,0.5563488900661469,0.453125,0.4731748625636101,1.252069890499115,0.122446833178401,0.18179320730268955,8.963206551741952e-05,0.122446833178401,0.7362206727266312,0.19278685748577118,1.775287389755249,1.5825005322694778,512,,,,,,,,,,,
631,0.7000018274726499,0.556824031168664,0.68359375,0.5542050302028656,1.469020813703537,0.09233179595321417,0.21038827300071716,8.957856178152358e-05,0.09233179595321417,0.7471191436052322,0.0785735696554184,0.6256645619869232,0.5470909923315048,512,,,,,,,,,,,
632,0.7000018274726499,0.5572981233950013,0.56640625,0.7355557680130005,1.9729262739419937,0.13683367613703012,0.25603052601218224,8.952493640360517e-05,0.13683367613703012,0.7334033250808716,0.06855041533708572,1.1611137241125107,1.092563308775425,512,0.0005327241960912943,0.0005327241960912943,0.03,6057,0.7000018274726499,6057,6057,8018,46,6057,18730
633,0.7000018274726499,0.5577711679041385,0.6171875,0.5838652029633522,1.5274826735258102,0.0970182940363884,0.24180570989847183,8.947118954847832e-05,0.0970182940363884,0.7434179335832596,0.10570503771305084,0.7325621247291565,0.6268570870161057,512,,,,,,,,,,,
634,0.7000018274726499,0.5582431658550545,0.609375,0.4695326015353203,1.2521632760763168,0.1326308585703373,0.17066270485520363,8.941732138133032e-05,0.1326308585703373,0.7568652033805847,0.010891646146774292,2.3941314816474915,2.383239835500717,512,,,,,,,,,,,
635,0.7000018274726499,0.5587141184067284,0.625,0.5446771085262299,1.4410204738378525,0.10146583244204521,0.20951616764068604,8.936333206772131e-05,0.10146583244204521,0.752387672662735,0.07838140428066254,1.1044717133045197,1.0260903090238571,512,,,,,,,,,,,
636,0.7000018274726499,0.5591840267181396,0.5546875,0.5243885889649391,1.4020697325468063,0.14574669301509857,0.1869865320622921,8.930922177358379e-05,0.14574669301509857,0.7342675626277924,0.26062561571598053,2.5084546208381653,2.2478290051221848,512,,,,,,,,,,,
637,0.7000018274726499,0.5596528919482673,0.5546875,0.5328132584691048,1.4419345408678055,0.13534191250801086,0.17265101708471775,8.925499066522207e-05,0.13534191250801086,0.7380028963088989,0.1425575241446495,1.2773521915078163,1.1347946673631668,512,,,,,,,,,,,
638,0.7000018274726499,0.5601207152560904,0.47265625,0.43338753283023834,1.1740965694189072,0.1000245837494731,0.13919894769787788,8.920063890931177e-05,0.1000245837494731,0.7649022936820984,0.10569080710411072,0.9204997271299362,0.8148089200258255,512,,,,,,,,,,,
639,0.7000018274726499,0.5605874978005886,0.58984375,0.5076832920312881,1.343312680721283,0.09228019416332245,0.19512145966291428,8.914616667289935e-05,0.09228019416332245,0.726069301366806,0.20987670496106148,0.9435311183333397,0.7336544133722782,512,,,,,,,,,,,
640,0.7000018279045677,0.5610532407407408,0.5625,0.3736373707652092,0.9926561415195465,0.13583340868353844,0.13957824930548668,8.90915741234015e-05,0.13583340868353844,0.7540087699890137,0.08328793942928314,0.8763522207736969,0.7930642813444138,512,0.0007774014375172555,0.0007774014375172555,0.03,6057,0.7000018279045677,6057,6057,8023,107,6057,18702
641,0.7000018279045677,0.561517945235526,0.58984375,0.39463065564632416,1.0650190562009811,0.09968972206115723,0.13083137199282646,8.903686142860472e-05,0.09968972206115723,0.7571679502725601,0.020117461681365967,0.7502276450395584,0.7301101833581924,512,,,,,,,,,,,
642,0.7000018279045677,0.5619816124439239,0.498046875,0.4126487970352173,1.1038421988487244,0.13038834370672703,0.14660866186022758,8.89820287566648e-05,0.13038834370672703,0.7288671880960464,0.25638917088508606,1.4900817275047302,1.2336925566196442,512,,,,,,,,,,,
643,0.7000018279045677,0.5624442435249135,0.61328125,0.5686640292406082,1.5288203358650208,0.08943353313952684,0.19440387934446335,8.892707627610618e-05,0.08943353313952684,0.7589941173791885,0.16846825182437897,0.9440435469150543,0.7755752950906754,512,,,,,,,,,,,
644,0.7000018279045677,0.5629058396374736,0.86328125,0.4044845178723335,1.0815357565879822,0.1845254823565483,0.1441748235374689,8.887200415582161e-05,0.1845254823565483,0.7306884527206421,-0.6099924147129059,1.4130695909261703,2.0230620056390762,512,,,,,,,,,,,
645,0.7000018279045677,0.5633664019405842,0.62109375,0.7169289588928223,1.9087276607751846,0.10269409604370594,0.2637842707335949,8.88168125650715e-05,0.10269409604370594,0.7491991966962814,0.17152492702007294,0.8282499462366104,0.6567250192165375,512,,,,,,,,,,,
646,0.7000018279045677,0.5638259315932238,0.54296875,0.5041045695543289,1.3525771796703339,0.07036155369132757,0.17501233890652657,8.876150167348348e-05,0.07036155369132757,0.7552929371595383,0.08380234241485596,0.6292007863521576,0.5453984439373016,512,,,,,,,,,,,
647,0.7000018279045677,0.5642844297543719,0.58984375,0.3924955762922764,1.0600047707557678,0.1311117224395275,0.12937573343515396,8.870607165105179e-05,0.1311117224395275,0.7450731992721558,0.16347405314445496,1.1405387818813324,0.9770647287368774,512,,,,,,,,,,,
648,0.7000018279045677,0.5647418975830077,0.48828125,0.3761098124086857,1.0137159302830696,0.10518650710582733,0.12601071409881115,8.865052266813685e-05,0.10518650710582733,0.755502924323082,0.18120258301496506,1.1848627924919128,1.0036602094769478,512,0.0007792713586241007,0.0007792713586241007,0.03,6416,0.7000018279045677,6416,6416,8395,203,6416,19093
649,0.7000018279045677,0.5651983362381106,0.55078125,0.44314107298851013,1.1932454407215118,0.08161536604166031,0.1496062520891428,8.85948548954647e-05,0.08161536604166031,0.7461620718240738,0.07401075214147568,0.6185262724757195,0.5445155203342438,512,,,,,,,,,,,
650,0.7000018279045677,0.5656537468786591,0.5546875,0.5182824060320854,1.3838177621364594,0.09341008495539427,0.18673493526875973,8.853906850412644e-05,0.09341008495539427,0.758491188287735,0.10603377968072891,0.8486437201499939,0.742609940469265,512,,,,,,,,,,,
651,0.7000018279045677,0.5661081306636333,0.75,0.5594336986541748,1.5031881034374237,0.14986412972211838,0.19206548482179642,8.848316366557777e-05,0.14986412972211838,0.7554931342601776,0.23086924850940704,1.4223916679620743,1.1915224194526672,512,,,,,,,,,,,
652,0.7000018279045677,0.566561488752012,0.4921875,0.5685532242059708,1.4939543455839157,0.13128168508410454,0.2289341315627098,8.842714055163841e-05,0.13128168508410454,0.7637988179922104,0.12486693263053894,1.8427568525075912,1.7178899198770523,512,,,,,,,,,,,
653,0.7000018279045677,0.5670138223027741,0.65625,0.8975666016340256,2.408140152692795,0.13308786414563656,0.31175852194428444,8.83709993344916e-05,0.13308786414563656,0.7274462878704071,0.7077613696455956,1.649192251265049,0.9414308816194534,512,,,,,,,,,,,
654,0.7000018279045677,0.5674651324748993,0.71875,0.48529962450265884,1.2828101217746735,0.08940625376999378,0.18779472634196281,8.831474018668355e-05,0.08940625376999378,0.7583642601966858,-0.004445865750312805,1.4343888312578201,1.438834697008133,512,,,,,,,,,,,
655,0.7000018279045677,0.5679154204273665,0.6640625,0.7382375076413155,1.9636213183403015,0.14672202803194523,0.273462001234293,8.825836328112295e-05,0.14672202803194523,0.741748034954071,0.08059637248516083,0.9453583210706711,0.8647619485855103,512,,,,,,,,,,,
656,0.7000018279045677,0.568364687319155,0.52734375,0.29373618960380554,0.7653395384550095,0.12910070270299911,0.12477010115981102,8.820186879108038e-05,0.12910070270299911,0.7577294707298279,0.061156973242759705,1.4917391538619995,1.4305821806192398,512,0.0006894567632116377,0.0006894567632116377,0.03,6486,0.7000018279045677,6486,6486,8409,291,6486,19182
657,0.7000018279045677,0.5688129343092441,0.66015625,0.6132470443844795,1.6342051923274994,0.1581677682697773,0.22411906346678734,8.814525689018781e-05,0.1581677682697773,0.7327246069908142,0.12486456334590912,2.44499970972538,2.320135146379471,512,,,,,,,,,,,
658,0.7000018279045677,0.5692601625566129,0.95703125,0.3512216731905937,0.927449643611908,0.17924965359270573,0.13685843907296658,8.808852775243809e-05,0.17924965359270573,0.7365478277206421,0.5577643513679504,3.871188700199127,3.3134243488311768,384.25,,,,,,,,,,,
659,0.7000018279045677,0.5697063732202405,0.59765625,0.5473309382796288,1.4239228665828705,0.11426690220832825,0.23465567827224731,8.803168155218437e-05,0.11426690220832825,0.7538915723562241,0.12411710619926453,0.8460486233234406,0.721931517124176,512,,,,,,,,,,,
660,0.7000018279045677,0.5701515674591064,0.9453125,0.593991607427597,1.582431137561798,0.10900963470339775,0.2175433374941349,8.797471846413958e-05,0.10900963470339775,0.7564306408166885,0.11357846856117249,0.9396471828222275,0.826068714261055,512,,,,,,,,,,,
661,0.7000018279045677,0.5705957464321896,0.9609375,0.3462377265095711,0.9252240210771561,0.18622412160038948,0.12398117780685425,8.79176386633759e-05,0.18622412160038948,0.747373029589653,-0.4022684395313263,2.203723907470703,2.6059923470020294,512,,,,,,,,,,,
662,0.7000018279045677,0.5710389112984692,0.498046875,0.6486610099673271,1.6968678534030914,0.1266348473727703,0.2687715105712414,8.786044232532424e-05,0.1266348473727703,0.7577880322933197,0.1463136523962021,1.0514688193798065,0.9051551669836044,512,,,,,,,,,,,
663,0.7000018279045677,0.5714810632169246,0.6953125,0.6924207732081413,1.9227183759212494,0.09074808284640312,0.17552635818719864,8.780312962577364e-05,0.09074808284640312,0.7287011742591858,0.18690390139818192,0.7561660930514336,0.5692621916532516,512,,,,,,,,,,,
664,0.7000018279045677,0.571922203346535,0.80859375,0.9027474597096443,2.386260136961937,0.09479977563023567,0.3493381552398205,8.77457007408708e-05,0.09479977563023567,0.7626073956489563,0.1576630026102066,0.8106537312269211,0.6529907286167145,512,0.0007432762649841607,0.0007432762649841607,0.03,7592,0.7000018279045677,7592,7592,9737,299,7592,20268
665,0.7000018279045677,0.5723623328462794,0.546875,0.7230486944317818,1.9218582659959793,0.11798311956226826,0.26919833198189735,8.768815584711952e-05,0.11798311956226826,0.7409228384494781,0.2272261306643486,1.0823331698775291,0.8551070392131805,512,,,,,,,,,,,
666,0.7000018279045677,0.5728014528751373,0.55859375,0.31854796037077904,0.8484855443239212,0.12320011854171753,0.11681128479540348,8.763049512138008e-05,0.12320011854171753,0.7512499392032623,0.14426982402801514,0.9275835007429123,0.7833136767148972,512,,,,,,,,,,,
667,0.7000018279045677,0.5732395645920878,0.52734375,0.37221911922097206,0.9963297843933105,0.08523870073258877,0.13160688802599907,8.757271874086884e-05,0.08523870073258877,0.7574413865804672,0.030649155378341675,0.6412472203373909,0.6105980649590492,512,,,,,,,,,,,
668,0.7000018279045677,0.5736766691561097,0.7734375,0.48406966030597687,1.2799462527036667,0.11391847394406796,0.18693140149116516,8.751482688315757e-05,0.11391847394406796,0.7577294707298279,0.0027985572814941406,2.249241426587105,2.2464428693056107,512,,,,,,,,,,,
669,0.7000018279045677,0.5741127677261829,0.578125,0.2846556752920151,0.7539075464010239,0.08377285115420818,0.10868538543581963,8.745681972617296e-05,0.08377285115420818,0.754643514752388,0.023281648755073547,0.648623451590538,0.6253418028354645,512,,,,,,,,,,,
670,0.7000018279045677,0.5745478614612862,0.66015625,0.4779699966311455,1.2633288204669952,0.14466219581663609,0.1850650329142809,8.739869744819609e-05,0.14466219581663609,0.7557177543640137,-0.07315956056118011,1.3258166015148163,1.3989761620759964,512,,,,,,,,,,,
671,0.7000018279045677,0.5749819515203988,0.462890625,0.7120535001158714,1.8890344202518463,0.07427757978439331,0.2687033526599407,8.734046022786182e-05,0.07427757978439331,0.7549755722284317,0.06536295264959335,0.6218073889613152,0.5564444363117218,512,,,,,,,,,,,
672,0.7000018280485402,0.5754150390624999,0.6171875,0.7402587309479713,1.9739371538162231,0.0852472735568881,0.2692710682749748,8.728210824415827e-05,0.0852472735568881,0.7525683343410492,0.10978966951370239,0.7596915364265442,0.6499018669128418,512,0.0003937208966817707,0.0003937208966817707,0.03,6106,0.7000018280485402,6106,6106,8205,-127,6106,18784
673,0.7000018280485402,0.575847125246569,1.6328125,0.6144320443272591,1.626371145248413,0.1373796947300434,0.23554405570030212,8.722364167642636e-05,0.1373796947300434,0.77003413438797,0.30226753652095795,2.2462356835603714,1.9439681470394135,512,,,,,,,,,,,
674,0.7000018280485402,0.5762782112315848,0.6171875,0.689706526696682,1.8299790024757385,0.13747432455420494,0.26004069671034813,8.716506070435906e-05,0.13747432455420494,0.741889625787735,0.32372617721557617,2.2194534242153168,1.8957272469997406,512,,,,,,,,,,,
675,0.7000018280485402,0.576708298176527,0.52734375,0.37016965448856354,0.9792452454566956,0.11071601510047913,0.14248095452785492,8.710636550800102e-05,0.11071601510047913,0.7500927597284317,0.13805054873228073,1.025566354393959,0.8875158056616783,512,,,,,,,,,,,
676,0.7000018280485402,0.5771373872403746,0.609375,0.4686300531029701,1.2590702325105667,0.12544270604848862,0.16102080047130585,8.704755626774796e-05,0.12544270604848862,0.7455859035253525,0.04804312437772751,1.0747159570455551,1.0266728326678276,512,,,,,,,,,,,
677,0.7000018280485402,0.5775654795821065,0.609375,0.5325614213943481,1.4421007633209229,0.10715784877538681,0.17172169126570225,8.698863316434608e-05,0.10715784877538681,0.7500146478414536,0.151897631585598,1.0893088057637215,0.9374111741781235,512,,,,,,,,,,,
678,0.7000018280485402,0.5779925763607024,0.5390625,0.6112830340862274,1.6686507314443588,0.10027121379971504,0.18372198939323425,8.692959637889154e-05,0.10027121379971504,0.765742152929306,0.006302565336227417,1.6972046792507172,1.6909021139144897,512,,,,,,,,,,,
679,0.7000018280485402,0.5784186787351414,0.86328125,0.3198702707886696,0.8569130301475525,0.10344178415834904,0.11239077150821686,8.687044609282986e-05,0.10344178415834904,0.766557589173317,0.09669379889965057,0.9779816418886185,0.8812878429889679,512,,,,,,,,,,,
680,0.7000018280485402,0.5788437878644024,0.7734375,0.45302511751651764,1.2067770212888718,0.11583437956869602,0.1660263016819954,8.681118248795547e-05,0.11583437956869602,0.750200167298317,-0.048601262271404266,1.2760777920484543,1.3246790543198586,512,0.00040572715806774795,0.00040572715806774795,0.03,7839,0.7000018280485402,7839,7839,9670,662,7839,20501
681,0.7000018280485402,0.5792679049074649,0.515625,0.38773518055677414,1.0207707732915878,0.12954481318593025,0.15418426878750324,8.675180574641102e-05,0.12954481318593025,0.7583837509155273,0.1487884223461151,1.5967124700546265,1.4479240477085114,512,,,,,,,,,,,
682,0.7000018280485402,0.5796910310233081,0.51953125,0.5886291190981865,1.5781298130750656,0.10996755585074425,0.20559475384652615,8.66923160506869e-05,0.10996755585074425,0.7659765332937241,0.12222185730934143,1.4311258494853973,1.308903992176056,512,,,,,,,,,,,
683,0.7000018280485402,0.5801131673709109,0.68359375,0.6448307931423187,1.6794487833976746,0.11670473404228687,0.2745838463306427,8.663271358362064e-05,0.11670473404228687,0.747392550110817,0.027566172182559967,1.7264236360788345,1.6988574638962746,512,,,,,,,,,,,
684,0.7000018280485402,0.5805343151092529,0.50390625,0.37007711082696915,0.9865335077047348,0.07399716600775719,0.1349121890962124,8.657299852839639e-05,0.07399716600775719,0.7480614930391312,0.11655377596616745,0.5487532466650009,0.43219947069883347,512,,,,,,,,,,,
685,0.7000018280485402,0.5809544753973132,0.546875,0.518824502825737,1.346127763390541,0.12779277376830578,0.2260676808655262,8.65131710685443e-05,0.12779277376830578,0.763002872467041,0.11964452266693115,1.1395910680294037,1.0199465453624725,512,,,,,,,,,,,
686,0.7000018280485402,0.5813736493940705,0.5234375,0.4658581167459488,1.2596951872110367,0.0990835428237915,0.15199600532650948,8.645323138794001e-05,0.0990835428237915,0.7485595494508743,0.1395246833562851,0.8190190196037292,0.6794943362474442,512,,,,,,,,,,,
687,0.7000018280485402,0.5817918382585048,0.625,0.5558156296610832,1.4715236276388168,0.11655081063508987,0.21276608482003212,8.639317967080408e-05,0.11655081063508987,0.7525439113378525,0.13178391754627228,0.8908987641334534,0.7591148465871811,512,,,,,,,,,,,
688,0.7000018280485402,0.582209043149595,0.58203125,0.662814125418663,1.7722223997116089,0.11106839962303638,0.23630514554679394,8.633301610170135e-05,0.11106839962303638,0.7499902099370956,0.11567693948745728,1.1183756738901138,1.0026987344026566,512,0.0004589772433973849,0.0004589772433973849,0.03,6168,0.7000018280485402,6168,6168,8057,199,6168,18820
689,0.7000018280485402,0.5826252652263199,0.515625,0.34895986318588257,0.9277857393026352,0.12921043578535318,0.12966831773519516,8.62727408655405e-05,0.12921043578535318,0.7535351514816284,0.19533944875001907,1.2116879522800446,1.0163485035300255,512,,,,,,,,,,,
690,0.7000018280485402,0.5830405056476593,0.50390625,0.5601135864853859,1.4804909527301788,0.091957394964993,0.21682284399867058,8.621235414757336e-05,0.091957394964993,0.7615771144628525,0.12201956659555435,1.0102328434586525,0.8882132768630981,512,,,,,,,,,,,
691,0.7000018280485402,0.583454765572592,0.43359375,0.5089869499206543,1.3587311506271362,0.08763962984085083,0.18365352042019367,8.615185613339438e-05,0.08763962984085083,0.7511669546365738,0.08266349881887436,0.79818906635046,0.7155255675315857,512,,,,,,,,,,,
692,0.7000018280485402,0.5838680461600974,0.5234375,0.5968838632106781,1.5978665202856064,0.14470952190458775,0.21087235398590565,8.609124700894016e-05,0.14470952190458775,0.7678857296705246,0.17658817768096924,1.8982291519641876,1.7216409742832184,512,,,,,,,,,,,
693,0.7000018280485402,0.5842803485691547,0.5234375,0.4452410861849785,1.2080470323562622,0.11815345101058483,0.14116834662854671,8.603052696048867e-05,0.11815345101058483,0.7611913681030273,0.08888176083564758,1.1420193910598755,1.053137630224228,512,,,,,,,,,,,
694,0.7000018280485402,0.5846916739587431,0.6328125,0.48545945808291435,1.2995823472738266,0.10001078620553017,0.1715068221092224,8.596969617465889e-05,0.10001078620553017,0.7530517429113388,0.1107332855463028,1.3062201738357544,1.1954868882894516,512,,,,,,,,,,,
695,0.7000018280485402,0.5851020234878415,0.55859375,0.36899930983781815,0.9556028544902802,0.08752202056348324,0.16257683001458645,8.590875483841011e-05,0.08752202056348324,0.7519482225179672,0.031186915934085846,0.5555113255977631,0.5243244096636772,512,,,,,,,,,,,
696,0.7000018280485402,0.5855113983154296,0.81640625,0.5040972419083118,1.3321066796779633,0.24463508464396,0.19546065106987953,8.584770313904137e-05,0.24463508464396,0.7222216725349426,-0.4386974424123764,0.9046880900859833,1.3433855324983597,512,0.0004881892818957567,0.0004881892818957567,0.03,8794,0.7000018280485402,8794,8794,10301,1293,8794,21471
697,0.7000018280485402,0.5859197996004865,0.5625,0.4357544332742691,1.166265457868576,0.13770045153796673,0.15420248359441757,8.578654126419093e-05,0.13770045153796673,0.7641503810882568,0.2051638960838318,1.9686709940433502,1.7635070979595184,512,,,,,,,,,,,
698,0.7000018280485402,0.5863272285019909,0.57421875,0.5603371858596802,1.460695818066597,0.15914916712790728,0.23729558661580086,8.572526940183568e-05,0.15914916712790728,0.7392480224370956,0.08235254883766174,1.485595002770424,1.4032424539327621,512,,,,,,,,,,,
699,0.7000018280485402,0.5867336861789226,0.490234375,0.556348979473114,1.4708903282880783,0.12040724791586399,0.2150156833231449,8.566388774029051e-05,0.12040724791586399,0.7678368985652924,0.12492620944976807,1.2923718988895416,1.1674456894397736,512,,,,,,,,,,,
700,0.7000018280485402,0.5871391737902606,0.5859375,0.6159047931432724,1.6513463854789734,0.10071043483912945,0.2150316871702671,8.560239646820778e-05,0.10071043483912945,0.7461621016263962,0.0922313705086708,1.0527196452021599,0.9604882746934891,512,,,,,,,,,,,
701,0.7000018280485402,0.587543692494984,0.55078125,0.44297315180301666,1.1909170895814896,0.10544024594128132,0.15142572298645973,8.554079577457674e-05,0.10544024594128132,0.758124977350235,0.0813765823841095,0.8882213979959488,0.8068448156118393,512,,,,,,,,,,,
702,0.7000018280485402,0.587947243452072,0.51953125,0.30830374360084534,0.8235495239496231,0.11722244322299957,0.1107042171061039,8.547908584872297e-05,0.11722244322299957,0.744990199804306,-0.050590597093105316,1.7035863175988197,1.754176914691925,512,,,,,,,,,,,
703,0.7000018280485402,0.5883498278205042,0.56640625,0.33821026235818863,0.9020533561706543,0.11652733571827412,0.1228262335062027,8.541726688030771e-05,0.11652733571827412,0.7407372891902924,0.14342661201953888,0.91233329474926,0.7689066827297211,512,,,,,,,,,,,
704,0.7000018281925128,0.5887514467592592,0.75,0.5243822485208511,1.3620833307504654,0.12401438131928444,0.22695369273424149,8.535533905932738e-05,0.12401438131928444,0.7495751827955246,0.13739381730556488,1.3289900124073029,1.191596195101738,512,0.0006884587928652763,0.0006884587928652763,0.03,5985,0.7000018281925128,5985,5985,7766,200,5985,18632
705,0.7000018281925128,0.5891521014273167,2.640625,0.3772922456264496,0.9980474263429642,0.10888805240392685,0.1452623102813959,8.529330257611293e-05,0.10888805240392685,0.7553564161062241,0.09967087209224701,0.7042207419872284,0.6045498698949814,512,,,,,,,,,,,
706,0.7000018281925128,0.5895517929836556,0.515625,0.4678414911031723,1.2290827929973602,0.11907432600855827,0.18861863017082214,8.523115762132925e-05,0.11907432600855827,0.752641573548317,0.10244607925415039,1.2402583807706833,1.137812301516533,512,,,,,,,,,,,
707,0.7000018281925128,0.5899505225872551,0.6796875,0.34574252367019653,0.9208941459655762,0.09212013427168131,0.12681041657924652,8.516890438597467e-05,0.09212013427168131,0.7498388588428497,0.027085542678833008,0.844943679869175,0.817858137190342,512,,,,,,,,,,,
708,0.7000018281925128,0.5903482913970947,0.671875,0.5613283514976501,1.5049815475940704,0.1501758974045515,0.1960133370012045,8.510654306138027e-05,0.1501758974045515,0.7284960746765137,-0.13311263918876648,1.5998428016901016,1.732955440878868,512,,,,,,,,,,,
709,0.7000018281925128,0.5907451005721533,0.55078125,0.4899090528488159,1.2633659094572067,0.10286706499755383,0.22120691277086735,8.504407383920936e-05,0.10286706499755383,0.7512597441673279,0.11400611698627472,1.0195703655481339,0.9055642485618591,512,,,,,,,,,,,
710,0.7000018281925128,0.5911409512714102,0.47265625,0.4602865055203438,1.2134770452976227,0.09503285400569439,0.1813305150717497,8.498149691145684e-05,0.09503285400569439,0.7562011629343033,0.08796185255050659,0.814339354634285,0.7263775020837784,512,,,,,,,,,,,
711,0.7000018281925128,0.5915358446538448,0.6484375,0.708501011133194,1.913870945572853,0.10474797617644072,0.23310178145766258,8.491881247044866e-05,0.10474797617644072,0.7423290908336639,0.1569187119603157,0.8405802622437477,0.683661550283432,512,,,,,,,,,,,
712,0.7000018281925128,0.5919297818784361,0.53515625,0.5246577337384224,1.4009051471948624,0.1297076679766178,0.18896672129631042,8.485602070884117e-05,0.1297076679766178,0.7506298422813416,0.1438388079404831,1.5129577368497849,1.3691189289093018,512,0.0006365354056470096,0.0006365354056470096,0.03,7609,0.7000018281925128,7609,7609,8949,1183,7609,20297
713,0.7000018281925128,0.5923227641041631,0.7421875,0.5370156839489937,1.3810648918151855,0.07999074924737215,0.246255274862051,8.479312181962061e-05,0.07999074924737215,0.7683544754981995,0.08021621406078339,0.7069618254899979,0.6267456114292145,512,,,,,,,,,,,
714,0.7000018281925128,0.5927147924900055,0.60546875,0.2974306493997574,0.7879727482795715,0.10398945305496454,0.11333221569657326,8.473011599610244e-05,0.10398945305496454,0.7494872957468033,0.1169058308005333,0.752988688647747,0.6360828578472137,512,,,,,,,,,,,
715,0.7000018281925128,0.5931058681949422,0.80859375,0.3687417469918728,0.9927150309085846,0.1385349277406931,0.12468411587178707,8.466700343193077e-05,0.1385349277406931,0.755205050110817,0.05813649296760559,1.8915126770734787,1.833376184105873,512,,,,,,,,,,,
716,0.7000018281925128,0.5934959923779523,0.49609375,0.31293461471796036,0.8305086493492126,0.08706136606633663,0.11777800507843494,8.460378432107779e-05,0.08706136606633663,0.7436913847923279,0.09234867244958878,0.6255895346403122,0.5332408621907234,512,,,,,,,,,,,
717,0.7000018281925128,0.5938851661980151,0.51171875,0.28184206783771515,0.7428587675094604,0.10519478842616081,0.11120808683335781,8.454045885784315e-05,0.10519478842616081,0.7531591653823853,0.09895679354667664,1.5990906059741974,1.5001338124275208,512,,,,,,,,,,,
718,0.7000018281925128,0.5942733908141101,0.61328125,0.39123573154211044,1.0368194282054901,0.12162499316036701,0.14874338172376156,8.447702723685335e-05,0.12162499316036701,0.7685888558626175,0.14123716950416565,1.7861489355564117,1.644911766052246,512,,,,,,,,,,,
719,0.7000018281925128,0.5946606673852161,0.5234375,0.6397077776491642,1.7124270349740982,0.0956529974937439,0.2260812632739544,8.441348965306119e-05,0.0956529974937439,0.7500439137220383,0.11415106803178787,0.7657157480716705,0.6515646800398827,512,,,,,,,,,,,
720,0.7000018281925128,0.5950469970703125,0.75390625,0.5707729123532772,1.5221560597419739,0.14761507138609886,0.20745877362787724,8.434984630174509e-05,0.14761507138609886,0.7335302531719208,0.21045836806297302,1.9253864884376526,1.7149281203746796,512,0.0006775098736397922,0.0006775098736397922,0.03,6437,0.7000018281925128,6437,6437,8296,148,6437,19128
721,0.7000018281925128,0.5954323810283785,0.546875,0.558778204023838,1.5024495869874954,0.12696034461259842,0.19081764481961727,8.428609737850859e-05,0.12696034461259842,0.7546777278184891,0.07685381174087524,0.9122442454099655,0.8353904336690903,512,,,,,,,,,,,
722,0.7000018281925128,0.595816820418393,1.171875,0.40947623178362846,1.107921913266182,0.11239373125135899,0.1329151038080454,8.422224307927967e-05,0.11239373125135899,0.7556152045726776,-0.022471100091934204,1.4290818125009537,1.4515529125928879,512,,,,,,,,,,,
723,0.7000018281925128,0.5962003163993358,0.796875,0.3408033885061741,0.9022208899259567,0.12360475398600101,0.1305166333913803,8.415828360031019e-05,0.12360475398600101,0.7662304490804672,-0.014632537961006165,1.4463212937116623,1.4609538316726685,512,,,,,,,,,,,
724,0.7000018281925128,0.5965828701301857,0.5625,0.33366283774375916,0.8952279537916183,0.09798731841146946,0.11587153561413288,8.409421913817526e-05,0.09798731841146946,0.7456542700529099,0.053636178374290466,0.7142739146947861,0.6606377363204956,512,,,,,,,,,,,
725,0.7000018281925128,0.5969644827699219,0.640625,0.35204408317804337,0.94240802526474,0.08579316549003124,0.12439217232167721,8.403004988977266e-05,0.08579316549003124,0.7379980087280273,0.1338869333267212,0.9097175449132919,0.7758306115865707,512,,,,,,,,,,,
726,0.7000018281925128,0.5973451554775238,0.73046875,0.5016736835241318,1.3398893028497696,0.12164505943655968,0.1803339384496212,8.39657760523222e-05,0.12164505943655968,0.7518212646245956,0.2588854357600212,1.8955551534891129,1.6366697177290916,512,,,,,,,,,,,
727,0.7000018281925128,0.5977248894119704,0.5703125,0.4713811129331589,1.2357088923454285,0.12645471096038818,0.19271869026124477,8.390139782336519e-05,0.12645471096038818,0.771074190735817,0.1578792929649353,2.1415839195251465,1.9837046265602112,512,,,,,,,,,,,
728,0.7000018281925128,0.5981036857322409,0.77734375,0.3917202949523926,1.0434660613536835,0.11157168447971344,0.1435650810599327,8.383691540076371e-05,0.11157168447971344,0.7389111220836639,0.19839397817850113,1.1034941151738167,0.9051001369953156,512,0.0007073217420838773,0.0007073217420838773,0.03,7456,0.7000018281925128,7456,7456,9218,724,7456,20069
729,0.7000018281925128,0.5984815455973148,0.7421875,0.41418004035949707,1.1133335679769516,0.11916813813149929,0.14175742119550705,8.377232898270014e-05,0.11916813813149929,0.7471581697463989,0.09899380058050156,0.9004786089062691,0.8014848083257675,512,,,,,,,,,,,
730,0.7000018281925128,0.598858470166171,0.6015625,0.5291722863912582,1.433368906378746,0.10485001280903816,0.17018345929682255,8.370763876767642e-05,0.10485001280903816,0.7469238042831421,0.05560392886400223,1.3784851431846619,1.3228812143206596,512,,,,,,,,,,,
731,0.7000018281925128,0.5992344605977888,0.6875,0.2662094905972481,0.706323653459549,0.12158765457570553,0.10037172771990299,8.364284495451355e-05,0.12158765457570553,0.7486572116613388,-0.08719657361507416,1.962883085012436,2.05007965862751,512,,,,,,,,,,,
732,0.7000018281925128,0.5996095180511474,0.54296875,0.47566361725330353,1.272372081875801,0.12068100273609161,0.16903275065124035,8.357794774235092e-05,0.12068100273609161,0.7459326088428497,0.05445365607738495,1.6090177595615387,1.5545641034841537,512,,,,,,,,,,,
733,0.7000018281925128,0.5999836436852262,0.60546875,0.45954716578125954,1.2084370255470276,0.09599288552999496,0.18413008004426956,8.35129473306457e-05,0.09599288552999496,0.7610253840684891,0.1412924826145172,0.9383977353572845,0.7971052527427673,512,,,,,,,,,,,
734,0.7000018281925128,0.6003568386590038,0.6875,0.29819248616695404,0.7748168110847473,0.13152688927948475,0.12879673950374126,8.344784391917224e-05,0.13152688927948475,0.7416796386241913,0.24940378218889236,0.910237044095993,0.6608332619071007,512,,,,,,,,,,,
735,0.7000018281925128,0.6007291041314602,0.59375,0.8367018103599548,2.257211059331894,0.09083223342895508,0.2782488204538822,8.338263770802145e-05,0.09083223342895508,0.7522167712450027,0.17425871640443802,0.7699458226561546,0.5956871062517166,512,,,,,,,,,,,
736,0.7000018283364854,0.601100441261574,0.5390625,0.5386432856321335,1.4589488804340363,0.12343863025307655,0.17330347932875156,8.33173288976002e-05,0.12343863025307655,0.7421874850988388,0.181108757853508,0.9156131595373154,0.7345044016838074,512,0.0005788492853753269,0.0005788492853753269,0.03,6208,0.7000018283364854,6208,6208,7971,327,6208,18842
737,0.7000018283364854,0.6014708512083247,0.515625,0.49166906625032425,1.2874490767717361,0.11183392815291882,0.2024571057409048,8.32519176886307e-05,0.11183392815291882,0.7627734392881393,0.08009082078933716,0.9422134608030319,0.8621226400136948,512,,,,,,,,,,,
738,0.7000018283364854,0.6018403351306915,0.490234375,0.38730601966381073,1.049693152308464,0.06779226288199425,0.12396139651536942,8.318640428214982e-05,0.06779226288199425,0.7530419677495956,0.05505656450986862,0.48464565724134445,0.42958909273147583,512,,,,,,,,,,,
739,0.7000018283364854,0.6022088941876534,0.494140625,0.822411946952343,2.1822959780693054,0.0667977649718523,0.30986136570572853,8.31207888795086e-05,0.0667977649718523,0.7515038847923279,0.0342385470867157,0.49019793421030045,0.45595938712358475,512,,,,,,,,,,,
740,0.7000018283364854,0.6025765295381899,0.51171875,0.7232514768838882,1.9491721242666245,0.11400177329778671,0.24249885417521,8.305507168237152e-05,0.11400177329778671,0.7657763510942459,0.14931349456310272,1.3079634308815002,1.1586499363183975,512,,,,,,,,,,,
741,0.7000018283364854,0.6029432423412799,0.5234375,0.37198400124907494,0.9964686036109924,0.11636118963360786,0.1307556014508009,8.298925289271588e-05,0.11636118963360786,0.7681151926517487,0.11072082817554474,1.3631429374217987,1.252422109246254,512,,,,,,,,,,,
742,0.7000018283364854,0.603309033755903,0.6953125,0.3175985924899578,0.8457992523908615,0.14119191840291023,0.11662069149315357,8.292333271283134e-05,0.14119191840291023,0.7432665824890137,0.07381494343280792,1.3405944108963013,1.2667794674634933,512,,,,,,,,,,,
743,0.7000018283364854,0.6036739049410378,1.1953125,0.4814455881714821,1.233613520860672,0.12001662328839302,0.22531244717538357,8.285731134531906e-05,0.12001662328839302,0.7382128685712814,0.10182999819517136,0.9676931798458099,0.8658631816506386,512,,,,,,,,,,,
744,0.7000018284804579,0.604037857055664,0.71484375,0.597761370241642,1.6262680739164352,0.06534053012728691,0.1851299125701189,8.279118899309122e-05,0.06534053012728691,0.7469189167022705,0.0640847384929657,0.5092211291193962,0.4451363906264305,512,0.0007441479829140007,0.0007441479829140007,0.03,11707,0.7000018284804579,11707,11706,13248,1764,11707,24392
745,0.7000018284804579,0.6044008912587607,0.48046875,0.6293136440217495,1.6657606959342957,0.08064523991197348,0.24125023558735847,8.272496585937038e-05,0.08064523991197348,0.736621081829071,0.27934470772743225,1.2803298830986023,1.00098517537117,512,,,,,,,,,,,
746,0.7000018284804579,0.604763008709307,0.51171875,0.4860844761133194,1.3091725707054138,0.09932402521371841,0.16381057351827621,8.265864214768883e-05,0.09932402521371841,0.7509716600179672,0.07166124880313873,0.7400978356599808,0.668436586856842,512,,,,,,,,,,,
747,0.7000018284804579,0.6051242105662822,0.7890625,0.7352696657180786,1.8433912247419357,0.14704060181975365,0.3846986461430788,8.259221806188806e-05,0.14704060181975365,0.7200048863887787,0.1912727802991867,1.6516762226819992,1.4604034423828125,512,,,,,,,,,,,
748,0.7000018284804579,0.6054844979886655,0.47265625,0.5268318392336369,1.3969111740589142,0.09225699678063393,0.19954892992973328,8.252569380611792e-05,0.09225699678063393,0.7646728456020355,0.08710432052612305,0.7838740199804306,0.6967696994543076,512,,,,,,,,,,,
749,0.7000018284804579,0.605843872135436,0.515625,0.7076740190386772,1.9202316999435425,0.09827172383666039,0.2242349535226822,8.245906958483623e-05,0.09827172383666039,0.7434472441673279,0.12679553031921387,0.6519186794757843,0.5251231491565704,512,,,,,,,,,,,
750,0.7000018284804579,0.6062023341655731,0.55859375,0.5806021019816399,1.577962577342987,0.09385318495333195,0.1814376302063465,8.2392345602808e-05,0.09385318495333195,0.7248046845197678,0.13595357537269592,1.0331084206700325,0.8971548452973366,512,,,,,,,,,,,
751,0.7000018284804579,0.6065598852380558,0.734375,0.4617988094687462,1.2467991411685944,0.10942557081580162,0.15259114652872086,8.232552206510485e-05,0.10942557081580162,0.7465038895606995,0.06069554388523102,1.2286010086536407,1.1679054647684097,512,,,,,,,,,,,
752,0.7000018284804579,0.6069165265118633,0.55859375,0.543186865746975,1.4494098722934723,0.10327791050076485,0.1966108474880457,8.225859917710439e-05,0.10327791050076485,0.7467822283506393,0.1106250137090683,0.7117519676685333,0.601126953959465,512,0.0007014122093096375,0.0007014122093096375,0.03,6158,0.7000018284804579,6158,6158,7937,293,6158,18806
753,0.7000018284804579,0.607272259145975,0.6328125,0.351575531065464,0.926507294178009,0.16480210423469543,0.13887306302785873,8.219157714448958e-05,0.16480210423469543,0.745981439948082,0.21398311853408813,2.036675989627838,1.82269287109375,512,,,,,,,,,,,
754,0.7000018284804579,0.6076270842993701,1.078125,0.488885797560215,1.2810945212841034,0.09427606500685215,0.20037749968469143,8.212445617324809e-05,0.09427606500685215,0.7521874904632568,0.16121598333120346,0.8424951881170273,0.6812792047858238,512,,,,,,,,,,,
755,0.7000018284804579,0.6079810031310274,0.6484375,0.6846566647291183,1.8064833879470825,0.14258782751858234,0.2682336326688528,8.205723646967165e-05,0.14258782751858234,0.7411327809095383,0.3248633146286011,1.8965787589550018,1.5717154443264008,512,,,,,,,,,,,
756,0.7000018284804579,0.6083340167999267,0.56640625,0.5182889364659786,1.4082637131214142,0.11453594081103802,0.16230873204767704,8.198991824035547e-05,0.11453594081103802,0.7535986453294754,0.08223313838243484,0.8515849113464355,0.7693517729640007,512,,,,,,,,,,,
757,0.7000018284804579,0.6086861264650468,0.84765625,0.3708702102303505,0.9993047565221786,0.10382551327347755,0.12454432621598244,8.192250169219756e-05,0.10382551327347755,0.7694921493530273,0.02592327445745468,0.7842223197221756,0.7582990452647209,512,,,,,,,,,,,
758,0.7000018284804579,0.609037333285367,0.671875,0.4721035286784172,1.254411667585373,0.1051179114729166,0.17620505206286907,8.18549870323981e-05,0.1051179114729166,0.7505956888198853,0.035724908113479614,0.6971239596605301,0.6613990515470505,512,,,,,,,,,,,
759,0.7000018284804579,0.6093876384198665,0.458984375,0.33400432765483856,0.8853963911533356,0.11331265047192574,0.12673791125416756,8.178737446845879e-05,0.11331265047192574,0.7538085430860519,0.1258222535252571,0.9481655135750771,0.82234326004982,512,,,,,,,,,,,
760,0.7000018284804579,0.6097370430275246,0.4765625,0.44874659553170204,1.1816798746585846,0.10562025010585785,0.17815824784338474,8.171966420818228e-05,0.10562025010585785,0.7624706625938416,0.14214129745960236,1.8343501836061478,1.6922088861465454,512,0.0006750224274583161,0.0006750224274583161,0.03,6457,0.7000018284804579,6457,6457,8530,-58,6457,19134
761,0.7000018284804579,0.6100855482673203,0.54296875,0.3577415384352207,0.9471226334571838,0.08769922144711018,0.13694259524345398,8.165185645967146e-05,0.08769922144711018,0.7576903998851776,0.09667135775089264,1.0598686039447784,0.9631972461938858,512,,,,,,,,,,,
762,0.7000018284804579,0.6104331552982329,0.58203125,0.47936344891786575,1.2798271179199219,0.12928351573646069,0.17278931848704815,8.158395143132882e-05,0.12928351573646069,0.7308691143989563,0.11452624201774597,1.5730116665363312,1.4584854245185852,512,,,,,,,,,,,
763,0.7000018284804579,0.6107798652792419,0.75,0.4355567544698715,1.1582265198230743,0.08012526854872704,0.1616424061357975,8.151594933185589e-05,0.08012526854872704,0.755185529589653,0.05062706023454666,0.7069618031382561,0.6563347429037094,512,,,,,,,,,,,
764,0.7000018284804579,0.6111256793693259,0.546875,0.49638326466083527,1.3056865334510803,0.1399567350745201,0.19850506260991096,8.144785037025247e-05,0.1399567350745201,0.7508691102266312,0.2505881190299988,1.6692050397396088,1.41861692070961,512,,,,,,,,,,,
765,0.7000018284804579,0.6114705987274647,0.5234375,0.6476600654423237,1.696300432085991,0.11952904425561428,0.266305735334754,8.13796547558161e-05,0.11952904425561428,0.7468310445547104,0.16677908599376678,1.078152522444725,0.9113734364509583,512,,,,,,,,,,,
766,0.7000018284804579,0.6118146245126371,0.640625,0.39595337957143784,1.0734457820653915,0.08188534714281559,0.12641289085149765,8.131136269814139e-05,0.08188534714281559,0.7635107487440109,0.08270073682069778,0.7708087787032127,0.688108041882515,512,,,,,,,,,,,
767,0.7000018284804579,0.6121577578838224,0.75390625,0.6487705111503601,1.6558442264795303,0.2054201066493988,0.3101269379258156,8.124297440711932e-05,0.2054201066493988,0.7272070050239563,0.15318365395069122,1.4256526231765747,1.2724689692258835,512,,,,,,,,,,,
768,0.7000018284804579,0.6124999999999999,0.58984375,0.550696074962616,1.4750211983919144,0.18183660134673119,0.19375470466911793,8.117449009293668e-05,0.18183660134673119,0.7305224537849426,0.31068794429302216,1.942243292927742,1.6315553486347198,512,0.0005303699872456491,0.0005303699872456491,0.03,7565,0.7000018284804579,7565,7565,8589,1463,7565,20245
769,0.7000018284804579,0.6128413520201488,0.5078125,0.46909118071198463,1.2626807317137718,0.13762700371444225,0.1588076315820217,8.110590996607534e-05,0.13762700371444225,0.7444677650928497,0.20935580879449844,1.7746427953243256,1.5652869865298271,512,,,,,,,,,,,
770,0.7000018284804579,0.6131818151032483,0.52734375,0.2884022556245327,0.7601939290761948,0.10830746218562126,0.11375224031507969,8.103723423731169e-05,0.10830746218562126,0.7398290932178497,0.13627667725086212,0.8626389056444168,0.7263622283935547,512,,,,,,,,,,,
771,0.7000018284804579,0.6135213904082775,0.68359375,0.29323532432317734,0.7704697549343109,0.12862821388989687,0.11812208779156208,8.09684631177159e-05,0.12862821388989687,0.7381347715854645,0.0743182972073555,1.0543248057365417,0.9800065085291862,512,,,,,,,,,,,
772,0.7000018284804579,0.6138600790942156,1.171875,0.29433151334524155,0.761668011546135,0.11565952003002167,0.1302456371486187,8.089959681865133e-05,0.11565952003002167,0.7419775128364563,0.1044435203075409,1.2172998934984207,1.1128563731908798,512,,,,,,,,,,,
773,0.7000018284804579,0.614197882320042,0.51171875,0.3081909269094467,0.8237392604351044,0.11783058196306229,0.11017259396612644,8.083063555177388e-05,0.11783058196306229,0.7398095428943634,0.129728764295578,0.8718411475419998,0.7421123832464218,512,,,,,,,,,,,
774,0.7000018284804579,0.6145348012447357,0.53125,0.43925756216049194,1.1712001115083694,0.1334502249956131,0.15988337434828281,8.076157952903134e-05,0.1334502249956131,0.7505224347114563,0.10457281768321991,1.183744952082634,1.079172134399414,512,,,,,,,,,,,
775,0.7000018284804579,0.614870837027276,0.52734375,0.2907436825335026,0.7669736295938492,0.1685679592192173,0.11406781524419785,8.069242896266269e-05,0.1685679592192173,0.7292822152376175,0.1706361621618271,1.16756372153759,0.9969275593757629,512,,,,,,,,,,,
776,0.7000018284804579,0.6152059908266421,0.59765625,0.2917160093784332,0.7772445827722549,0.10664323810487986,0.10674330964684486,8.062318406519751e-05,0.10664323810487986,0.7474414110183716,-0.01716330647468567,1.452271893620491,1.4694352000951767,512,0.0004662837309297174,0.0004662837309297174,0.03,6810,0.7000018284804579,6810,6810,9420,-398,6810,19505
777,0.7000018284804579,0.615540263801813,0.75390625,0.36446141451597214,0.9521839618682861,0.1167039405554533,0.15224451757967472,8.055384504945528e-05,0.1167039405554533,0.7706786841154099,0.09573544561862946,1.1839570701122284,1.088221624493599,512,,,,,,,,,,,
778,0.7000018284804579,0.6158736571117683,0.640625,0.3874038755893707,1.0373944491147995,0.1540717501193285,0.13655663654208183,8.048441212854476e-05,0.1540717501193285,0.7321093678474426,0.2960160821676254,1.3585476875305176,1.0625316053628922,512,,,,,,,,,,,
779,0.7000018284804579,0.616206171915487,0.490234375,0.5345936119556427,1.4504937380552292,0.09237201511859894,0.16948680952191353,8.041488551586332e-05,0.09237201511859894,0.7480566054582596,0.0872282162308693,0.6731345504522324,0.5859063342213631,512,,,,,,,,,,,
780,0.7000018284804579,0.6165378093719482,0.65625,0.3935154750943184,1.0255108326673508,0.11949474550783634,0.16696025431156158,8.034526542509628e-05,0.11949474550783634,0.7494433671236038,0.14658286422491074,1.1175961941480637,0.9710133299231529,512,,,,,,,,,,,
781,0.7000018284804579,0.6168685706401312,0.52734375,0.38635575771331787,1.0363718271255493,0.09627633355557919,0.134403171017766,8.027555207021628e-05,0.09627633355557919,0.7638915628194809,0.11743031442165375,0.8945932239294052,0.7771629095077515,512,,,,,,,,,,,
782,0.7000018284804579,0.6171984568790153,0.484375,0.4701813608407974,1.2480869889259338,0.08003742527216673,0.17670495808124542,8.020574566548256e-05,0.08003742527216673,0.7554638385772705,0.07820869982242584,0.6897088885307312,0.6115001887083054,512,,,,,,,,,,,
783,0.7000018284804579,0.6175274692475795,0.60546875,0.3492790162563324,0.9395002722740173,0.13051577284932137,0.11892092786729336,8.013584642544038e-05,0.13051577284932137,0.7525732070207596,0.07035093009471893,0.9090697914361954,0.8387188613414764,512,,,,,,,,,,,
784,0.7000018284804579,0.6178556089048032,1.0703125,0.4754203297197819,1.2630332708358765,0.13191363960504532,0.17763437516987324,8.006585456492029e-05,0.13191363960504532,0.7572656124830246,0.04749481379985809,0.8474133014678955,0.7999184876680374,512,0.0003858007548842579,0.0003858007548842579,0.03,8026,0.7000018284804579,8026,8026,10567,75,8026,20687
785,0.7000018284804579,0.6181828770096655,0.64453125,0.5314558669924736,1.4214623868465424,0.12665364146232605,0.1890098825097084,7.999577029903755e-05,0.12665364146232605,0.7500829845666885,0.15326011925935745,1.1463576257228851,0.9930975064635277,512,,,,,,,,,,,
786,0.7000018284804579,0.6185092747211456,0.515625,0.32011988013982773,0.8521132916212082,0.12444066815078259,0.11794694513082504,7.992559384319137e-05,0.12444066815078259,0.7597412168979645,0.17891186475753784,1.095338612794876,0.9164267480373383,512,,,,,,,,,,,
787,0.7000018284804579,0.6188348031982227,0.515625,0.530689537525177,1.4312022179365158,0.13082207180559635,0.17694786377251148,7.985532541306433e-05,0.13082207180559635,0.7551513463258743,0.20455722510814667,1.1787743717432022,0.9742171466350555,512,,,,,,,,,,,
788,0.7000018284804579,0.6191594635998762,0.453125,0.4542168080806732,1.1751220524311066,0.12667103111743927,0.20129246823489666,7.978496522462167e-05,0.12667103111743927,0.7490820288658142,0.16857992112636566,1.2062287479639053,1.0376488268375397,512,,,,,,,,,,,
789,0.7000018284804579,0.6194832570850849,0.51953125,0.6813860461115837,1.8149237930774689,0.14548968710005283,0.24988234601914883,7.971451349411068e-05,0.14548968710005283,0.7488622814416885,0.13584715127944946,1.3495777994394302,1.2137306481599808,512,,,,,,,,,,,
790,0.7000018284804579,0.6198061848128282,2.09375,0.4046732150018215,1.0480220317840576,0.37122760713100433,0.17826040275394917,7.964397043805993e-05,0.37122760713100433,0.6835693269968033,1.6989547237753868,2.880181275308132,1.1812265515327454,512,,,,,,,,,,,
791,0.7000018284804579,0.6201282479420855,0.63671875,0.38484273850917816,1.0028728246688843,0.1655274610966444,0.1633172444999218,7.957333627327875e-05,0.1655274610966444,0.7442578077316284,0.095791757106781,1.9869001805782318,1.8911084234714508,512,,,,,,,,,,,
792,0.7000018284804579,0.6204494476318358,0.55859375,0.3432358205318451,0.920940175652504,0.1634350772947073,0.11916836351156235,7.950261121685641e-05,0.1634350772947073,0.7448144406080246,0.03593002259731293,1.3290321975946426,1.2931021749973297,512,0.0004516973567660898,0.0004516973567660898,0.03,8915,0.7000018284804579,8915,8915,9949,2017,8915,21571
793,0.7000018284804579,0.6207697850410585,0.51171875,0.3895580917596817,1.0184366554021835,0.11369920149445534,0.16204238682985306,7.943179548616162e-05,0.11369920149445534,0.7539355158805847,0.13900259137153625,0.9165346175432205,0.7775320261716843,512,,,,,,,,,,,
794,0.7000018284804579,0.6210892613287324,0.59375,0.4248267188668251,1.0839290767908096,0.14658520184457302,0.20342452265322208,7.936088929884166e-05,0.14658520184457302,0.7090282887220383,0.5294234305620193,1.64569291472435,1.1162694841623306,512,,,,,,,,,,,
795,0.7000018284804579,0.6214078776538372,0.73046875,0.33337346836924553,0.888576477766037,0.1116291731595993,0.12164609879255295,7.928989287282195e-05,0.1116291731595993,0.7595361173152924,0.10257183015346527,0.8851981461048126,0.7826263159513474,512,,,,,,,,,,,
796,0.7000018284804579,0.6217256351753517,0.52734375,0.6053003035485744,1.5936516374349594,0.1024578046053648,0.24059167131781578,7.921880642630514e-05,0.1024578046053648,0.7416601479053497,-0.049572139978408813,1.1168040931224823,1.1663762331008911,512,,,,,,,,,,,
797,0.7000018284804579,0.6220425350522554,0.5390625,0.886835552752018,2.3699071407318115,0.10404380969703197,0.3174732178449631,7.91476301777706e-05,0.10404380969703197,0.7552636563777924,0.01963692158460617,1.2478882819414139,1.2282513603568077,512,,,,,,,,,,,
798,0.7000018284804579,0.6223585784435272,0.55859375,0.5087737888097763,1.365757316350937,0.15862122550606728,0.17598138935863972,7.907636434597369e-05,0.15862122550606728,0.7471240013837814,0.11981765925884247,1.3406260758638382,1.2208084166049957,512,,,,,,,,,,,
799,0.7000018284804579,0.6226737665081465,0.93359375,0.4845433570444584,1.2762171402573586,0.10087034106254578,0.19209597446024418,7.900500914994516e-05,0.10087034106254578,0.7576464414596558,0.17865407466888428,1.0684433281421661,0.8897892534732819,512,,,,,,,,,,,
800,0.7000018284804579,0.6229881004050926,0.51953125,0.32707490026950836,0.8731130659580231,0.11503716558218002,0.11802295595407486,7.89335648089903e-05,0.11503716558218002,0.7513574212789536,0.18691480159759521,1.3118102252483368,1.1248954236507416,512,0.0008668593945913017,0.0008668593945913017,0.03,6873,0.7000018284804579,6873,6873,8373,939,6873,19556
801,0.7000018284804579,0.6233015812933445,0.53515625,0.4972952604293823,1.3234561085700989,0.10332334041595459,0.18349916487932205,7.886203154268846e-05,0.10332334041595459,0.7638867050409317,0.05935896933078766,1.5616942346096039,1.5023352652788162,512,,,,,,,,,,,
802,0.7000018284804579,0.6236142103318815,0.48828125,0.5626824796199799,1.4952351599931717,0.12151727452874184,0.20986316166818142,7.879040957089228e-05,0.12151727452874184,0.7654199004173279,0.1518610566854477,1.768032744526863,1.6161716878414154,512,,,,,,,,,,,
803,0.7000018284804579,0.6239259886796827,0.5625,0.5625710524618626,1.5025514513254166,0.10338442772626877,0.20220927335321903,7.871869911372702e-05,0.10338442772626877,0.7535644322633743,0.1766252964735031,1.3613668084144592,1.1847415119409561,512,,,,,,,,,,,
804,0.7000018284804579,0.6242369174957275,0.578125,0.47620825096964836,1.2603341192007065,0.08499796502292156,0.18272114358842373,7.86469003915899e-05,0.08499796502292156,0.7519335895776749,0.09766949713230133,0.8064040094614029,0.7087345123291016,512,,,,,,,,,,,
805,0.7000018284804579,0.6245469979389949,0.640625,0.6527074091136456,1.769501432776451,0.08556107711046934,0.20839975215494633,7.857501362514946e-05,0.08556107711046934,0.7509570270776749,0.10753733664751053,0.6939816176891327,0.5864442810416222,512,,,,,,,,,,,
806,0.7000018284804579,0.6248562311684643,0.8046875,0.4915706068277359,1.3152661174535751,0.34988949354737997,0.17434166930615902,7.850303903534473e-05,0.34988949354737997,0.6758105307817459,-0.22066250443458557,0.7172501683235168,0.9379126727581024,512,,,,,,,,,,,
807,0.7000018284804579,0.6251646183431148,0.466796875,0.5533527806401253,1.4854317754507065,0.10129203647375107,0.1913947481662035,7.843097684338477e-05,0.10129203647375107,0.766406238079071,0.07479467988014221,0.8137799650430679,0.7389852851629257,512,,,,,,,,,,,
808,0.7000018284804579,0.6254721606219256,0.625,0.49045733362436295,1.3197541385889053,0.12689903751015663,0.16648013330996037,7.835882727074779e-05,0.12689903751015663,0.7396044731140137,0.07903182506561279,1.287978619337082,1.2089467942714691,512,0.0009347407030873001,0.0009347407030873001,0.03,8408,0.7000018284804579,8408,8408,9722,1442,8408,21063
809,0.7000018284804579,0.6257788591638759,0.54296875,0.6677206456661224,1.7954334020614624,0.10002934001386166,0.22796242497861385,7.828659053918066e-05,0.10002934001386166,0.7586425542831421,0.10265574604272842,0.9517047703266144,0.849049024283886,512,,,,,,,,,,,
810,0.7000018284804579,0.626084715127945,0.4921875,0.33201470226049423,0.8852348923683167,0.18195215612649918,0.12087021581828594,7.821426687069803e-05,0.18195215612649918,0.7181591689586639,0.2672591358423233,1.7736029922962189,1.5063438564538956,512,,,,,,,,,,,
811,0.7000018284804579,0.6263897296731119,0.66015625,0.543952651321888,1.454135537147522,0.09553016535937786,0.1942057851701975,7.814185648758181e-05,0.09553016535937786,0.7583886384963989,0.1284324750304222,0.7948697730898857,0.6664372980594635,512,,,,,,,,,,,
812,0.7000018284804579,0.6266939039583559,0.76171875,0.5768729597330093,1.5391794592142105,0.17592591047286987,0.20892035961151123,7.80693596123804e-05,0.17592591047286987,0.751777321100235,0.5154420286417007,3.522099882364273,3.0066578537225723,512,,,,,,,,,,,
813,0.7000018284804579,0.6269972391426563,1.015625,0.44762079045176506,1.217944011092186,0.227300263941288,0.13848252967000008,7.799677646790799e-05,0.227300263941288,0.6784472316503525,0.8691154420375824,2.9952350556850433,2.126119613647461,512,,,,,,,,,,,
814,0.7000018284804579,0.6272997363849921,0.6953125,0.5442043989896774,1.4381279945373535,0.1275495821610093,0.21097613498568535,7.792410727724395e-05,0.1275495821610093,0.7544140219688416,0.12505529820919037,1.1890383660793304,1.06398306787014,512,,,,,,,,,,,
815,0.7000018284804579,0.6276013968443429,0.91015625,0.4439939707517624,1.1824672222137451,0.13384933583438396,0.16296899877488613,7.785135226373212e-05,0.13384933583438396,0.7602392286062241,0.13769793510437012,1.3084342032670975,1.1707362681627274,512,,,,,,,,,,,
816,0.7000018284804579,0.6279022216796875,0.53125,0.523421298712492,1.3937671333551407,0.10881081968545914,0.19235796108841896,7.777851165098012e-05,0.10881081968545914,0.7595605254173279,0.10745333135128021,1.2923229932785034,1.1848696619272232,512,0.0008470520260743797,0.0008470520260743797,0.03,7673,0.7000018284804579,7673,7673,9799,331,7673,20336
817,0.7000018284804579,0.6282022120500051,0.49609375,0.8501858413219452,2.2805284559726715,0.06615849770605564,0.29579219594597816,7.770558566285858e-05,0.06615849770605564,0.7482421547174454,0.06975660473108292,0.6041200160980225,0.5343634113669395,512,,,,,,,,,,,
818,0.7000018284804579,0.6285013691142753,0.66015625,0.3148633986711502,0.8275871127843857,0.0942392572760582,0.12654435075819492,7.763257452350058e-05,0.0942392572760582,0.7731933444738388,0.13278916478157043,0.8883057236671448,0.7555165588855743,512,,,,,,,,,,,
819,0.7000018284804579,0.628799694031477,0.66015625,0.4652329161763191,1.223533347249031,0.14010564982891083,0.18626331351697445,7.755947845730094e-05,0.14010564982891083,0.7520116865634918,0.2221766710281372,1.2657033801078796,1.0435267090797424,512,,,,,,,,,,,
820,0.7000018284804579,0.6290971879605893,1.5390625,0.4405633956193924,1.1732532009482384,0.1502428762614727,0.16178732179105282,7.748629768891543e-05,0.1502428762614727,0.7004199028015137,0.2911498174071312,1.6238470152020454,1.3326971977949142,512,,,,,,,,,,,
821,0.7000018284804579,0.6293938520605917,0.55859375,0.44866960495710373,1.200573444366455,0.09319432079792023,0.1590313408523798,7.741303244326014e-05,0.09319432079792023,0.7648681551218033,0.06669445335865021,1.6644212752580643,1.597726821899414,512,,,,,,,,,,,
822,0.7000018284804579,0.6296896874904632,0.55859375,0.4794011414051056,1.2753906100988388,0.10261370055377483,0.17734007351100445,7.733968294551088e-05,0.10261370055377483,0.7638964802026749,0.08517409861087799,0.9226163923740387,0.8374422937631607,512,,,,,,,,,,,
823,0.7000018284804579,0.6299846954091831,0.55859375,0.6266051530838013,1.6962160766124725,0.10826792009174824,0.20258734934031963,7.726624942110232e-05,0.10826792009174824,0.7616894245147705,0.03049425780773163,1.4002765417099,1.3697822839021683,512,,,,,,,,,,,
824,0.7000018284804579,0.6302788769757306,0.546875,0.625925600528717,1.6690421402454376,0.08555150218307972,0.22770207934081554,7.719273209572744e-05,0.08555150218307972,0.7546826004981995,0.06735937297344208,0.7806470841169357,0.7132877111434937,512,0.0007885702652856708,0.0007885702652856708,0.03,6557,0.7000018284804579,6557,6557,8249,223,6557,19248
825,0.7000018284804579,0.6305722333490849,0.462890625,0.5060893036425114,1.3620320707559586,0.10163544863462448,0.17157181166112423,7.711913119533672e-05,0.10163544863462448,0.7479980438947678,0.12220069766044617,0.8268753811717033,0.7046746835112572,512,,,,,,,,,,,
826,0.7000018284804579,0.630864765688225,0.609375,0.3508026972413063,0.9427896291017532,0.1091072540730238,0.12024879641830921,7.704544694613755e-05,0.1091072540730238,0.7342040985822678,0.13567433506250381,0.7021954953670502,0.5665211603045464,512,,,,,,,,,,,
827,0.7000018284804579,0.6311564751521305,0.59375,0.4970260262489319,1.3433125615119934,0.1473768912255764,0.16282683610916138,7.697167957459345e-05,0.1473768912255764,0.7446435391902924,0.04813401401042938,1.1952034085988998,1.1470693945884705,512,,,,,,,,,,,
828,0.7000018284804579,0.6314473628997802,1.7890625,0.6226574629545212,1.663665995001793,0.1081445412710309,0.2231746930629015,7.689782930742344e-05,0.1081445412710309,0.7561572194099426,0.12921128422021866,1.231597676873207,1.1023863926529884,512,,,,,,,,,,,
829,0.7000018284804579,0.6317374300901536,0.61328125,0.3079256936907768,0.8071395456790924,0.13894949667155743,0.12596859596669674,7.682389637160127e-05,0.13894949667155743,0.7433593422174454,0.05962282419204712,1.3320283740758896,1.2724055498838425,512,,,,,,,,,,,
830,0.7000018284804579,0.6320266778822298,0.62890625,0.5553188100457191,1.4925585240125656,0.09398016147315502,0.19022566825151443,7.674988099435487e-05,0.09398016147315502,0.7367773056030273,0.2186933159828186,1.348189264535904,1.1294959485530853,512,,,,,,,,,,,
831,0.7000018284804579,0.632315107434988,0.486328125,0.5123182274401188,1.3686600774526596,0.11640883795917034,0.18381931632757187,7.667578340316541e-05,0.11640883795917034,0.734667956829071,0.13602080941200256,0.8635295331478119,0.7275087237358093,512,,,,,,,,,,,
832,0.7000018284804579,0.6326027199074074,0.453125,0.4489610716700554,1.1964567005634308,0.0875383885577321,0.1640313621610403,7.660160382576683e-05,0.0875383885577321,0.7513427585363388,-0.026220999658107758,1.1024329364299774,1.1286539360880852,512,0.0006536486907862127,0.0006536486907862127,0.03,8086,0.7000018284804579,8086,8086,8580,1930,8086,20749
833,0.7000018284804579,0.6328895164584672,0.796875,0.4170638844370842,1.119263306260109,0.15181101113557816,0.14456660114228725,7.652734249014504e-05,0.15181101113557816,0.7139648348093033,-0.2644181549549103,0.753387451171875,1.0178056061267853,512,,,,,,,,,,,
834,0.7000018284804579,0.6331754982471466,0.55078125,0.29744333773851395,0.7935896068811417,0.0978201124817133,0.10775379277765751,7.645299962453716e-05,0.0978201124817133,0.7635107189416885,0.08668724447488785,0.8645351901650429,0.777847945690155,512,,,,,,,,,,,
835,0.7000018284804579,0.6334606664324247,0.6640625,0.6280795037746429,1.6780692338943481,0.11885162629187107,0.22520194202661514,7.637857545743101e-05,0.11885162629187107,0.7584814131259918,-0.01631370186805725,1.7645404934883118,1.780854195356369,512,,,,,,,,,,,
836,0.7000018284804579,0.633745022173281,0.546875,0.5262288451194763,1.4161058515310287,0.13963023200631142,0.17852695286273956,7.630407021756418e-05,0.13963023200631142,0.7335888594388962,0.20675605535507202,1.6200376451015472,1.4132815897464752,512,,,,,,,,,,,
837,0.7000018284804579,0.6340285666286944,0.55078125,0.5653677508234978,1.500801920890808,0.13039174303412437,0.21243363805115223,7.622948413392344e-05,0.13039174303412437,0.7632860988378525,0.15824876725673676,1.4842901080846786,1.326041340827942,512,,,,,,,,,,,
838,0.7000018284804579,0.6343113009576444,0.640625,0.5482587516307831,1.432720124721527,0.13429515808820724,0.22866998054087162,7.615481743574411e-05,0.13429515808820724,0.7681835740804672,0.209621399641037,1.4646387100219727,1.2550173103809357,512,,,,,,,,,,,
839,0.7000018284804579,0.6345932263191099,0.57421875,0.34969815611839294,0.9314463436603546,0.09139139950275421,0.12824500165879726,7.608007035250917e-05,0.09139139950275421,0.7719628810882568,0.16371192038059235,0.995782881975174,0.8320709615945816,512,,,,,,,,,,,
840,0.7000018284804579,0.6348743438720703,0.53515625,0.3463188260793686,0.9272050112485886,0.11633159499615431,0.12224590219557285,7.600524311394873e-05,0.11633159499615431,0.7346191108226776,0.20969095081090927,1.0351616963744164,0.8254707455635071,512,0.0006751118926331401,0.0006751118926331401,0.03,5827,0.7000018284804579,5827,5827,7423,169,5827,18483
841,0.7000018284804579,0.6351546547755047,0.734375,0.6766426712274551,1.818681240081787,0.09949024580419064,0.23175100982189178,7.593033595003922e-05,0.09949024580419064,0.7505566328763962,0.11778958141803741,0.8048603683710098,0.6870707869529724,512,,,,,,,,,,,
842,0.7000018284804579,0.6354341601883924,0.5390625,0.40282005071640015,1.088869884610176,0.10413744486868382,0.1317969150841236,7.585534909100274e-05,0.10413744486868382,0.7522704899311066,0.10245144367218018,1.0916103273630142,0.989158883690834,512,,,,,,,,,,,
843,0.7000018284804579,0.6357128612697124,0.609375,0.32592837139964104,0.8608612045645714,0.11369596235454082,0.12680047750473022,7.578028276730627e-05,0.11369596235454082,0.7464599460363388,0.301521897315979,1.668495625257492,1.366973727941513,512,,,,,,,,,,,
844,0.7000018284804579,0.6359907591784442,0.578125,0.4886569604277611,1.2944673895835876,0.10795504972338676,0.18631118163466454,7.570513720966108e-05,0.10795504972338676,0.7554247677326202,0.017031922936439514,1.1058029383420944,1.088771015405655,512,,,,,,,,,,,
845,0.7000018284804579,0.6362678550735668,0.546875,0.5619324818253517,1.511291354894638,0.11918989382684231,0.19153423234820366,7.562991264902197e-05,0.11918989382684231,0.7421532720327377,0.07250404357910156,0.9207919836044312,0.8482879400253296,512,,,,,,,,,,,
846,0.7000018284804579,0.6365441501140594,0.64453125,0.7673713974654675,2.0624226331710815,0.1356111876666546,0.26294516026973724,7.555460931658647e-05,0.1356111876666546,0.7634814232587814,-0.08287020027637482,1.5943441838026047,1.6772143840789795,512,,,,,,,,,,,
847,0.7000018284804579,0.6368196454589014,0.640625,0.6430603414773941,1.7110905796289444,0.12169511057436466,0.23757707886397839,7.547922744379428e-05,0.12169511057436466,0.7270165532827377,0.19569087028503418,1.8114508390426636,1.6157599687576294,512,,,,,,,,,,,
848,0.7000018284804579,0.6370943422670717,0.6640625,0.5852230973541737,1.5595661327242851,0.0871757660061121,0.21383710205554962,7.540376726232648e-05,0.0871757660061121,0.7486327886581421,0.10749033838510513,0.7642845138907433,0.6567941755056381,512,0.0006926835048943758,0.0006926835048943758,0.03,6641,0.7000018284804579,6641,6641,8283,403,6641,19299
849,0.7000018284804579,0.6373682416975498,0.6328125,0.5682166591286659,1.5306099206209183,0.09816842339932919,0.19125869497656822,7.53282290041048e-05,0.09816842339932919,0.7586181312799454,0.1484842747449875,0.8546237945556641,0.7061395198106766,512,,,,,,,,,,,
850,0.7000018284804579,0.6376413449093147,0.5,0.46385789290070534,1.240667536854744,0.0799098014831543,0.16496235318481922,7.525261290129095e-05,0.0799098014831543,0.7586816102266312,0.11751694977283478,1.202192783355713,1.0846758335828781,512,,,,,,,,,,,
851,0.7000018284804579,0.6379136530613457,0.53515625,0.5608530640602112,1.414311245083809,0.16213199868798256,0.2852433826774359,7.517691918628588e-05,0.16213199868798256,0.7499609291553497,0.2051478922367096,2.602734714746475,2.3975868225097656,512,,,,,,,,,,,
852,0.7000018284804579,0.638185167312622,0.5078125,0.48358023911714554,1.3038038313388824,0.11894338950514793,0.16159076057374477,7.51011480917291e-05,0.11894338950514793,0.7386767268180847,0.1612895056605339,1.1564869061112404,0.9951974004507065,512,,,,,,,,,,,
853,0.7000018284804579,0.6384558888221228,0.55859375,0.46629029139876366,1.2401273548603058,0.13055597618222237,0.17287351191043854,7.502529985049793e-05,0.13055597618222237,0.7548681348562241,0.028500691056251526,1.2626300156116486,1.234129324555397,512,,,,,,,,,,,
854,0.7000018284804579,0.6387258187488273,0.466796875,0.4494972229003906,1.191361978650093,0.17883334681391716,0.17075075395405293,7.494937469570676e-05,0.17883334681391716,0.7249169796705246,0.09604230523109436,2.5271052718162537,2.4310629665851593,512,,,,,,,,,,,
855,0.7000018284804579,0.6389949582517147,0.5,0.5241440460085869,1.4101784229278564,0.10002002492547035,0.17813674174249172,7.487337286070642e-05,0.10002002492547035,0.7558007836341858,0.062418654561042786,1.431298166513443,1.3688795119524002,512,,,,,,,,,,,
856,0.7000018284804579,0.6392633084897642,0.51171875,0.5290290415287018,1.4146912097930908,0.10500218160450459,0.1884270515292883,7.47972945790834e-05,0.10500218160450459,0.7549169659614563,0.15678298473358154,1.1237978339195251,0.9670148491859436,512,0.0005980510613881052,0.0005980510613881052,0.03,5481,0.7000018284804579,5481,5481,7177,-119,5481,18113
857,0.7000018284804579,0.6395308706219549,0.69140625,0.36668799817562103,0.9544437080621719,0.09236049093306065,0.1567319892346859,7.472114008465909e-05,0.09236049093306065,0.7608837783336639,-0.20968562364578247,1.063949093222618,1.2736347168684006,512,,,,,,,,,,,
858,0.7000018284804579,0.6397976458072662,0.63671875,0.42298493534326553,1.1243680119514465,0.13338971138000488,0.15740448608994484,7.464490961148921e-05,0.13338971138000488,0.760087862610817,0.1290208175778389,1.5576162338256836,1.4285954162478447,512,,,,,,,,,,,
859,0.7000018284804579,0.6400636352046771,0.462890625,0.43819550424814224,1.1631145477294922,0.0814287206158042,0.16475057788193226,7.456860339386292e-05,0.0814287206158042,0.763725534081459,0.0921543762087822,0.7030920684337616,0.6109376922249794,512,,,,,,,,,,,
860,0.7000018284804579,0.6403288399731671,0.6640625,0.5287044048309326,1.4148728251457214,0.13706970028579235,0.18726167269051075,7.449222166630218e-05,0.13706970028579235,0.7411181628704071,0.2345910295844078,1.2213671803474426,0.9867761507630348,512,,,,,,,,,,,
861,0.7000018284804579,0.6405932612717151,0.466796875,0.2879733517765999,0.7634904235601425,0.07669143285602331,0.1091560423374176,7.441576466356108e-05,0.07669143285602331,0.7591991871595383,0.061162069439888,0.5372127816081047,0.4760507121682167,512,,,,,,,,,,,
862,0.7000018284804579,0.6408569002593004,0.439453125,0.27633121982216835,0.7267236113548279,0.07656785473227501,0.11064369417726994,7.4339232620625e-05,0.07656785473227501,0.7633105516433716,0.16204314678907394,1.259699359536171,1.097656212747097,512,,,,,,,,,,,
863,0.7000018284804579,0.6411197580949024,0.498046875,0.7377897575497627,1.9874702543020248,0.10162174329161644,0.24825622886419296,7.426262577270999e-05,0.10162174329161644,0.7556835412979126,0.11187534779310226,1.2243957072496414,1.1125203594565392,512,,,,,,,,,,,
864,0.7000018284804579,0.6413818359375,0.96484375,0.6187176778912544,1.6179895997047424,0.16028232220560312,0.25691236555576324,7.4185944355262e-05,0.16028232220560312,0.7518456727266312,0.09587108343839645,1.35360536724329,1.2577342838048935,512,0.0007404532516375184,0.0007404532516375184,0.03,8835,0.7000018284804579,8835,8835,8807,2597,8835,21480
865,0.7000018284804579,0.6416431349460725,0.6015625,0.4874226152896881,1.3066534250974655,0.10782690905034542,0.17038468457758427,7.410918860395615e-05,0.10782690905034542,0.7567870914936066,0.07616079598665237,0.8499200716614723,0.77375927567482,512,,,,,,,,,,,
866,0.7000018284804579,0.6419036562795992,0.55859375,0.5659364052116871,1.221500650048256,0.12761497497558594,0.4934580270200968,7.403235875469603e-05,0.12761497497558594,0.7470458745956421,0.15951450169086456,1.4502501487731934,1.2907356470823288,512,,,,,,,,,,,
867,0.7000018284804579,0.6421634010970592,0.462890625,0.3379516787827015,0.9061111062765121,0.14293788745999336,0.11798484809696674,7.395545504361296e-05,0.14293788745999336,0.7416161745786667,0.011166885495185852,2.002383530139923,1.9912166446447372,512,,,,,,,,,,,
868,0.7000018284804579,0.6424223705574318,0.5859375,0.7047370076179504,1.7881256639957428,0.07856414839625359,0.34744097478687763,7.387847770706531e-05,0.07856414839625359,0.7542285025119781,0.10034812986850739,1.0435640066862106,0.9432158768177032,512,,,,,,,,,,,
869,0.7000018284804579,0.6426805658196961,0.73046875,0.6197171993553638,1.6781863272190094,0.1320027019828558,0.19974447041749954,7.380142698163766e-05,0.1320027019828558,0.7502343654632568,0.08424241840839386,1.2847372740507126,1.2004948556423187,512,,,,,,,,,,,
870,0.7000018284804579,0.6429379880428314,0.55859375,0.43034666776657104,1.152833417057991,0.1136415284126997,0.15124734304845333,7.372430310414016e-05,0.1136415284126997,0.7590429335832596,0.13699272274971008,1.1283751279115677,0.9913824051618576,512,,,,,,,,,,,
871,0.7000018284804579,0.6431946383858168,0.609375,0.4803542047739029,1.26413594186306,0.10515634063631296,0.1914828047156334,7.36471063116079e-05,0.10515634063631296,0.7434521317481995,0.20676084607839584,0.9479098990559578,0.741149052977562,512,,,,,,,,,,,
872,0.7000018284804579,0.6434505180076316,1.046875,0.5832839906215668,1.510773479938507,0.08873945288360119,0.2567536439746618,7.35698368412999e-05,0.08873945288360119,0.7609326094388962,0.179025799036026,0.8762847781181335,0.6972589790821075,512,0.0006084298947826028,0.0006084298947826028,0.03,8858,0.7000018284804579,8858,8858,11956,-450,8858,21529
873,0.7000018284804579,0.643705628067255,0.59375,0.3314935117959976,0.8831050097942352,0.0967697836458683,0.12142075411975384,7.349249493069865e-05,0.0967697836458683,0.761835902929306,0.1839456707239151,0.8556314557790756,0.6716857850551605,512,,,,,,,,,,,
874,0.7000018284804579,0.6439599697236661,0.498046875,0.44837597757577896,1.205358773469925,0.09039246290922165,0.15335626527667046,7.341508081750927e-05,0.09039246290922165,0.7716113179922104,0.12615081667900085,0.8184411227703094,0.6922903060913086,512,,,,,,,,,,,
875,0.7000018284804579,0.6442135441358442,0.69921875,0.4714304879307747,1.2667909860610962,0.10444865375757217,0.16178624518215656,7.333759473965877e-05,0.10444865375757217,0.7440771162509918,0.16536129266023636,1.4049007296562195,1.2395394369959831,512,,,,,,,,,,,
876,0.7000018284804579,0.6444663524627685,0.546875,0.5077245607972145,1.3660804778337479,0.09508767537772655,0.17247873358428478,7.326003693529538e-05,0.09508767537772655,0.7595214694738388,0.07576022297143936,0.6583890095353127,0.5826287865638733,512,,,,,,,,,,,
877,0.7000018284804579,0.6447183958634182,0.58203125,0.4280717670917511,1.1523960381746292,0.08296385500580072,0.14479106850922108,7.318240764278772e-05,0.08296385500580072,0.7586913853883743,0.08006242662668228,0.6920464560389519,0.6119840294122696,512,,,,,,,,,,,
878,0.7000018284804579,0.6449696754967725,0.478515625,0.4571700468659401,1.2161210775375366,0.06932735629379749,0.1692426484078169,7.310470710072413e-05,0.06932735629379749,0.7512646317481995,0.09116505831480026,0.5492065697908401,0.4580415114760399,512,,,,,,,,,,,
879,0.7000018284804579,0.6452201925218105,0.71875,0.7085621058940887,1.8619177639484406,0.09949187282472849,0.2852400541305542,7.3026935547912e-05,0.09949187282472849,0.747934564948082,0.10919290781021118,0.7643204778432846,0.6551275700330734,512,,,,,,,,,,,
880,0.7000018284804579,0.6454699480975115,1.6015625,0.3735859841108322,1.00107441842556,0.19830422848463058,0.13100427202880383,7.294909322337689e-05,0.19830422848463058,0.7273193299770355,0.5006270259618759,2.594750165939331,2.094123139977455,512,0.0008023211266845465,0.0008023211266845465,0.03,9634,0.7000018284804579,9634,9634,10387,2399,9634,22329
881,0.7000018284804579,0.6457189433828547,0.53515625,0.36275269091129303,0.9669250398874283,0.10538480244576931,0.13232546485960484,7.287118036636189e-05,0.10538480244576931,0.7496728450059891,0.22338224947452545,1.507107600569725,1.2837253510951996,512,,,,,,,,,,,
882,0.7000018284804579,0.6459671795368194,0.59375,0.5384710282087326,1.4282700568437576,0.08386463485658169,0.20346024446189404,7.27931972163269e-05,0.08386463485658169,0.7535741925239563,0.09124793112277985,0.739119291305542,0.6478713601827621,512,,,,,,,,,,,
883,0.7000018284804579,0.6462146577183847,0.54296875,0.8161862269043922,2.196743607521057,0.14355130679905415,0.27654786966741085,7.27151440129478e-05,0.14355130679905415,0.7346728444099426,0.14643500745296478,1.1886726766824722,1.0422376692295074,512,,,,,,,,,,,
884,0.7000018284804579,0.6464613790865297,0.7265625,0.7069786861538887,1.8764281123876572,0.07799128163605928,0.26593149825930595,7.263702099611586e-05,0.07799128163605928,0.7454882711172104,0.06140698492527008,0.5998878851532936,0.5384809002280235,512,,,,,,,,,,,
885,0.7000018284804579,0.6467073448002338,1.1015625,0.5586524903774261,1.450430080294609,0.08721354510635138,0.24245621636509895,7.255882840593682e-05,0.08721354510635138,0.754999965429306,0.068672776222229,0.5867823660373688,0.5181095898151398,512,,,,,,,,,,,
886,0.7000018284804579,0.6469525560184761,0.5546875,0.442293506115675,1.1834027767181396,0.09410329908132553,0.15688051655888557,7.248056648273034e-05,0.09410329908132553,0.7737206816673279,0.08428584039211273,0.8220545500516891,0.7377687096595764,512,,,,,,,,,,,
887,0.7000018284804579,0.6471970139002359,1.0390625,0.4225090369582176,1.1102072149515152,0.09995117411017418,0.1701231449842453,7.240223546702908e-05,0.09995117411017418,0.7571337670087814,0.002615787088871002,0.6472640857100487,0.6446482986211777,512,,,,,,,,,,,
888,0.7000018283364854,0.6474407196044921,0.5390625,0.45569368824362755,1.2343283295631409,0.11015893518924713,0.1465616188943386,7.232383559957814e-05,0.11015893518924713,0.7568066269159317,0.18511071801185608,1.3000748455524445,1.1149641275405884,512,0.0006744624697603285,0.0006744624697603285,0.03,8949,0.7000018283364854,8949,8950,9505,2319,8949,21603
889,0.7000018283364854,0.6476836742902243,0.486328125,0.314895398914814,0.8391144275665283,0.11165790259838104,0.1151140108704567,7.224536712133418e-05,0.11165790259838104,0.7414550632238388,0.06453461199998856,2.19893741607666,2.1344028040766716,512,,,,,,,,,,,
890,0.7000018283364854,0.6479258791164115,0.478515625,0.3722406178712845,0.9971280544996262,0.09772348403930664,0.13087374344468117,7.216683027346475e-05,0.09772348403930664,0.7589696943759918,0.096225306391716,0.8552523553371429,0.7590270489454269,512,,,,,,,,,,,
891,0.7000018283364854,0.648167335242033,0.74609375,0.2854021042585373,0.751173585653305,0.14989969693124294,0.1136812549084425,7.208822529734749e-05,0.14989969693124294,0.7483202815055847,0.3591708689928055,2.0113521963357925,1.652181327342987,512,,,,,,,,,,,
892,0.7000018283364854,0.6484080438260679,0.73828125,0.4117630496621132,1.0739992260932922,0.09157584235072136,0.1737675815820694,7.200955243456947e-05,0.09157584235072136,0.7642968744039536,0.1444566398859024,0.8540238291025162,0.7095671892166138,512,,,,,,,,,,,
893,0.7000018283364854,0.6486480060274954,0.60546875,0.5399436503648758,1.4312857240438461,0.13518571481108665,0.20490708574652672,7.193081192692639e-05,0.13518571481108665,0.7641552686691284,0.11940599232912064,1.2919060364365578,1.1725000441074371,512,,,,,,,,,,,
894,0.7000018283364854,0.6488872230052948,0.46484375,0.6394395083189011,1.687794253230095,0.12291983142495155,0.2499012015759945,7.185200401642187e-05,0.12291983142495155,0.7436279058456421,0.07111417502164841,1.6965379193425179,1.6254237443208694,512,,,,,,,,,,,
895,0.7000018283364854,0.6491256959184452,0.48046875,0.45863843709230423,1.2301371544599533,0.08190732821822166,0.15967624634504318,7.177312894526665e-05,0.08190732821822166,0.749223604798317,0.049504369497299194,0.5549837648868561,0.5054793953895569,512,,,,,,,,,,,
896,0.7000018284804579,0.6493634259259259,0.53515625,0.3308892771601677,0.890534907579422,0.14919376000761986,0.11215982586145401,7.169418695587791e-05,0.14919376000761986,0.7387353628873825,0.10972118377685547,1.138260468840599,1.0285392850637436,512,0.0006652548327110708,0.0006652548327110708,0.03,5025,0.7000018284804579,5025,5025,6104,520,5025,17641
897,0.7000018284804579,0.649600414186716,0.515625,0.32992755994200706,0.8816085904836655,0.1194676123559475,0.11817186325788498,7.161517829087852e-05,0.1194676123559475,0.7589892446994781,0.10105353593826294,1.1031855046749115,1.0021319687366486,512,,,,,,,,,,,
898,0.7000018284804579,0.6498366618597948,0.51953125,0.2673027142882347,0.7124437242746353,0.11023791041225195,0.0975644402205944,7.153610319309621e-05,0.11023791041225195,0.7224413901567459,-0.07188917696475983,0.8074629902839661,0.8793521672487259,512,,,,,,,,,,,
899,0.7000018284804579,0.6500721701041415,0.56640625,0.3486887812614441,0.9338973760604858,0.17991703562438488,0.12273523397743702,7.145696190556295e-05,0.17991703562438488,0.7375683486461639,0.09502501785755157,1.219167098402977,1.1241420805454254,512,,,,,,,,,,,
900,0.7000018284804579,0.6503069400787354,0.5859375,0.4573240876197815,1.217325508594513,0.10895778425037861,0.1685050129890442,7.137775467151411e-05,0.10895778425037861,0.7494335770606995,0.11500116437673569,0.910361759364605,0.7953605949878693,512,,,,,,,,,,,
901,0.7000018284804579,0.6505409729425554,0.58984375,0.4926038309931755,1.3011529594659805,0.11008149944245815,0.19158584624528885,7.129848173438774e-05,0.11008149944245815,0.7565917670726776,0.10990913957357407,0.7458863258361816,0.6359771862626076,512,,,,,,,,,,,
902,0.7000018284804579,0.6507742698545809,0.58984375,0.41273029521107674,1.0847116708755493,0.09284815192222595,0.16598614864051342,7.121914333782384e-05,0.09284815192222595,0.7567334026098251,0.14677108824253082,0.832226350903511,0.6854552626609802,512,,,,,,,,,,,
903,0.7000018284804579,0.6510068319737911,0.53515625,0.5633596852421761,1.5273913145065308,0.07630332559347153,0.17975916154682636,7.113973972566357e-05,0.07630332559347153,0.7522118836641312,0.10877540707588196,0.6045840233564377,0.4958086162805557,512,,,,,,,,,,,
904,0.7000018286244305,0.6512386604591651,0.482421875,0.3747439458966255,1.0054262727499008,0.11375480005517602,0.13016140274703503,7.106027114194855e-05,0.11375480005517602,0.7438818216323853,0.06430943682789803,0.970217939466238,0.90590850263834,512,0.0006537055014632642,0.0006537055014632642,0.03,5555,0.7000018286244305,5555,5554,7172,66,5555,18226
905,0.7000018286244305,0.6514697564696824,0.54296875,0.7110710218548775,1.9047662168741226,0.09181594289839268,0.24999435991048813,7.098073783092007e-05,0.09181594289839268,0.7286376655101776,0.13116703182458878,0.7713588178157806,0.6401917859911919,512,,,,,,,,,,,
906,0.7000018286244305,0.6517001211643219,0.4765625,0.6335302293300629,1.692234456539154,0.095614118501544,0.2275539431720972,7.090114003701838e-05,0.095614118501544,0.7469628602266312,0.10968311131000519,0.8589000403881073,0.7492169290781021,512,,,,,,,,,,,
907,0.7000018286244305,0.6519297557020628,0.52734375,0.621306337416172,1.654521182179451,0.14382469281554222,0.22822524048388004,7.082147800488187e-05,0.14382469281554222,0.7190331667661667,0.10391555726528168,1.6107669472694397,1.506851390004158,512,,,,,,,,,,,
908,0.7000018286244305,0.6521586612418846,0.609375,0.5779254734516144,1.564232662320137,0.09551362693309784,0.18705658800899982,7.074175197934639e-05,0.09551362693309784,0.7556347399950027,0.10653999447822571,2.043553300201893,1.9370133057236671,512,,,,,,,,,,,
909,0.7000018286244305,0.6523868389427662,0.85546875,0.4213595911860466,1.1271785199642181,0.14077240228652954,0.14966869726777077,7.066196220544449e-05,0.14077240228652954,0.7384228110313416,0.1749700903892517,1.250240072607994,1.0752699822187424,512,,,,,,,,,,,
910,0.7000018286244305,0.6526142899636869,0.5390625,0.4616399295628071,1.2436890602111816,0.0879633417353034,0.1552197765558958,7.058210892840461e-05,0.0879633417353034,0.7566259652376175,0.07218530774116516,1.020255371928215,0.9480700641870499,512,,,,,,,,,,,
911,0.7000018286244305,0.6528410154636259,0.56640625,0.5481601357460022,1.4829179346561432,0.13731975480914116,0.17817334085702896,7.050219239365037e-05,0.13731975480914116,0.7591942995786667,0.08392535150051117,1.3460447788238525,1.2621194273233414,512,,,,,,,,,,,
912,0.7000018286244305,0.6530670166015624,0.6171875,0.5124848037958145,1.4006409645080566,0.08140631206333637,0.15234322100877762,7.042221284679982e-05,0.08140631206333637,0.7609081864356995,0.10320839658379555,0.8852996528148651,0.7820912562310696,512,0.000725564023014158,0.000725564023014158,0.03,6536,0.7000018286244305,6536,6536,8683,-139,6536,19144
913,0.7000018286244305,0.6532922945364757,0.63671875,0.32037024572491646,0.8538926243782043,0.15165120363235474,0.116926284506917,7.034217053366465e-05,0.15165120363235474,0.7426074147224426,0.24537384510040283,1.8991505801677704,1.6537767350673676,512,,,,,,,,,,,
914,0.7000018286244305,0.653516850427345,0.66796875,0.5246856510639191,1.4025795310735703,0.1467734631150961,0.18737689033150673,7.02620657002495e-05,0.1467734631150961,0.7510302662849426,0.24792106449604034,1.4979443103075027,1.2500232458114624,512,,,,,,,,,,,
915,0.7000018286244305,0.6537406854331493,0.56640625,0.49370693415403366,1.3011288791894913,0.10249468684196472,0.19495267048478127,7.018189859275112e-05,0.10249468684196472,0.779916986823082,0.07965824007987976,0.9634140133857727,0.8837557733058929,512,,,,,,,,,,,
916,0.7000018286244305,0.653963800712868,0.51953125,0.3956029638648033,1.0673374235630035,0.1570319551974535,0.1314594056457281,7.010166945755768e-05,0.1570319551974535,0.7557177245616913,0.09556572139263153,1.6195287108421326,1.523962989449501,512,,,,,,,,,,,
917,0.7000018286244305,0.6541861974254802,0.66796875,0.3293997198343277,0.8844060301780701,0.10715135000646114,0.11377489380538464,7.002137854124797e-05,0.10715135000646114,0.759213849902153,0.05884688347578049,1.0066178739070892,0.9477709904313087,512,,,,,,,,,,,
918,0.7000018286244305,0.6544078767299651,0.7421875,0.40545713156461716,1.095104604959488,0.10168174374848604,0.1335532907396555,6.99410260905907e-05,0.10168174374848604,0.7072070240974426,0.15417230129241943,1.013296902179718,0.8591246008872986,512,,,,,,,,,,,
919,0.7000018286244305,0.6546288397853021,0.76953125,0.315143596380949,0.8358883559703827,0.10230550915002823,0.1190921887755394,6.986061235254363e-05,0.10230550915002823,0.7428124696016312,0.08414747565984726,0.7025863826274872,0.6184389069676399,512,,,,,,,,,,,
920,0.7000018286244305,0.6548490877504701,0.51953125,0.6323381587862968,1.6912230849266052,0.10694878362119198,0.22495303861796856,6.978013757425295e-05,0.10694878362119198,0.7547363340854645,0.20401658862829208,1.0015543699264526,0.7975377812981606,512,0.0006779019022360444,0.0006779019022360444,0.03,5950,0.7000018286244305,5950,5950,7483,51,5950,18557
921,0.7000018286244305,0.6550686217844486,0.58984375,0.4885852113366127,1.3001184165477753,0.13444921001791954,0.1804427057504654,6.969960200305241e-05,0.13444921001791954,0.7450195401906967,0.2346246987581253,1.2779461443424225,1.0433214455842972,512,,,,,,,,,,,
922,0.7000018286244305,0.6552874430462166,0.7265625,0.805382251739502,2.1177851855754852,0.08949850127100945,0.32276705279946327,6.961900588646263e-05,0.08949850127100945,0.7521044760942459,0.1767939329147339,0.8857140392065048,0.7089201062917709,512,,,,,,,,,,,
923,0.7000018286244305,0.6555055526947534,0.65625,0.5531613379716873,1.4698010236024857,0.11024613492190838,0.20644536428153515,6.95383494721903e-05,0.11024613492190838,0.7416210770606995,0.2628924027085304,1.2132293209433556,0.9503369182348251,512,,,,,,,,,,,
924,0.7000018286244305,0.6557229518890381,0.5625,0.35655301809310913,0.9555392116308212,0.12387146800756454,0.12492441199719906,6.945763300812745e-05,0.12387146800756454,0.7712792754173279,0.16235651075839996,1.4593125730752945,1.2969560623168945,512,,,,,,,,,,,
925,0.7000018286244305,0.6559396417880499,0.462890625,0.49212732911109924,1.3094824105501175,0.09622475132346153,0.18181252293288708,6.937685674235064e-05,0.09622475132346153,0.7593358904123306,0.0937468558549881,1.0203703194856644,0.9266234636306763,512,,,,,,,,,,,
926,0.7000018286244305,0.6561556235507682,0.63671875,0.6141821704804897,1.6605195850133896,0.12889131531119347,0.20063843950629234,6.929602092312023e-05,0.12889131531119347,0.7483593374490738,0.04748857766389847,1.1286981850862503,1.0812096074223518,512,,,,,,,,,,,
927,0.7000018286244305,0.656370898336172,0.94140625,0.4691171422600746,1.2713114619255066,0.11653090827167034,0.15025559812784195,6.921512579887962e-05,0.11653090827167034,0.7424023300409317,0.0486038401722908,0.9969270974397659,0.9483232572674751,512,,,,,,,,,,,
928,0.7000018287684031,0.6565854673032407,0.48046875,0.30120283365249634,0.803238570690155,0.07256716396659613,0.10949726402759552,6.91341716182545e-05,0.07256716396659613,0.7551122754812241,0.08397959172725677,0.8856913447380066,0.8017117530107498,512,0.0008225070196203887,0.0008225070196203887,0.03,6544,0.7000018287684031,6544,6544,7891,679,6544,19163
929,0.7000018287684031,0.6567993316109533,0.55078125,0.5071743130683899,1.3720547705888748,0.10049379989504814,0.16483704186975956,6.905315863005202e-05,0.10049379989504814,0.7541454583406448,0.08449123054742813,0.7169497832655907,0.6324585527181625,512,,,,,,,,,,,
930,0.7000018287684031,0.6570124924182892,0.5390625,0.5342464670538902,1.4068705290555954,0.1379932016134262,0.21205812692642212,6.897208708326013e-05,0.1379932016134262,0.7448144555091858,0.2037787288427353,1.3233868926763535,1.1196081638336182,512,,,,,,,,,,,
931,0.7000018287684031,0.6572249508842274,0.494140625,0.8273303136229515,2.2050235867500305,0.12325570546090603,0.30203784070909023,6.88909572270467e-05,0.12325570546090603,0.7582030892372131,0.16713915765285492,1.1770943850278854,1.0099552273750305,512,,,,,,,,,,,
932,0.7000018287684031,0.6574367081677472,0.7109375,0.4696875028312206,1.2696482241153717,0.17392650060355663,0.15364720486104488,6.880976931075887e-05,0.17392650060355663,0.7368603348731995,0.4275524467229843,1.6423886120319366,1.2148361653089523,512,,,,,,,,,,,
933,0.7000018287684031,0.6576477654278278,0.443359375,0.5611848458647728,1.5082301050424576,0.08467177674174309,0.1923299878835678,6.872852358392215e-05,0.08467177674174309,0.749516561627388,0.07577476650476456,0.617744043469429,0.5419692769646645,512,,,,,,,,,,,
934,0.7000018287684031,0.6578581238234484,0.484375,0.5489855110645294,1.4099392145872116,0.06702079996466637,0.2536531575024128,6.864722029623977e-05,0.06702079996466637,0.7608935385942459,0.08294929563999176,0.5972678884863853,0.5143185928463936,512,,,,,,,,,,,
935,0.7000018287684031,0.6580677845135883,0.451171875,0.47813550755381584,1.2602016180753708,0.09522543661296368,0.18869375996291637,6.856585969759189e-05,0.09522543661296368,0.733090803027153,0.0565897673368454,1.39169941842556,1.3351096510887146,512,,,,,,,,,,,
936,0.7000018287684031,0.6582767486572265,0.498046875,0.2697005942463875,0.7173255980014801,0.09288697689771652,0.09994888864457607,6.848444203803476e-05,0.09288697689771652,0.7529101222753525,0.02198200672864914,1.1428194120526314,1.1208374053239822,512,0.0008001470705494285,0.0008001470705494285,0.03,5076,0.7000018287684031,5076,5076,6254,542,5076,17654
937,0.7000018287684031,0.6584850174133424,0.53515625,0.44133710861206055,1.1924086958169937,0.07031770143657923,0.14497643895447254,6.840296756780002e-05,0.07031770143657923,0.7574365139007568,0.053045280277729034,0.540746696293354,0.487701416015625,512,,,,,,,,,,,
938,0.7000018287684031,0.6586925919409151,0.625,0.70865498483181,1.9084075689315796,0.15709592774510384,0.23903163522481918,6.832143653729397e-05,0.15709592774510384,0.7379785031080246,0.07455050945281982,1.3170750141143799,1.24252450466156,512,,,,,,,,,,,
939,0.7000018287684031,0.6588994733989239,0.482421875,0.7065813690423965,1.869813859462738,0.10104024782776833,0.2713416554033756,6.823984919709667e-05,0.10104024782776833,0.7528271079063416,0.10994853079319,0.9445357024669647,0.8345871716737747,512,,,,,,,,,,,
940,0.7000018287684031,0.6591056629463478,0.60546875,0.4702812321484089,1.2587410509586334,0.09698337968438864,0.16635348461568356,6.815820579796127e-05,0.09698337968438864,0.747197225689888,0.12990660965442657,1.1752589046955109,1.0453522950410843,512,,,,,,,,,,,
941,0.7000018287684031,0.6593111617421662,0.76953125,0.37563424557447433,1.0079251527786255,0.12087582051753998,0.1303604356944561,6.807650659081317e-05,0.12087582051753998,0.750117152929306,0.18747107684612274,1.0296503007411957,0.8421792238950729,512,,,,,,,,,,,
942,0.7000018287684031,0.6595159709453582,0.447265625,0.40143875777721405,1.0818378329277039,0.07267621159553528,0.13464324176311493,6.799475182674942e-05,0.07267621159553528,0.7508935183286667,0.06522079557180405,0.5429265797138214,0.47770578414201736,512,,,,,,,,,,,
943,0.7000018287684031,0.6597200917149031,0.388671875,0.3449590504169464,0.9338673800230026,0.11167017742991447,0.1114630401134491,6.791294175703768e-05,0.11167017742991447,0.7550878822803497,0.10112851858139038,1.3489906191825867,1.2478621006011963,512,,,,,,,,,,,
944,0.7000018287684031,0.65992352520978,0.427734375,0.350867360830307,0.935858890414238,0.0946309994906187,0.12737548910081387,6.783107663311565e-05,0.0946309994906187,0.7677343636751175,0.0716397613286972,0.7953803837299347,0.7237406224012375,512,0.0007371253450401127,0.0007371253450401127,0.03,5462,0.7000018287684031,5462,5462,6395,861,5462,18121
945,0.7000018287684031,0.6601262725889683,0.66796875,0.7579757645726204,2.0472075790166855,0.11122922599315643,0.24968859739601612,6.774915670659025e-05,0.11122922599315643,0.7449316084384918,0.16058818995952606,1.8808729201555252,1.7202847301959991,512,,,,,,,,,,,
946,0.7000018287684031,0.6603283350114469,0.6875,0.3091643899679184,0.8200178742408752,0.08760912530124187,0.116843918338418,6.76671822292368e-05,0.08760912530124187,0.7527099400758743,0.07718374580144882,0.6655514538288116,0.5883677080273628,512,,,,,,,,,,,
947,0.7000018287684031,0.6605297136361952,0.51953125,0.47107211127877235,1.242993339896202,0.09281718079000711,0.18449782393872738,6.758515345299831e-05,0.09281718079000711,0.7609863132238388,0.17115694284439087,1.4541341960430145,1.2829772531986237,512,,,,,,,,,,,
948,0.7000018287684031,0.6607304096221923,0.55859375,0.332118883728981,0.8769645541906357,0.0796198146417737,0.12945624813437462,6.750307062998462e-05,0.0796198146417737,0.7523583918809891,0.10846342891454697,0.6834169924259186,0.5749535635113716,512,,,,,,,,,,,
949,0.7000018287684031,0.6609304241284175,0.4296875,0.31823885068297386,0.8553898930549622,0.0929354801774025,0.10897021368145943,6.742093401247172e-05,0.0929354801774025,0.7539111375808716,0.11384320259094238,0.851831391453743,0.7379881888628006,512,,,,,,,,,,,
950,0.7000018287684031,0.6611297583138501,0.6796875,0.4546552263200283,1.2176345735788345,0.10832076333463192,0.16010848432779312,6.733874385290097e-05,0.10832076333463192,0.7739794552326202,0.07518112659454346,1.2749503254890442,1.1997691988945007,512,,,,,,,,,,,
951,0.7000018287684031,0.6613284133374691,0.55078125,0.6095789223909378,1.6278595179319382,0.12784497439861298,0.21934927068650723,6.725650040387817e-05,0.12784497439861298,0.7464355379343033,0.1219349205493927,1.5050989985466003,1.3831640779972076,512,,,,,,,,,,,
952,0.7000018287684031,0.6615263903582537,0.48046875,0.3100079372525215,0.8308417797088623,0.1295550111681223,0.10857617110013962,6.717420391817306e-05,0.1295550111681223,0.7513329833745956,0.1411750242114067,1.5574069023132324,1.4162318781018257,512,0.0006857097614556551,0.0006857097614556551,0.03,5630,0.7000018287684031,5630,5630,6855,493,5630,18246
953,0.7000018287684031,0.6617236905351833,0.498046875,0.4729384668171406,1.2806241810321808,0.17167533189058304,0.15252265706658363,6.709185464871825e-05,0.17167533189058304,0.7416210770606995,0.18664465844631195,2.1653385758399963,1.9786939173936844,512,,,,,,,,,,,
954,0.7000018287684031,0.6619203150272369,0.55078125,0.35545167326927185,0.9523956775665283,0.08448715601116419,0.1247305627912283,6.700945284860862e-05,0.08448715601116419,0.7518603205680847,0.08817895501852036,0.8762320429086685,0.7880530878901482,512,,,,,,,,,,,
955,0.7000018287684031,0.6621162649933938,0.458984375,0.36066896468400955,0.9651397168636322,0.0875898189842701,0.12779649160802364,6.692699877110054e-05,0.0875898189842701,0.7386425584554672,0.13122263550758362,1.5039547085762024,1.3727320730686188,512,,,,,,,,,,,
956,0.7000018287684031,0.6623115415926333,0.478515625,0.47292836010456085,1.2570986598730087,0.13107901811599731,0.1760175433009863,6.6844492669611e-05,0.13107901811599731,0.7337597608566284,0.1393410712480545,1.2284005433321,1.0890594720840454,512,,,,,,,,,,,
957,0.7000018287684031,0.6625061459839343,0.51953125,0.5114709660410881,1.3568573743104935,0.11916001792997122,0.1930545512586832,6.676193479771692e-05,0.11916001792997122,0.741831049323082,0.08416947722434998,1.1559460163116455,1.0717765390872955,512,,,,,,,,,,,
958,0.7000018287684031,0.6627000793262764,0.48828125,0.3604504279792309,0.9611993804574013,0.08773016650229692,0.13107460923492908,6.66793254091543e-05,0.08773016650229692,0.7633691281080246,0.15812982618808746,0.9924857318401337,0.8343559056520462,512,,,,,,,,,,,
959,0.7000018287684031,0.6628933427786385,0.458984375,0.4597209692001343,1.223549872636795,0.15493525564670563,0.16954397037625313,6.659666475781747e-05,0.15493525564670563,0.7471581995487213,0.08199572563171387,1.7671699672937393,1.6851742416620255,512,,,,,,,,,,,
960,0.7000018290563482,0.6630859375,0.431640625,0.30084023252129555,0.7924752682447433,0.12207493744790554,0.11916177533566952,6.651395309775837e-05,0.12207493744790554,0.7547509670257568,0.02475978434085846,1.5021890252828598,1.4774292409420013,512,0.0006900395383127034,0.0006900395383127034,0.03,4732,0.7000018290563482,4732,4732,6087,107,4732,17372
961,0.7000018290563482,0.6632778646493399,0.50390625,0.5098220556974411,1.3505156338214874,0.06962351128458977,0.19439962320029736,6.643119068318563e-05,0.06962351128458977,0.7533300817012787,0.10046086460351944,0.6478098630905151,0.5473489984869957,512,,,,,,,,,,,
962,0.7000018290563482,0.6634691253856376,0.466796875,0.4891316294670105,1.306153491139412,0.08774485532194376,0.17606349475681782,6.634837776846393e-05,0.08774485532194376,0.7550536692142487,0.12185691297054291,1.3035596460103989,1.181702733039856,512,,,,,,,,,,,
963,0.7000018290563482,0.6636597208678722,0.625,0.3234844282269478,0.8495321124792099,0.12197016924619675,0.13072367571294308,6.626551460811315e-05,0.12197016924619675,0.745664045214653,0.11054790019989014,0.8979422301054001,0.78739432990551,512,,,,,,,,,,,
964,0.7000018290563482,0.6638496522550229,1.1640625,0.4482516013085842,1.185145951807499,0.0868945037946105,0.17319217883050442,6.618260145680757e-05,0.0868945037946105,0.7505126744508743,0.08102282509207726,0.716187946498394,0.6351651214063168,512,,,,,,,,,,,
965,0.7000018290563482,0.664038920706069,0.65625,0.384378619492054,1.0098732262849808,0.17458857223391533,0.15491040237247944,6.609963856937516e-05,0.17458857223391533,0.7200927436351776,0.24404412508010864,1.2417926341295242,0.9977485090494156,512,,,,,,,,,,,
966,0.7000018290563482,0.6642275273799896,0.47265625,0.37422261387109756,1.0014122277498245,0.1465366668999195,0.13259564153850079,6.601662620079669e-05,0.1465366668999195,0.7334081679582596,0.10330598056316376,1.8058822602033615,1.7025762796401978,512,,,,,,,,,,,
967,0.7000018290563482,0.6644154734357639,0.453125,0.7978357374668121,2.1043902039527893,0.11534524895250797,0.3132938016206026,6.593356460620504e-05,0.11534524895250797,0.7525878697633743,0.1639939546585083,1.3043584823608398,1.1403645277023315,512,,,,,,,,,,,
968,0.7000018290563482,0.6646027600323713,0.458984375,0.3964897058904171,1.070062279701233,0.09440656192600727,0.131421634927392,6.585045404088441e-05,0.09440656192600727,0.7565185129642487,0.10142816603183746,0.7404145449399948,0.6389863789081573,512,0.0008109701448120177,0.0008109701448120177,0.03,6342,0.7000018290563482,6342,6342,8005,237,6342,19039
969,0.7000018290563482,0.6647893883287906,0.5,0.3704499192535877,0.9953604564070702,0.12264054268598557,0.12721501663327217,6.576729476026945e-05,0.12264054268598557,0.7440039217472076,0.09752874076366425,0.9983281120657921,0.9007993713021278,512,,,,,,,,,,,
970,0.7000018290563482,0.6649753594840013,0.55078125,0.4080912917852402,1.0930349230766296,0.09966889768838882,0.14360528998076916,6.568408701994458e-05,0.09966889768838882,0.7393652498722076,0.0797995775938034,1.1364097595214844,1.056610181927681,512,,,,,,,,,,,
971,0.7000018290563482,0.6651606746569827,0.4453125,0.45237525925040245,1.225879356265068,0.0670251315459609,0.14495469629764557,6.560083107564313e-05,0.0670251315459609,0.7664843499660492,0.07692840695381165,0.605661079287529,0.5287326723337173,512,,,,,,,,,,,
972,0.7000018290563482,0.6653453350067138,0.546875,0.5064260512590408,1.3659675866365433,0.09986194036900997,0.1686567384749651,6.551752718324659e-05,0.09986194036900997,0.7489257752895355,0.08817564696073532,0.7478005439043045,0.6596248969435692,512,,,,,,,,,,,
973,0.7000018290563482,0.6655293416921739,0.40234375,0.7636214941740036,2.0118331015110016,0.08722294960170984,0.3021713811904192,6.543417559878384e-05,0.08722294960170984,0.7413232177495956,-0.0011764615774154663,1.2837579846382141,1.2849344462156296,512,,,,,,,,,,,
974,0.7000018290563482,0.665712695872342,0.466796875,0.6186249032616615,1.6506490856409073,0.1051605436950922,0.22397174313664436,6.53507765784303e-05,0.1051605436950922,0.7589257657527924,0.1466652899980545,1.1503438651561737,1.0036785751581192,512,,,,,,,,,,,
975,0.7000018290563482,0.6658953987061977,0.703125,0.4889037385582924,1.3069795370101929,0.12970521301031113,0.17454683780670166,6.52673303785072e-05,0.12970521301031113,0.7537890523672104,0.15843351185321808,2.2845952063798904,2.1261616945266724,512,,,,,,,,,,,
976,0.7000018290563482,0.6660774513527199,0.5,0.36649494618177414,0.9749666452407837,0.0989394411444664,0.13562404923141003,6.518383725548074e-05,0.0989394411444664,0.7621484249830246,0.13426032662391663,0.8299892917275429,0.6957289651036263,512,0.0006776370573788881,0.0006776370573788881,0.03,5216,0.7000018290563482,5216,5216,6560,260,5216,17829
977,0.7000018290563482,0.6662588549708879,0.451171875,0.8517201542854309,2.2871971130371094,0.09185181464999914,0.29377294704318047,6.510029746596142e-05,0.09185181464999914,0.7524023354053497,0.10785801708698273,1.0506377667188644,0.9427797496318817,512,,,,,,,,,,,
978,0.7000018290563482,0.6664396107196807,0.5859375,0.7314680591225624,1.9653659611940384,0.12937981076538563,0.25120389461517334,6.501671126670306e-05,0.12937981076538563,0.7548730224370956,0.09784092009067535,1.0512688905000687,0.9534279704093933,512,,,,,,,,,,,
979,0.7000018290563482,0.6666197197580779,0.69140625,0.4588473215699196,1.2107665240764618,0.17856894433498383,0.17967984825372696,6.49330789146022e-05,0.17856894433498383,0.7342529147863388,0.10270571708679199,1.2860876321792603,1.1833819150924683,512,,,,,,,,,,,
980,0.7000018290563482,0.6667991832450584,0.515625,0.3466167077422142,0.9334204494953156,0.15389125607907772,0.11693315207958221,6.484940066669718e-05,0.15389125607907772,0.7383007705211639,0.07803714275360107,1.635478138923645,1.557440996170044,512,,,,,,,,,,,
981,0.7000018290563482,0.6669780023396015,0.408203125,0.2559987083077431,0.674995094537735,0.07644632458686829,0.10075851529836655,6.476567678016742e-05,0.07644632458686829,0.7550390362739563,0.044884636998176575,0.5609272569417953,0.5160426199436188,512,,,,,,,,,,,
982,0.7000018290563482,0.6671561782006864,0.51171875,0.5333782210946083,1.431042730808258,0.09899414144456387,0.18525483459234238,6.468190751233262e-05,0.09899414144456387,0.739560529589653,0.2193644940853119,1.256565697491169,1.037201203405857,512,,,,,,,,,,,
983,0.7000018290563482,0.6673337119872923,0.58203125,0.6109251976013184,1.6390514075756073,0.07312111742794514,0.21223704144358635,6.45980931206519e-05,0.07312111742794514,0.7593407928943634,0.07951048016548157,1.0989707112312317,1.0194602310657501,512,,,,,,,,,,,
984,0.7000018289123756,0.6675106048583984,0.5,0.5242782682180405,1.408775731921196,0.12304865568876266,0.17994626611471176,6.451423386272312e-05,0.12304865568876266,0.7504003494977951,0.10315588116645813,1.1290985494852066,1.0259426683187485,512,0.0007168174488469958,0.0007168174488469958,0.03,5257,0.7000018289123756,5257,5258,6457,387,5257,17875
985,0.7000018289123756,0.6676868579729839,0.52734375,0.42483341321349144,1.1428514569997787,0.1441466137766838,0.14452248811721802,6.443032999628203e-05,0.1441466137766838,0.7127099335193634,0.20703072845935822,1.7228228449821472,1.515792116522789,512,,,,,,,,,,,
986,0.7000018289123756,0.6678624724900281,0.435546875,0.5771317780017853,1.5742071866989136,0.11174116376787424,0.1746769156306982,6.434638177920144e-05,0.11174116376787424,0.744130864739418,0.152586430311203,1.1100692749023438,0.9574828445911407,512,,,,,,,,,,,
987,0.7000018289123756,0.66803744956851,0.5,0.47394493222236633,1.2696756571531296,0.08839390054345131,0.16652106121182442,6.42623894694905e-05,0.08839390054345131,0.7603661864995956,0.04893109202384949,0.6852339059114456,0.6363028138875961,512,,,,,,,,,,,
988,0.7000018289123756,0.668211790367409,0.49609375,0.31016794219613075,0.8274324387311935,0.0928080789744854,0.11247036047279835,6.417835332529389e-05,0.0928080789744854,0.7633886486291885,0.0773080587387085,1.038682222366333,0.9613741636276245,512,,,,,,,,,,,
989,0.7000018289123756,0.6683854960457042,0.466796875,0.3369843475520611,0.9098911285400391,0.0838091354817152,0.11127350851893425,6.409427360489098e-05,0.0838091354817152,0.7588280737400055,0.0600193589925766,0.6276880949735641,0.5676687359809875,512,,,,,,,,,,,
990,0.7000018289123756,0.6685585677623749,0.50390625,0.6878921203315258,1.8457153886556625,0.09208202082663774,0.23880610428750515,6.401015056669508e-05,0.09208202082663774,0.7587743699550629,0.18855613470077515,1.5751236975193024,1.3865675628185272,512,,,,,,,,,,,
991,0.7000018289123756,0.6687310066764002,0.5078125,0.29950375482439995,0.8001025766134262,0.09235637076199055,0.10748449712991714,6.392598446925266e-05,0.09235637076199055,0.7515038847923279,0.1383177861571312,0.9745349735021591,0.8362171873450279,512,,,,,,,,,,,
992,0.7000018289123756,0.6689028139467592,0.60546875,0.7415675185620785,1.6652864068746567,0.18579230178147554,0.5818878244608641,6.384177557124247e-05,0.18579230178147554,0.7618408054113388,0.09557247161865234,2.3552829027175903,2.259710431098938,512,0.0007954175234772265,0.0007954175234772265,0.03,5839,0.7000018289123756,5839,5839,6963,693,5839,18539
993,0.7000018289123756,0.6690739907324313,0.50390625,0.5240977257490158,1.409155622124672,0.09965060092508793,0.1790192313492298,6.375752413147485e-05,0.09965060092508793,0.7559716552495956,0.07273931801319122,1.4318638890981674,1.3591245710849762,512,,,,,,,,,,,
994,0.7000018289123756,0.6692445381923957,0.66015625,0.43504395335912704,1.1085101217031479,0.10056985914707184,0.2098048608750105,6.36732304088909e-05,0.10056985914707184,0.741259753704071,0.09180127084255219,1.0517921671271324,0.9599908962845802,512,,,,,,,,,,,
995,0.7000018289123756,0.6694144574856317,0.427734375,0.3747124448418617,1.008750095963478,0.10746445134282112,0.12674209661781788,6.358889466256166e-05,0.10746445134282112,0.7514452934265137,0.0734184980392456,0.9936384558677673,0.9202199578285217,512,,,,,,,,,,,
996,0.7000018289123756,0.6695837497711181,0.50390625,0.48788484185934067,1.2982150167226791,0.09954792819917202,0.18022386357188225,6.350451715168729e-05,0.09954792819917202,0.7272363007068634,0.10410179197788239,0.9039834141731262,0.7998816221952438,512,,,,,,,,,,,
997,0.7000018289123756,0.6697524162078344,0.70703125,0.6196867153048515,1.6569198220968246,0.0809887032955885,0.22091861255466938,6.342009813559633e-05,0.0809887032955885,0.7328564077615738,0.09213512390851974,0.9795999228954315,0.8874647989869118,512,,,,,,,,,,,
998,0.7000018289123756,0.66992045795476,0.8515625,0.2881444990634918,0.7721416056156158,0.21179462410509586,0.10102352313697338,6.333563787374493e-05,0.21179462410509586,0.7242040783166885,-0.5672656148672104,1.4721031486988068,2.039368763566017,512,,,,,,,,,,,
999,0.7000018289123756,0.6700878761708736,0.53125,0.5254866853356361,1.4113917648792267,0.13265199214220047,0.18099208734929562,6.325113662571596e-05,0.13265199214220047,0.7352685332298279,0.19249774515628815,1.1382740139961243,0.9457762688398361,512,,,,,,,,,,,
1000,0.7000018290563482,0.6702546720151548,0.4296875,0.32390788197517395,0.8613449186086655,0.08261921256780624,0.12019408494234085,6.316659465121824e-05,0.08261921256780624,0.7615966498851776,0.0932130217552185,0.9839408099651337,0.8907277882099152,512,0.0005357701447792351,0.0005357701447792351,0.03,7846,0.7000018290563482,7846,7845,9074,1150,7846,20499
1001,0.7000018290563482,0.6704208466465826,0.5390625,0.42973730713129044,1.155066192150116,0.0888849999755621,0.14716803282499313,6.308201221008584e-05,0.0888849999755621,0.744096651673317,0.10973857343196869,0.7441443875432014,0.6344058141112328,512,,,,,,,,,,,
1002,0.7000018290563482,0.6705864012241363,0.765625,0.3204056918621063,0.8483357280492783,0.09982793778181076,0.12259058281779289,6.299738956227712e-05,0.09982793778181076,0.7572949230670929,0.15542631596326828,1.0072735995054245,0.8518472835421562,512,,,,,,,,,,,
1003,0.7000018290563482,0.6707513369067951,0.48046875,0.6417241469025612,1.704042762517929,0.14062615483999252,0.24057578667998314,6.291272696787405e-05,0.14062615483999252,0.7350732237100601,0.08745904266834259,1.4527027010917664,1.3652436584234238,512,,,,,,,,,,,
1004,0.7000018290563482,0.6709156548535382,0.490234375,0.5307589843869209,1.4249200820922852,0.10688243992626667,0.18344041146337986,6.282802468708133e-05,0.10688243992626667,0.7581005692481995,0.1825002133846283,1.2159225642681122,1.0334223508834839,512,,,,,,,,,,,
1005,0.7000018290563482,0.6710793562233448,0.5234375,0.36319323629140854,0.9775907844305038,0.08975140657275915,0.12299471348524094,6.274328298022574e-05,0.08975140657275915,0.7344384789466858,0.037440232932567596,0.7367746382951736,0.699334405362606,512,,,,,,,,,,,
1006,0.7000018290563482,0.671242442175194,0.4609375,0.5209908112883568,1.3706055730581284,0.08626770973205566,0.2081543430685997,6.26585021077551e-05,0.08626770973205566,0.7663037031888962,0.08913344889879227,1.7869732528924942,1.697839803993702,512,,,,,,,,,,,
1007,0.7000018290563482,0.6714049138680652,0.51171875,0.35436272621154785,0.9499998539686203,0.14742912352085114,0.12382653169333935,6.257368233023769e-05,0.14742912352085114,0.7580761611461639,0.19124829769134521,1.6617665588855743,1.4705182611942291,512,,,,,,,,,,,
1008,0.7000018290563482,0.6715667724609374,0.5,0.5015289187431335,1.3515940010547638,0.07338523305952549,0.16819053888320923,6.248882390836135e-05,0.07338523305952549,0.7542040795087814,0.055515140295028687,0.607404075562954,0.5518889352679253,512,0.0008345788810402155,0.0008345788810402155,0.03,5317,0.7000018290563482,5317,5317,6420,440,5317,18003
1009,0.7000018290563482,0.67172801911279,0.5,0.3352237679064274,0.8937234878540039,0.17134841531515121,0.12210606038570404,6.240392710293265e-05,0.17134841531515121,0.7503905892372131,0.10244908928871155,2.71415251493454,2.6117034256458282,512,,,,,,,,,,,
1010,0.7000018290563482,0.6718886549826021,0.515625,0.5176459178328514,1.397237092256546,0.09765655733644962,0.17138681560754776,6.231899217487619e-05,0.09765655733644962,0.7623242139816284,0.08651494234800339,0.8128525912761688,0.7263376489281654,512,,,,,,,,,,,
1011,0.7000018290563482,0.6720486812293529,0.431640625,0.6280698031187057,1.7115376591682434,0.08528376929461956,0.19170410186052322,6.223401938523367e-05,0.08528376929461956,0.7649902403354645,0.07711614668369293,1.0178488045930862,0.9407326579093933,512,,,,,,,,,,,
1012,0.7000018290563482,0.6722080990120216,0.44140625,0.5309983119368553,1.4373732209205627,0.06943038944154978,0.17171251773834229,6.21490089951632e-05,0.06943038944154978,0.7539550364017487,0.08256638795137405,0.6909636706113815,0.6083972826600075,512,,,,,,,,,,,
1013,0.7000018290563482,0.6723669094895875,0.51171875,0.3853304833173752,1.027755469083786,0.1437484873458743,0.13991263508796692,6.206396126593846e-05,0.1437484873458743,0.6973193138837814,0.32089878618717194,1.6654832512140274,1.3445844650268555,512,,,,,,,,,,,
1014,0.7000018290563482,0.6725251138210296,0.466796875,0.5502341985702515,1.4611524194478989,0.08712632302194834,0.20622384548187256,6.197887645894784e-05,0.08712632302194834,0.750180646777153,0.1124441921710968,1.2848218604922295,1.1723776683211327,512,,,,,,,,,,,
1015,0.7000018290563482,0.6726827131653272,0.5234375,0.4178951531648636,1.0925053656101227,0.14277916587889194,0.17384351789951324,6.189375483569376e-05,0.14277916587889194,0.7564111053943634,0.353166863322258,2.076116755604744,1.722949892282486,512,,,,,,,,,,,
1016,0.7000018290563482,0.6728397086814597,0.458984375,0.3532658815383911,0.9516997784376144,0.11485529225319624,0.11880284734070301,6.180859665779172e-05,0.11485529225319624,0.7376025319099426,0.12604856491088867,1.1744767278432846,1.048428162932396,512,0.0006017367704771459,0.0006017367704771459,0.03,4775,0.7000018290563482,4775,4775,6141,67,4775,17425
1017,0.7000018290563482,0.672996101528406,0.6953125,0.4173155799508095,1.131673350930214,0.1474441159516573,0.13291925936937332,6.172340218696962e-05,0.1474441159516573,0.7640331834554672,0.3155502825975418,2.704030841588974,2.388480558991432,512,,,,,,,,,,,
1018,0.7000018290563482,0.6731518928651457,0.5078125,0.3766416683793068,1.0082644522190094,0.1194471288472414,0.13307391665875912,6.163817168506682e-05,0.1194471288472414,0.73780757188797,0.10144081711769104,0.8711447417736053,0.7697039246559143,512,,,,,,,,,,,
1019,0.7000018290563482,0.6733070838506574,0.470703125,0.6244906075298786,1.6557518392801285,0.07553016394376755,0.23664383962750435,6.155290541403357e-05,0.07553016394376755,0.7600146234035492,0.08103393018245697,0.6768170297145844,0.5957830995321274,512,,,,,,,,,,,
1020,0.7000018290563482,0.6734616756439209,0.48046875,0.6169323399662971,1.6413117349147797,0.07749972399324179,0.22818012721836567,6.14676036359299e-05,0.07749972399324179,0.7539843618869781,0.019183412194252014,1.344312772154808,1.325129359960556,512,,,,,,,,,,,
1021,0.7000018290563482,0.673615669403915,0.4765625,0.5023721382021904,1.3440359681844711,0.09011691994965076,0.17830382473766804,6.138226661292506e-05,0.09011691994965076,0.7337402254343033,0.057233452796936035,1.263195887207985,1.205962434411049,512,,,,,,,,,,,
1022,0.7000018290563482,0.6737690662896192,0.49609375,0.5356781184673309,1.3647068738937378,0.13160928338766098,0.25856005400419235,6.12968946072966e-05,0.13160928338766098,0.7553954720497131,0.022968918085098267,1.4615559428930283,1.43858702480793,512,,,,,,,,,,,
1023,0.7000018290563482,0.6739218674600124,0.46484375,0.3933108076453209,1.0615482032299042,0.10838530585169792,0.13030270487070084,6.121148788142956e-05,0.10838530585169792,0.7524999976158142,0.11387532204389572,1.699532374739647,1.5856570526957512,512,,,,,,,,,,,
1024,0.7000018292003207,0.674074074074074,0.484375,0.5439369380474091,1.441546082496643,0.10923845879733562,0.2067476026713848,6.112604669781572e-05,0.10923845879733562,0.7301659733057022,0.23881258070468903,1.688133493065834,1.449320912361145,512,0.0007633898057974875,0.0007633898057974875,0.03,4969,0.7000018292003207,4969,4969,6317,133,4969,17512
1025,0.7000018292003207,0.6742256872907832,0.44921875,0.2956451028585434,0.7834568619728088,0.0943340603262186,0.11243734136223793,6.104057131905277e-05,0.0943340603262186,0.7679735869169235,0.09658247232437134,0.7371121644973755,0.6405296921730042,512,,,,,,,,,,,
1026,0.7000018292003207,0.6743767082691192,0.435546875,0.3413839116692543,0.9155971705913544,0.09868665132671595,0.11889945715665817,6.095506200784349e-05,0.09868665132671595,0.7577148228883743,0.09935392439365387,0.9748045653104782,0.8754506409168243,512,,,,,,,,,,,
1027,0.7000018292003207,0.6745271381680612,0.515625,0.5358583256602287,1.4454625099897385,0.07677567005157471,0.17835057340562344,6.086951902699492e-05,0.07677567005157471,0.7487841695547104,0.057109810411930084,0.5931292399764061,0.536019429564476,512,,,,,,,,,,,
1028,0.7000018292003207,0.6746769781465883,0.546875,0.3301907256245613,0.878091350197792,0.16381879523396492,0.12248655781149864,6.078394263941761e-05,0.16381879523396492,0.7436376810073853,0.05472882091999054,1.5199413746595383,1.4652125537395477,512,,,,,,,,,,,
1029,0.7000018292003207,0.6748262293636799,0.6640625,0.5005581900477409,1.3357897847890854,0.09705973416566849,0.1810531411319971,6.06983331081248e-05,0.09705973416566849,0.7666845470666885,0.11128205060958862,1.6341809779405594,1.5228989273309708,512,,,,,,,,,,,
1030,0.7000018292003207,0.6749748929783149,0.482421875,0.4729408845305443,1.2793998569250107,0.11728723533451557,0.15375427156686783,6.0612690696231534e-05,0.11728723533451557,0.7571093589067459,0.019149482250213623,2.424808293581009,2.4056588113307953,512,,,,,,,,,,,
1031,0.7000018292003207,0.6751229701494729,0.5,0.2981110289692879,0.79130719602108,0.10087947733700275,0.11205952614545822,6.052701566695398e-05,0.10087947733700275,0.745917946100235,0.3059592843055725,1.2443066835403442,0.9383473992347717,512,,,,,,,,,,,
1032,0.7000018292003207,0.6752704620361327,1.46875,0.690500907599926,1.8263263255357742,0.08247839845716953,0.266100512817502,6.04413082836085e-05,0.08247839845716953,0.7579785138368607,0.13101030886173248,0.8881784826517105,0.757168173789978,512,0.0006452478701248765,0.0006452478701248765,0.03,10295,0.7000018292003207,10295,10295,9550,3512,10295,22993
1033,0.7000018292003207,0.6754173697972738,0.5234375,0.5085059329867363,1.3654640167951584,0.10202471353113651,0.1754630133509636,6.035556880961093e-05,0.10202471353113651,0.7586474418640137,0.1488891839981079,0.909071072936058,0.7601818889379501,512,,,,,,,,,,,
1034,0.7000018292003207,0.6755636945918754,0.51171875,0.5094467550516129,1.373292788863182,0.11481419578194618,0.17048518732190132,6.0269797508475723e-05,0.11481419578194618,0.7555370926856995,0.20559421181678772,1.184314638376236,0.9787204265594482,512,,,,,,,,,,,
1035,0.7000018292003207,0.6757094375789165,0.46484375,0.6628096848726273,1.7879289835691452,0.10296393558382988,0.2205851711332798,6.018399464381514e-05,0.10296393558382988,0.7713232189416885,0.08680953085422516,0.9493099451065063,0.8625004142522812,512,,,,,,,,,,,
1036,0.7000018292003207,0.6758545999173765,0.5390625,0.5770886652171612,1.544978454709053,0.12992817908525467,0.20377502031624317,6.009816047933848e-05,0.12992817908525467,0.7637060582637787,0.014144495129585266,1.5955910831689835,1.5814465880393982,512,,,,,,,,,,,
1037,0.7000018292003207,0.6759991827662344,0.51953125,0.44288068637251854,1.158370018005371,0.07674980908632278,0.18369261361658573,6.0012295278851216e-05,0.07674980908632278,0.758369117975235,0.06106727570295334,0.5867893174290657,0.5257220417261124,512,,,,,,,,,,,
1038,0.7000018292003207,0.6761431872844695,0.5234375,0.44149474427103996,1.1546700596809387,0.0811435766518116,0.18319272622466087,5.992639930625419e-05,0.0811435766518116,0.7739208936691284,0.1235724687576294,0.9017548263072968,0.7781823575496674,512,,,,,,,,,,,
1039,0.7000018292003207,0.6762866146310611,0.43359375,0.7366680428385735,1.9785291701555252,0.07144344598054886,0.25379817374050617,5.984047282554286e-05,0.07144344598054886,0.7486571818590164,0.08683136850595474,0.5262726172804832,0.4394412487745285,512,,,,,,,,,,,
1040,0.7000018292003207,0.6764294659649884,0.4765625,0.6641863882541656,1.7977412194013596,0.127625135704875,0.21494472213089466,5.9754516100806423e-05,0.127625135704875,0.7420507967472076,0.11294334381818771,1.145192563533783,1.0322492197155952,512,0.0007079931674525142,0.0007079931674525142,0.03,3948,0.7000018292003207,3948,3948,5095,107,3948,16641
1041,0.7000018292003207,0.6765717424452304,0.47265625,0.556932769715786,1.4853257983922958,0.0872979499399662,0.20234918594360352,5.9668529396227036e-05,0.0872979499399662,0.7373632490634918,-0.03926551342010498,1.8977015018463135,1.9369670152664185,512,,,,,,,,,,,
1042,0.7000018292003207,0.6767134452307665,0.515625,0.6028223037719727,1.6109074652194977,0.1410403698682785,0.21582672744989395,5.9582512976079e-05,0.1410403698682785,0.7361425459384918,0.20526186376810074,1.4033696949481964,1.1981078311800957,512,,,,,,,,,,,
1043,0.7000018292003207,0.6768545754805759,0.546875,0.34557533264160156,0.9151634573936462,0.06599174253642559,0.13203449174761772,5.949646710472795e-05,0.06599174253642559,0.764716774225235,0.08312449604272842,0.6633183136582375,0.580193817615509,512,,,,,,,,,,,
1044,0.7000018292003207,0.6769951343536377,0.474609375,0.41936980187892914,1.121832862496376,0.06844340916723013,0.14898466132581234,5.941039204663001e-05,0.06844340916723013,0.7546679526567459,0.04731394350528717,0.5491587221622467,0.5018447786569595,512,,,,,,,,,,,
1045,0.7000018292003207,0.6771351230089311,0.515625,0.4954182803630829,1.3241411447525024,0.13056515343487263,0.17712626233696938,5.932428806633106e-05,0.13056515343487263,0.7253662049770355,-0.11135341227054596,1.5638287514448166,1.6751821637153625,512,,,,,,,,,,,
1046,0.7000018292003207,0.6772745426054354,0.5,0.34034957736730576,0.9088517427444458,0.1014002338051796,0.12251057289540768,5.923815542846579e-05,0.1014002338051796,0.7653661668300629,0.1524122804403305,1.2378863245248795,1.085474044084549,512,,,,,,,,,,,
1047,0.7000018292003207,0.6774133943021297,0.52734375,0.5763807371258736,1.5086717903614044,0.11425371281802654,0.2379364650696516,5.915199439775706e-05,0.11425371281802654,0.7696874737739563,0.08810178935527802,1.0048082619905472,0.9167064726352692,512,,,,,,,,,,,
1048,0.7000018292003207,0.6775516792579933,0.5078125,0.5609749406576157,1.4732941389083862,0.11716587841510773,0.2266298346221447,5.9065805239014923e-05,0.11716587841510773,0.7549609243869781,0.1886930763721466,1.4519842267036438,1.2632911503314972,512,0.0006228763377293944,0.0006228763377293944,0.03,4796,0.7000018292003207,4796,4796,6261,-135,4796,17441
1049,0.7000018292003207,0.6776893986320054,0.5078125,0.4607432074844837,1.2032936587929726,0.11304942704737186,0.19289785996079445,5.8979588217135894e-05,0.11304942704737186,0.7618017345666885,0.07156290113925934,0.9511346518993378,0.8795717507600784,512,,,,,,,,,,,
1050,0.7000018292003207,0.6778265535831451,0.6015625,0.46402138471603394,1.2396165877580643,0.13839229568839073,0.16650876961648464,5.889334359710218e-05,0.13839229568839073,0.7372558265924454,0.24064554274082184,1.3319103047251701,1.0912647619843483,512,,,,,,,,,,,
1051,0.7000018292003207,0.6779631452703917,0.451171875,0.5765722990036011,1.5433010309934616,0.06216704472899437,0.20388764888048172,5.880707164398074e-05,0.06216704472899437,0.755571261048317,0.06138235330581665,0.5871872156858444,0.5258048623800278,512,,,,,,,,,,,
1052,0.7000018292003207,0.6780991748527244,0.455078125,0.47451265156269073,1.2570795118808746,0.09983325004577637,0.1808375846594572,5.872077262292255e-05,0.09983325004577637,0.7560546547174454,0.06562046706676483,0.9605883657932281,0.8949678987264633,512,,,,,,,,,,,
1053,0.7000018292003207,0.6782346434891223,0.5546875,0.43875204771757126,1.1454631239175797,0.09253836795687675,0.18408850580453873,5.8634446799161804e-05,0.09253836795687675,0.7466064393520355,0.11021262407302856,0.633736327290535,0.5235237032175064,512,,,,,,,,,,,
1054,0.7000018292003207,0.6783695523385648,0.50390625,0.4142259955406189,1.0987360328435898,0.1112197395414114,0.1564942356199026,5.854809443801507e-05,0.1112197395414114,0.747807577252388,0.11843515932559967,1.286132425069809,1.1676972657442093,512,,,,,,,,,,,
1055,0.7000018292003207,0.6785039025600309,0.484375,0.719561018049717,1.905734196305275,0.15750498790293932,0.2747536897659302,5.846171580488046e-05,0.15750498790293932,0.7132861316204071,0.2621334344148636,1.7056093290448189,1.4434758946299553,512,,,,,,,,,,,
1056,0.7000018292003207,0.6786376953125,0.6171875,0.7044128626585007,1.8813201636075974,0.14761515893042088,0.2532642688602209,5.837531116523682e-05,0.14761515893042088,0.7330175638198853,0.2799292504787445,2.1538253724575043,1.8738961219787598,512,0.0005970422644168139,0.0005970422644168139,0.03,5201,0.7000018292003207,5201,5201,6833,-59,5201,17748
1057,0.7000018292003207,0.6787709317549511,0.5234375,0.44281142950057983,1.1687462776899338,0.09652291983366013,0.17310652136802673,5.828888078464298e-05,0.09652291983366013,0.7738232314586639,0.08792920410633087,0.9164968132972717,0.8285676091909409,512,,,,,,,,,,,
1058,0.7000018292003207,0.6789036130463636,0.4609375,0.6762145906686783,1.7984566241502762,0.08878653310239315,0.2506784573197365,5.820242492873682e-05,0.08878653310239315,0.7554394453763962,0.031331390142440796,1.047193430364132,1.0158620402216911,512,,,,,,,,,,,
1059,0.7000018292003207,0.6790357403457165,0.515625,0.5508603118360043,1.4617564976215363,0.11869209446012974,0.20751706697046757,5.811594386323455e-05,0.11869209446012974,0.747861310839653,0.16350775957107544,1.3305811285972595,1.167073369026184,512,,,,,,,,,,,
1060,0.7000018292003207,0.679167314811989,0.51953125,0.3650911897420883,0.9673066884279251,0.15516315773129463,0.13903018832206726,5.802943785392986e-05,0.15516315773129463,0.7595361173152924,0.26552726328372955,1.6381503492593765,1.372623085975647,512,,,,,,,,,,,
1061,0.7000018292003207,0.6792983376041606,0.53515625,0.6984582468867302,1.8379485309123993,0.11295730248093605,0.2785915583372116,5.794290716669307e-05,0.11295730248093605,0.7535937428474426,0.17101030051708221,1.5034820437431335,1.3324717432260513,512,,,,,,,,,,,
1062,0.7000018292003207,0.6794288098812102,0.45703125,0.3886095918715,1.0362763702869415,0.12582550570368767,0.14132842980325222,5.785635206747041e-05,0.12582550570368767,0.7500585317611694,0.07158765196800232,1.9506041556596756,1.8790165036916733,512,,,,,,,,,,,
1063,0.7000018292003207,0.6795587328021173,0.466796875,0.668182946741581,1.7342717200517654,0.08943565562367439,0.29052499309182167,5.776977282228307e-05,0.08943565562367439,0.723032221198082,0.0646054744720459,1.0368495732545853,0.9722440987825394,512,,,,,,,,,,,
1064,0.7000018292003207,0.6796881075258607,0.5078125,0.481238029897213,1.2963638305664062,0.14162659272551537,0.1619331631809473,5.76831696972265e-05,0.14162659272551537,0.7566113024950027,0.22316399216651917,2.258328899741173,2.0351649075746536,512,0.0006213802844285965,0.0006213802844285965,0.03,4757,0.7000018292003207,4757,4757,6015,239,4757,17325
1065,0.7000018292003207,0.6798169352114201,0.45703125,0.5181617438793182,1.3398364782333374,0.10672727599740028,0.2303505353629589,5.759654295846952e-05,0.10672727599740028,0.7565771341323853,0.08886812627315521,1.0324538052082062,0.943585678935051,512,,,,,,,,,,,
1066,0.7000018292003207,0.6799452170177742,0.482421875,0.2751903533935547,0.727387323975563,0.09111654944717884,0.1065228134393692,5.7509892872253544e-05,0.09111654944717884,0.7481884509325027,0.15245597064495087,0.8314958959817886,0.6790399253368378,512,,,,,,,,,,,
1067,0.7000018292003207,0.6800729541039026,0.466796875,0.5617192164063454,1.5188765823841095,0.1454420257359743,0.18330276012420654,5.742321970489169e-05,0.1454420257359743,0.7364941239356995,0.08526630699634552,1.9662326723337173,1.8809663653373718,512,,,,,,,,,,,
1068,0.7000018292003207,0.6802001476287841,0.47265625,0.5615398585796356,1.5358984768390656,0.07350611686706543,0.16573740541934967,5.733652372276809e-05,0.07350611686706543,0.7582665532827377,0.0964311733841896,0.6706295758485794,0.5741984024643898,512,,,,,,,,,,,
1069,0.7000018292003207,0.6803267987513983,0.5625,0.27553916722536087,0.7236331552267075,0.19993140175938606,0.11133395880460739,5.7249805192336946e-05,0.19993140175938606,0.7145068049430847,0.22715942561626434,1.3893320113420486,1.1621725857257843,512,,,,,,,,,,,
1070,0.7000018292003207,0.6804529086307243,0.48046875,0.9669491499662399,2.605607122182846,0.08238144591450691,0.32454176619648933,5.716306438012176e-05,0.08238144591450691,0.7629540860652924,0.012550048530101776,1.114120438694954,1.1015703901648521,512,,,,,,,,,,,
1071,0.7000018292003207,0.6805784784257412,0.484375,0.3999154791235924,1.0868711471557617,0.09752912260591984,0.12499388121068478,5.707630155271455e-05,0.09752912260591984,0.7523046731948853,0.10641692578792572,1.0523453801870346,0.9459284543991089,512,,,,,,,,,,,
1072,0.7000018293442933,0.6807035092954282,0.48046875,0.3710542246699333,0.998669445514679,0.11444886960089207,0.12573724053800106,5.698951697677498e-05,0.11444886960089207,0.7610595524311066,0.11508175730705261,1.0774541646242142,0.9623724073171616,512,0.0006025269976817071,0.0006025269976817071,0.03,4690,0.7000018293442933,4690,4689,5691,297,4690,17203
1073,0.7000018293442933,0.6808280023987646,0.57421875,0.49925801157951355,1.3285642266273499,0.164620203897357,0.1843387596309185,5.6902710919029535e-05,0.164620203897357,0.7469433546066284,0.3118257373571396,1.7939617931842804,1.4821360558271408,512,,,,,,,,,,,
1074,0.7000018293442933,0.6809519588947296,0.515625,0.2775201015174389,0.7420116513967514,0.11124728992581367,0.098958320915699,5.681588364627073e-05,0.11124728992581367,0.7601708918809891,0.02123924344778061,0.9929908141493797,0.9717515707015991,512,,,,,,,,,,,
1075,0.7000018293442933,0.6810753799423023,0.44921875,0.7090049535036087,1.9033627361059189,0.1056517343968153,0.24513701163232327,5.672903542535631e-05,0.1056517343968153,0.7677148133516312,0.10682645440101624,1.052643522620201,0.9458170682191849,512,,,,,,,,,,,
1076,0.7000018293442933,0.681198266700462,0.5703125,0.4778207540512085,1.2583317011594772,0.1813383623957634,0.18960995227098465,5.6642166523208394e-05,0.1813383623957634,0.721137672662735,0.5443625301122665,3.144670233130455,2.6003077030181885,512,,,,,,,,,,,
1077,0.7000018293442933,0.6813206203281879,0.46484375,0.5615555718541145,1.5063234567642212,0.12102283723652363,0.1953599601984024,5.655527720681263e-05,0.12102283723652363,0.7428710907697678,0.043806418776512146,1.914204552769661,1.8703981339931488,512,,,,,,,,,,,
1078,0.7000018293442933,0.6814424419844591,0.5859375,0.45565205439925194,1.2162965536117554,0.1663840301334858,0.164467204362154,5.646836774321745e-05,0.1663840301334858,0.7373290508985519,0.04806944727897644,1.5446320474147797,1.4965626001358032,512,,,,,,,,,,,
1079,0.7000018293442933,0.681563732828255,0.482421875,0.335238516330719,0.8892717957496643,0.08975339401513338,0.12660248018801212,5.6381438399533196e-05,0.08975339401513338,0.7548046410083771,0.08681198209524155,0.7286977022886276,0.6418857201933861,512,,,,,,,,,,,
1080,0.7000018293442933,0.6816844940185547,0.56640625,0.3921826481819153,1.0684027522802353,0.08394400123506784,0.12002946250140667,5.629448944293127e-05,0.08394400123506784,0.7524218559265137,0.09929320216178894,0.6769733726978302,0.5776801705360413,512,0.0005625622579827905,0.0005625622579827905,0.03,5127,0.7000018293442933,5127,5127,5979,727,5127,17719
1081,0.7000018293442933,0.6818047267143373,0.50390625,0.5264686122536659,1.4067520797252655,0.1546858586370945,0.1886073462665081,5.620752114064343e-05,0.1546858586370945,0.7584130614995956,0.28226742148399353,2.1871572732925415,1.904889851808548,512,,,,,,,,,,,
1082,0.7000018293442933,0.6819244320745821,0.5078125,0.5147531107068062,1.3855276107788086,0.10812850389629602,0.174330223351717,5.6120533759960816e-05,0.10812850389629602,0.759638637304306,0.13863913714885712,0.9323300421237946,0.7936909049749374,512,,,,,,,,,,,
1083,0.7000018293442933,0.6820436112582683,0.453125,0.5452011004090309,1.4593761414289474,0.0804300494492054,0.1927483920007944,5.603352756823326e-05,0.0804300494492054,0.7617236077785492,0.11378135532140732,0.7902344316244125,0.6764530763030052,512,,,,,,,,,,,
1084,0.7000018293442933,0.6821622654243751,0.453125,0.28074733167886734,0.7504020929336548,0.09992699697613716,0.1003473624587059,5.594650283286835e-05,0.09992699697613716,0.7623486220836639,0.11416454613208771,0.8963025510311127,0.782138004899025,512,,,,,,,,,,,
1085,0.7000018293442933,0.6822803957318818,0.46875,0.8823741152882576,2.309410959482193,0.07689039595425129,0.3644498996436596,5.585945982133074e-05,0.07689039595425129,0.7594237923622131,0.10068172216415405,0.8027731329202652,0.7020914107561111,512,,,,,,,,,,,
1086,0.7000018293442933,0.6823980033397674,0.478515625,0.8729830160737038,2.350926026701927,0.09322662092745304,0.29447689838707447,5.577239880114121e-05,0.09322662092745304,0.7501855343580246,0.08882805705070496,0.687133178114891,0.5983051210641861,512,,,,,,,,,,,
1087,0.7000018293442933,0.6825150894070112,0.65625,0.3246796876192093,0.871668204665184,0.10442477464675903,0.11220958270132542,5.5685320039875873e-05,0.10442477464675903,0.7539111077785492,0.11968517303466797,0.8892420679330826,0.7695568948984146,512,,,,,,,,,,,
1088,0.7000018297762111,0.6826316550925926,0.48046875,0.43433046340942383,1.17208831012249,0.08796880580484867,0.1440645568072796,5.559822380516539e-05,0.08796880580484867,0.7481982111930847,0.1340451017022133,1.0863842889666557,0.9523391872644424,512,0.0008741404162719846,0.0008741404162719846,0.03,5108,0.7000018297762111,5108,5107,5366,1182,5108,17724
1089,0.7000018297762111,0.6827477015554905,0.5390625,0.5317465141415596,1.4261902570724487,0.12644357793033123,0.18516268394887447,5.551111036469416e-05,0.12644357793033123,0.7640331834554672,0.0652758926153183,1.0707797855138779,1.0055038928985596,512,,,,,,,,,,,
1090,0.7000018297762111,0.6828632299546842,0.578125,0.4220518246293068,1.1384627521038055,0.10053589381277561,0.14048208855092525,5.54239799861994e-05,0.10053589381277561,0.7634911686182022,0.07446828484535217,0.8482239842414856,0.7737556993961334,512,,,,,,,,,,,
1091,0.7000018297762111,0.682978241449153,0.4609375,0.2954980581998825,0.7887695729732513,0.14076738990843296,0.10667907260358334,5.533683293747041e-05,0.14076738990843296,0.7504247725009918,-0.014014080166816711,1.3526027202606201,1.3666168004274368,512,,,,,,,,,,,
1092,0.7000018297762111,0.6830927371978759,0.609375,0.5840307027101517,1.5979435369372368,0.0804618913680315,0.17184638045728207,5.5249669486347734e-05,0.0804618913680315,0.7469530999660492,0.036484286189079285,0.8754622861742973,0.838977999985218,512,,,,,,,,,,,
1093,0.7000018297762111,0.6832067183598324,0.45703125,0.5564321279525757,1.5234417170286179,0.10721058584749699,0.1627162341028452,5.516248990072232e-05,0.10721058584749699,0.7270996123552322,0.12317295372486115,1.3026308864355087,1.1794579327106476,512,,,,,,,,,,,
1094,0.7000018297762111,0.6833201860940015,0.494140625,0.4843588024377823,1.2871307879686356,0.09050045534968376,0.180623110383749,5.507529444853471e-05,0.09050045534968376,0.7439306229352951,0.12806235253810883,0.7323985248804092,0.6043361723423004,512,,,,,,,,,,,
1095,0.7000018297762111,0.6834331415593624,0.625,0.49582332372665405,1.3355707973241806,0.13545062858611345,0.16692406497895718,5.4988083397774204e-05,0.13545062858611345,0.7201366871595383,-0.24989832937717438,0.7982401326298714,1.0481384620070457,512,,,,,,,,,,,
1096,0.7000018297762111,0.6835455859148943,0.54296875,0.3274480625987053,0.8701238036155701,0.13442130759358406,0.12214300408959389,5.490085701647805e-05,0.13442130759358406,0.7509667724370956,0.25328394770622253,1.4038881957530975,1.150604248046875,512,0.0008039547246880829,0.0008039547246880829,0.03,5023,0.7000018297762111,5023,5023,6164,160,5023,17671
1097,0.7000018297762111,0.6836575203195766,0.482421875,0.3422323763370514,0.9126685261726379,0.08371721673756838,0.1243992205709219,5.481361557273058e-05,0.08371721673756838,0.7638232111930847,0.12427641451358795,0.7541143298149109,0.6298379153013229,512,,,,,,,,,,,
1098,0.7000018297762111,0.6837689459323882,0.455078125,0.46374669671058655,1.247774064540863,0.08785883896052837,0.15751887299120426,5.472635933466248e-05,0.08785883896052837,0.757578119635582,0.0811736136674881,0.900959238409996,0.8197856247425079,512,,,,,,,,,,,
1099,0.7000018297762111,0.6838798639123086,0.4765625,0.3234918564558029,0.8621153831481934,0.1280871294438839,0.11816291697323322,5.463908857044987e-05,0.1280871294438839,0.7459179311990738,0.060262687504291534,1.236155241727829,1.1758925542235374,512,,,,,,,,,,,
1100,0.7000018297762111,0.6839902754183168,0.48828125,0.35643090307712555,0.9579060971736908,0.09280271269381046,0.12218751385807991,5.455180354831351e-05,0.09280271269381046,0.7494042813777924,0.11463051289319992,0.7239732146263123,0.6093427017331123,512,,,,,,,,,,,
1101,0.7000018297762111,0.6841001816093921,0.765625,0.4540470391511917,1.2174669951200485,0.0886186407878995,0.15843307226896286,5.4464504536518005e-05,0.0886186407878995,0.7587548494338989,0.07544802129268646,0.8022155314683914,0.726767510175705,512,,,,,,,,,,,
1102,0.7000018297762111,0.6842095836445137,0.447265625,0.5148988366127014,1.388827309012413,0.09822622314095497,0.17147215083241463,5.43771918033709e-05,0.09822622314095497,0.7541796565055847,0.12147501856088638,1.456453986465931,1.3349789679050446,512,,,,,,,,,,,
1103,0.7000018297762111,0.6843184826826608,0.58984375,0.5957793295383453,1.6147959679365158,0.15343096107244492,0.19059588760137558,5.4289865617222e-05,0.15343096107244492,0.7670117020606995,0.18018926680088043,1.3308712542057037,1.1506819874048233,512,,,,,,,,,,,
1104,0.7000018297762111,0.6844268798828125,0.474609375,0.49566975235939026,1.3162235170602798,0.06814449839293957,0.18580594845116138,5.420252624646238e-05,0.06814449839293957,0.7713183462619781,0.06210841238498688,0.6215777769684792,0.5594693645834923,512,0.0008752731955610216,0.0008752731955610216,0.03,5630,0.7000018297762111,5630,5630,6236,1004,5630,18270
1105,0.7000018297762111,0.684534776403948,0.5,0.5280936881899834,1.4005841314792633,0.15373994410037994,0.1996997445821762,5.4115173959523665e-05,0.15373994410037994,0.7351709008216858,0.15473337471485138,2.1026272028684616,1.9478938281536102,512,,,,,,,,,,,
1106,0.7000018297762111,0.6846421734050467,0.44921875,0.36687465757131577,0.9857793152332306,0.10392225161194801,0.1259620264172554,5.4027809024877204e-05,0.10392225161194801,0.754462867975235,0.11894412338733673,0.7922214716672897,0.673277348279953,512,,,,,,,,,,,
1107,0.7000018297762111,0.6847490720450877,0.515625,0.4990052506327629,1.2924747616052628,0.08003734704107046,0.21966233290731907,5.394043171103318e-05,0.08003734704107046,0.7479296773672104,0.09045743197202682,0.6748208403587341,0.5843634083867073,512,,,,,,,,,,,
1108,0.7000018297762111,0.6848554734830503,0.53515625,0.6488247737288475,1.7565720677375793,0.1409822404384613,0.209563460201025,5.3853042286539824e-05,0.1409822404384613,0.7586962729692459,0.14230498671531677,1.175997018814087,1.0336920320987701,512,,,,,,,,,,,
1109,0.7000018297762111,0.6849613788779134,0.58203125,0.4729110673069954,1.2593279927968979,0.13124557863920927,0.17373581416904926,5.3765641019982596e-05,0.13124557863920927,0.7419677674770355,0.22390197217464447,1.3864470571279526,1.162545084953308,512,,,,,,,,,,,
1110,0.7000018297762111,0.6850667893886566,0.474609375,0.7276692092418671,1.9508422762155533,0.08202256634831429,0.2542158402502537,5.367822817998338e-05,0.08202256634831429,0.7629980146884918,0.08208581060171127,0.6936867237091064,0.6116009131073952,512,,,,,,,,,,,
1111,0.7000018297762111,0.6851717061742588,0.421875,0.32325059548020363,0.8659821152687073,0.10312633402645588,0.1135651059448719,5.3590804035199585e-05,0.10312633402645588,0.764716774225235,0.18888844549655914,1.5440343916416168,1.3551459461450577,512,,,,,,,,,,,
1112,0.7000018297762111,0.6852761303936994,0.578125,0.3202415704727173,0.8596703410148621,0.13293053396046162,0.11075861565768719,5.3503368854323366e-05,0.13293053396046162,0.7485595643520355,0.15533923357725143,1.1354630887508392,0.9801238551735878,512,0.0008117111283354461,0.0008117111283354461,0.03,4551,0.7000018297762111,4551,4551,4909,935,4551,17174
1113,0.7000018297762111,0.6853800632059573,0.5546875,0.7063058018684387,1.902822270989418,0.10660994052886963,0.2374983485788107,5.341592290608085e-05,0.10660994052886963,0.7602880448102951,0.07715978473424911,0.8128988370299339,0.7357390522956848,512,,,,,,,,,,,
1114,0.7000018297762111,0.6854835057700122,0.91796875,0.49894215166568756,1.3300218433141708,0.10693951696157455,0.18192404881119728,5.332846645923122e-05,0.10693951696157455,0.7629247903823853,0.07967251539230347,1.0036674737930298,0.9239949584007263,512,,,,,,,,,,,
1115,0.7000018297762111,0.6855864592448428,0.4921875,0.7663974538445473,2.043242782354355,0.15405253320932388,0.2791736237704754,5.3240999782565904e-05,0.15405253320932388,0.7348583787679672,0.16075457632541656,1.2646099627017975,1.103855386376381,512,,,,,,,,,,,
1116,0.7000018297762111,0.6856889247894287,0.69140625,0.5255099534988403,1.3969701826572418,0.08733613789081573,0.1954841334372759,5.31535231449078e-05,0.08733613789081573,0.7675292640924454,0.09312516450881958,0.835939884185791,0.7428147196769714,512,,,,,,,,,,,
1117,0.7000018297762111,0.6857909035627489,0.56640625,0.5825974121689796,1.5346883237361908,0.07345259375870228,0.23075831308960915,5.306603681511043e-05,0.07345259375870228,0.7649755477905273,0.07507219910621643,0.6713387817144394,0.596266582608223,512,,,,,,,,,,,
1118,0.7000018297762111,0.6858923967237825,0.455078125,0.5385154187679291,1.4288698881864548,0.1009392598643899,0.20299497060477734,5.297854106205708e-05,0.1009392598643899,0.7490624785423279,0.04700984060764313,0.8428437113761902,0.7958338707685471,512,,,,,,,,,,,
1119,0.7000018297762111,0.685993405431509,0.470703125,0.4569483995437622,1.2083872705698013,0.09066879376769066,0.17630481347441673,5.289103615466e-05,0.09066879376769066,0.7655614912509918,0.10032320022583008,0.7461213916540146,0.6457981914281845,512,,,,,,,,,,,
1120,0.7000018299201837,0.6860939308449073,0.498046875,0.4749971218407154,1.2562702745199203,0.11325962841510773,0.18311491422355175,5.2803522361859594e-05,0.11325962841510773,0.7580175548791885,0.13423139601945877,0.9209896177053452,0.7867582216858864,512,0.0006338419043458998,0.0006338419043458998,0.03,5508,0.7000018299201837,5508,5508,6725,413,5508,18137
1121,0.7000018299201837,0.6861939741229569,0.53515625,0.6966009885072708,1.8860606402158737,0.18314023315906525,0.22485129535198212,5.271599995262355e-05,0.18314023315906525,0.7332617044448853,0.10804973542690277,2.6440834552049637,2.536033719778061,512,,,,,,,,,,,
1122,0.7000018299201837,0.6862935364246368,0.486328125,0.5093058049678802,1.3164571225643158,0.09576292149722576,0.2268937136977911,5.262846919594607e-05,0.09576292149722576,0.7661474496126175,0.09223397076129913,0.8203541189432144,0.7281201481819153,512,,,,,,,,,,,
1123,0.7000018299201837,0.6863926189089262,0.57421875,0.5221745744347572,1.3728565573692322,0.09158930554986,0.20949052646756172,5.254093036084695e-05,0.09158930554986,0.7549413740634918,0.09988380968570709,1.4769573658704758,1.3770735561847687,512,,,,,,,,,,,
1124,0.7000018299201837,0.6864912227348045,0.51953125,0.7091749384999275,1.9150840789079666,0.15905305370688438,0.2339308150112629,5.245338371637091e-05,0.15905305370688438,0.7457616925239563,0.2194165140390396,1.4142620265483856,1.194845512509346,512,,,,,,,,,,,
1125,0.7000018299201837,0.6865893490612507,0.5390625,0.3137642964720726,0.8332654386758804,0.10986295342445374,0.11753544956445694,5.236582953158659e-05,0.10986295342445374,0.7521728277206421,0.07157491147518158,1.0000755041837692,0.9285005927085876,512,,,,,,,,,,,
1126,0.7000018299201837,0.6866869990472441,0.7578125,0.5714602917432785,1.5356771498918533,0.09174816682934761,0.19602064415812492,5.2278268075585815e-05,0.09174816682934761,0.7587744146585464,0.07773992419242859,0.7780173048377037,0.7002773806452751,512,,,,,,,,,,,
1127,0.7000018299201837,0.6867841738517637,0.515625,0.34339670091867447,0.9283429831266403,0.1565428487956524,0.11225300468504429,5.219069961748281e-05,0.1565428487956524,0.7397070378065109,0.26029765605926514,1.6013627350330353,1.3410650789737701,512,,,,,,,,,,,
1128,0.7000018299201837,0.686880874633789,0.4921875,0.7913637310266495,2.1301800906658173,0.12525533139705658,0.2678917832672596,5.2103124426413264e-05,0.12525533139705658,0.7685790657997131,0.1905529499053955,1.5343103557825089,1.3437574058771133,512,0.0005826977430842817,0.0005826977430842817,0.03,4680,0.7000018299201837,4680,4680,5875,243,4680,17353
1129,0.7000018299201837,0.686977102552299,0.609375,0.84632208943367,2.269476681947708,0.14679493196308613,0.2951355576515198,5.2015542771533586e-05,0.14679493196308613,0.7673632800579071,0.1408541202545166,1.5287608802318573,1.3879067599773407,512,,,,,,,,,,,
1130,0.7000018299201837,0.6870728587662732,0.52734375,0.5208010002970695,1.3922463804483414,0.094551932066679,0.18593836948275566,5.192795492202004e-05,0.094551932066679,0.7773779332637787,0.130412295460701,1.123992845416069,0.993580549955368,512,,,,,,,,,,,
1131,0.7000018299201837,0.6871681444346904,0.51171875,0.3888069577515125,1.0268074423074722,0.07232164032757282,0.1513954047113657,5.184036114706795e-05,0.07232164032757282,0.7518163770437241,0.041485823690891266,0.5719957128167152,0.530509889125824,512,,,,,,,,,,,
1132,0.7000018299201837,0.68726296071653,0.50390625,0.39650149643421173,1.05929833650589,0.08341428264975548,0.14222130365669727,5.175276171589082e-05,0.08341428264975548,0.7595605105161667,0.05872911959886551,0.6914590299129486,0.6327299103140831,512,,,,,,,,,,,
1133,0.7000018299201837,0.6873573087707714,0.60546875,0.5416036695241928,1.4373734146356583,0.1109576802700758,0.20384975336492062,5.166515689771957e-05,0.1109576802700758,0.7688671797513962,0.08477051556110382,0.8517462611198425,0.7669757455587387,512,,,,,,,,,,,
1134,0.7000018299201837,0.6874511897563934,0.52734375,0.6262707561254501,1.6594730615615845,0.09292810223996639,0.2383170649409294,5.157754696180165e-05,0.09292810223996639,0.7633202821016312,0.11157814413309097,0.8139957636594772,0.7024176195263863,512,,,,,,,,,,,
1135,0.7000018299201837,0.6875446048323754,0.5,0.4688761532306671,1.2506771385669708,0.14689428359270096,0.1701596062630415,5.148993217740023e-05,0.14689428359270096,0.7291601002216339,0.1180422380566597,1.6042950451374054,1.4862528070807457,512,,,,,,,,,,,
1136,0.7000018299201837,0.6876375551576968,0.474609375,0.36117172986268997,0.9692168235778809,0.09240333922207355,0.1252429224550724,5.140231281379345e-05,0.09240333922207355,0.773193359375,0.0917021632194519,1.1895729005336761,1.0978707373142242,512,0.0005300422781147063,0.0005300422781147063,0.03,4449,0.7000018299201837,4449,4449,5425,221,4449,16973
1137,0.7000018299201837,0.6877300418913364,0.51171875,0.3955570086836815,1.052092507481575,0.10123862139880657,0.1465650126338005,5.131468914027343e-05,0.10123862139880657,0.7362060397863388,0.30936868488788605,1.2843691110610962,0.9750004261732101,512,,,,,,,,,,,
1138,0.7000018299201837,0.6878220661922737,0.45703125,0.6913983672857285,1.8492608070373535,0.10871540382504463,0.24588565342128277,5.122706142614562e-05,0.10871540382504463,0.7629491984844208,0.054059773683547974,1.0781992673873901,1.0241394937038422,512,,,,,,,,,,,
1139,0.7000018299201837,0.6879136292194878,0.5078125,0.3579775094985962,0.952018141746521,0.13158446922898293,0.13276214338839054,5.1139429940727815e-05,0.13158446922898293,0.7584618926048279,0.07789425551891327,1.6685257852077484,1.5906315296888351,512,,,,,,,,,,,
1140,0.7000018299201837,0.688004732131958,0.50390625,0.4362109862267971,1.1627434343099594,0.10968792531639338,0.15910802222788334,5.105179495334944e-05,0.10968792531639338,0.7513232231140137,0.09059115499258041,1.0585979595780373,0.9680068045854568,512,,,,,,,,,,,
1141,0.7000018299201837,0.6880953760886633,0.61328125,0.5780099555850029,1.5259364694356918,0.1179160550236702,0.22560876235365868,5.096415673335071e-05,0.1179160550236702,0.7578027248382568,0.050713278353214264,1.1134360432624817,1.0627227649092674,512,,,,,,,,,,,
1142,0.7000018299201837,0.6881855622485832,0.466796875,0.48888523504137993,1.2993940711021423,0.075084974989295,0.18207629397511482,5.0876515550081716e-05,0.075084974989295,0.7448681443929672,0.09612426161766052,0.5804237723350525,0.48429951071739197,512,,,,,,,,,,,
1143,0.7000018299201837,0.6882752917706966,0.546875,0.9201789200305939,2.4609422832727432,0.08360924571752548,0.32747861184179783,5.078887167290168e-05,0.08360924571752548,0.7562451064586639,0.06757199764251709,0.631192997097969,0.563620999455452,512,,,,,,,,,,,
1144,0.7000018299201837,0.6883645658139829,0.5234375,0.675895020365715,1.7973710894584656,0.09315426647663116,0.25079547986388206,5.070122537117812e-05,0.09315426647663116,0.7706005573272705,0.07133175432682037,0.8504820615053177,0.7791503071784973,512,0.000654068193398416,0.000654068193398416,0.03,4515,0.7000018299201837,4515,4515,5552,278,4515,17053
1145,0.7000018299201837,0.6884533855374212,0.419921875,0.3197266161441803,0.8559593707323074,0.07971509732306004,0.11290913447737694,5.0613576914286e-05,0.07971509732306004,0.767749011516571,0.05553259700536728,0.6473326906561852,0.5918000936508179,512,,,,,,,,,,,
1146,0.7000018299201837,0.6885417520999908,0.455078125,0.3350440487265587,0.8890143781900406,0.12339850328862667,0.12627058662474155,5.05259265716069e-05,0.12339850328862667,0.7695946991443634,0.1482355296611786,1.6600785851478577,1.511843055486679,512,,,,,,,,,,,
1147,0.7000018299201837,0.6886296666606708,0.6171875,0.7665153481066227,1.7791297137737274,0.10167424753308296,0.5436440333724022,5.043827461252816e-05,0.10167424753308296,0.7589599341154099,0.1694270372390747,1.0401968508958817,0.870769813656807,512,,,,,,,,,,,
1148,0.7000018299201837,0.6887171303784406,0.46484375,0.5300538241863251,1.4178821444511414,0.09413141757249832,0.18834148347377777,5.035062130644218e-05,0.09413141757249832,0.7617382705211639,0.08552046120166779,0.8487218618392944,0.7632014006376266,512,,,,,,,,,,,
1149,0.7000018299201837,0.6888041444122791,0.62109375,0.33254310861229897,0.8920149356126785,0.10892504267394543,0.11569143086671829,5.026296692274541e-05,0.10892504267394543,0.7592431455850601,0.15338651835918427,1.143946349620819,0.9905598312616348,512,,,,,,,,,,,
1150,0.7000018299201837,0.6888907099211656,0.4453125,0.5291909575462341,1.4221563786268234,0.0862115677446127,0.18145251460373402,5.017531173083767e-05,0.0862115677446127,0.771411120891571,0.12191937863826752,0.8064081370830536,0.6844887584447861,512,,,,,,,,,,,
1151,0.7000018299201837,0.6889768280640796,0.50390625,0.5359203070402145,1.4439351856708527,0.10266456380486488,0.18006572127342224,5.008765600012122e-05,0.10266456380486488,0.7573339641094208,0.14881866425275803,1.7755402773618698,1.6267216131091118,512,,,,,,,,,,,
1152,0.7000018303521014,0.6890624999999999,0.4765625,0.31907297670841217,0.8561117649078369,0.16425126045942307,0.11077598668634892,5e-05,0.16425126045942307,0.7408203184604645,0.17425711452960968,1.8582154363393784,1.6839583218097687,512,0.0006396272219717503,0.0006396272219717503,0.03,4579,0.7000018303521014,4579,4579,5036,862,4579,17076
1153,0.7000018303521014,0.689147726887906,0.5234375,0.5106320232152939,1.3632100075483322,0.09021230600774288,0.1841596681624651,4.99123439998788e-05,0.09021230600774288,0.732778325676918,0.13118187338113785,1.2711949348449707,1.1400130614638329,512,,,,,,,,,,,
1154,0.7000018303521014,0.6892325098867769,0.55078125,0.4290763661265373,1.152251660823822,0.08921518176794052,0.14797969721257687,4.982468826916234e-05,0.08921518176794052,0.757573202252388,0.1479364037513733,1.4395505487918854,1.291614145040512,512,,,,,,,,,,,
1155,0.7000018303521014,0.689316850155592,0.5078125,0.6977349296212196,1.84352308511734,0.07077978365123272,0.27082509733736515,4.97370330772546e-05,0.07077978365123272,0.7619286924600601,0.10870648175477982,0.6763911545276642,0.5676846727728844,512,,,,,,,,,,,
1156,0.7000018303521014,0.6894007488533302,0.515625,0.36947057396173477,0.974822923541069,0.11593328975141048,0.14478485472500324,4.964937869355782e-05,0.11593328975141048,0.7481884658336639,0.07402965426445007,1.1743606328964233,1.1003309786319733,512,,,,,,,,,,,
1157,0.7000018303521014,0.6894842071389711,0.498046875,0.6022380962967873,1.6324507147073746,0.10129180736839771,0.19251316413283348,4.956172538747184e-05,0.10129180736839771,0.7621826231479645,0.10740570724010468,1.0812517181038857,0.973846010863781,512,,,,,,,,,,,
1158,0.7000018303521014,0.6895672261714935,0.6171875,0.6646578088402748,1.6677550971508026,0.07557494752109051,0.346359359100461,4.947407342839312e-05,0.07557494752109051,0.7562695145606995,0.08706103265285492,0.7080662846565247,0.6210052520036697,512,,,,,,,,,,,
1159,0.7000018303521014,0.6896498071098769,0.62109375,0.4092988073825836,1.086002066731453,0.17365401703864336,0.15429730340838432,4.938642308571401e-05,0.17365401703864336,0.7223046720027924,0.21067877113819122,1.6432325094938278,1.4325537383556366,512,,,,,,,,,,,
1160,0.7000018303521014,0.6897319511131004,0.515625,0.36735761165618896,0.9816042929887772,0.10858339164406061,0.1316005289554596,4.929877462882189e-05,0.10858339164406061,0.7626757621765137,0.09295596182346344,1.219403252005577,1.1264472901821136,512,0.0006220628856681287,0.0006220628856681287,0.03,4377,0.7000018303521014,4377,4377,5539,27,4377,16991
1161,0.7000018303521014,0.6898136593401432,0.4765625,0.4219846948981285,1.142319455742836,0.15349069610238075,0.136421961709857,4.921112832709834e-05,0.15349069610238075,0.7469775229692459,0.07934112846851349,2.0722183883190155,1.992877259850502,512,,,,,,,,,,,
1162,0.7000018303521014,0.6898949329499845,0.4375,0.5698189549148083,1.536491110920906,0.07779105566442013,0.19023297168314457,4.912348444991831e-05,0.07779105566442013,0.7628222405910492,0.08728715777397156,0.7747607827186584,0.6874736249446869,512,,,,,,,,,,,
1163,0.7000018303521014,0.6899757731016035,0.46484375,0.25474633648991585,0.6783477440476418,0.10013972222805023,0.09361082874238491,4.903584326664929e-05,0.10013972222805023,0.7617138475179672,0.05715499818325043,0.799661710858345,0.7425067126750946,512,,,,,,,,,,,
1164,0.7000018303521014,0.6900561809539795,0.48046875,0.3151175305247307,0.8359720408916473,0.1087188683450222,0.1189295519143343,4.894820504665056e-05,0.1087188683450222,0.7497314363718033,0.12218613922595978,1.003238394856453,0.8810522556304932,512,,,,,,,,,,,
1165,0.7000018303521014,0.6901361576660915,0.546875,0.6108283251523972,1.6168196499347687,0.07799582928419113,0.2341751866042614,4.886057005927219e-05,0.07799582928419113,0.7777636498212814,0.05304951220750809,0.6755071133375168,0.6224576011300087,512,,,,,,,,,,,
1166,0.7000018303521014,0.6902157043969189,0.439453125,0.3272910490632057,0.8779088705778122,0.14027981087565422,0.1138821579515934,4.877293857385439e-05,0.14027981087565422,0.7459326088428497,0.1993042379617691,1.6245156228542328,1.4252113848924637,512,,,,,,,,,,,
1167,0.7000018303521014,0.6902948223054408,0.40234375,0.49828677996993065,1.3485502898693085,0.0777063649147749,0.16140962578356266,4.8685310859726576e-05,0.0777063649147749,0.7660692930221558,0.0465097576379776,0.8148645609617233,0.7683548033237457,512,,,,,,,,,,,
1168,0.7000018303521014,0.6903735125506365,0.474609375,0.500599704682827,1.3456498682498932,0.08872051350772381,0.17131888680160046,4.859768718620656e-05,0.08872051350772381,0.7459472417831421,0.0850244089961052,0.6209581196308136,0.5359337106347084,512,0.0008530570776201785,0.0008530570776201785,0.03,3783,0.7000018303521014,3783,3783,5023,-159,3783,16431
1169,0.7000018303521014,0.6904517762914851,0.455078125,0.3409620150923729,0.9116553664207458,0.11779158934950829,0.12156284414231777,4.851006782259977e-05,0.11779158934950829,0.7674755603075027,0.14268778264522552,1.5768287628889084,1.4341409802436829,512,,,,,,,,,,,
1170,0.7000018303521014,0.6905296146869659,0.54296875,0.6707510501146317,1.7992845177650452,0.11164034903049469,0.23329434171319008,4.8422453038198364e-05,0.11164034903049469,0.7497460842132568,0.11969005316495895,1.020055040717125,0.900364987552166,512,,,,,,,,,,,
1171,0.7000018303521014,0.6906070288960581,0.57421875,0.4101713225245476,1.0866627097129822,0.12816710397601128,0.15628059580922127,4.833484310228044e-05,0.12816710397601128,0.7540624588727951,0.15142026543617249,1.126699835062027,0.9752795696258545,512,,,,,,,,,,,
1172,0.7000018303521014,0.6906840200777407,0.478515625,0.5447253659367561,1.4460691809654236,0.13111553341150284,0.2046136725693941,4.8247238284109194e-05,0.13111553341150284,0.7616113126277924,0.15163442492485046,1.6050682365894318,1.4534338116645813,512,,,,,,,,,,,
1173,0.7000018303521014,0.690760589390993,0.5390625,0.4958539679646492,1.3309632241725922,0.1155406292527914,0.1716245487332344,4.815963885293206e-05,0.1155406292527914,0.7546679377555847,0.12174993753433228,0.9789807870984077,0.8572308495640755,512,,,,,,,,,,,
1174,0.7000018303521014,0.6908367379947944,0.61328125,0.42433491349220276,1.080988958477974,0.10898984223604202,0.20487432554364204,4.8072045077979974e-05,0.10898984223604202,0.7578075975179672,0.13272874057292938,1.5105672627687454,1.377838522195816,512,,,,,,,,,,,
1175,0.7000018303521014,0.690912467048124,0.53125,0.3652646169066429,0.9804991632699966,0.09557807259261608,0.126363268122077,4.798445722846643e-05,0.09557807259261608,0.7624462395906448,0.07409598678350449,1.088193953037262,1.0140979662537575,512,,,,,,,,,,,
1176,0.7000018303521014,0.6909877777099609,0.55078125,0.39267148822546005,1.0540439039468765,0.09694491885602474,0.13586968928575516,4.7896875573586755e-05,0.09694491885602474,0.7651366889476776,0.09331107884645462,0.9360901489853859,0.8427790701389313,512,0.0005916735390201211,0.0005916735390201211,0.03,4462,0.7000018303521014,4462,4462,5265,393,4462,17066
1177,0.7000018303521014,0.6910626711392843,0.490234375,0.30020760744810104,0.8047542870044708,0.12220623716711998,0.10496568121016026,4.780930038251721e-05,0.12220623716711998,0.7388915866613388,0.16577249765396118,0.9257118850946426,0.7599393874406815,512,,,,,,,,,,,
1178,0.7000018303521014,0.6911371484950737,0.498046875,0.4454682469367981,1.1994811594486237,0.07516226265579462,0.15042254887521267,4.772173192441419e-05,0.07516226265579462,0.755063459277153,0.10335657000541687,0.6010403484106064,0.4976837784051895,512,,,,,,,,,,,
1179,0.7000018303521014,0.6912112109363079,0.52734375,0.5692534074187279,1.456839382648468,0.08045310340821743,0.26817087456583977,4.7634170468413425e-05,0.08045310340821743,0.7604638338088989,0.1018933653831482,0.6570324301719666,0.5551390647888184,512,,,,,,,,,,,
1180,0.7000018303521014,0.6912848596219663,0.48046875,0.2834056504070759,0.7483993619680405,0.11382552981376648,0.11040560342371464,4.7546616283629105e-05,0.11382552981376648,0.7573144435882568,0.09074784815311432,1.0653712898492813,0.974623441696167,512,,,,,,,,,,,
1181,0.7000018303521014,0.6913580957110281,0.50390625,0.5544252656400204,1.4882101118564606,0.15543296746909618,0.19186634942889214,4.7459069639153054e-05,0.15543296746909618,0.7400927543640137,0.1735183596611023,1.4326813220977783,1.259162962436676,512,,,,,,,,,,,
1182,0.7000018303521014,0.6914309203624724,0.51953125,0.6340274065732956,1.7012782245874405,0.11248152330517769,0.22001687996089458,4.7371530804053954e-05,0.11248152330517769,0.7634033113718033,-0.03592689335346222,2.0628285855054855,2.0987554788589478,512,,,,,,,,,,,
1183,0.7000018303521014,0.6915033347352787,0.52734375,0.39912985265254974,1.07232666015625,0.14064219035208225,0.13715769536793232,4.728400004737647e-05,0.14064219035208225,0.7401269376277924,0.1279522180557251,1.5824387818574905,1.4544865638017654,512,,,,,,,,,,,
1184,0.7000018303521014,0.6915753399884259,0.490234375,0.5160262063145638,1.3460821211338043,0.1335114948451519,0.21763356029987335,4.7196477638140404e-05,0.1335114948451519,0.7488232105970383,0.030739381909370422,1.3550942093133926,1.3243548274040222,512,0.0007756934501230717,0.0007756934501230717,0.03,3890,0.7000018303521014,3890,3890,4955,-19,3890,16543
1185,0.7000018303521014,0.6916469372808933,0.498046875,0.388441726565361,1.0531608909368515,0.08803134225308895,0.12393520958721638,4.710896384534e-05,0.08803134225308895,0.7593896389007568,0.11649628728628159,0.8129066452383995,0.6964103579521179,512,,,,,,,,,,,
1186,0.7000018303521014,0.6917181277716601,0.447265625,0.5537098124623299,1.4924842864274979,0.08269271347671747,0.1854240968823433,4.702145893794292e-05,0.08269271347671747,0.7565575838088989,0.09396269172430038,0.7054192274808884,0.611456535756588,512,,,,,,,,,,,
1187,0.7000018303521014,0.6917889126197055,0.478515625,0.4544871747493744,1.231574147939682,0.15605664253234863,0.1456596702337265,4.693396318488957e-05,0.15605664253234863,0.7480859011411667,0.271231085062027,2.305599719285965,2.034368634223938,512,,,,,,,,,,,
1188,0.7000018303521014,0.6918592929840087,0.51953125,0.5069862976670265,1.3326532691717148,0.09251843020319939,0.20366881601512432,4.684647685509221e-05,0.09251843020319939,0.7626416087150574,0.08369129151105881,1.101289063692093,1.017597772181034,512,,,,,,,,,,,
1189,0.7000018303521014,0.691929270023549,0.431640625,0.321046806871891,0.8584877252578735,0.10316003486514091,0.11438137292861938,4.6759000217434114e-05,0.10316003486514091,0.7731786668300629,0.09445755183696747,0.9470095783472061,0.8525520265102386,512,,,,,,,,,,,
1190,0.7000018303521014,0.6919988448973055,0.45703125,0.34119638055562973,0.9153387248516083,0.10215733014047146,0.11858967877924442,4.6671533540768804e-05,0.10215733014047146,0.7544384598731995,0.09686563909053802,0.9749107360839844,0.8780450969934464,512,,,,,,,,,,,
1191,0.7000018303521014,0.6920680187642574,0.5546875,0.4114125296473503,1.1064250320196152,0.09772814437747002,0.14027956128120422,4.6584077093919146e-05,0.09772814437747002,0.7477343827486038,-0.027041181921958923,1.2239417284727097,1.2509829103946686,512,,,,,,,,,,,
1192,0.7000018302081288,0.6921367927833839,0.55859375,0.5962240323424339,1.599325269460678,0.10772217903286219,0.20741410925984383,4.649663114567663e-05,0.10772217903286219,0.7491796612739563,0.2319486290216446,1.6226145029067993,1.3906658738851547,512,0.000806395139079541,0.000806395139079541,0.03,3817,0.7000018302081288,3817,3818,4788,128,3817,16471
1193,0.7000018302081288,0.6922051681136644,0.482421875,0.655942514538765,1.7347318530082703,0.10427533090114594,0.25297267735004425,4.640919596480043e-05,0.10427533090114594,0.7478564232587814,0.11894327402114868,1.1663017570972443,1.0473584830760956,512,,,,,,,,,,,
1194,0.7000018302081288,0.6922731459140777,0.61328125,0.7664032131433487,2.0503971576690674,0.11661772429943085,0.27203676477074623,4.6321771820016636e-05,0.11661772429943085,0.7733056247234344,0.04952560365200043,1.1483539193868637,1.0988283157348633,512,,,,,,,,,,,
1195,0.7000018302081288,0.6923407273436033,0.44140625,0.4954293742775917,1.3298797011375427,0.12395084742456675,0.17142140679061413,4.623435898001741e-05,0.12395084742456675,0.7579638510942459,0.05551564693450928,1.513225644826889,1.4577099978923798,512,,,,,,,,,,,
1196,0.7000018302081288,0.6924079135612204,0.5625,0.6181465238332748,1.6407863199710846,0.06687243655323982,0.23238489963114262,4.6146957713460195e-05,0.06687243655323982,0.760068342089653,0.05340934544801712,0.4875702038407326,0.43416085839271545,512,,,,,,,,,,,
1197,0.7000018302081288,0.6924747057259082,0.48828125,0.5425185039639473,1.4518855810165405,0.14385397359728813,0.19210977852344513,4.605956828896684e-05,0.14385397359728813,0.7444384545087814,-0.00010503828525543213,1.6420670598745346,1.64217209815979,512,,,,,,,,,,,
1198,0.7000018302081288,0.6925411049966459,0.49609375,0.39754994213581085,1.0601263791322708,0.1579220499843359,0.14457035809755325,4.597219097512279e-05,0.1579220499843359,0.7629736065864563,0.24745255708694458,2.0168924927711487,1.769439935684204,512,,,,,,,,,,,
1199,0.7000018302081288,0.6926071125324125,0.58984375,0.5602961257100105,1.5155590325593948,0.13334442302584648,0.18230794556438923,4.5884826040476326e-05,0.13334442302584648,0.7639355361461639,0.10947126150131226,1.1328213810920715,1.0233501195907593,512,,,,,,,,,,,
1200,0.7000018302081288,0.6926727294921875,0.455078125,0.4022669270634651,1.0747748911380768,0.09990772232413292,0.14421573095023632,4.579747375353763e-05,0.09990772232413292,0.7727489918470383,0.12121941149234772,1.0388107597827911,0.9175913482904434,512,0.0007024685037322342,0.0007024685037322342,0.03,4005,0.7000018302081288,4005,4005,5077,23,4005,16474
1201,0.7000018302081288,0.6927379570349499,0.458984375,0.4463883489370346,1.2013554275035858,0.10268053784966469,0.15133650787174702,4.571013438277801e-05,0.10268053784966469,0.7420995831489563,0.12259778380393982,1.4479101449251175,1.3253123611211777,512,,,,,,,,,,,
1202,0.7000018302081288,0.692802796319679,0.4765625,0.3324131518602371,0.8911909610033035,0.10794143378734589,0.1161215677857399,4.562280819662911e-05,0.10794143378734589,0.7336571961641312,0.22018610686063766,1.4518771916627884,1.2316910848021507,512,,,,,,,,,,,
1203,0.7000018302081288,0.6928672485053539,0.431640625,0.513241570442915,1.3749889433383942,0.09076216630637646,0.180288540199399,4.553549546348203e-05,0.09076216630637646,0.7822021096944809,0.10771957039833069,1.336906611919403,1.2291870415210724,512,,,,,,,,,,,
1204,0.7000018302081288,0.6929313147509539,0.52734375,0.6656932905316353,1.8036074042320251,0.08842240460216999,0.21364480815827847,4.54481964516865e-05,0.08842240460216999,0.7610400319099426,0.10536853969097137,0.8141579478979111,0.7087894082069397,512,,,,,,,,,,,
1205,0.7000018302081288,0.6929949962154582,0.490234375,0.7339376583695412,1.9410173296928406,0.08746849279850721,0.28303610160946846,4.536091142955014e-05,0.08746849279850721,0.7528417706489563,0.08101392537355423,0.7182948589324951,0.6372809335589409,512,,,,,,,,,,,
1206,0.7000018302081288,0.693058294057846,0.42578125,0.34815744310617447,0.935335099697113,0.09638729318976402,0.11968741752207279,4.5273640665337525e-05,0.09638729318976402,0.7493505775928497,0.09224877506494522,0.9279496446251869,0.8357008695602417,512,,,,,,,,,,,
1207,0.7000018302081288,0.6931212094370965,0.453125,0.6520586758852005,1.7231689095497131,0.08693043328821659,0.25276636518538,4.5186384427269434e-05,0.08693043328821659,0.7574413567781448,0.043734610080718994,0.691672295331955,0.647937685251236,512,,,,,,,,,,,
1208,0.7000018303521014,0.6931837435121889,0.482421875,0.6740570515394211,1.7482758611440659,0.14526185765862465,0.2943211477249861,4.509914298352197e-05,0.14526185765862465,0.7446777075529099,0.12454226613044739,1.5839594602584839,1.4594171941280365,512,0.0007255482487380505,0.0007255482487380505,0.03,3707,0.7000018303521014,3707,3706,4674,-14,3707,16123
1209,0.7000018303521014,0.6932458974421024,0.431640625,0.579923689365387,1.542090654373169,0.0825509037822485,0.2152537666261196,4.5011916602225815e-05,0.0825509037822485,0.7707177847623825,0.10529559850692749,1.0849013403058052,0.9796057417988777,512,,,,,,,,,,,
1210,0.7000018303521014,0.6933076723858161,0.4375,0.8330427780747414,2.280969336628914,0.09577008336782455,0.24340261332690716,4.492470555146531e-05,0.09577008336782455,0.7561864852905273,0.1332402527332306,1.474340409040451,1.3411001563072205,512,,,,,,,,,,,
1211,0.7000018303521014,0.6933690695023095,0.453125,0.3605309948325157,0.9507301300764084,0.10083208605647087,0.14178800582885742,4.4837510099277696e-05,0.10083208605647087,0.773740217089653,0.05264201760292053,1.2124945223331451,1.1598525047302246,512,,,,,,,,,,,
1212,0.7000018303521014,0.6934300899505614,0.5390625,0.5853523090481758,1.5358025133609772,0.08655586838722229,0.23799225874245167,4.475033051365228e-05,0.08655586838722229,0.7420410215854645,0.13756617903709412,1.0053447782993317,0.8677785992622375,512,,,,,,,,,,,
1213,0.7000018303521014,0.6934907348895514,0.466796875,0.5778214409947395,1.5540574491024017,0.09819669276475906,0.19691650196909904,4.46631670625296e-05,0.09819669276475906,0.7525878548622131,0.03436725586652756,1.068527989089489,1.0341607332229614,512,,,,,,,,,,,
1214,0.7000018303521014,0.6935510054782584,0.51953125,0.36563025787472725,0.9902692884206772,0.09168445505201817,0.11770118586719036,4.457602001380061e-05,0.09168445505201817,0.7669286876916885,0.13549664616584778,1.4583119004964828,1.322815254330635,512,,,,,,,,,,,
1215,0.7000018303521014,0.6936109028756618,0.498046875,0.3916309177875519,1.0236011296510696,0.12090551666915417,0.1631592158228159,4.4488889635305844e-05,0.12090551666915417,0.7666112780570984,0.14449547976255417,1.0370371490716934,0.8925416693091393,512,,,,,,,,,,,
1216,0.7000018306400465,0.6936704282407408,0.515625,0.329570971429348,0.876192256808281,0.08091161772608757,0.12250762432813644,4.4401776194834613e-05,0.08091161772608757,0.7544579952955246,0.08503392338752747,0.6501501798629761,0.5651162564754486,512,0.0005033539491705596,0.0005033539491705596,0.03,3704,0.7000018306400465,3704,3704,4742,-124,3704,16155
1217,0.7000018306400465,0.6937295827324743,0.490234375,0.4885988123714924,1.2983675748109818,0.144716402515769,0.18223478086292744,4.4314679960124145e-05,0.144716402515769,0.7522021234035492,0.202572301030159,1.5016169995069504,1.2990446984767914,512,,,,,,,,,,,
1218,0.7000018306400465,0.6937883675098419,0.4375,0.506496325135231,1.3464646488428116,0.12818783521652222,0.1883726269006729,4.422760119885881e-05,0.12818783521652222,0.7355126738548279,0.21532217413187027,1.8933750987052917,1.6780529245734215,512,,,,,,,,,,,
1219,0.7000018306400465,0.6938467837318225,0.61328125,0.7561727687716484,2.037230372428894,0.08804062008857727,0.25420210137963295,4.414054017866925e-05,0.08804062008857727,0.762377917766571,0.01630602777004242,1.2067058831453323,1.19039985537529,512,,,,,,,,,,,
1220,0.7000018306400465,0.6939048325573957,0.5703125,0.5305369570851326,1.4225048571825027,0.13133027963340282,0.18518280424177647,4.405349716713165e-05,0.13133027963340282,0.7356689274311066,0.04228447377681732,1.664966493844986,1.6226820200681686,512,,,,,,,,,,,
1221,0.7000018306400465,0.6939625151455402,0.6796875,0.5436246246099472,1.4728938788175583,0.08644867036491632,0.17445342615246773,4.3966472431766754e-05,0.08644867036491632,0.7345898002386093,-0.08356965333223343,0.7187319397926331,0.8023015931248665,512,,,,,,,,,,,
1222,0.7000018306400465,0.6940198326552355,0.490234375,0.458845354616642,1.2374196946620941,0.08607366867363453,0.1530207321047783,4.3879466240039196e-05,0.08607366867363453,0.7635595500469208,0.07211366295814514,0.72992292791605,0.6578092649579048,512,,,,,,,,,,,
1223,0.7000018306400465,0.6940767862454609,0.5546875,0.501846682280302,1.3268651068210602,0.09607625938951969,0.19388234242796898,4.379247885935659e-05,0.09607625938951969,0.7701171636581421,0.10441479086875916,1.211311087012291,1.1068962961435318,512,,,,,,,,,,,
1224,0.7000018306400465,0.6941333770751953,0.546875,0.49296150356531143,1.3413606584072113,0.1425563134253025,0.15246198512613773,4.370551055706874e-05,0.1425563134253025,0.7520068287849426,0.18286731839179993,1.6057695150375366,1.4229021966457367,512,0.0006763380370102823,0.0006763380370102823,0.03,4405,0.7000018306400465,4405,4405,5318,302,4405,16934
1225,0.7000018306400465,0.6941896063034181,0.6171875,0.7250370606780052,1.945041373372078,0.11321504879742861,0.25204059667885303,4.3618561600466836e-05,0.11321504879742861,0.7471630573272705,-0.28330349922180176,1.1072426289319992,1.390546128153801,512,,,,,,,,,,,
1226,0.7000018306400465,0.6942454750891085,0.56640625,0.7431321665644646,1.9853063076734543,0.09715057723224163,0.26660932041704655,4.3531632256782554e-05,0.09715057723224163,0.7630810439586639,0.05681219696998596,1.6522081196308136,1.5953959226608276,512,,,,,,,,,,,
1227,0.7000018306400465,0.6943009845912456,0.451171875,0.5050447806715965,1.345754012465477,0.08868030551820993,0.1846846155822277,4.344472279318737e-05,0.08868030551820993,0.7618945091962814,0.11855363100767136,1.087899588048458,0.9693459570407867,512,,,,,,,,,,,
1228,0.7000018306400465,0.6943561359688087,0.484375,0.47946498543024063,1.2958049774169922,0.09219228941947222,0.15711922571063042,4.335783347679162e-05,0.09219228941947222,0.7568310350179672,0.10236939787864685,0.8974458873271942,0.7950764894485474,512,,,,,,,,,,,
1229,0.7000018306400465,0.6944109303807771,0.65234375,0.7467231005430222,2.0143881738185883,0.12576945032924414,0.24840900674462318,4.3270964574643693e-05,0.12576945032924414,0.7352441251277924,0.29912399500608444,1.8662346675992012,1.5671106725931168,512,,,,,,,,,,,
1230,0.7000018306400465,0.6944653689861298,0.578125,0.4124258980154991,1.1131352633237839,0.13872863352298737,0.1366401519626379,4.318411635372929e-05,0.13872863352298737,0.757402315735817,0.17398978769779205,1.8541818261146545,1.6801920384168625,512,,,,,,,,,,,
1231,0.7000018306400465,0.694519452943846,0.52734375,0.3891535550355911,1.0392579585313797,0.13472850248217583,0.139995152130723,4.3097289080970497e-05,0.13472850248217583,0.7459130436182022,0.06995438039302826,1.356918752193451,1.2869643718004227,512,,,,,,,,,,,
1232,0.7000018307840191,0.6945731834129051,0.453125,0.4093778058886528,1.1014484614133835,0.0776081271469593,0.1390902940183878,4.3010483023225045e-05,0.0776081271469593,0.7605907917022705,0.06971721351146698,0.633779339492321,0.564062125980854,512,0.0006072930409573019,0.0006072930409573019,0.03,4140,0.7000018307840191,4140,4139,4830,492,4140,16508
1233,0.7000018307840191,0.6946265615522861,0.478515625,0.4935014918446541,1.3254190981388092,0.08295510709285736,0.1700398437678814,4.292369844728544e-05,0.08295510709285736,0.7552489936351776,0.1065686084330082,0.6901433020830154,0.5835746936500072,512,,,,,,,,,,,
1234,0.7000018307840191,0.6946795885209683,0.50390625,0.48288630694150925,1.2759718596935272,0.09848967753350735,0.1873199325054884,4.283693561987824e-05,0.09848967753350735,0.7488378584384918,0.0916406512260437,2.0504097044467926,1.958769053220749,512,,,,,,,,,,,
1235,0.7000018307840191,0.694732265477931,0.51953125,0.35314783453941345,0.9395250380039215,0.1079633254557848,0.13061988539993763,4.2750194807663066e-05,0.1079633254557848,0.7634081989526749,0.0943164974451065,1.0872283279895782,0.9929118305444717,512,,,,,,,,,,,
1236,0.7000018307840191,0.6947845935821533,0.53515625,0.35061095654964447,0.938336193561554,0.13584037497639656,0.12412120401859283,4.2663476277231915e-05,0.13584037497639656,0.7608300447463989,0.18763108551502228,2.2306454330682755,2.043014347553253,512,,,,,,,,,,,
1237,0.7000018307840191,0.6948365739926143,0.44140625,0.36825086176395416,0.9867209196090698,0.070234140381217,0.1291907448321581,4.257678029510832e-05,0.070234140381217,0.7549120932817459,0.08994798362255096,0.6144478544592857,0.5244998708367348,512,,,,,,,,,,,
1238,0.7000018307840191,0.6948882078682935,0.4296875,0.4695567563176155,1.2677296698093414,0.07992897182703018,0.15516951121389866,4.249010712774648e-05,0.07992897182703018,0.7530224323272705,0.09868427366018295,1.2201453298330307,1.1214610561728477,512,,,,,,,,,,,
1239,0.7000018307840191,0.6949394963681698,0.462890625,0.6123087480664253,1.6258674710988998,0.09181135334074497,0.22961346805095673,4.240345704153048e-05,0.09181135334074497,0.7643115073442459,0.1303027868270874,0.8350867629051208,0.7047839760780334,512,,,,,,,,,,,
1240,0.7000018307840191,0.6949904406512224,0.5703125,0.4011247232556343,1.0709763169288635,0.10401632357388735,0.14455310814082623,4.231683030277349e-05,0.10401632357388735,0.7514599412679672,0.0496366024017334,1.0527313351631165,1.003094732761383,512,0.0007657983805984259,0.0007657983805984259,0.03,3662,0.7000018307840191,3662,3662,4777,-95,3662,16280
1241,0.7000018307840191,0.6950410418764308,0.53515625,0.5607180893421173,1.5208086967468262,0.11677427217364311,0.17833690345287323,4.223022717771693e-05,0.11677427217364311,0.7656494230031967,0.15063276886940002,2.8824361860752106,2.7318034172058105,512,,,,,,,,,,,
1242,0.7000018307840191,0.695091301202774,1.421875,0.5663664862513542,1.5137809365987778,0.10818646103143692,0.20248105190694332,4.21436479325296e-05,0.10818646103143692,0.7578857392072678,0.10937060415744781,0.836084634065628,0.7267140299081802,512,,,,,,,,,,,
1243,0.7000018307840191,0.6951412197892313,0.4609375,0.593438595533371,1.5812760144472122,0.08407724089920521,0.2170226387679577,4.205709283330694e-05,0.08407724089920521,0.7661864906549454,0.09445725381374359,0.815732792019844,0.7212755382061005,512,,,,,,,,,,,
1244,0.7000018307840191,0.6951907987947816,0.453125,0.541469432413578,1.4455355405807495,0.14360252022743225,0.19528087601065636,4.197056214607015e-05,0.14360252022743225,0.7613427639007568,0.10373744368553162,2.3587747514247894,2.255037307739258,512,,,,,,,,,,,
1245,0.7000018307840191,0.6952400393784046,0.50390625,0.5219962075352669,1.3864431232213974,0.08777547441422939,0.1953635048121214,4.188405613676546e-05,0.08777547441422939,0.7560839951038361,0.06520388275384903,1.0203836113214493,0.9551797285676003,512,,,,,,,,,,,
1246,0.7000018307840191,0.6952889426990791,0.66796875,0.6722702085971832,1.804042562842369,0.1277713794261217,0.23313985392451286,4.179757507126319e-05,0.1277713794261217,0.7346630543470383,0.0644407644867897,1.9950277134776115,1.9305869489908218,512,,,,,,,,,,,
1247,0.7000018307840191,0.6953375099157846,0.49609375,0.37501148134469986,0.995289072394371,0.1270324531942606,0.14110933430492878,4.171111921535703e-05,0.1270324531942606,0.7492919564247131,0.07704299688339233,1.4297873228788376,1.3527443259954453,512,,,,,,,,,,,
1248,0.7000018309279916,0.6953857421874999,0.50390625,0.5326427593827248,1.4196382910013199,0.09049111418426037,0.19443058222532272,4.162468883476319e-05,0.09049111418426037,0.7744140475988388,0.09595662355422974,0.7935123592615128,0.697555735707283,512,0.0005845385603606701,0.0005845385603606701,0.03,5279,0.7000018309279916,5279,5279,5522,1250,5279,17788
1249,0.7000018309279916,0.6954336406732047,0.4296875,0.5406632199883461,1.4587014615535736,0.0698655629530549,0.17967191338539124,4.1538284195119546e-05,0.0698655629530549,0.756660133600235,0.058109626173973083,0.5422286465764046,0.4841190204024315,512,,,,,,,,,,,
1250,0.7000018309279916,0.6954812065318778,0.439453125,0.6832905411720276,1.8236591666936874,0.07100072223693132,0.2469180915504694,4.1451905561984936e-05,0.07100072223693132,0.7652197033166885,0.05985722690820694,0.6523960903286934,0.5925388634204865,512,,,,,,,,,,,
1251,0.7000018309279916,0.6955284409224987,0.494140625,0.7531200870871544,2.026032567024231,0.09040520898997784,0.2561494670808315,4.136555320083821e-05,0.09040520898997784,0.7520312368869781,0.07448075711727142,1.220913216471672,1.1464324593544006,512,,,,,,,,,,,
1252,0.7000018309279916,0.6955753450040464,0.53125,0.36970726400613785,0.981687068939209,0.176747789606452,0.13863792456686497,4.127922737707747e-05,0.176747789606452,0.7354394197463989,0.0872073769569397,1.672203928232193,1.5849965512752533,512,,,,,,,,,,,
1253,0.7000018309279916,0.6956219199355002,0.4765625,0.7523904517292976,1.9874187707901,0.13823395408689976,0.29255223274230957,4.119292835601929e-05,0.13823395408689976,0.7541747689247131,0.09084758907556534,1.831871584057808,1.7410239949822426,512,,,,,,,,,,,
1254,0.7000018309279916,0.6956681668758392,0.5,0.36358728632330894,0.9756342321634293,0.09205587394535542,0.12614539079368114,4.110665640289782e-05,0.09205587394535542,0.7598974108695984,0.1103622168302536,1.613824151456356,1.5034619346261024,512,,,,,,,,,,,
1255,0.7000018309279916,0.6957140869840427,0.4375,0.6150623112916946,1.664582073688507,0.08493911381810904,0.1992429904639721,4.10204117828641e-05,0.08493911381810904,0.771059587597847,0.04897332191467285,0.8129558712244034,0.7639825493097305,512,,,,,,,,,,,
1256,0.7000018309279916,0.69575968141909,0.41796875,0.37865493446588516,1.018024042248726,0.1086745336651802,0.12941507995128632,4.093419476098509e-05,0.1086745336651802,0.7771923542022705,0.0886322557926178,1.5649529993534088,1.476320743560791,512,0.0007325605838559568,0.0007325605838559568,0.03,3227,0.7000018309279916,3227,3227,4314,-18,3227,15811
1257,0.7000018309279916,0.69580495133996,0.47265625,0.9394291713833809,2.529141739010811,0.09901142958551645,0.3176131695508957,4.084800560224295e-05,0.09901142958551645,0.7545898109674454,0.08744466304779053,1.3099028319120407,1.2224581688642502,512,,,,,,,,,,,
1258,0.7000018309279916,0.6958498979056322,0.462890625,0.3337656185030937,0.8809919059276581,0.12231264170259237,0.1304190196096897,4.076184457153423e-05,0.12231264170259237,0.7449560314416885,0.18076620995998383,1.0650822967290878,0.884316086769104,512,,,,,,,,,,,
1259,0.7000018309279916,0.6958945222750857,0.46484375,0.34736087173223495,0.9339241683483124,0.11328725144267082,0.11868451163172722,4.067571193366897e-05,0.11328725144267082,0.7608446925878525,0.11037208139896393,0.9765402227640152,0.8661681413650513,512,,,,,,,,,,,
1260,0.7000018309279916,0.6959388256072998,0.47265625,0.5408101230859756,1.437144011259079,0.124254634603858,0.20167445205152035,4.0589607953370007e-05,0.124254634603858,0.7503222525119781,0.10073493421077728,1.102215215563774,1.0014802813529968,512,,,,,,,,,,,
1261,0.7000018309279916,0.6959828090612535,0.4765625,0.4870557337999344,1.2892457991838455,0.10115808248519897,0.18668058328330517,4.050353289527205e-05,0.10115808248519897,0.7571630626916885,0.1327342689037323,0.8549665212631226,0.7222322523593903,512,,,,,,,,,,,
1262,0.7000018309279916,0.6960264737959261,0.46484375,0.3530553728342056,0.950079470872879,0.13526772242039442,0.1197852473706007,4.0417487023921005e-05,0.13526772242039442,0.7618505507707596,0.08246852457523346,1.4744822680950165,1.392013743519783,512,,,,,,,,,,,
1263,0.7000018309279916,0.6960698209702968,0.51171875,0.7002490907907486,1.8861281871795654,0.10310781002044678,0.23583867773413658,4.0331470603772975e-05,0.10310781002044678,0.7572607100009918,0.06664355099201202,1.4351778626441956,1.3685343116521835,512,,,,,,,,,,,
1264,0.7000018310719642,0.6961128517433448,0.57421875,0.6268451735377312,1.703464388847351,0.1440713293850422,0.19606630876660347,4.0245483899193595e-05,0.1440713293850422,0.7451562434434891,-0.032936155796051025,1.9708476960659027,2.0037838518619537,512,0.0006037582061253488,0.0006037582061253488,0.03,3858,0.7000018310719642,3858,3857,3772,1274,3858,16371
1265,0.7000018310719642,0.6961555672740495,0.458984375,0.4341900050640106,1.1613605469465256,0.09835696592926979,0.15436668880283833,4.015952717445716e-05,0.09835696592926979,0.7531005591154099,0.2076423019170761,1.1317633986473083,0.9241210967302322,512,,,,,,,,,,,
1266,0.7000018310719642,0.6961979687213897,0.44921875,0.4955301508307457,1.3390398472547531,0.07897916529327631,0.16256661526858807,4.007360069374583e-05,0.07897916529327631,0.7441308349370956,0.0667928084731102,0.5251321271061897,0.45833931863307953,512,,,,,,,,,,,
1267,0.7000018310719642,0.6962400572443449,0.53515625,0.6966437548398972,1.8523375391960144,0.11580969393253326,0.25870412215590477,3.99877047211488e-05,0.11580969393253326,0.7710644006729126,0.1554734706878662,1.5801429450511932,1.424669474363327,512,,,,,,,,,,,
1268,0.7000018310719642,0.6962818340018944,0.5390625,0.3328379951417446,0.8956335633993149,0.10454095155000687,0.1129663735628128,3.990183952066151e-05,0.10454095155000687,0.7555810511112213,0.03671512007713318,1.0725889652967453,1.0358738452196121,512,,,,,,,,,,,
1269,0.7000018310719642,0.696323300153017,1.0390625,0.3420235440135002,0.9168931394815445,0.16901404969394207,0.11954180337488651,3.9816005356184856e-05,0.16901404969394207,0.7267236113548279,0.10595034062862396,2.200397342443466,2.0944470018148422,512,,,,,,,,,,,
1270,0.7000018310719642,0.6963644568566922,0.455078125,0.4841096103191376,1.2899652272462845,0.0803436879068613,0.1770335901528597,3.973020249152428e-05,0.0803436879068613,0.7726171612739563,0.08686137199401855,0.882974162697792,0.7961127907037735,512,,,,,,,,,,,
1271,0.7000018310719642,0.6964053052718993,0.46484375,0.5706786066293716,1.5358707308769226,0.06897148489952087,0.19345831498503685,3.964443119038908e-05,0.06897148489952087,0.7550390362739563,0.0918385311961174,0.6020006835460663,0.5101621523499489,512,,,,,,,,,,,
1272,0.7000018310719642,0.6964458465576171,1.203125,0.387607604265213,1.0458636432886124,0.15300459787249565,0.12870478816330433,3.955869171639152e-05,0.15300459787249565,0.6917236000299454,0.23212669789791107,1.7539754658937454,1.5218487679958344,512,0.0005094322841614485,0.0005094322841614485,0.03,6490,0.7000018310719642,6490,6490,6613,1605,6490,19100
1273,0.7000018310719642,0.6964860818728252,0.55078125,0.4166847765445709,1.124633863568306,0.14835603814572096,0.13804722391068935,3.947298433304604e-05,0.14835603814572096,0.742744117975235,0.17457637190818787,1.480524092912674,1.305947721004486,512,,,,,,,,,,,
1274,0.7000018310719642,0.6965260123765027,0.494140625,0.4689880311489105,1.2470532208681107,0.10935832560062408,0.17412256449460983,3.9387309303768484e-05,0.10935832560062408,0.7544677555561066,0.2110886052250862,1.8064871802926064,1.5953985750675201,512,,,,,,,,,,,
1275,0.7000018310719642,0.6965656392276287,0.63671875,0.5404712557792664,1.45790995657444,0.0774393230676651,0.17988167144358158,3.930166689187521e-05,0.0774393230676651,0.7731103152036667,0.10672836005687714,0.8162599951028824,0.7095316350460052,512,,,,,,,,,,,
1276,0.7000018310719642,0.6966049635851824,0.46484375,0.38533858209848404,1.032699927687645,0.12181716971099377,0.13499267771840096,3.921605736058238e-05,0.12181716971099377,0.7526952922344208,0.1170373260974884,0.9742529988288879,0.8572156727313995,512,,,,,,,,,,,
1277,0.7000018310719642,0.6966439866081432,0.5078125,0.5622047334909439,1.519551545381546,0.12343220040202141,0.18409908190369606,3.913048097300508e-05,0.12343220040202141,0.7412841767072678,0.28104932606220245,1.2183900326490402,0.9373407065868378,512,,,,,,,,,,,
1278,0.7000018310719642,0.69668270945549,0.482421875,0.6409744843840599,1.7373227775096893,0.12877883948385715,0.20502405613660812,3.9044937992156516e-05,0.12877883948385715,0.7543212622404099,0.08528846502304077,1.0562465488910675,0.9709580838680267,512,,,,,,,,,,,
1279,0.7000018310719642,0.6967211332862023,0.51953125,0.5468789786100388,1.4680553674697876,0.13810475543141365,0.1891536321491003,3.895942868094724e-05,0.13810475543141365,0.741757795214653,0.0696784183382988,1.2105964794754982,1.1409180611371994,512,,,,,,,,,,,
1280,0.7000018312159367,0.6967592592592592,0.484375,0.3644564226269722,0.9842125028371811,0.07896945159882307,0.12020081467926502,3.887395330218429e-05,0.07896945159882307,0.7493066042661667,0.06908620893955231,0.7171024903655052,0.6480162814259529,512,0.0006628503906540573,0.0006628503906540573,0.03,2997,0.7000018312159367,2997,2997,3524,384,2997,15573
1281,0.7000018312159367,0.6967970885336399,0.57421875,0.7199820950627327,1.8932407796382904,0.13027171045541763,0.28852308727800846,3.8788512118570466e-05,0.13027171045541763,0.7650488018989563,-0.0023133307695388794,1.420259803533554,1.422573134303093,512,,,,,,,,,,,
1282,0.7000018312159367,0.6968346222683235,0.48046875,0.5125978738069534,1.3769120275974274,0.08670411631464958,0.17641481384634972,3.870310539270342e-05,0.08670411631464958,0.7590527385473251,0.06308756023645401,1.2033973187208176,1.1403097584843636,512,,,,,,,,,,,
1283,0.7000018312159367,0.6968718616222894,0.5,0.42879142984747887,1.1538908779621124,0.10333382710814476,0.14547707326710224,3.861773338707495e-05,0.10333382710814476,0.7604589611291885,0.08428835868835449,0.8515078723430634,0.7672195136547089,512,,,,,,,,,,,
1284,0.7000018312159367,0.6969088077545166,0.474609375,0.4572742134332657,1.227630615234375,0.13083338737487793,0.15804880112409592,3.8532396364070115e-05,0.13083338737487793,0.7587987929582596,0.18294717371463776,1.8914543688297272,1.7085071951150894,512,,,,,,,,,,,
1285,0.7000018312159367,0.6969454618239843,0.4609375,0.3315644636750221,0.8858881145715714,0.11861970089375973,0.1188526414334774,3.8447094585966446e-05,0.11861970089375973,0.7479980438947678,0.08948306739330292,2.187466725707054,2.097983658313751,512,,,,,,,,,,,
1286,0.7000018312159367,0.696981824989672,0.50390625,0.547521248459816,1.462421029806137,0.1042983178049326,0.1967342123389244,3.836182831493318e-05,0.1042983178049326,0.7477587908506393,0.12805338203907013,0.9294803589582443,0.8014269769191742,512,,,,,,,,,,,
1287,0.7000018312159367,0.6970178984105586,0.48828125,0.7083371132612228,1.8171168714761734,0.11128894984722137,0.3293591570109129,3.827659781303041e-05,0.11128894984722137,0.757768526673317,0.13838818669319153,1.261484518647194,1.1230963319540024,512,,,,,,,,,,,
1288,0.7000018312159367,0.6970536832456236,0.44921875,0.3901981934905052,1.033683568239212,0.08186282590031624,0.14873512648046017,3.81914033422083e-05,0.08186282590031624,0.7456835806369781,0.04041723906993866,0.9750668108463287,0.9346495717763901,512,0.0006586035597138107,0.0006586035597138107,0.03,3114,0.7000018312159367,3114,3114,3995,-71,3114,15457
1289,0.7000018312159367,0.6970891806538457,0.44921875,0.7356235980987549,1.9766775369644165,0.09675588458776474,0.2524847984313965,3.8106245164306246e-05,0.09675588458776474,0.7764599472284317,0.22805216163396835,1.8987966030836105,1.6707444414496422,512,,,,,,,,,,,
1290,0.7000018312159367,0.6971243917942047,0.515625,0.49500468373298645,1.3133403956890106,0.11452355142682791,0.18667374551296234,3.802112354105215e-05,0.11452355142682791,0.754038080573082,0.12250277400016785,0.9668351709842682,0.8443323969841003,512,,,,,,,,,,,
1291,0.7000018312159367,0.6971593178256794,0.439453125,0.66097591817379,1.7792244255542755,0.10247110761702061,0.2237328141927719,3.793603873406155e-05,0.10247110761702061,0.7481738030910492,0.10412081331014633,0.8407503515481949,0.7366295382380486,512,,,,,,,,,,,
1292,0.7000018312159367,0.6971939599072492,0.57421875,0.3790076822042465,1.0226475447416306,0.15336857736110687,0.12586052156984806,3.785099100483681e-05,0.15336857736110687,0.7094872742891312,0.41082337498664856,2.3891244530677795,1.978301078081131,512,,,,,,,,,,,
1293,0.7000018312159367,0.6972283191978931,0.5,0.6666677109897137,1.815322071313858,0.09898999333381653,0.20488307997584343,3.776598061476635e-05,0.09898999333381653,0.7593603581190109,0.10883243381977081,1.1896122470498085,1.0807798132300377,512,,,,,,,,,,,
1294,0.7000018312159367,0.6972623968565905,0.7421875,0.5659554675221443,1.535594493150711,0.11393602378666401,0.17942200042307377,3.768100782512384e-05,0.11393602378666401,0.7537109106779099,0.08957038819789886,1.5369143933057785,1.4473440051078796,512,,,,,,,,,,,
1295,0.7000018312159367,0.6972961940423206,0.52734375,0.6731410175561905,1.7816962599754333,0.09734417870640755,0.2581249326467514,3.759607289706736e-05,0.09734417870640755,0.7487011700868607,0.11208665370941162,0.7940574288368225,0.6819707751274109,512,,,,,,,,,,,
1296,0.7000018312159367,0.6973297119140625,0.4609375,0.3203226998448372,0.857100635766983,0.09332740679383278,0.11357415094971657,3.7511176091638653e-05,0.09332740679383278,0.7620263397693634,0.11436450481414795,0.8203747719526291,0.7060102671384811,512,0.0006352798664011061,0.0006352798664011061,0.03,4184,0.7000018312159367,4184,4184,4511,837,4184,16704
1297,0.7000018312159367,0.6973629516307954,0.435546875,0.5421202853322029,1.4520278126001358,0.07824327424168587,0.19076086580753326,3.7426317669762305e-05,0.07824327424168587,0.7534472495317459,0.06886482983827591,0.7009802162647247,0.6321153864264488,512,,,,,,,,,,,
1298,0.7000018312159367,0.6973959143514986,0.5234375,0.7616249024868011,2.0190826058387756,0.06498224474489689,0.2888715788722038,3.73414978922449e-05,0.06498224474489689,0.7679198980331421,0.0812535360455513,0.6806134134531021,0.5993598774075508,512,,,,,,,,,,,
1299,0.7000018312159367,0.6974286012351513,0.515625,0.5969336591660976,1.5702316910028458,0.11272781156003475,0.23865810967981815,3.725671701977428e-05,0.11272781156003475,0.7493945062160492,0.12280349433422089,1.1244599670171738,1.0016564726829529,512,,,,,,,,,,,
1300,0.7000018312159367,0.6974610134407325,1.5,0.3811415582895279,1.0182538628578186,0.18863506522029638,0.13672051951289177,3.717197531291867e-05,0.18863506522029638,0.6993554532527924,1.0085860639810562,1.7303005158901215,0.7217144519090652,512,,,,,,,,,,,
1301,0.7000018312159367,0.6974931521272217,0.431640625,0.48980986326932907,1.3295786082744598,0.07498546130955219,0.15469366312026978,3.708727303212598e-05,0.07498546130955219,0.7604687213897705,0.08827716112136841,0.748487651348114,0.6602104902267456,512,,,,,,,,,,,
1302,0.7000018312159367,0.6975250184535979,0.462890625,0.33429452776908875,0.862940788269043,0.10624935198575258,0.1500728838145733,3.700261043772291e-05,0.10624935198575258,0.7450976222753525,0.0930221900343895,0.7742787450551987,0.6812565550208092,512,,,,,,,,,,,
1303,0.7000018312159367,0.6975566135788405,0.61328125,0.3732863962650299,0.9965533018112183,0.11013935692608356,0.13461751118302345,3.691798778991417e-05,0.11013935692608356,0.7467577904462814,0.08215948939323425,1.5145962536334991,1.432436764240265,512,,,,,,,,,,,
1304,0.7000018312159367,0.6975879386619285,0.486328125,0.6107063591480255,1.579756885766983,0.08816203847527504,0.2708684168756008,3.683340534878176e-05,0.08816203847527504,0.7723632454872131,0.0754278153181076,0.8206894844770432,0.7452616691589355,512,0.0006842011935077608,0.0006842011935077608,0.03,4165,0.7000018312159367,4165,4165,4328,956,4165,16630
1305,0.7000018312159367,0.6976189948618412,0.451171875,0.5022533945739269,1.3510609567165375,0.10486892238259315,0.17091894894838333,3.674886337428406e-05,0.10486892238259315,0.7545214593410492,0.09939981997013092,1.2404158115386963,1.1410159915685654,512,,,,,,,,,,,
1306,0.7000018312159367,0.6976497833375578,0.5390625,0.4740034267306328,1.24704010784626,0.11057432834059,0.189333850517869,3.666436212625509e-05,0.11057432834059,0.7521923780441284,0.45047924667596817,1.6496978253126144,1.1992185786366463,512,,,,,,,,,,,
1307,0.7000018312159367,0.6976803052480574,0.73046875,0.4865352734923363,1.3076667040586472,0.11709839664399624,0.16668259538710117,3.657990186440369e-05,0.11709839664399624,0.7440575808286667,0.1122235357761383,1.1638655364513397,1.0516420006752014,512,,,,,,,,,,,
1308,0.7000018312159367,0.6977105617523193,0.486328125,0.5223515927791595,1.3940593749284744,0.08916924241930246,0.18882415257394314,3.649548284831275e-05,0.08916924241930246,0.7714159935712814,0.1445048823952675,1.3088574334979057,1.1643525511026382,512,,,,,,,,,,,
1309,0.7000018312159367,0.6977405540093227,0.52734375,0.3226177841424942,0.8596148490905762,0.13420266285538673,0.11801474913954735,3.6411105337438365e-05,0.13420266285538673,0.7459863126277924,0.1494295746088028,1.2657549977302551,1.1163254231214523,512,,,,,,,,,,,
1310,0.7000018312159367,0.6977702831780469,0.5859375,0.5310346111655235,1.4393308758735657,0.0972680114209652,0.16986481845378876,3.6326769591109086e-05,0.0972680114209652,0.7733252048492432,0.09834198653697968,0.8952108323574066,0.7968688458204269,512,,,,,,,,,,,
1311,0.7000018312159367,0.6977997504174709,0.490234375,0.39593449234962463,1.0583390444517136,0.11532771307975054,0.1414624247699976,3.624247586852514e-05,0.11532771307975054,0.7070409953594208,0.09022156894207001,0.9563705772161484,0.8661490082740784,512,,,,,,,,,,,
1312,0.7000018313599093,0.697828956886574,0.46484375,0.6451291218400002,1.7454364746809006,0.08862993121147156,0.2095001582056284,3.6158224428757535e-05,0.08862993121147156,0.7467138320207596,0.12000411748886108,0.9262582063674927,0.8062540888786316,512,0.0007273519295267761,0.0007273519295267761,0.03,3128,0.7000018313599093,3128,3128,3886,156,3128,15640
1313,0.7000018313599093,0.6978579037443355,0.46875,0.5115210115909576,1.3732895255088806,0.08070622198283672,0.17677416652441025,3.607401553074735e-05,0.08070622198283672,0.7453612983226776,-0.021732792258262634,0.8341830521821976,0.8559158444404602,512,,,,,,,,,,,
1314,0.7000018313599093,0.6978865921497345,0.462890625,0.37496572732925415,0.9967951476573944,0.12126532942056656,0.1394645869731903,3.598984943330492e-05,0.12126532942056656,0.7509960830211639,0.21167439967393875,1.0813288018107414,0.8696544021368027,512,,,,,,,,,,,
1315,0.7000018313599093,0.6979150232617501,0.4765625,0.7234852537512779,1.9376581609249115,0.09245673380792141,0.2547213602811098,3.590572639510903e-05,0.09245673380792141,0.7520263493061066,0.029939576983451843,1.390567883849144,1.3606283068656921,512,,,,,,,,,,,
1316,0.7000018313599093,0.6979431982393618,0.423828125,0.5512310415506363,1.4804889857769012,0.08077105320990086,0.1899080779403448,3.582164667470612e-05,0.08077105320990086,0.7574902325868607,0.1260179579257965,1.0612531676888466,0.9352352097630501,512,,,,,,,,,,,
1317,0.7000018313599093,0.6979711182415484,0.4453125,0.3548758700489998,0.9490742832422256,0.08890688791871071,0.12630708701908588,3.5737610530509504e-05,0.08890688791871071,0.7502783238887787,0.038001418113708496,1.4307042211294174,1.392702803015709,512,,,,,,,,,,,
1318,0.7000018313599093,0.6979987844272896,0.50390625,0.48413611203432083,1.2937171310186386,0.10679441876709461,0.17336193472146988,3.5653618220798575e-05,0.10679441876709461,0.7573779374361038,0.11397430300712585,0.9892427772283554,0.8752684742212296,512,,,,,,,,,,,
1319,0.7000018313599093,0.6980261979555642,0.46484375,0.4082697480916977,1.1014182418584824,0.08925508707761765,0.1357627622783184,3.556967000371799e-05,0.08925508707761765,0.762202113866806,0.06808972358703613,0.8030447512865067,0.7349550276994705,512,,,,,,,,,,,
1320,0.7000018313599093,0.6980533599853516,0.458984375,0.3213329054415226,0.8675089925527573,0.08952980674803257,0.10622703842818737,3.5485766137276894e-05,0.08952980674803257,0.7501269429922104,0.048798009753227234,0.9828831553459167,0.9340851455926895,512,0.0007516180048696697,0.0007516180048696697,0.03,2924,0.7000018313599093,2924,2924,3723,37,2924,15200
1321,0.7000018313599093,0.6980802716756308,0.52734375,0.7620244026184082,1.995478242635727,0.15840799175202847,0.3136865869164467,3.5401906879348115e-05,0.15840799175202847,0.7247753739356995,0.14723965525627136,2.182374596595764,2.035134941339493,512,,,,,,,,,,,
1322,0.7000018313599093,0.6981069341853813,1.5390625,0.5813628360629082,1.546463057398796,0.10294593311846256,0.215242525562644,3.5318092487667396e-05,0.10294593311846256,0.7399462759494781,0.11256152391433716,1.121911272406578,1.009349748492241,512,,,,,,,,,,,
1323,0.7000018313599093,0.698133348673582,0.46484375,0.7855203300714493,2.1174207627773285,0.11728888377547264,0.26294369995594025,3.523432321983259e-05,0.11728888377547264,0.7335644364356995,0.12283015251159668,1.192161537706852,1.0693313851952553,512,,,,,,,,,,,
1324,0.7000018313599093,0.6981595162992124,0.455078125,0.6525690257549286,1.683846801519394,0.09728429839015007,0.29363492876291275,3.515059933330282e-05,0.09728429839015007,0.7590771466493607,0.07766172289848328,1.09870645403862,1.0210447311401367,512,,,,,,,,,,,
1325,0.7000018313599093,0.6981854382212515,0.474609375,0.4999754950404167,1.3142579346895218,0.09918451774865389,0.20081928558647633,3.50669210853978e-05,0.09918451774865389,0.7510790824890137,0.10418684780597687,0.9168929308652878,0.8127060830593109,512,,,,,,,,,,,
1326,0.7000018313599093,0.6982111155986785,0.482421875,0.36099912598729134,0.9804674535989761,0.1330038234591484,0.11346921510994434,3.498328873329695e-05,0.1330038234591484,0.7413085848093033,0.09280912578105927,1.1519602984189987,1.0591511726379395,512,,,,,,,,,,,
1327,0.7000018313599093,0.6982365495904728,0.4609375,0.6445217058062553,1.7516098022460938,0.08450882975012064,0.20148617587983608,3.48997025340386e-05,0.08450882975012064,0.7659130543470383,0.09570065140724182,0.8341125696897507,0.7384119182825089,512,,,,,,,,,,,
1328,0.700001831503882,0.6982617413556135,0.490234375,1.0194452106952667,2.7188298106193542,0.07847029902040958,0.37039802968502045,3.4816162744519263e-05,0.07847029902040958,0.7592040747404099,0.06590873003005981,0.8324901461601257,0.7665814161300659,512,0.0007916557951830328,0.0007916557951830328,0.03,3321,0.700001831503882,3321,3320,4186,-20,3321,15925
1329,0.700001831503882,0.6982866920530796,0.51171875,0.6679002903401852,1.8277057856321335,0.08268977794796228,0.19623443484306335,3.473266962149283e-05,0.08268977794796228,0.755571261048317,0.17267702519893646,0.7795770987868309,0.6069000735878944,512,,,,,,,,,,,
1330,0.700001831503882,0.6983114028418504,0.53515625,0.45341117307543755,1.1956520974636078,0.15613702312111855,0.17832111194729805,3.4649223421569724e-05,0.15613702312111855,0.7550732344388962,0.0702180564403534,1.7473297715187073,1.6771117150783539,512,,,,,,,,,,,
1331,0.700001831503882,0.6983358748809054,0.56640625,0.341229185461998,0.9099562019109726,0.11168209835886955,0.12407160550355911,3.4565824401216155e-05,0.11168209835886955,0.7643456757068634,0.13639749586582184,1.1192883104085922,0.9828908145427704,512,,,,,,,,,,,
1332,0.700001831503882,0.6983601093292235,0.5703125,0.5276283696293831,1.4182227551937103,0.07418189290910959,0.1806509532034397,3.44824728167534e-05,0.07418189290910959,0.7663964629173279,0.08328814059495926,0.7387385442852974,0.6554504036903381,512,,,,,,,,,,,
1333,0.700001831503882,0.6983841073457842,0.59765625,0.8456418663263321,2.268980532884598,0.15424689650535583,0.2935704365372658,3.439916892435687e-05,0.15424689650535583,0.7563964426517487,0.030670136213302612,2.4091495871543884,2.378479450941086,512,,,,,,,,,,,
1334,0.700001831503882,0.6984078700895662,0.44140625,0.277813334017992,0.7345608621835709,0.06967604532837868,0.10729769244790077,3.4315912980055434e-05,0.06967604532837868,0.7443017512559891,0.06985538452863693,0.5793522074818611,0.5094968229532242,512,,,,,,,,,,,
1335,0.700001831503882,0.6984313987195492,0.490234375,0.369235634803772,0.9902733266353607,0.08369361236691475,0.1286225151270628,3.423270523973056e-05,0.08369361236691475,0.7725439071655273,0.053432583808898926,0.8684758841991425,0.8150433003902435,512,,,,,,,,,,,
1336,0.700001831503882,0.6984546943947121,0.53515625,0.3471706286072731,0.9147568494081497,0.11034661531448364,0.13727530650794506,3.4149545959115605e-05,0.11034661531448364,0.7547216415405273,0.12109369039535522,0.933539554476738,0.8124458640813828,512,0.0005495204823091626,0.0005495204823091626,0.03,3048,0.700001831503882,3048,3048,3754,118,3048,15614
1337,0.700001831503882,0.6984777582740342,0.515625,0.5656245872378349,1.493783876299858,0.11857728194445372,0.22023002803325653,3.4066435393794974e-05,0.11857728194445372,0.7490869015455246,0.11719083786010742,0.9200510680675507,0.8028602302074432,512,,,,,,,,,,,
1338,0.700001831503882,0.6985005915164947,0.67578125,0.3235916793346405,0.8611244857311249,0.10105129890143871,0.1194563414901495,3.398337379920331e-05,0.10105129890143871,0.7577294707298279,0.10485129058361053,0.9291097670793533,0.8242584764957428,512,,,,,,,,,,,
1339,0.700001831503882,0.6985231952810729,0.498046875,0.4865451157093048,1.303572729229927,0.10887140780687332,0.17080634273588657,3.390036143062485e-05,0.10887140780687332,0.7527734041213989,0.04882986843585968,1.135546587407589,1.0867167189717293,512,,,,,,,,,,,
1340,0.700001831503882,0.6985455707267478,0.62890625,0.3455878719687462,0.9299024790525436,0.12143986113369465,0.11733347550034523,3.3817398543192424e-05,0.12143986113369465,0.7542333602905273,0.470949687063694,2.3621756061911583,1.8912259191274643,512,,,,,,,,,,,
1341,0.700001831503882,0.6985677190124988,0.5,0.4915319159626961,1.3224073499441147,0.15752986073493958,0.16708324290812016,3.373448539188686e-05,0.15752986073493958,0.7529491931200027,0.2945942282676697,1.534637987613678,1.2400437593460083,512,,,,,,,,,,,
1342,0.700001831503882,0.698589641297305,0.44921875,0.3420363515615463,0.9255265146493912,0.11620344966650009,0.1109472569078207,3.3651622231536085e-05,0.11620344966650009,0.7537743747234344,0.06366466730833054,1.0013361424207687,0.9376714751124382,512,,,,,,,,,,,
1343,0.700001831503882,0.6986113387401457,0.462890625,0.5775991529226303,1.5474455654621124,0.10219873487949371,0.20285486429929733,3.356880931681439e-05,0.10219873487949371,0.7553857117891312,0.12442857027053833,0.9534634798765182,0.8290349096059799,512,,,,,,,,,,,
1344,0.700001831503882,0.6986328125,0.5390625,0.5853475257754326,1.5686971098184586,0.166078332811594,0.20508321188390255,3.3486046902241664e-05,0.166078332811594,0.7424364984035492,0.01373031735420227,1.710593819618225,1.6968635022640228,512,0.0005115727544762194,0.0005115727544762194,0.03,3218,0.700001831503882,3218,3218,3207,817,3218,15800
1345,0.700001831503882,0.698654063735847,0.455078125,0.7336480766534805,1.960346832871437,0.09513804502785206,0.26282909139990807,3.340333524218253e-05,0.09513804502785206,0.7651708722114563,0.14504869282245636,0.9792414754629135,0.8341927826404572,512,,,,,,,,,,,
1346,0.700001831503882,0.6986750936066662,0.451171875,0.5603547692298889,1.5155552923679352,0.06646160874515772,0.18248938955366611,3.3320674590845715e-05,0.06646160874515772,0.761787086725235,0.07464493811130524,0.8283279687166214,0.7536830306053162,512,,,,,,,,,,,
1347,0.700001831503882,0.6986959032714366,0.67578125,0.8564272671937943,2.272524833679199,0.11432306282222271,0.32270923629403114,3.323806520228309e-05,0.11432306282222271,0.7512108981609344,0.07033786177635193,1.3900054395198822,1.3196675777435303,512,,,,,,,,,,,
1348,0.700001831503882,0.6987164938891375,0.484375,0.509178526699543,1.3793812841176987,0.09979702718555927,0.1635839194059372,3.3155507330389e-05,0.09979702718555927,0.764887660741806,0.032433778047561646,1.8667161464691162,1.8342823684215546,512,,,,,,,,,,,
1349,0.700001831503882,0.698736866618748,0.5078125,0.3534495010972023,0.9445636719465256,0.11394425109028816,0.1264953576028347,3.307300122889947e-05,0.11394425109028816,0.7810937166213989,0.07345560193061829,1.8699834942817688,1.7965278923511505,512,,,,,,,,,,,
1350,0.700001831503882,0.6987570226192474,0.5390625,0.6650183573365211,1.7898482829332352,0.11346614174544811,0.22535877488553524,3.2990547151391395e-05,0.11346614174544811,0.7705712616443634,0.09039531648159027,1.1864352524280548,1.0960399359464645,512,,,,,,,,,,,
1351,0.700001831503882,0.6987769630496149,0.439453125,0.4347587823867798,1.1608995348215103,0.08822591789066792,0.15655126981437206,3.290814535128177e-05,0.08822591789066792,0.7734814286231995,0.08971217274665833,0.860350102186203,0.7706379294395447,512,,,,,,,,,,,
1352,0.700001831503882,0.6987966890688295,0.53515625,0.5486663430929184,1.4782995879650116,0.12311346642673016,0.18432564474642277,3.282579608182694e-05,0.12311346642673016,0.7654980272054672,0.09053671360015869,1.4046305418014526,1.314093828201294,512,0.0007637492381036282,0.0007637492381036282,0.03,2720,0.700001831503882,2720,2720,3513,-55,2720,15407
1353,0.700001831503882,0.6988162018358707,0.439453125,0.38801512867212296,1.043430969119072,0.08148336037993431,0.13237237744033337,3.274349959612182e-05,0.08148336037993431,0.7358300685882568,0.10336577892303467,1.0650546252727509,0.9616888463497162,512,,,,,,,,,,,
1354,0.700001831503882,0.6988355025097175,0.416015625,0.29279016703367233,0.7770581841468811,0.07172539737075567,0.11018471792340279,3.266125614709905e-05,0.07172539737075567,0.7490673512220383,0.06036481261253357,0.6156882345676422,0.5553234219551086,512,,,,,,,,,,,
1355,0.700001831503882,0.6988545922493493,0.46875,0.37917376682162285,1.014295980334282,0.1488073244690895,0.13471540622413158,3.257906598752828e-05,0.1488073244690895,0.7539501637220383,0.14791852235794067,1.7407827377319336,1.592864215373993,512,,,,,,,,,,,
1356,0.700001831503882,0.6988734722137451,0.54296875,0.5458914712071419,1.4759302586317062,0.13233378902077675,0.17828624323010445,3.249692937001538e-05,0.13233378902077675,0.7616991847753525,0.041187018156051636,1.4723670780658722,1.4311800599098206,512,,,,,,,,,,,
1357,0.700001831503882,0.6988921435618841,0.50390625,0.47789258882403374,1.226505309343338,0.14192429557442665,0.22165399603545666,3.2414846547001706e-05,0.14192429557442665,0.7417236268520355,0.09813503921031952,1.548196628689766,1.4500615894794464,512,,,,,,,,,,,
1358,0.700001831503882,0.6989106074527458,0.984375,0.47043778747320175,1.2656510472297668,0.129931952804327,0.15991796180605888,3.2332817770763204e-05,0.129931952804327,0.7451659739017487,0.12982255220413208,1.343735247850418,1.213912695646286,512,,,,,,,,,,,
1359,0.700001831503882,0.698928865045309,0.52734375,0.4054958373308182,1.1047847718000412,0.13829192519187927,0.12399046868085861,3.225084329340975e-05,0.13829192519187927,0.7650097459554672,0.08941951394081116,1.9316612035036087,1.8422416895627975,512,,,,,,,,,,,
1360,0.700001831503882,0.6989469174985532,0.51171875,0.4087100178003311,1.0983285307884216,0.1204227413982153,0.14018661342561245,3.216892336688435e-05,0.1204227413982153,0.7557812333106995,-0.16341955959796906,1.8773914277553558,2.040810987353325,512,0.0008249166421592236,0.0008249166421592236,0.03,3301,0.700001831503882,3301,3301,4317,41,3301,15569
1361,0.700001831503882,0.6989647659714575,0.5625,0.40130817890167236,1.0759333223104477,0.09848745446652174,0.14015202596783638,3.208705824296233e-05,0.09848745446652174,0.7544530928134918,0.08385255932807922,0.9590930119156837,0.8752404525876045,512,,,,,,,,,,,
1362,0.700001831503882,0.698982411623001,0.490234375,0.5439737364649773,1.4402709603309631,0.1180955171585083,0.2081342563033104,3.200524817325059e-05,0.1180955171585083,0.7538183480501175,0.06368081271648407,0.9075741469860077,0.8438933342695236,512,,,,,,,,,,,
1363,0.700001831503882,0.6989998556121632,0.7578125,0.6930506750941277,1.7905397564172745,0.10319583211094141,0.30961379781365395,3.192349340918683e-05,0.10319583211094141,0.762773409485817,0.04702163487672806,1.2934620529413223,1.2464404180645943,512,,,,,,,,,,,
1364,0.700001831503882,0.699017099097923,0.47265625,0.5350735783576965,1.4115267246961594,0.1144189964979887,0.209908289834857,3.1841794202038765e-05,0.1144189964979887,0.7598827928304672,0.015954062342643738,1.32306769490242,1.3071136325597763,512,,,,,,,,,,,
1365,0.700001831503882,0.6990341432392597,0.546875,0.6043461710214615,1.6135382503271103,0.09284194000065327,0.21781371533870697,3.1760150802903355e-05,0.09284194000065327,0.7658056169748306,0.11873511970043182,0.8509653508663177,0.7322302311658859,512,,,,,,,,,,,
1366,0.700001831503882,0.6990509891951525,0.4609375,0.37528306245803833,1.0095518082380295,0.09453881531953812,0.1276695728302002,3.167856346270602e-05,0.09453881531953812,0.7647362947463989,0.10898688435554504,1.2131836414337158,1.1041967570781708,512,,,,,,,,,,,
1367,0.700001831503882,0.6990676381245807,0.486328125,0.5875467211008072,1.5670088678598404,0.12048314325511456,0.21343561634421349,3.159703243219997e-05,0.12048314325511456,0.7569384425878525,0.08523936569690704,1.4852534383535385,1.4000140726566315,512,,,,,,,,,,,
1368,0.700001831503882,0.6990840911865234,0.416015625,0.29696405678987503,0.7861859053373337,0.11307170428335667,0.11370511539280415,3.151555796196525e-05,0.11307170428335667,0.754697248339653,0.11016279458999634,1.777061253786087,1.6668984591960907,512,0.0006540297763422132,0.0006540297763422132,0.03,2928,0.700001831503882,2928,2928,3194,498,2928,15500
1369,0.700001831503882,0.6991003495399598,0.474609375,0.6585433706641197,1.777870237827301,0.09649915434420109,0.21771567687392235,3.143414030240813e-05,0.09649915434420109,0.7672411948442459,0.08777196705341339,1.7866517007350922,1.6988797336816788,512,,,,,,,,,,,
1370,0.700001831503882,0.6991164143438692,0.48828125,0.37115371227264404,0.9893779903650284,0.1645868942141533,0.1353302001953125,3.1352779703760236e-05,0.1645868942141533,0.7347607165575027,0.09782803058624268,2.4039528369903564,2.3061248064041138,512,,,,,,,,,,,
1371,0.700001831503882,0.6991322867572307,0.447265625,0.36231381446123123,0.9767078161239624,0.08046112302690744,0.12121282331645489,3.127147641607787e-05,0.08046112302690744,0.7588134557008743,0.06042506545782089,0.6432427242398262,0.5828176587820053,512,,,,,,,,,,,
1372,0.700001831503882,0.6991479679390236,0.453125,0.5308853797614574,1.4016603380441666,0.09989256225526333,0.2070831824094057,3.119023068924115e-05,0.09989256225526333,0.7505078017711639,0.12101491540670395,0.7910705953836441,0.6700556799769402,512,,,,,,,,,,,
1373,0.700001831503882,0.6991634590482271,0.55859375,0.48089399933815,1.2737995386123657,0.15959597751498222,0.18345493637025356,3.110904277295329e-05,0.15959597751498222,0.7564160078763962,0.14274638891220093,1.992651343345642,1.8499049544334412,512,,,,,,,,,,,
1374,0.700001831503882,0.6991787612438202,0.46484375,0.49901091307401657,1.308510735630989,0.09419022127985954,0.20364350639283657,3.102791291673987e-05,0.09419022127985954,0.7683886289596558,0.0941665917634964,0.8098266124725342,0.7156600207090378,512,,,,,,,,,,,
1375,0.700001831503882,0.6991938756847822,0.51953125,0.702415220439434,1.8857739120721817,0.10812103003263474,0.24275698699057102,3.094684136994798e-05,0.10812103003263474,0.7571044564247131,0.11066649854183197,1.571891650557518,1.461225152015686,512,,,,,,,,,,,
1376,0.7000018316478545,0.6992088035300925,0.443359375,0.6518705785274506,1.719007983803749,0.08916768338531256,0.2563572879880667,3.086582838174551e-05,0.08916768338531256,0.760136678814888,0.11228135973215103,0.9468925967812538,0.8346112370491028,512,0.0007646889425814152,0.0007646889425814152,0.03,2556,0.7000018316478545,2556,2556,3224,74,2556,14954
1377,0.7000018316478545,0.6992235459387302,0.6015625,0.6986430734395981,1.8888354301452637,0.10235156398266554,0.22826475277543068,3.07848742011204e-05,0.10235156398266554,0.7583349347114563,0.09904210269451141,0.848021924495697,0.7489798218011856,512,,,,,,,,,,,
1378,0.7000018316478545,0.6992381040696745,0.400390625,0.3216560259461403,0.8616103231906891,0.11001943424344063,0.11310488916933537,3.070397907687979e-05,0.11001943424344063,0.769160121679306,0.14358650147914886,2.188260555267334,2.044674053788185,512,,,,,,,,,,,
1379,0.7000018316478545,0.6992524790819044,0.484375,0.37651608884334564,1.0141634345054626,0.07396741304546595,0.1267943810671568,3.0623143257649377e-05,0.07396741304546595,0.7696923613548279,0.0625191330909729,0.6676414757966995,0.6051223427057266,512,,,,,,,,,,,
1380,0.7000018316478545,0.6992666721343994,0.427734375,0.542951837182045,1.4519461244344711,0.08993313647806644,0.193362420424819,3.054236699187255e-05,0.08993313647806644,0.751542940735817,0.09579721838235855,0.749334067106247,0.6535368487238884,512,,,,,,,,,,,
1381,0.7000018316478545,0.6992806843861386,0.48828125,0.7435418590903282,1.9859581887722015,0.16294612362980843,0.26719890534877777,3.0461650527809692e-05,0.16294612362980843,0.7536767423152924,0.07162544131278992,2.308230608701706,2.236605167388916,512,,,,,,,,,,,
1382,0.7000018316478545,0.6992945169961011,0.52734375,0.674973338842392,1.717243567109108,0.10331211425364017,0.3281300961971283,3.0380994113537377e-05,0.10331211425364017,0.7547265589237213,0.0689750462770462,1.2565277889370918,1.1875527426600456,512,,,,,,,,,,,
1383,0.7000018316478545,0.6993081711232662,0.474609375,0.7098864912986755,1.8968497812747955,0.09065886400640011,0.2543213479220867,3.0300397996947605e-05,0.09065886400640011,0.7584863156080246,0.10443578660488129,0.8126889020204544,0.7082531154155731,512,,,,,,,,,,,
1384,0.7000018316478545,0.6993216479266131,0.46875,0.7282001823186874,1.93314228951931,0.08783765882253647,0.2735248152166605,3.021986242574707e-05,0.08783765882253647,0.7540820091962814,0.09600239992141724,0.9758146926760674,0.8798122927546501,512,0.0005777333863079548,0.0005777333863079548,0.03,2541,0.7000018316478545,2541,2541,3189,71,2541,14815
1385,0.7000018316478545,0.699334948565121,0.6875,0.39040401577949524,1.0470435619354248,0.07920080609619617,0.1359988898038864,3.0139387647456392e-05,0.07920080609619617,0.7528466582298279,0.05320657044649124,0.6180139854550362,0.5648074150085449,512,,,,,,,,,,,
1386,0.7000018316478545,0.6993480741977691,0.72265625,0.541937068104744,1.461095154285431,0.15482010878622532,0.18113839626312256,3.005897390940933e-05,0.15482010878622532,0.7472216635942459,-0.07466042041778564,2.4401797503232956,2.5148401707410812,512,,,,,,,,,,,
1387,0.7000018316478545,0.6993610259835367,0.4921875,0.36782965064048767,0.9880517572164536,0.10520704835653305,0.1265835091471672,2.997862145875202e-05,0.10520704835653305,0.7600536644458771,0.07409806549549103,1.179554209113121,1.10545614361763,512,,,,,,,,,,,
1388,0.7000018316478545,0.6993738050814028,0.43359375,0.3449099361896515,0.9243481606245041,0.10075518675148487,0.1208333931863308,2.9898330542442322e-05,0.10075518675148487,0.755175769329071,0.165917307138443,1.8933937549591064,1.7274764478206635,512,,,,,,,,,,,
1389,0.7000018316478545,0.6993864126503467,0.61328125,0.8671044185757637,2.262506812810898,0.10472498741000891,0.365082198753953,2.981810140724889e-05,0.10472498741000891,0.7493896484375,0.17733847349882126,0.9932845458388329,0.8159460723400116,512,,,,,,,,,,,
1390,0.7000018316478545,0.6993988498493476,0.466796875,0.407381072640419,1.0950647592544556,0.10038424469530582,0.139423293992877,2.9737934299750515e-05,0.10038424469530582,0.7580907940864563,0.07616467773914337,0.8620963543653488,0.7859316766262054,512,,,,,,,,,,,
1391,0.7000018316478545,0.6994111178373849,0.435546875,0.4851330742239952,1.3083844631910324,0.11398383229970932,0.16171565279364586,2.9657829466335363e-05,0.11398383229970932,0.7467235922813416,0.08777075260877609,1.6881680563092232,1.600397303700447,512,,,,,,,,,,,
1392,0.7000018316478545,0.6994232177734374,0.63671875,0.5662000253796577,1.5181135833263397,0.100439109839499,0.19764405488967896,2.9577787153200197e-05,0.100439109839499,0.7598486095666885,0.07136990129947662,0.892654076218605,0.8212841749191284,512,0.0006161047494970262,0.0006161047494970262,0.03,2946,0.7000018316478545,2946,2946,3385,407,2946,15320
1393,0.7000018316478545,0.6994351508164847,0.482421875,0.3301037326455116,0.8774061352014542,0.06624794565141201,0.12290817685425282,2.9497807606349646e-05,0.06624794565141201,0.7644970417022705,0.07643628865480423,0.554600864648819,0.47816457599401474,512,,,,,,,,,,,
1394,0.7000018316478545,0.6994469181255057,0.451171875,0.693857453763485,1.850122407078743,0.09164688922464848,0.2524759192019701,2.94178910715954e-05,0.09164688922464848,0.7431933134794235,0.12091981619596481,0.720251277089119,0.5993314608931541,512,,,,,,,,,,,
1395,0.7000018316478545,0.6994585208594799,0.54296875,0.5319235995411873,1.4338878840208054,0.08836954087018967,0.17800172418355942,2.9338037794555516e-05,0.08836954087018967,0.7565331757068634,0.04076074808835983,0.6938159614801407,0.6530552133917809,512,,,,,,,,,,,
1396,0.7000018316478545,0.6994699601773863,0.63671875,0.3754945620894432,1.0087603032588959,0.08026542142033577,0.12910198792815208,2.9258248020653616e-05,0.08026542142033577,0.7524023205041885,0.0871332660317421,0.6006404235959053,0.5135071575641632,512,,,,,,,,,,,
1397,0.7000018316478545,0.699481237238204,0.52734375,0.4224899262189865,1.131556749343872,0.10787852481007576,0.14871572516858578,2.917852199511815e-05,0.10787852481007576,0.742304652929306,0.09928358346223831,1.2600065842270851,1.1607230007648468,512,,,,,,,,,,,
1398,0.7000018316478545,0.6994923532009124,0.63671875,0.5693463236093521,1.5069579780101776,0.09643147978931665,0.21833389811217785,2.909885996298165e-05,0.09643147978931665,0.7573339492082596,0.07755031436681747,0.8557559102773666,0.7782055959105492,512,,,,,,,,,,,
1399,0.7000018316478545,0.6995033092244907,0.42578125,0.30686723440885544,0.8101907670497894,0.09249610640108585,0.11970987729728222,2.901926216907995e-05,0.09249610640108585,0.7668700963258743,0.10604031383991241,0.8625367879867554,0.756496474146843,512,,,,,,,,,,,
1400,0.7000018316478545,0.6995141064679181,0.458984375,0.3701275363564491,0.9894328415393829,0.07646628469228745,0.1321657206863165,2.893972885805148e-05,0.07646628469228745,0.7663720548152924,0.07875685393810272,0.691472090780735,0.6127152368426323,512,0.000709444866515696,0.000709444866515696,0.03,2658,0.7000018316478545,2658,2658,2976,468,2658,14989
1401,0.7000018316478545,0.6995247460901737,0.48828125,0.37820298597216606,1.0092274248600006,0.09297705255448818,0.1368421632796526,2.8860260274336444e-05,0.09297705255448818,0.769526332616806,0.16189249604940414,1.0471926778554916,0.8853001818060875,512,,,,,,,,,,,
1402,0.7000018316478545,0.6995352292502367,0.5,0.4772588759660721,1.2797728478908539,0.11453022249042988,0.16646607406437397,2.8780856662176183e-05,0.11453022249042988,0.7601611018180847,0.14844822883605957,1.0841079950332642,0.9356597661972046,512,,,,,,,,,,,
1403,0.7000018316478545,0.6995455571070865,0.4375,0.3920387849211693,1.0572694838047028,0.09196900855749846,0.13072680309414864,2.8701518265612272e-05,0.09196900855749846,0.7642187178134918,0.04301382601261139,1.0147507637739182,0.9717369377613068,512,,,,,,,,,,,
1404,0.7000018316478545,0.6995557308197021,0.498046875,0.8223203420639038,2.1639158725738525,0.0982869304716587,0.32796381786465645,2.8622245328485907e-05,0.0982869304716587,0.7586132884025574,0.17188698798418045,1.1215824782848358,0.9496954903006554,512,,,,,,,,,,,
1405,0.7000018316478545,0.6995657515470628,0.51171875,0.7197474911808968,1.9219517409801483,0.10820464044809341,0.25910116359591484,2.854303809443707e-05,0.10820464044809341,0.7672021389007568,0.15698090940713882,1.1754009202122688,1.01842001080513,512,,,,,,,,,,,
1406,0.7000018316478545,0.6995756204481478,0.455078125,0.32437482476234436,0.8633202165365219,0.10252087935805321,0.11963376775383949,2.8463896806903812e-05,0.10252087935805321,0.7463964819908142,0.16344185173511505,0.9686987847089767,0.8052569329738617,512,,,,,,,,,,,
1407,0.7000018316478545,0.6995853386819362,0.52734375,0.3946603313088417,1.0704809874296188,0.09882282465696335,0.12545936927199364,2.8384821709121496e-05,0.09882282465696335,0.7564062178134918,0.11695103347301483,0.9923678338527679,0.8754168003797531,512,,,,,,,,,,,
1408,0.7000018319357997,0.6995949074074074,0.50390625,0.472546324133873,1.2637034952640533,0.0981277134269476,0.16825497522950172,2.8305813044122097e-05,0.0981277134269476,0.7561425715684891,0.11403957009315491,0.8432483151555061,0.7292087450623512,512,0.0005353976157493889,0.0005353976157493889,0.03,2623,0.7000018319357997,2623,2623,2612,688,2623,15156
1409,0.7000018319357997,0.6996043277835404,0.515625,0.41951145231723785,1.1388239860534668,0.09656561631709337,0.1324228011071682,2.822687105473337e-05,0.09656561631709337,0.7587890326976776,0.05419295281171799,0.9555546343326569,0.9013616815209389,512,,,,,,,,,,,
1410,0.7000018319357997,0.6996136009693146,0.494140625,1.0107048749923706,2.696190893650055,0.12009268440306187,0.3665510192513466,2.8147995983578157e-05,0.12009268440306187,0.7590087652206421,0.15221457183361053,1.5722651183605194,1.4200505465269089,512,,,,,,,,,,,
1411,0.7000018319357997,0.699622728123709,0.53515625,0.7705602645874023,2.0368539690971375,0.15434544906020164,0.29817700758576393,2.8069188073073633e-05,0.15434544906020164,0.7441601157188416,0.03022223711013794,1.5837867856025696,1.5535645484924316,512,,,,,,,,,,,
1412,0.7000018319357997,0.6996317104057029,0.54296875,0.37488381564617157,1.0063064396381378,0.10687608644366264,0.12970503978431225,2.799044756543054e-05,0.10687608644366264,0.756464809179306,0.10334163904190063,1.022530421614647,0.9191887825727463,512,,,,,,,,,,,
1413,0.7000018319357997,0.6996405489742755,0.44921875,0.6915956810116768,1.8642411679029465,0.14787404239177704,0.23150326870381832,2.791177470265252e-05,0.14787404239177704,0.750253900885582,0.15623041987419128,1.947584480047226,1.7913540601730347,512,,,,,,,,,,,
1414,0.7000018319357997,0.6996492449884061,0.5234375,0.6106406897306442,1.5513060092926025,0.10287798009812832,0.29912019707262516,2.783316972653526e-05,0.10287798009812832,0.762216791510582,0.06831546127796173,0.9735898226499557,0.905274361371994,512,,,,,,,,,,,
1415,0.7000018319357997,0.6996577996070737,0.48046875,0.46635643392801285,1.2574288994073868,0.13504558615386486,0.15577238984405994,2.775463287866582e-05,0.13504558615386486,0.7367919683456421,0.11288036406040192,1.553485095500946,1.4406047314405441,512,,,,,,,,,,,
1416,0.7000018320797722,0.6996662139892578,0.5,0.3925781771540642,1.0491779744625092,0.11630051955580711,0.1404528208076954,2.7676164400421862e-05,0.11630051955580711,0.7524706721305847,-0.015956401824951172,1.3157916814088821,1.3317480832338333,512,0.0007139466470107436,0.0007139466470107436,0.03,2166,0.7000018320797722,2166,2165,2800,-4,2166,14277
1417,0.7000018320797722,0.6996744892939373,0.482421875,0.44681157544255257,1.1816860884428024,0.09607438184320927,0.17228835634887218,2.7597764532970905e-05,0.09607438184320927,0.7539159953594208,0.14877969026565552,1.2269865423440933,1.0782068520784378,512,,,,,,,,,,,
1418,0.7000018320797722,0.6996826266800916,0.482421875,0.5495265908539295,1.447644978761673,0.11198142357170582,0.21758705005049706,2.7519433517269665e-05,0.11198142357170582,0.7649608999490738,0.10699859261512756,2.117420479655266,2.0104218870401382,512,,,,,,,,,,,
1419,0.7000018320797722,0.6996906273066997,0.486328125,0.48904959112405777,1.3055011928081512,0.1019299291074276,0.17646721191704273,2.744117159406318e-05,0.1019299291074276,0.7486620992422104,0.11515378952026367,0.8140824139118195,0.6989286243915558,512,,,,,,,,,,,
1420,0.7000018320797722,0.699698492332741,0.44921875,0.6257058531045914,1.68635655939579,0.12569552473723888,0.2097217496484518,2.7362979003884152e-05,0.12569552473723888,0.7548046559095383,0.08154076337814331,1.1144191026687622,1.032878339290619,512,,,,,,,,,,,
1421,0.7000018320797722,0.6997062229171946,0.46875,0.34985873475670815,0.9362620264291763,0.07687526009976864,0.12391591817140579,2.7284855987052203e-05,0.07687526009976864,0.7586962580680847,0.041622042655944824,1.138145312666893,1.0965232700109482,512,,,,,,,,,,,
1422,0.7000018320797722,0.6997138202190398,0.48046875,0.38738056272268295,1.0513169020414352,0.08153725787997246,0.1225635539740324,2.72068027836731e-05,0.08153725787997246,0.770341768860817,0.08091269433498383,0.7784841954708099,0.6975715011358261,512,,,,,,,,,,,
1423,0.7000018320797722,0.6997212853972559,0.4609375,0.34167324006557465,0.9145635068416595,0.09542792104184628,0.12080992572009563,2.7128819633638103e-05,0.09542792104184628,0.7432714402675629,0.13840550184249878,1.152691662311554,1.0142861604690552,512,,,,,,,,,,,
1424,0.7000018320797722,0.6997286196108217,0.4375,0.33092834055423737,0.8791796714067459,0.08036138117313385,0.12363344989717007,2.705090677662311e-05,0.08036138117313385,0.7625976204872131,0.08465239405632019,0.8043093457818031,0.7196569517254829,512,0.000608870352152735,0.000608870352152735,0.03,2080,0.7000018320797722,2080,2080,2733,-183,2080,14014
1425,0.7000018320797722,0.6997358240187168,0.52734375,0.4598154276609421,1.2372264713048935,0.10542483441531658,0.15615354478359222,2.6973064452088e-05,0.10542483441531658,0.7513183504343033,0.17994218319654465,0.9585076421499252,0.7785654589533806,512,,,,,,,,,,,
1426,0.7000018320797722,0.6997428997799202,0.453125,0.6289557740092278,1.6543236374855042,0.10159212537109852,0.2516028694808483,2.689529289927586e-05,0.10159212537109852,0.7387206852436066,0.006485208868980408,0.9990019053220749,0.9925166964530945,512,,,,,,,,,,,
1427,0.7000018320797722,0.6997498480534112,0.4453125,0.4326135516166687,1.176333248615265,0.09660197515040636,0.13461681455373764,2.6817592357212297e-05,0.09660197515040636,0.7506200820207596,0.17242933809757233,1.8043122440576553,1.631882905960083,512,,,,,,,,,,,
1428,0.7000018320797722,0.6997566699981689,0.486328125,0.5697459205985069,1.4885026961565018,0.07453658431768417,0.2380000725388527,2.673996306470463e-05,0.07453658431768417,0.7640282958745956,0.07523195445537567,0.705147460103035,0.6299155056476593,512,,,,,,,,,,,
1429,0.7000018320797722,0.6997633667731726,0.48046875,0.6805500015616417,1.799796998500824,0.10886803641915321,0.2624756060540676,2.6662405260341215e-05,0.10886803641915321,0.747260719537735,0.17078819870948792,1.2173403203487396,1.0465521216392517,512,,,,,,,,,,,
1430,0.7000018320797722,0.6997699395374015,0.5,0.4468770995736122,1.190185934305191,0.07658327370882034,0.1639870423823595,2.658491918249073e-05,0.07658327370882034,0.7724023163318634,0.1333804428577423,0.8343475162982941,0.7009670734405518,512,,,,,,,,,,,
1431,0.7000018320797722,0.6997763894498348,0.48828125,0.5455434434115887,1.4081861078739166,0.08630095049738884,0.24497580714523792,2.650750506930136e-05,0.08630095049738884,0.7549657672643661,0.08824169635772705,0.7417117655277252,0.6534700691699982,512,,,,,,,,,,,
1432,0.7000018320797722,0.6997827176694517,0.43359375,0.5272439233958721,1.42981918156147,0.12816032208502293,0.1678896453231573,2.6430163158700115e-05,0.12816032208502293,0.7602294534444809,0.1837087869644165,2.0249228477478027,1.8412140607833862,512,0.0007314317626878619,0.0007314317626878619,0.03,2054,0.7000018320797722,2054,2054,2695,41,2054,14666
1433,0.7000018320797722,0.6997889253552313,0.40625,0.5017486959695816,1.3343032449483871,0.07432011887431145,0.18614725582301617,2.6352893688392123e-05,0.07432011887431145,0.751176729798317,0.09041101485490799,0.6883054003119469,0.5978943854570389,512,,,,,,,,,,,
1434,0.7000018320797722,0.6997950136661529,0.46875,0.629404254257679,1.701005645096302,0.09279368259012699,0.2062799446284771,2.6275696895859835e-05,0.09279368259012699,0.7120702713727951,0.10933957993984222,1.101270541548729,0.9919309616088867,512,,,,,,,,,,,
1435,0.7000018320797722,0.6998009837611957,0.44140625,0.3348550871014595,0.8942888975143433,0.16406064853072166,0.12042344361543655,2.619857301836237e-05,0.16406064853072166,0.7498876750469208,0.21841971576213837,2.8130568116903305,2.594637095928192,512,,,,,,,,,,,
1436,0.7000018320797722,0.699806836799339,0.4765625,0.3995204269886017,1.0821863114833832,0.09378915466368198,0.12848155945539474,2.6121522292934697e-05,0.09378915466368198,0.7746630907058716,-0.0052684396505355835,1.3099118918180466,1.3151803314685822,512,,,,,,,,,,,
1437,0.7000018320797722,0.6998125739395618,0.5,0.32988905906677246,0.8828471750020981,0.09542705863714218,0.11681658960878849,2.604454495638704e-05,0.09542705863714218,0.755668893456459,0.07136782258749008,0.8341147527098656,0.7627469301223755,512,,,,,,,,,,,
1438,0.7000018320797722,0.6998181963408434,0.51171875,0.6139837354421616,1.6531470715999603,0.09675162844359875,0.2074095755815506,2.596764124530398e-05,0.09675162844359875,0.7763622999191284,0.10459119081497192,1.0807265937328339,0.9761354029178619,512,,,,,,,,,,,
1439,0.7000018320797722,0.6998237051621631,0.5234375,0.5324170626699924,1.4341266453266144,0.17298713512718678,0.1792582981288433,2.5890811396043868e-05,0.17298713512718678,0.7395996004343033,0.19145318865776062,2.168019652366638,1.9765664637088776,512,,,,,,,,,,,
1440,0.7000018322237448,0.6998291015625,0.51171875,0.4179612696170807,1.118992194533348,0.07474605925381184,0.1475570686161518,2.581405564473801e-05,0.07474605925381184,0.7561962604522705,0.051076069474220276,0.7034546583890915,0.6523785889148712,512,0.000731094682123512,0.000731094682123512,0.03,2119,0.7000018322237448,2119,2119,2706,50,2119,14304
1441,0.7000018322237448,0.6998343867008333,0.54296875,0.6696866527199745,1.8088355287909508,0.17806847393512726,0.220517810434103,2.5737374227290023e-05,0.17806847393512726,0.7400048673152924,0.0596347451210022,1.6408920288085938,1.5812572836875916,512,,,,,,,,,,,
1442,0.7000018322237448,0.6998395617361421,0.431640625,0.32979054003953934,0.8845950663089752,0.10976582579314709,0.11477016471326351,2.5660767379375018e-05,0.10976582579314709,0.7585888504981995,0.05698435753583908,1.2431328892707825,1.1861485317349434,512,,,,,,,,,,,
1443,0.7000018322237448,0.6998446278274059,0.69140625,0.5540639981627464,1.4827324897050858,0.1753740832209587,0.19624929688870907,2.5584235336438922e-05,0.1753740832209587,0.7455321997404099,0.07818087935447693,1.639584869146347,1.5614039897918701,512,,,,,,,,,,,
1444,0.7000018322237448,0.6998495861336036,0.59765625,0.6278201639652252,1.6998868882656097,0.12921719998121262,0.20259832218289375,2.5507778333697818e-05,0.12921719998121262,0.741625964641571,0.4243248254060745,1.6859186589717865,1.261593833565712,512,,,,,,,,,,,
1445,0.7000018322237448,0.6998544378137147,0.443359375,0.5291364416480064,1.3959221988916397,0.06156500242650509,0.20752151869237423,2.5431396606137093e-05,0.06156500242650509,0.738237276673317,0.09381991624832153,0.7220920994877815,0.62827218323946,512,,,,,,,,,,,
1446,0.7000018322237448,0.6998591840267181,0.50390625,0.7118941470980644,1.8994936645030975,0.14529906958341599,0.25776123255491257,2.5355090388510804e-05,0.14529906958341599,0.754770502448082,0.16448798775672913,2.2730704843997955,2.1085824966430664,512,,,,,,,,,,,
1447,0.7000018322237448,0.6998638259315931,0.447265625,0.6007474586367607,1.5663382858037949,0.1577390804886818,0.2541085369884968,2.5278859915340914e-05,0.1577390804886818,0.7333154231309891,0.2683729752898216,1.9335883408784866,1.665215365588665,512,,,,,,,,,,,
1448,0.7000018322237448,0.6998683646873192,0.48046875,0.3737060874700546,0.9950192421674728,0.09450981952250004,0.13742342218756676,2.5202705420916627e-05,0.09450981952250004,0.7607031017541885,0.12086372077465057,0.9624325633049011,0.8415688425302505,512,0.0008181594894267619,0.0008181594894267619,0.03,2139,0.7000018322237448,2139,2139,2654,22,2139,14275
1449,0.7000018322237448,0.6998728014528751,0.455078125,0.5734797045588493,1.5250927060842514,0.14300649240612984,0.21272452175617218,2.5126627139293597e-05,0.14300649240612984,0.7280615121126175,0.20977148413658142,1.5793780088424683,1.3696065247058868,512,,,,,,,,,,,
1450,0.7000018322237448,0.6998771373872403,0.515625,0.6308975517749786,1.6843595802783966,0.10699647292494774,0.2274511568248272,2.505062530429324e-05,0.10699647292494774,0.7507079839706421,0.06946384906768799,1.1902143359184265,1.1207504868507385,512,,,,,,,,,,,
1451,0.7000018322237448,0.6998813736493941,0.470703125,0.5423023104667664,1.4406470656394958,0.10600502416491508,0.20269318670034409,2.4974700149502077e-05,0.10600502416491508,0.7476220577955246,0.12289746105670929,1.036306470632553,0.9134090095758438,512,,,,,,,,,,,
1452,0.7000018322237448,0.6998855113983153,0.474609375,0.4350453168153763,1.1845639050006866,0.10104071721434593,0.13375523500144482,2.4898851908270904e-05,0.10104071721434593,0.7687255889177322,0.07140660285949707,0.9161966443061829,0.8447900414466858,512,,,,,,,,,,,
1453,0.7000018322237448,0.6998895517929836,0.48046875,0.5605825930833817,1.4990400671958923,0.12125853449106216,0.199695011600852,2.482308081371413e-05,0.12125853449106216,0.7605615109205246,0.12956324219703674,1.2242692559957504,1.0947060137987137,512,,,,,,,,,,,
1454,0.7000018322237448,0.6998934959923779,0.671875,0.6263528987765312,1.6650403290987015,0.07560545019805431,0.23299865052103996,2.474738709870907e-05,0.07560545019805431,0.7648681253194809,0.07328532636165619,0.6876217424869537,0.6143364161252975,512,,,,,,,,,,,
1455,0.7000018322237448,0.6998973451554775,0.515625,0.34552567452192307,0.9158258736133575,0.11931919679045677,0.13122160360217094,2.467177099589522e-05,0.11931919679045677,0.7629394382238388,0.13400916755199432,1.0458943545818329,0.9118851870298386,512,,,,,,,,,,,
1456,0.7000018322237448,0.6999011004412615,0.48046875,0.2919841893017292,0.7852342277765274,0.1038042176514864,0.09956631995737553,2.459623273767354e-05,0.1038042176514864,0.7628466486930847,0.10336138308048248,1.770215168595314,1.6668537855148315,512,0.0007393257692456245,0.0007393257692456245,0.03,2274,0.7000018322237448,2274,2274,2694,222,2274,14233
1457,0.7000018322237448,0.6999047630087093,0.515625,0.5994768589735031,1.6130436658859253,0.08653480745851994,0.20355277322232723,2.4520772556205717e-05,0.08653480745851994,0.7607812136411667,0.04484423249959946,0.8213111832737923,0.7764669507741928,512,,,,,,,,,,,
1458,0.7000018322237448,0.6999083340167999,0.48828125,0.6891275197267532,1.8715744316577911,0.08447417430579662,0.21669073030352592,2.444539068341354e-05,0.08447417430579662,0.7447314262390137,0.07474122941493988,0.6125847920775414,0.5378435626626015,512,,,,,,,,,,,
1459,0.7000018322237448,0.6999118146245126,0.7578125,0.6817391440272331,1.8362296521663666,0.2109275795519352,0.22964639775454998,2.4370087350978043e-05,0.2109275795519352,0.7160546630620956,-0.1965782642364502,2.657663345336914,2.8542416095733643,512,,,,,,,,,,,
1460,0.7000018322237448,0.6999152059908266,0.466796875,0.5106249898672104,1.3624278157949448,0.07595442980527878,0.18492057174444199,2.4294862790338917e-05,0.07595442980527878,0.7496874779462814,-0.060403838753700256,1.098915159702301,1.1593189984560013,512,,,,,,,,,,,
1461,0.7000018322237448,0.6999185092747211,0.484375,0.5329311117529869,1.4466015994548798,0.095525112003088,0.16834110766649246,2.4219717232693745e-05,0.095525112003088,0.7502490133047104,0.17348822206258774,1.0245272666215897,0.8510390445590019,512,,,,,,,,,,,
1462,0.7000018322237448,0.6999217256351753,0.498046875,0.6656917110085487,1.774719625711441,0.08480336051434278,0.24252787604928017,2.4144650908997286e-05,0.08480336051434278,0.7606542855501175,0.11923189461231232,0.744000568985939,0.6247686743736267,512,,,,,,,,,,,
1463,0.7000018322237448,0.6999248562311685,0.458984375,0.40512964874505997,1.0932247042655945,0.12149976473301649,0.13444085232913494,2.4069664049960794e-05,0.12149976473301649,0.737597644329071,0.006884127855300903,1.3282324001193047,1.3213482722640038,512,,,,,,,,,,,
1464,0.7000018322237448,0.6999279022216797,0.478515625,0.8343024104833603,2.2460529804229736,0.155625993385911,0.28213607147336006,2.3994756886051268e-05,0.155625993385911,0.7378564029932022,0.1866859495639801,1.3741069734096527,1.1874210238456726,512,0.0007407760131172836,0.0007407760131172836,0.03,2266,0.7000018322237448,2266,2266,2367,447,2266,14246
1465,0.7000018322237448,0.6999308647656881,0.5546875,0.5809196680784225,1.5758088678121567,0.10762536525726318,0.18455363251268864,2.391992964749083e-05,0.10762536525726318,0.7596728354692459,0.08176609873771667,1.7492003738880157,1.667434275150299,512,,,,,,,,,,,
1466,0.7000018322237448,0.6999337450221732,0.4765625,0.37272293120622635,1.0002193450927734,0.10625276900827885,0.12924406118690968,2.38451825642559e-05,0.10625276900827885,0.7518456727266312,0.14272309839725494,0.925018921494484,0.782295823097229,512,,,,,,,,,,,
1467,0.7000018322237448,0.699936544150114,0.41015625,0.3822421655058861,1.0338301062583923,0.06968502514064312,0.12447942048311234,2.3770515866076565e-05,0.06968502514064312,0.7737451046705246,0.0689542293548584,0.6823228895664215,0.6133686602115631,512,,,,,,,,,,,
1468,0.7000018322237448,0.6999392633084898,0.51171875,0.5611986443400383,1.4903545528650284,0.1045301016420126,0.21024736016988754,2.3695929782435844e-05,0.1045301016420126,0.7489989995956421,0.1886502355337143,1.1088502705097198,0.9202000349760056,512,,,,,,,,,,,
1469,0.7000018322237448,0.6999419036562795,0.5234375,0.6475306898355484,1.686281442642212,0.11361444741487503,0.2759326696395874,2.362142454256901e-05,0.11361444741487503,0.7538280934095383,0.07036943733692169,2.0126147270202637,1.942245289683342,512,,,,,,,,,,,
